{"content":[{"id":"359cdd7c","settings":{"flex_direction":"column"},"elements":[{"id":"44243c67","settings":{"content_width":"full","title":"Accordion Default Icons","title_size":"h5","align":"center","_margin":{"unit":"px","top":"0","right":"0","bottom":"40","left":"0","isLinked":false}},"elements":[],"isInner":false,"widgetType":"ecomus-heading","elType":"widget"}],"isInner":false,"elType":"container"},{"id":"2cb5fb86","settings":{"flex_direction":"row","flex_gap":{"unit":"px","size":0,"column":"0","row":"0"},"border_border":"solid","border_width":{"unit":"px","top":"0","right":"0","bottom":"1","left":"0","isLinked":false},"border_color":"#EBEBEB","margin":{"unit":"px","top":"0","right":"0","bottom":"60","left":"0","isLinked":false},"padding":{"unit":"px","top":"0","right":"0","bottom":"60","left":"0","isLinked":false}},"elements":[{"id":"15d477c1","settings":{"flex_direction":"column","content_width":"full","width":{"unit":"%","size":"25"}},"elements":[],"isInner":true,"elType":"container"},{"id":"173e56b9","settings":{"flex_direction":"column","content_width":"full","width":{"unit":"%","size":"50"}},"elements":[{"id":"24415139","settings":{"tabs":[{"tab_title":"Pellentesque habitant morbi tristique senectus et netus?","tab_content":"<p>The perfect way to enjoy brewing tea on low hanging fruit to identify. Duis autem vel eum iriure dolor in hendrerit vulputate velit esse molestie consequat, vel illum dolore eu feugiat nulla facilisis. For me, the most important part of improving at photography has been sharing it. Lorem ipsum dolor sit amet, consectetur adipisicing elit, sed do eiusmod tempor incididunt ut labore et dolore magna aliqua. Ut enim ad minim veniam, quis nostrud exercitation ullamco laboris nisi ut aliquip ex ea commodo consequat.<\/p>","_id":"6e9330e"},{"tab_title":"How much is shipping and how long will it take?","tab_content":"<p>The perfect way to enjoy brewing tea on low hanging fruit to identify. Duis autem vel eum iriure dolor in hendrerit vulputate velit esse molestie consequat, vel illum dolore eu feugiat nulla facilisis. For me, the most important part of improving at photography has been sharing it. Lorem ipsum dolor sit amet, consectetur adipisicing elit, sed do eiusmod tempor incididunt ut labore et dolore magna aliqua. Ut enim ad minim veniam, quis nostrud exercitation ullamco laboris nisi ut aliquip ex ea commodo consequat.<\/p>","_id":"b10b339"},{"tab_title":"How long will it take to get my package?","tab_content":"<p>The perfect way to enjoy brewing tea on low hanging fruit to identify. Duis autem vel eum iriure dolor in hendrerit vulputate velit esse molestie consequat, vel illum dolore eu feugiat nulla facilisis. For me, the most important part of improving at photography has been sharing it. Lorem ipsum dolor sit amet, consectetur adipisicing elit, sed do eiusmod tempor incididunt ut labore et dolore magna aliqua. Ut enim ad minim veniam, quis nostrud exercitation ullamco laboris nisi ut aliquip ex ea commodo consequat.<\/p>","_id":"6195ad3"},{"tab_title":"Branding is simply a more efficient way to sell things?","tab_content":"<p>The perfect way to enjoy brewing tea on low hanging fruit to identify. Duis autem vel eum iriure dolor in hendrerit vulputate velit esse molestie consequat, vel illum dolore eu feugiat nulla facilisis. For me, the most important part of improving at photography has been sharing it. Lorem ipsum dolor sit amet, consectetur adipisicing elit, sed do eiusmod tempor incididunt ut labore et dolore magna aliqua. Ut enim ad minim veniam, quis nostrud exercitation ullamco laboris nisi ut aliquip ex ea commodo consequat.<\/p>","_id":"83bc02f"}],"_element_width":"initial","content_width":"full"},"elements":[],"isInner":false,"widgetType":"ecomus-accordion","elType":"widget"}],"isInner":true,"elType":"container"},{"id":"b5c4a57","settings":{"flex_direction":"column","content_width":"full","width":{"unit":"%","size":"25"}},"elements":[],"isInner":true,"elType":"container"}],"isInner":false,"elType":"container"},{"id":"4734777c","settings":{"flex_direction":"column"},"elements":[{"id":"30437a89","settings":{"content_width":"full","title":"Accordion Custom Icons","title_size":"h5","align":"center","_margin":{"unit":"px","top":"0","right":"0","bottom":"40","left":"0","isLinked":false}},"elements":[],"isInner":false,"widgetType":"ecomus-heading","elType":"widget"}],"isInner":false,"elType":"container"},{"id":"146a6ef","settings":{"flex_direction":"row","flex_gap":{"unit":"px","size":0,"column":"0","row":"0"}},"elements":[{"id":"58bdeac9","settings":{"flex_direction":"column","content_width":"full","width":{"unit":"%","size":"25"}},"elements":[],"isInner":true,"elType":"container"},{"id":"20bb3b28","settings":{"flex_direction":"column","content_width":"full","width":{"unit":"%","size":"50"}},"elements":[{"id":"7e3ca87c","settings":{"tabs":[{"tab_title":"Pellentesque habitant morbi tristique senectus et netus?","tab_content":"<p>The perfect way to enjoy brewing tea on low hanging fruit to identify. Duis autem vel eum iriure dolor in hendrerit vulputate velit esse molestie consequat, vel illum dolore eu feugiat nulla facilisis. For me, the most important part of improving at photography has been sharing it. Lorem ipsum dolor sit amet, consectetur adipisicing elit, sed do eiusmod tempor incididunt ut labore et dolore magna aliqua. Ut enim ad minim veniam, quis nostrud exercitation ullamco laboris nisi ut aliquip ex ea commodo consequat.<\/p>","_id":"6e9330e"},{"tab_title":"How much is shipping and how long will it take?","tab_content":"<p>The perfect way to enjoy brewing tea on low hanging fruit to identify. Duis autem vel eum iriure dolor in hendrerit vulputate velit esse molestie consequat, vel illum dolore eu feugiat nulla facilisis. For me, the most important part of improving at photography has been sharing it. Lorem ipsum dolor sit amet, consectetur adipisicing elit, sed do eiusmod tempor incididunt ut labore et dolore magna aliqua. Ut enim ad minim veniam, quis nostrud exercitation ullamco laboris nisi ut aliquip ex ea commodo consequat.<\/p>","_id":"b10b339"},{"tab_title":"How long will it take to get my package?","tab_content":"<p>The perfect way to enjoy brewing tea on low hanging fruit to identify. Duis autem vel eum iriure dolor in hendrerit vulputate velit esse molestie consequat, vel illum dolore eu feugiat nulla facilisis. For me, the most important part of improving at photography has been sharing it. Lorem ipsum dolor sit amet, consectetur adipisicing elit, sed do eiusmod tempor incididunt ut labore et dolore magna aliqua. Ut enim ad minim veniam, quis nostrud exercitation ullamco laboris nisi ut aliquip ex ea commodo consequat.<\/p>","_id":"6195ad3"},{"tab_title":"Branding is simply a more efficient way to sell things?","tab_content":"<p>The perfect way to enjoy brewing tea on low hanging fruit to identify. Duis autem vel eum iriure dolor in hendrerit vulputate velit esse molestie consequat, vel illum dolore eu feugiat nulla facilisis. For me, the most important part of improving at photography has been sharing it. Lorem ipsum dolor sit amet, consectetur adipisicing elit, sed do eiusmod tempor incididunt ut labore et dolore magna aliqua. Ut enim ad minim veniam, quis nostrud exercitation ullamco laboris nisi ut aliquip ex ea commodo consequat.<\/p>","_id":"83bc02f"}],"style_icons":{"value":{"url":"https:\/\/wpecomus.com\/fashion\/wp-content\/uploads\/sites\/2\/2024\/07\/plus.svg","id":4137},"library":"svg"},"style_icons_active":{"value":{"url":"https:\/\/wpecomus.com\/fashion\/wp-content\/uploads\/sites\/2\/2024\/07\/minus.svg","id":4136},"library":"svg"},"_element_width":"initial","content_width":"full"},"elements":[],"isInner":false,"widgetType":"ecomus-accordion","elType":"widget"}],"isInner":true,"elType":"container"},{"id":"416e77e3","settings":{"flex_direction":"column","content_width":"full","width":{"unit":"%","size":"25"}},"elements":[],"isInner":true,"elType":"container"}],"isInner":false,"elType":"container"}],"page_settings":[],"version":"0.4","title":"Accordion","type":"page"}