{"content":[{"id":"45da97c4","settings":{"flex_gap":{"column":"30","row":"30","isLinked":true,"unit":"px","size":30},"border_border":"solid","border_width":{"unit":"px","top":"0","right":"0","bottom":"1","left":"0","isLinked":false},"border_color":"#EBEBEB","margin":{"unit":"px","top":"0","right":"0","bottom":"60","left":"0","isLinked":false},"padding":{"unit":"px","top":"0","right":"0","bottom":"60","left":"0","isLinked":false}},"elements":[{"id":"d441ca2","settings":{"content_width":"full","title":"Instagram Carousel","title_size":"h5","align":"center"},"elements":[],"isInner":false,"widgetType":"ecomus-heading","elType":"widget"},{"id":"c6a105b","settings":{"content_width":"full","instagrams":[],"slides_to_show_tablet":3,"slides_to_show_mobile":2,"slides_to_scroll_tablet":3,"slides_to_scroll_mobile":2,"navigation_classes_tablet":"dots"},"elements":[],"isInner":false,"widgetType":"ecomus-instagram","elType":"widget"}],"isInner":false,"elType":"container"},{"id":"21fc15d5","settings":{"flex_gap":{"column":"30","row":"30","isLinked":true,"unit":"px","size":30},"border_width":{"unit":"px","top":"0","right":"0","bottom":"1","left":"0","isLinked":false},"border_color":"#EBEBEB"},"elements":[{"id":"75f2f47d","settings":{"content_width":"full","title":"Instagram with Add To Cart","title_size":"h5","align":"center"},"elements":[],"isInner":false,"widgetType":"ecomus-heading","elType":"widget"},{"id":"3ba1e19d","settings":{"instagram_type":"custom","limit":5,"slides_to_show_tablet":3,"slides_to_show_mobile":2,"image_spacing_custom_tablet":7,"image_spacing_custom_mobile":7,"navigation_classes":"dots","navigation_classes_tablet":"dots","navigation_classes_mobile":"dots","instagrams":[{"_id":"d64a8d1","image":{"id":1389,"url":"https:\/\/wpecomus.com\/fashion\/wp-content\/uploads\/sites\/2\/2024\/06\/im1.webp","alt":"","source":"library","size":""},"product_id":775},{"_id":"6b391fb","image":{"id":1390,"url":"https:\/\/wpecomus.com\/fashion\/wp-content\/uploads\/sites\/2\/2024\/06\/im2.webp","alt":"","source":"library","size":""},"product_id":666},{"_id":"166877d","image":{"id":1391,"url":"https:\/\/wpecomus.com\/fashion\/wp-content\/uploads\/sites\/2\/2024\/06\/im3.webp","alt":"","source":"library","size":""},"product_id":1367},{"_id":"361a114","image":{"id":1392,"url":"https:\/\/wpecomus.com\/fashion\/wp-content\/uploads\/sites\/2\/2024\/06\/im4.webp","alt":"","source":"library","size":""},"product_id":993},{"_id":"5a60148","image":{"id":1393,"url":"https:\/\/wpecomus.com\/fashion\/wp-content\/uploads\/sites\/2\/2024\/06\/im5.webp","alt":"","source":"library","size":""},"product_id":1005}],"aspect_ratio_type":"square","show_button":"yes","icon_border_radius":{"unit":"%","top":"100","right":"100","bottom":"100","left":"100","isLinked":true},"content_width":"full"},"elements":[],"isInner":false,"widgetType":"ecomus-instagram","elType":"widget"}],"isInner":false,"elType":"container"}],"page_settings":[],"version":"0.4","title":"Instagram","type":"page"}