{"content":[{"id":"7241ba13","settings":{"border_border":"solid","border_width":{"unit":"px","top":"0","right":"0","bottom":"1","left":"0","isLinked":false},"border_color":"#EBEBEB","margin":{"unit":"px","top":"0","right":"0","bottom":"60","left":"0","isLinked":false},"padding":{"unit":"px","top":"0","right":"0","bottom":"60","left":"0","isLinked":false}},"elements":[{"id":"22d7c31a","settings":{"content_width":"full","title":"Marquee with Icon Text","title_size":"h5","align":"center"},"elements":[],"isInner":false,"widgetType":"ecomus-heading","elType":"widget"},{"id":"74b9a21e","settings":{"content_width":"full","items":[{"text":"New season, new styles: fashion sale you can't miss","_id":"40daab5","icon":{"value":{"url":"https:\/\/wpecomus.com\/fashion\/wp-content\/uploads\/sites\/2\/2024\/07\/arrow-top2.svg","id":4048},"library":"svg"},"image":{"id":"","url":"https:\/\/raw.githubusercontent.com\/drfuri\/demo-content\/main\/ecomus\/fashion\/images\/placeholder.png"}},{"text":"Limited time offer: fashion sale you can't resist","icon":{"value":{"url":"https:\/\/wpecomus.com\/fashion\/wp-content\/uploads\/sites\/2\/2024\/07\/arrow-top2.svg","id":4048},"library":"svg"},"_id":"605079a","image":{"id":"","url":"https:\/\/raw.githubusercontent.com\/drfuri\/demo-content\/main\/ecomus\/fashion\/images\/placeholder.png"}},{"text":"Free shipping and returns","icon":{"value":{"url":"https:\/\/wpecomus.com\/fashion\/wp-content\/uploads\/sites\/2\/2024\/07\/arrow-top2.svg","id":4048},"library":"svg"},"_id":"a248665","image":{"id":"","url":"https:\/\/raw.githubusercontent.com\/drfuri\/demo-content\/main\/ecomus\/fashion\/images\/placeholder.png"}}],"speed":0.2,"padding":{"unit":"px","top":"20","right":"0","bottom":"19","left":"0","isLinked":false},"padding_tablet":{"unit":"px","top":"17","right":"0","bottom":"16","left":"0","isLinked":false},"padding_mobile":{"unit":"px","top":"6","right":"0","bottom":"5","left":"0","isLinked":false},"gap":{"unit":"px","size":30,"sizes":[]},"background_color":"#FFFFFF","icon_size":{"unit":"px","size":7,"sizes":[]},"icon_color":"#000000","spacing":{"unit":"px","size":30,"sizes":[]},"text_typography_typography":"custom","text_typography_font_size":{"unit":"px","size":12,"sizes":[]},"text_typography_font_weight":"600","text_typography_text_transform":"uppercase","text_color":"#020202","gap_mobile":{"unit":"px","size":22.5,"sizes":[]},"spacing_mobile":{"unit":"px","size":22.5,"sizes":[]}},"elements":[],"isInner":false,"widgetType":"ecomus-marquee","elType":"widget"}],"isInner":false,"elType":"container"},{"id":"7c7953ae","settings":{"border_border":"solid","border_width":{"unit":"px","top":"0","right":"0","bottom":"1","left":"0","isLinked":false},"border_color":"#EBEBEB","margin":{"unit":"px","top":"0","right":"0","bottom":"60","left":"0","isLinked":false},"padding":{"unit":"px","top":"0","right":"0","bottom":"60","left":"0","isLinked":false}},"elements":[{"id":"67118a7b","settings":{"content_width":"full","title":"Marquee with Text ","title_size":"h5","align":"center"},"elements":[],"isInner":false,"widgetType":"ecomus-heading","elType":"widget"},{"id":"1fa98cfe","settings":{"content_width":"full","items":[{"text":"Use <a href=\"#\">code GET30<\/a> at checkout for 30% off your first order","_id":"3cba4b8","icon":{"value":"","library":""},"image":{"id":"","url":"https:\/\/raw.githubusercontent.com\/drfuri\/demo-content\/main\/ecomus\/fashion\/images\/placeholder.png"}}],"padding":{"unit":"px","top":"0","right":"0","bottom":"0","left":"0","isLinked":true},"background_color":"#02010100","text_typography_typography":"custom","text_typography_font_size":{"unit":"px","size":80,"sizes":[]},"text_typography_line_height":{"unit":"px","size":85,"sizes":[]},"text_typography_font_size_tablet":{"unit":"px","size":60,"sizes":[]},"text_typography_font_size_mobile":{"unit":"px","size":40,"sizes":[]},"text_typography_line_height_tablet":{"unit":"px","size":65,"sizes":[]},"text_typography_line_height_mobile":{"unit":"px","size":40,"sizes":[]}},"elements":[],"isInner":false,"widgetType":"ecomus-marquee","elType":"widget"}],"isInner":false,"elType":"container"},{"id":"322c99c6","settings":{"border_width":{"unit":"px","top":"0","right":"0","bottom":"1","left":"0","isLinked":false},"border_color":"#EBEBEB"},"elements":[{"id":"b4d15ff","settings":{"content_width":"full","title":"Marquee with Image","title_size":"h5","align":"center"},"elements":[],"isInner":false,"widgetType":"ecomus-heading","elType":"widget"},{"id":"275e6cf5","settings":{"content_width":"full","items":[{"text":"Use <a href=\"#\">code GET30<\/a> at checkout for 30% off your first order","_id":"3cba4b8","icon":{"value":"","library":""},"image":{"id":1378,"url":"https:\/\/wpecomus.com\/fashion\/wp-content\/uploads\/sites\/2\/2024\/06\/001fashion-brand-01.webp","alt":"","source":"library","size":""},"type":"image"},{"type":"image","image":{"url":"https:\/\/wpecomus.com\/fashion\/wp-content\/uploads\/sites\/2\/2024\/06\/001fashion-brand-03.webp","id":1379,"size":"","alt":"","source":"library"},"_id":"ea16f69"},{"type":"image","image":{"url":"https:\/\/wpecomus.com\/fashion\/wp-content\/uploads\/sites\/2\/2024\/06\/001fashion-brand-04.webp","id":1380,"size":"","alt":"","source":"library"},"_id":"e0fb8ed"},{"type":"image","image":{"url":"https:\/\/wpecomus.com\/fashion\/wp-content\/uploads\/sites\/2\/2024\/06\/001fashion-brand-05.webp","id":1381,"size":"","alt":"","source":"library"},"_id":"5313bc8"},{"type":"image","image":{"url":"https:\/\/wpecomus.com\/fashion\/wp-content\/uploads\/sites\/2\/2024\/06\/001fashion-brand-02.png","id":1377,"size":"","alt":"","source":"library"},"_id":"386e0a7"},{"type":"image","image":{"url":"https:\/\/wpecomus.com\/fashion\/wp-content\/uploads\/sites\/2\/2024\/06\/001fashion-brand-06.webp","id":1382,"size":"","alt":"","source":"library"},"_id":"b0c5772"}],"padding":{"unit":"px","top":"0","right":"0","bottom":"0","left":"0","isLinked":true},"background_color":"#02010100","text_typography_typography":"custom","text_typography_font_size":{"unit":"px","size":80,"sizes":[]},"text_typography_line_height":{"unit":"px","size":85,"sizes":[]},"text_typography_font_size_tablet":{"unit":"px","size":60,"sizes":[]},"text_typography_font_size_mobile":{"unit":"px","size":40,"sizes":[]},"text_typography_line_height_tablet":{"unit":"px","size":65,"sizes":[]},"text_typography_line_height_mobile":{"unit":"px","size":40,"sizes":[]},"image_size":"thumbnail"},"elements":[],"isInner":false,"widgetType":"ecomus-marquee","elType":"widget"}],"isInner":false,"elType":"container"}],"page_settings":[],"version":"0.4","title":"Marquee","type":"page"}