{"content":[{"id":"74b89961","settings":{"border_border":"solid","border_width":{"unit":"px","top":"0","right":"0","bottom":"1","left":"0","isLinked":false},"border_color":"#EBEBEB","margin":{"unit":"px","top":"0","right":"0","bottom":"60","left":"0","isLinked":false},"padding":{"unit":"px","top":"0","right":"0","bottom":"60","left":"0","isLinked":false}},"elements":[{"id":"5ca0a553","settings":{"content_width":"full","title":"Products Carousel","title_size":"h5","align":"center","_margin":{"unit":"px","top":"0","right":"0","bottom":"30","left":"0","isLinked":false}},"elements":[],"isInner":false,"widgetType":"ecomus-heading","elType":"widget"},{"id":"30aaa2d2","settings":{"content_width":"full","slides_to_scroll":4,"slides_to_show_tablet":3,"slides_to_show_mobile":2,"slides_to_scroll_tablet":3,"slides_to_scroll_mobile":2,"image_spacing_custom_mobile":15,"dots_gap_tablet":{"unit":"px","size":2,"sizes":[]},"dots_size_tablet":{"unit":"px","size":5,"sizes":[]},"dot_item_color":"#D4D4D4","dot_item_active_color":"#0F0F0F","heading":"This is the heading","navigation_classes_tablet":"dots","navigation_classes_mobile":"dots","arrows_vertical_spacing":{"unit":"%","size":40,"sizes":[]},"arrows_vertical_spacing_tablet":{"unit":"%","size":"","sizes":[]},"arrows_vertical_spacing_mobile":{"unit":"%","size":"","sizes":[]}},"elements":[],"isInner":false,"widgetType":"ecomus-products-carousel","elType":"widget"}],"isInner":false,"elType":"container"},{"id":"1f6ee6c6","settings":{"border_width":{"unit":"px","top":"0","right":"0","bottom":"1","left":"0","isLinked":false},"border_color":"#EBEBEB"},"elements":[{"id":"11dc2a99","settings":{"content_width":"full","title":"Flash Sale","title_size":"h5","align":"center","_margin":{"unit":"px","top":"0","right":"0","bottom":"30","left":"0","isLinked":false}},"elements":[],"isInner":false,"widgetType":"ecomus-heading","elType":"widget"},{"id":"2ad08d3b","settings":{"content_width":"full","title":"Flash Sale"},"elements":[],"isInner":false,"widgetType":"ecomus-flash-sale","elType":"widget"}],"isInner":false,"elType":"container"}],"page_settings":[],"version":"0.4","title":"Products Carousel","type":"page"}