{"content":[{"id":"29057b60","settings":{"content_width":"full","margin":{"unit":"px","top":"0","right":"0","bottom":"60","left":"0","isLinked":false}},"elements":[{"id":"24ec699d","settings":{"content_width":"full","background_image":{"url":"https:\/\/wpecomus.com\/builder\/wp-content\/uploads\/sites\/17\/2024\/07\/ph01.webp","id":3995,"size":"","alt":"","source":"library"}},"elements":[],"isInner":false,"widgetType":"ecomus-archive-page-header","elType":"widget"}],"isInner":false,"elType":"container"},{"id":"78197ac2","settings":[],"elements":[{"id":"4f34c24f","settings":{"content_width":"full","extra_content_page_id":5583,"extra_content_margin":{"unit":"px","top":"25","right":"0","bottom":"0","left":"0","isLinked":false}},"elements":[],"isInner":false,"widgetType":"ecomus-wc-checkout","elType":"widget"}],"isInner":false,"elType":"container"}],"page_settings":{"site_content_spacing_top":{"unit":"px","size":0,"sizes":[]},"site_content_spacing_top_tablet":{"unit":"px","size":0,"sizes":[]},"site_content_spacing_top_mobile":{"unit":"px","size":0,"sizes":[]},"site_content_spacing_bottom":{"unit":"px","size":100,"sizes":[]}},"version":"0.4","title":"Checkout Page","type":"page"}