{"content":[{"id":"680e71b2","settings":[],"elements":[{"id":"2a36602b","settings":{"content_width":"full"},"elements":[],"isInner":false,"widgetType":"ecomus-wc-notices","elType":"widget"}],"isInner":false,"elType":"container"},{"id":"38f4c1ce","settings":{"flex_direction":"row","flex_gap":{"unit":"px","size":0,"column":"0","row":"0","isLinked":true},"flex_justify_content":"space-between","margin":{"unit":"px","top":"0","right":"0","bottom":"32","left":"0","isLinked":false},"margin_mobile":{"unit":"px","top":"0","right":"0","bottom":"22.5","left":"0","isLinked":false}},"elements":[{"id":"678df447","settings":{"flex_direction":"column","content_width":"full","width":{"unit":"%","size":"50"}},"elements":[{"id":"62e6731c","settings":{"content_width":"full"},"elements":[],"isInner":false,"widgetType":"ecomus-product-breadcrumb","elType":"widget"}],"isInner":true,"elType":"container"},{"id":"9c7e8c8","settings":{"flex_direction":"column","content_width":"full","width":{"unit":"custom","size":"auto"},"width_tablet":{"unit":"custom","size":"","sizes":[]},"width_mobile":{"unit":"custom","size":"","sizes":[]}},"elements":[{"id":"2a12f702","settings":{"content_width":"full"},"elements":[],"isInner":false,"widgetType":"ecomus-product-navigation","elType":"widget"}],"isInner":true,"elType":"container"}],"isInner":false,"elType":"container"},{"id":"41307426","settings":{"flex_direction":"row","flex_gap":{"unit":"px","size":55,"column":"55","row":"55","isLinked":true},"flex_gap_mobile":{"column":"25","row":"25","isLinked":true,"unit":"px","size":25},"margin":{"unit":"px","top":"0","right":"0","bottom":"92","left":"0","isLinked":false},"margin_mobile":{"unit":"px","top":"0","right":"0","bottom":"50","left":"0","isLinked":false},"flex_gap_tablet":{"column":"30","row":"30","isLinked":true,"unit":"px","size":30},"z_index":2},"elements":[{"id":"6d78cd8","settings":{"content_width":"full","width":{"unit":"%","size":"50"},"_flex_grow":0,"_flex_shrink":0,"sticky_motion":"sticky","sticky_motion_mobile":"var(--position)","_flex_align_self":"flex-start"},"elements":[{"id":"6632bad9","settings":{"content_width":"full","product_image_zoom":"bounding","thumbnails_layout":"stacked"},"elements":[],"isInner":false,"widgetType":"ecomus-product-images","elType":"widget"}],"isInner":true,"elType":"container"},{"id":"3435ae49","settings":{"content_width":"full","width":{"unit":"%","size":"50"},"padding":{"unit":"px","top":0,"right":0,"bottom":0,"left":0,"isLinked":true},"flex_gap":{"unit":"px","size":0,"column":"0","row":"0","isLinked":true},"sticky_motion":"sticky","sticky_motion_mobile":"var(--position)","_flex_align_self":"flex-start"},"elements":[{"id":"72af0396","settings":{"content_width":"full","flex_direction":"row","margin":{"unit":"px","top":"0","right":"0","bottom":"7","left":"0","isLinked":false},"flex_direction_mobile":"column","flex_justify_content_tablet":"space-between","flex_justify_content_mobile":"flex-start","flex_gap_mobile":{"column":"10","row":"10","isLinked":true,"unit":"px","size":10},"flex_gap":{"column":"50","row":"0","isLinked":false,"unit":"px","size":50},"flex_gap_tablet":{"column":"0","row":"0","isLinked":false,"unit":"px","size":0}},"elements":[{"id":"a530cf2","settings":{"content_width":"full","_element_width":"auto"},"elements":[],"isInner":false,"widgetType":"ecomus-product-category","elType":"widget"},{"id":"6ef6ccde","settings":{"content_width":"full","_element_width":"auto","_element_custom_width":{"unit":"custom","size":"auto","sizes":[]},"_element_custom_width_tablet":{"unit":"custom","size":"","sizes":[]},"_element_custom_width_mobile":{"unit":"custom","size":"","sizes":[]},"star_size_mobile":{"unit":"px","size":14,"sizes":[]},"star_size":{"unit":"px","size":14,"sizes":[]}},"elements":[],"isInner":false,"widgetType":"ecomus-product-rating","elType":"widget"}],"isInner":true,"elType":"container"},{"id":"1d9e8cd5","settings":{"content_width":"full","margin":{"unit":"px","top":"0","right":"0","bottom":"16","left":"0","isLinked":false}},"elements":[{"id":"5a800fcc","settings":{"content_width":"full","typography_typography":"custom","typography_font_size":{"unit":"px","size":28,"sizes":[]}},"elements":[],"isInner":false,"widgetType":"ecomus-product-title","elType":"widget"}],"isInner":true,"elType":"container"},{"id":"34d5f43f","settings":{"content_width":"full","flex_gap":{"column":"20","row":"20","isLinked":true,"unit":"px","size":20},"margin":{"unit":"px","top":"0","right":"0","bottom":"34","left":"0","isLinked":false}},"elements":[{"id":"69b2fb17","settings":{"content_width":"full","badges_in_stock":"yes"},"elements":[],"isInner":false,"widgetType":"ecomus-product-badges","elType":"widget"},{"id":"2744a8a6","settings":{"content_width":"full"},"elements":[],"isInner":false,"widgetType":"ecomus-cart-tracking","elType":"widget"},{"id":"7abd0972","settings":{"content_width":"full","_margin":{"unit":"px","top":"0","right":"0","bottom":"5","left":"0","isLinked":false}},"elements":[],"isInner":false,"widgetType":"ecomus-product-price","elType":"widget"},{"id":"d1a3717","settings":{"content_width":"full"},"elements":[],"isInner":false,"widgetType":"ecomus-people-view-fake","elType":"widget"},{"id":"517dc467","settings":{"content_width":"full","max_width":{"unit":"%","size":"","sizes":[]}},"elements":[],"isInner":false,"widgetType":"ecomus-product-countdown","elType":"widget"},{"id":"3b88ecd","settings":{"content_width":"full","product_type":"variable"},"elements":[],"isInner":false,"widgetType":"ecomus-product-add-to-cart-form","elType":"widget"}],"isInner":true,"elType":"container"},{"id":"281c11ec","settings":{"content_width":"full","flex_direction":"row","flex_wrap_tablet":"wrap","margin":{"unit":"px","top":"0","right":"0","bottom":"32","left":"0","isLinked":false},"margin_mobile":{"unit":"px","top":"0","right":"0","bottom":"39","left":"0","isLinked":false},"flex_gap":{"column":"30","row":"10","isLinked":false,"unit":"px","size":30}},"elements":[{"id":"2ba4dc3d","settings":{"content_width":"full","_element_width":"auto"},"elements":[],"isInner":false,"widgetType":"ecomus-variation-compare","elType":"widget"},{"id":"2f069ff1","settings":{"content_width":"full","text_typography_font_size":{"unit":"px","size":76,"sizes":[]},"_element_width":"auto","type":"contact_form","form_shortcode":"[contact-form-7 id=\"eb52e7b\" title=\"Ask a Question\"]"},"elements":[],"isInner":false,"widgetType":"ecomus-ask-question","elType":"widget"},{"id":"410a1f4e","settings":{"content_width":"full","page_id":500},"elements":[],"isInner":false,"widgetType":"ecomus-delivery-return","elType":"widget"},{"id":"6a5039a7","settings":{"content_width":"full","socials":["facebook","twitter","pinterest","tumblr","whatsapp","email"]},"elements":[],"isInner":false,"widgetType":"ecomus-product-share","elType":"widget"}],"isInner":true,"elType":"container"},{"id":"52895f94","settings":{"content_width":"full","flex_direction":"row","flex_gap":{"column":"15","row":"15","isLinked":true,"unit":"px","size":15},"margin":{"unit":"px","top":"0","right":"0","bottom":"33","left":"0","isLinked":false},"flex_direction_tablet":"column"},"elements":[{"id":"6bf2a452","settings":{"content_width":"full","icon":{"value":{"url":"https:\/\/wpecomus.com\/builder\/wp-content\/uploads\/sites\/17\/2024\/11\/ship.svg","id":5400},"library":"svg"},"title":"","description":"Estimate delivery times: <strong>12-26 days<\/strong> (International), <strong>3-6 days<\/strong> (United States).","alignment":"center","content_padding":{"unit":"px","top":"30","right":"28","bottom":"30","left":"28","isLinked":false},"icon_size":{"unit":"px","size":30,"sizes":[]},"icon_spacing":{"unit":"px","size":16,"sizes":[]},"_element_width":"initial","_element_custom_width":{"unit":"%","size":50,"sizes":[]},"_border_border":"solid","_border_width":{"unit":"px","top":"1","right":"1","bottom":"1","left":"1","isLinked":true},"_border_color":"#EBEBEB","_border_radius":{"unit":"px","top":"3","right":"3","bottom":"3","left":"3","isLinked":true},"_element_width_tablet":"inherit","_element_custom_width_tablet":{"unit":"%","size":"","sizes":[]},"_element_custom_width_mobile":{"unit":"%","size":"","sizes":[]},"image":{"id":5392,"url":"https:\/\/wpecomus.com\/builder\/wp-content\/uploads\/sites\/17\/2024\/11\/placeholder-3.png"},"description_color":"#000000","icon_color":"#000000"},"elements":[],"isInner":false,"widgetType":"ecomus-icon-box","elType":"widget"},{"id":"7c2fad42","settings":{"content_width":"full","icon":{"value":{"url":"https:\/\/wpecomus.com\/builder\/wp-content\/uploads\/sites\/17\/2024\/11\/return-order.svg","id":5401},"library":"svg"},"title":"","description":"Return within <strong>30 days<\/strong> of purchase. Duties & taxes are non-refundable.","alignment":"center","content_padding":{"unit":"px","top":"30","right":"28","bottom":"30","left":"28","isLinked":false},"icon_size":{"unit":"px","size":30,"sizes":[]},"icon_spacing":{"unit":"px","size":16,"sizes":[]},"_element_width":"initial","_element_custom_width":{"unit":"%","size":50,"sizes":[]},"_border_border":"solid","_border_width":{"unit":"px","top":"1","right":"1","bottom":"1","left":"1","isLinked":true},"_border_color":"#EBEBEB","_border_radius":{"unit":"px","top":"3","right":"3","bottom":"3","left":"3","isLinked":true},"_element_width_tablet":"inherit","image":{"id":5393,"url":"https:\/\/wpecomus.com\/builder\/wp-content\/uploads\/sites\/17\/2024\/11\/placeholder-4.png"},"description_color":"#000000","icon_color":"#000000"},"elements":[],"isInner":false,"widgetType":"ecomus-icon-box","elType":"widget"}],"isInner":true,"elType":"container"},{"id":"637e6b3c","settings":{"content_width":"full","flex_direction":"row","flex_direction_tablet":"column","flex_gap_mobile":{"column":"10","row":"10","isLinked":true,"unit":"px","size":10},"flex_align_items":"center","flex_gap":{"column":"30","row":"30","isLinked":true,"unit":"px","size":30},"flex_gap_tablet":{"column":"10","row":"10","isLinked":true,"unit":"px","size":10}},"elements":[{"id":"3a2a58de","settings":{"content_width":"full","icon":{"value":{"url":"https:\/\/wpecomus.com\/builder\/wp-content\/uploads\/sites\/17\/2024\/11\/guar.svg","id":5399},"library":"svg"},"title":"Guarantee Safe<br class=\"hidden-xs hidden-sm\"> Checkout","description":"","title_size":"div","position":"left","vertical_alignment":"middle","title_typography_typography":"custom","title_typography_font_size":{"unit":"px","size":14,"sizes":[]},"title_typography_font_weight":"600","title_spacing":{"unit":"px","size":0,"sizes":[]},"icon_size":{"unit":"px","size":22,"sizes":[]},"icon_spacing":{"unit":"px","size":10,"sizes":[]},"_element_width":"auto","_element_custom_width":{"unit":"%","size":25,"sizes":[]},"_element_width_tablet":"inherit","image":{"id":5394,"url":"https:\/\/wpecomus.com\/builder\/wp-content\/uploads\/sites\/17\/2024\/11\/placeholder-5.png"},"title_color":"#000000","icon_color":"#000000","title_typography_line_height":{"unit":"custom","size":"1.3","sizes":[]},"title_typography_line_height_tablet":{"unit":"custom","size":"","sizes":[]},"title_typography_line_height_mobile":{"unit":"custom","size":"","sizes":[]}},"elements":[],"isInner":false,"widgetType":"ecomus-icon-box","elType":"widget"},{"id":"3a75db7d","settings":{"content_width":"full","image":{"id":5398,"url":"https:\/\/wpecomus.com\/builder\/wp-content\/uploads\/sites\/17\/2024\/11\/payment-gray-png.webp","alt":"","source":"library","size":""},"image_size":"full","_element_width":"auto","_element_width_tablet":"inherit","image_border_radius":{"unit":"px","top":"0","right":"0","bottom":"0","left":"0","isLinked":true}},"elements":[],"isInner":false,"widgetType":"image","elType":"widget"}],"isInner":true,"elType":"container"}],"isInner":true,"elType":"container"}],"isInner":false,"elType":"container"},{"id":"302ac20f","settings":{"margin":{"unit":"px","top":"0","right":"0","bottom":"84","left":"0","isLinked":false},"margin_mobile":{"unit":"px","top":"0","right":"0","bottom":"59","left":"0","isLinked":false},"flex_gap":{"column":"45","row":"45","isLinked":true,"unit":"px","size":45}},"elements":[{"id":"4440193c","settings":{"content_width":"full"},"elements":[],"isInner":false,"widgetType":"ecomus-product-data-tabs","elType":"widget"}],"isInner":false,"elType":"container"},{"id":"5dc7b783","settings":{"flex_gap":{"column":"85","row":"85","isLinked":true,"unit":"px","size":85},"flex_gap_mobile":{"column":"50","row":"50","isLinked":true,"unit":"px","size":50}},"elements":[{"id":"43e880ec","settings":{"content_width":"full","slides_to_show_tablet":3,"slides_to_show_mobile":2,"slides_to_scroll_tablet":3,"slides_to_scroll_mobile":2,"navigation_classes_tablet":"dots","navigation_classes_mobile":"dots","heading":"People Also Bought\u200b","heading_typography_typography":"custom","heading_typography_font_size":{"unit":"px","size":42,"sizes":[]},"heading_typography_font_size_tablet":{"unit":"px","size":32,"sizes":[]},"heading_typography_font_size_mobile":{"unit":"px","size":22,"sizes":[]},"heading_text_align":"center","heading_spacing":{"unit":"px","size":57,"sizes":[]},"heading_spacing_mobile":{"unit":"px","size":29,"sizes":[]}},"elements":[],"isInner":false,"widgetType":"ecomus-product-upsell","elType":"widget"},{"id":"8c6eb38","settings":{"content_width":"full","navigation_classes_tablet":"dots","navigation_classes_mobile":"dots","slides_to_show_tablet":3,"slides_to_show_mobile":2,"slides_to_scroll_tablet":3,"slides_to_scroll_mobile":2,"image_spacing_custom_mobile":15,"heading":"Related products","heading_typography_typography":"custom","heading_typography_font_size":{"unit":"px","size":42,"sizes":[]},"heading_typography_font_size_tablet":{"unit":"px","size":32,"sizes":[]},"heading_typography_font_size_mobile":{"unit":"px","size":22,"sizes":[]},"heading_text_align":"center","heading_spacing":{"unit":"px","size":57,"sizes":[]},"heading_spacing_mobile":{"unit":"px","size":29,"sizes":[]}},"elements":[],"isInner":false,"widgetType":"ecomus-product-related","elType":"widget"},{"id":"3b1d252e","settings":{"content_width":"full","heading":"Recently Viewed","navigation_classes_tablet":"dots","navigation_classes_mobile":"dots","heading_typography_typography":"custom","heading_typography_font_size":{"unit":"px","size":42,"sizes":[]},"heading_typography_font_size_tablet":{"unit":"px","size":32,"sizes":[]},"heading_typography_font_size_mobile":{"unit":"px","size":22,"sizes":[]},"heading_text_align":"center","heading_spacing":{"unit":"px","size":57,"sizes":[]},"heading_spacing_mobile":{"unit":"px","size":29,"sizes":[]},"slides_to_show_tablet":3,"slides_to_show_mobile":2,"slides_to_scroll_tablet":3,"slides_to_scroll_mobile":2},"elements":[],"isInner":false,"widgetType":"ecomus-product-recently-viewed","elType":"widget"}],"isInner":false,"elType":"container"}],"page_settings":{"include_page_ids":"589","site_content_spacing_top":{"unit":"px","size":42,"sizes":[]},"site_content_spacing_bottom":{"unit":"px","size":100,"sizes":[]}},"version":"0.4","title":"Product Stacked","type":"page"}