{"content":[{"id":"51321d48","settings":{"content_width":"full","margin":{"unit":"px","top":"0","right":"0","bottom":"31","left":"0","isLinked":false}},"elements":[{"id":"6f3701ef","settings":{"content_width":"full","background_image":{"id":3995,"url":"https:\/\/wpecomus.com\/builder\/wp-content\/uploads\/sites\/17\/2024\/07\/ph01.webp","alt":"","source":"library","size":""}},"elements":[],"isInner":false,"widgetType":"ecomus-archive-page-header","elType":"widget"}],"isInner":false,"elType":"container"},{"id":"70883ab4","settings":{"flex_direction":"row","flex_wrap":"wrap","flex_gap":{"unit":"px","size":0,"column":"0","row":"0","isLinked":true},"margin":{"unit":"px","top":"0","right":"0","bottom":"39","left":"0","isLinked":false},"content_width":"full","padding":{"unit":"px","top":"0","right":"50","bottom":"0","left":"50","isLinked":false},"padding_tablet":{"unit":"px","top":"0","right":"30","bottom":"0","left":"30","isLinked":false},"padding_mobile":{"unit":"px","top":"0","right":"15","bottom":"0","left":"15","isLinked":false},"flex_align_items":"center"},"elements":[{"id":"3cf92060","settings":{"flex_direction":"column","content_width":"full","width":{"unit":"%","size":"33.3333"},"width_mobile":{"unit":"%","size":33.333,"sizes":[]}},"elements":[{"id":"65e2719e","settings":{"content_width":"full","filters":[{"_id":"6262f3c","name":"Product Categories","source":"product_cat","display_default":"list","show_counts":"yes","hide_empty_cats":"yes"},{"_id":"6a203f4","name":"Availability","source":"product_status"},{"_id":"fb7d471","name":"Price","source":"price","display_price":"slider"},{"_id":"4b8a347","name":"Brand","source":"product_brand","multiple_default":"1","show_counts":"yes","scrollable":"yes"},{"_id":"0926421","name":"Color","source":"attribute","attribute":"color","multiple_attribute":"1","show_counts":"yes","scrollable":"yes"},{"_id":"4fa3fb7","name":"Size","source":"attribute","attribute":"size","display_attribute":"checkboxes","show_counts":"yes","scrollable":"yes"}],"icon":{"value":{"url":"https:\/\/wpecomus.com\/builder\/wp-content\/uploads\/sites\/17\/2024\/11\/filter.svg","id":5324},"library":"svg"},"title":"Filter","instant":"yes"},"elements":[],"isInner":false,"widgetType":"ecomus-products-filter","elType":"widget"}],"isInner":true,"elType":"container"},{"id":"560547e1","settings":{"flex_direction":"column","content_width":"full","width":{"unit":"%","size":"33.3333"},"width_mobile":{"unit":"%","size":33.333,"sizes":[]},"flex_justify_content":"center"},"elements":[{"id":"331b4305","settings":{"content_width":"full","alignment":"center","views":["1","2","3","4","5","6"],"views_default":"5"},"elements":[],"isInner":false,"widgetType":"ecomus-archive-product-view","elType":"widget"}],"isInner":true,"elType":"container"},{"id":"2df118c","settings":{"flex_direction":"column","content_width":"full","width":{"unit":"%","size":"33.3333"},"width_mobile":{"unit":"%","size":33.333,"sizes":[]}},"elements":[{"id":"1e74d0bf","settings":{"content_width":"full","alignment":"flex-end"},"elements":[],"isInner":false,"widgetType":"ecomus-archive-product-ordering","elType":"widget"}],"isInner":true,"elType":"container"},{"id":"26a8ea58","settings":{"flex_direction":"column","content_width":"full","width":{"unit":"%","size":100}},"elements":[{"id":"6863e9c6","settings":{"content_width":"full","margin":{"unit":"px","top":"39","right":"0","bottom":"0","left":"0","isLinked":false}},"elements":[],"isInner":false,"widgetType":"ecomus-products-filter-actived","elType":"widget"}],"isInner":true,"elType":"container"}],"isInner":false,"elType":"container"},{"id":"2d4dbd3e","settings":{"content_width":"full","padding":{"unit":"px","top":"0","right":"50","bottom":"0","left":"50","isLinked":false},"padding_tablet":{"unit":"px","top":"0","right":"30","bottom":"0","left":"30","isLinked":false},"padding_mobile":{"unit":"px","top":"0","right":"15","bottom":"0","left":"15","isLinked":false}},"elements":[{"id":"38b23872","settings":{"content_width":"full"},"elements":[],"isInner":false,"widgetType":"ecomus-wc-notices","elType":"widget"}],"isInner":false,"elType":"container"},{"id":"46ab09e6","settings":{"margin":{"unit":"px","top":"0","right":"0","bottom":"71","left":"0","isLinked":false},"margin_tablet":{"unit":"px","top":"0","right":"0","bottom":"60","left":"0","isLinked":false},"margin_mobile":{"unit":"px","top":"0","right":"0","bottom":"53","left":"0","isLinked":false},"content_width":"full","padding":{"unit":"px","top":"0","right":"50","bottom":"0","left":"50","isLinked":false},"padding_tablet":{"unit":"px","top":"0","right":"30","bottom":"0","left":"30","isLinked":false},"padding_mobile":{"unit":"px","top":"0","right":"15","bottom":"0","left":"15","isLinked":false},"container_type":"grid","grid_outline":"","grid_columns_grid":{"unit":"fr","size":1,"sizes":[]},"grid_rows_grid":{"unit":"fr","size":1,"sizes":[]},"presetTitle":"Grid","presetIcon":"eicon-container-grid"},"elements":[{"id":"173fe22f","settings":{"content_width":"full","shop_per_page":20,"shop_columns":"5"},"elements":[],"isInner":false,"widgetType":"ecomus-archive-products","elType":"widget"}],"isInner":false,"elType":"container"}],"page_settings":{"show_default_columns":"5","site_content_spacing_top":{"unit":"px","size":0,"sizes":[]},"site_content_spacing_bottom":{"unit":"px","size":0,"sizes":[]},"site_content_spacing_top_tablet":{"unit":"px","size":0,"sizes":[]},"site_content_spacing_top_mobile":{"unit":"px","size":0,"sizes":[]},"site_content_spacing_bottom_tablet":{"unit":"px","size":0,"sizes":[]},"site_content_spacing_bottom_mobile":{"unit":"px","size":0,"sizes":[]}},"version":"0.4","title":"Shop Full Width","type":"page"}