{"content":[{"id":"30ea0d58","settings":{"flex_gap":{"column":"50","row":"50","isLinked":true,"unit":"px","size":50},"border_border":"solid","border_width":{"unit":"px","top":"0","right":"0","bottom":"1","left":"0","isLinked":false},"border_color":"#EBEBEB","margin":{"unit":"px","top":"0","right":"0","bottom":"60","left":"0","isLinked":false},"padding":{"unit":"px","top":"0","right":"0","bottom":"60","left":"0","isLinked":false}},"elements":[{"id":"ae0c549","settings":{"content_width":"full","title":"Products Grid","title_size":"h5","align":"center"},"elements":[],"isInner":false,"widgetType":"ecomus-heading","elType":"widget"},{"id":"72eb1555","settings":{"content_width":"full","pagination":""},"elements":[],"isInner":false,"widgetType":"ecomus-product-grid","elType":"widget"}],"isInner":false,"elType":"container"},{"id":"ac41303","settings":{"flex_gap":{"column":"50","row":"50","isLinked":true,"unit":"px","size":50},"border_border":"solid","border_width":{"unit":"px","top":"0","right":"0","bottom":"1","left":"0","isLinked":false},"border_color":"#EBEBEB","margin":{"unit":"px","top":"0","right":"0","bottom":"60","left":"0","isLinked":false},"padding":{"unit":"px","top":"0","right":"0","bottom":"60","left":"0","isLinked":false}},"elements":[{"id":"59119997","settings":{"content_width":"full","title":"Products  Grid with Pagination","title_size":"h5","align":"center"},"elements":[],"isInner":false,"widgetType":"ecomus-heading","elType":"widget"},{"id":"3a29a5e7","settings":{"content_width":"full"},"elements":[],"isInner":false,"widgetType":"ecomus-product-grid","elType":"widget"}],"isInner":false,"elType":"container"},{"id":"1e912135","settings":{"flex_gap":{"column":"50","row":"50","isLinked":true,"unit":"px","size":50},"border_width":{"unit":"px","top":"0","right":"0","bottom":"1","left":"0","isLinked":false},"border_color":"#EBEBEB"},"elements":[{"id":"2770d297","settings":{"content_width":"full","title":"Products  Grid with Category","title_size":"h5","align":"center"},"elements":[],"isInner":false,"widgetType":"ecomus-heading","elType":"widget"},{"id":"31d3926b","settings":{"content_width":"full","product_cat":"men","pagination":""},"elements":[],"isInner":false,"widgetType":"ecomus-product-grid","elType":"widget"}],"isInner":false,"elType":"container"}],"page_settings":[],"version":"0.4","title":"Product Grid","type":"page"}