{"content":[{"id":"2fbe60cd","settings":{"flex_gap":{"column":"50","row":"50","isLinked":true,"unit":"px","size":50},"border_border":"solid","border_width":{"unit":"px","top":"0","right":"0","bottom":"1","left":"0","isLinked":false},"border_color":"#EBEBEB","margin":{"unit":"px","top":"0","right":"0","bottom":"60","left":"0","isLinked":false},"padding":{"unit":"px","top":"0","right":"0","bottom":"60","left":"0","isLinked":false}},"elements":[{"id":"70206fc6","settings":{"content_width":"full","title":"Product Type Tabs Carousel","title_size":"h5","align":"center"},"elements":[],"isInner":false,"widgetType":"ecomus-heading","elType":"widget"},{"id":"2119e104","settings":{"content_width":"full","tabs":[{"heading":"Best seller","products":"best_selling_products","_id":"a449155"},{"heading":"New arrivals","_id":"a8cc6a4"},{"heading":"On Sale","products":"sale_products","_id":"213c885"}],"slides_to_show_tablet":3,"slides_to_show_mobile":2,"slides_to_scroll_tablet":3,"slides_to_scroll_mobile":2,"navigation_classes_tablet":"dots"},"elements":[],"isInner":false,"widgetType":"ecomus-product-tabs-carousel","elType":"widget"}],"isInner":false,"elType":"container"},{"id":"39ab857e","settings":{"flex_gap":{"column":"50","row":"50","isLinked":true,"unit":"px","size":50},"border_border":"solid","border_width":{"unit":"px","top":"0","right":"0","bottom":"1","left":"0","isLinked":false},"border_color":"#EBEBEB","margin":{"unit":"px","top":"0","right":"0","bottom":"60","left":"0","isLinked":false},"padding":{"unit":"px","top":"0","right":"0","bottom":"60","left":"0","isLinked":false}},"elements":[{"id":"410e88bb","settings":{"content_width":"full","title":"Product Category Tabs Carousel","title_size":"h5","align":"center"},"elements":[],"isInner":false,"widgetType":"ecomus-heading","elType":"widget"},{"id":"7f556269","settings":{"content_width":"full","tabs":[{"heading":"Men","products":"custom","_id":"a449155","product_cat":"men"},{"heading":"Women","products":"custom","_id":"a8cc6a4","product_cat":"women"},{"heading":"Accessories","products":"custom","_id":"213c885","product_cat":"accessories"}],"slides_to_show_tablet":3,"slides_to_show_mobile":2,"slides_to_scroll_tablet":3,"slides_to_scroll_mobile":2,"navigation_classes_tablet":"dots"},"elements":[],"isInner":false,"widgetType":"ecomus-product-tabs-carousel","elType":"widget"}],"isInner":false,"elType":"container"},{"id":"6f6259a","settings":{"flex_gap":{"column":"50","row":"50","isLinked":true,"unit":"px","size":50},"border_border":"solid","border_width":{"unit":"px","top":"0","right":"0","bottom":"1","left":"0","isLinked":false},"border_color":"#EBEBEB","margin":{"unit":"px","top":"0","right":"0","bottom":"60","left":"0","isLinked":false},"padding":{"unit":"px","top":"0","right":"0","bottom":"60","left":"0","isLinked":false}},"elements":[{"id":"45714b33","settings":{"content_width":"full","title":"Product Tabs Grid","title_size":"h5","align":"center"},"elements":[],"isInner":false,"widgetType":"ecomus-heading","elType":"widget"},{"id":"a209f46","settings":{"content_width":"full","limit":4,"tabs":[{"heading":"Best seller","products":"best_selling_products","_id":"c396d7c"},{"heading":"New arrivals","_id":"b120970"},{"heading":"On Sale","products":"sale_products","_id":"7d70901"}],"pagination":""},"elements":[],"isInner":false,"widgetType":"ecomus-product-tabs-grid","elType":"widget"}],"isInner":false,"elType":"container"},{"id":"3b4f6f69","settings":{"flex_gap":{"column":"50","row":"50","isLinked":true,"unit":"px","size":50},"border_width":{"unit":"px","top":"0","right":"0","bottom":"1","left":"0","isLinked":false},"border_color":"#EBEBEB"},"elements":[{"id":"234df344","settings":{"content_width":"full","title":"Product Tabs Grid with Pagination","title_size":"h5","align":"center"},"elements":[],"isInner":false,"widgetType":"ecomus-heading","elType":"widget"},{"id":"54d915a6","settings":{"content_width":"full","limit":4,"tabs":[{"heading":"Best seller","products":"best_selling_products","_id":"c396d7c"},{"heading":"New arrivals","_id":"b120970"},{"heading":"On Sale","products":"sale_products","_id":"7d70901"}]},"elements":[],"isInner":false,"widgetType":"ecomus-product-tabs-grid","elType":"widget"}],"isInner":false,"elType":"container"}],"page_settings":[],"version":"0.4","title":"Product Tabs","type":"page"}