{"content":[{"id":"1e72d8c7","settings":{"flex_direction":"row","flex_gap":{"unit":"px","size":0,"column":"0","row":"0","isLinked":true},"flex_justify_content":"space-between","padding":{"unit":"px","top":"28","right":"0","bottom":"26","left":"0","isLinked":false}},"elements":[{"id":"64436baa","settings":{"flex_direction":"column","content_width":"full","width":{"unit":"%","size":"50"}},"elements":[{"id":"56bfae4f","settings":[],"elements":[],"isInner":false,"widgetType":"glozin-product-breadcrumb","elType":"widget"}],"isInner":true,"elType":"container"},{"id":"5ff5f253","settings":{"flex_direction":"column","content_width":"full","width":{"unit":"custom","size":"auto"},"width_tablet":{"unit":"custom","size":"","sizes":[]},"width_mobile":{"unit":"custom","size":"","sizes":[]}},"elements":[{"id":"47c45892","settings":[],"elements":[],"isInner":false,"widgetType":"glozin-product-navigation","elType":"widget"}],"isInner":true,"elType":"container"}],"isInner":false,"elType":"container"},{"id":"21223f0b","settings":{"flex_direction":"row","flex_gap":{"unit":"px","size":30,"column":"30","row":"30","isLinked":true}},"elements":[{"id":"15f30458","settings":{"flex_direction":"column","content_width":"full","width":{"unit":"%","size":"50"}},"elements":[{"id":"2ee7fd87","settings":{"arrows_type":"outline","product_image_zoom":"bounding","mobile_single_product_gallery_arrows":"yes","thumbnails_layout":"grid-2"},"elements":[],"isInner":false,"widgetType":"glozin-product-images","elType":"widget"}],"isInner":true,"elType":"container"},{"id":"1b475b29","settings":{"flex_direction":"column","content_width":"full","width":{"unit":"custom","size":"calc(50% - 30px)"},"width_tablet":{"unit":"custom","size":"","sizes":[]},"width_mobile":{"unit":"custom","size":"","sizes":[]},"flex_gap":{"column":"0","row":"0","isLinked":false,"unit":"px","size":0}},"elements":[{"id":"624c3c17","settings":{"badges_sale":"yes","badges_new":"yes","badges_featured":"yes","_margin":{"unit":"px","top":"0","right":"0","bottom":"10","left":"0","isLinked":false}},"elements":[],"isInner":false,"widgetType":"glozin-product-badges","elType":"widget"},{"id":"6111eef4","settings":[],"elements":[],"isInner":false,"widgetType":"glozin-product-category","elType":"widget"},{"id":"56ac25db","settings":{"_margin":{"unit":"px","top":"0","right":"0","bottom":"11","left":"0","isLinked":false}},"elements":[],"isInner":false,"widgetType":"glozin-product-title","elType":"widget"},{"id":"fb365b0","settings":{"content_width":"full","width":{"unit":"custom","size":"auto","sizes":[]},"width_tablet":{"unit":"custom","size":"","sizes":[]},"width_mobile":{"unit":"custom","size":"","sizes":[]},"grid_outline":"","grid_columns_grid":{"unit":"fr","size":2,"sizes":[]},"grid_rows_grid":{"unit":"fr","size":1,"sizes":[]},"grid_align_items":"center","presetTitle":"Container","presetIcon":"eicon-container","flex_direction":"row","flex_justify_content":"flex-start","flex_align_items":"center","margin":{"unit":"px","top":"0","right":"0","bottom":"24","left":"0","isLinked":false}},"elements":[{"id":"5e74eb76","settings":{"_element_width":"auto"},"elements":[],"isInner":false,"widgetType":"glozin-product-rating","elType":"widget"}],"isInner":true,"elType":"container"},{"id":"7eed7d05","settings":{"_margin":{"unit":"px","top":"0","right":"0","bottom":"20","left":"0","isLinked":false}},"elements":[],"isInner":false,"widgetType":"glozin-product-price","elType":"widget"},{"id":"27776102","settings":{"_margin":{"unit":"px","top":"0","right":"0","bottom":"22","left":"0","isLinked":false}},"elements":[],"isInner":false,"widgetType":"glozin-product-short-description","elType":"widget"},{"id":"218503d","settings":{"content_width":"full","border_border":"solid","border_width":{"unit":"px","top":"1","right":"1","bottom":"1","left":"1","isLinked":true},"border_color":"#EBEBEB","border_radius":{"unit":"px","top":"5","right":"5","bottom":"5","left":"5","isLinked":true},"margin":{"unit":"px","top":"0","right":"0","bottom":"20","left":"0","isLinked":false},"padding":{"unit":"px","top":"20","right":"20","bottom":"20","left":"20","isLinked":true}},"elements":[{"id":"efa88b1","settings":{"icon":{"value":"","library":""},"title":"Estimate delivery times: <strong class=\"text-dark\">3-5 days International.<\/strong>","description":"","position":"left","vertical_alignment":"middle","title_color":"#444444","title_typography_typography":"custom","title_typography_font_size":{"unit":"px","size":15,"sizes":[]},"title_typography_font_weight":"400","title_spacing":{"unit":"px","size":0,"sizes":[]},"icon_size":{"unit":"px","size":25,"sizes":[]},"icon_spacing":{"unit":"px","size":10,"sizes":[]},"_padding":{"unit":"px","top":"0","right":"0","bottom":"15","left":"0","isLinked":false},"_border_border":"dashed","_border_width":{"unit":"px","top":"0","right":"0","bottom":"1","left":"0","isLinked":false},"_border_color":"#EBEBEB","image":{"id":8072,"url":"http:\/\/localhost\/glozin\/wp-content\/uploads\/sites\/32\/2025\/07\/placeholder.png"}},"elements":[],"isInner":false,"widgetType":"glozin-icon-box","elType":"widget"},{"id":"7f48f67d","settings":{"icon":{"value":"","library":""},"title":"Use code <strong class=\"text-dark\">\"WELCOME15\"<\/strong> for discount 15% on your first order.","description":"","position":"left","vertical_alignment":"middle","title_color":"#444444","title_typography_typography":"custom","title_typography_font_size":{"unit":"px","size":15,"sizes":[]},"title_typography_font_weight":"400","title_spacing":{"unit":"px","size":0,"sizes":[]},"icon_size":{"unit":"px","size":25,"sizes":[]},"icon_spacing":{"unit":"px","size":10,"sizes":[]},"_padding":{"unit":"px","top":"0","right":"0","bottom":"15","left":"0","isLinked":false},"_border_border":"dashed","_border_width":{"unit":"px","top":"0","right":"0","bottom":"1","left":"0","isLinked":false},"_border_color":"#EBEBEB","image":{"id":8073,"url":"http:\/\/localhost\/glozin\/wp-content\/uploads\/sites\/32\/2025\/07\/placeholder-1.png"}},"elements":[],"isInner":false,"widgetType":"glozin-icon-box","elType":"widget"},{"id":"6162d0b8","settings":{"icon":{"value":"","library":""},"title":"Free shipping & returns: <strong class=\"text-dark\">On all orders over $150.<\/strong>","description":"","position":"left","vertical_alignment":"middle","title_color":"#444444","title_typography_typography":"custom","title_typography_font_size":{"unit":"px","size":15,"sizes":[]},"title_typography_font_weight":"400","title_spacing":{"unit":"px","size":0,"sizes":[]},"icon_size":{"unit":"px","size":25,"sizes":[]},"icon_spacing":{"unit":"px","size":10,"sizes":[]},"image":{"id":8074,"url":"http:\/\/localhost\/glozin\/wp-content\/uploads\/sites\/32\/2025\/07\/placeholder-2.png"}},"elements":[],"isInner":false,"widgetType":"glozin-icon-box","elType":"widget"}],"isInner":true,"elType":"container"},{"id":"10628334","settings":{"margin":{"unit":"px","top":"0","right":"0","bottom":"20","left":"0","isLinked":false}},"elements":[],"isInner":false,"widgetType":"glozin-product-countdown","elType":"widget"},{"id":"414d48f9","settings":[],"elements":[],"isInner":false,"widgetType":"glozin-product-add-to-cart-form","elType":"widget"},{"id":"49b57449","settings":{"content_width":"full","border_border":"solid","border_width":{"unit":"px","top":"0","right":"0","bottom":"1","left":"0","isLinked":false},"border_color":"#EBEBEB","margin":{"unit":"px","top":"0","right":"0","bottom":"25","left":"0","isLinked":false},"padding":{"unit":"px","top":"0","right":"0","bottom":"20","left":"0","isLinked":false}},"elements":[{"id":"447fa750","settings":[],"elements":[],"isInner":false,"widgetType":"glozin-linked-variant","elType":"widget"}],"isInner":true,"elType":"container"},{"id":"24e7052a","settings":{"content_width":"full","flex_gap":{"column":"0","row":"0","isLinked":false,"unit":"px","size":0},"margin":{"unit":"px","top":"0","right":"0","bottom":"25","left":"0","isLinked":false}},"elements":[{"id":"7d6f9381","settings":[],"elements":[],"isInner":false,"widgetType":"glozin-product-sku","elType":"widget"},{"id":"3a52ea1f","settings":[],"elements":[],"isInner":false,"widgetType":"glozin-product-available","elType":"widget"},{"id":"7aac4a7b","settings":[],"elements":[],"isInner":false,"widgetType":"glozin-product-categories","elType":"widget"}],"isInner":true,"elType":"container"},{"id":"3abf18aa","settings":{"content_width":"full","flex_gap":{"column":"0","row":"11","isLinked":false,"unit":"px","size":0},"background_background":"classic","background_color":"#F5F5F5","border_radius":{"unit":"px","top":"10","right":"10","bottom":"10","left":"10","isLinked":true},"margin":{"unit":"px","top":"0","right":"0","bottom":"36","left":"0","isLinked":false},"padding":{"unit":"px","top":"20","right":"20","bottom":"20","left":"20","isLinked":true}},"elements":[{"id":"1fa44733","settings":{"title":"Guarantee Safe Checkout:","title_size":"h6","align":"center"},"elements":[],"isInner":false,"widgetType":"glozin-heading","elType":"widget"},{"id":"14be90","settings":{"image":{"id":8083,"url":"http:\/\/localhost\/glozin\/wp-content\/uploads\/sites\/32\/2025\/07\/payment.avif","alt":"","source":"library","size":""},"image_size":"full","align":"center","space":{"unit":"px","size":340,"sizes":[]},"space_tablet":{"unit":"px","size":"","sizes":[]},"space_mobile":{"unit":"px","size":"","sizes":[]},"image_border_radius":{"unit":"px","top":"0","right":"0","bottom":"0","left":"0","isLinked":false}},"elements":[],"isInner":false,"widgetType":"image","elType":"widget"}],"isInner":true,"elType":"container"},{"id":"6cd54c58","settings":{"product_tabs_layout":"accordion","product_tabs_reviews_rating_display":"column","accordion_spacing":{"unit":"px","size":0,"sizes":[]}},"elements":[],"isInner":false,"widgetType":"glozin-product-data-tabs","elType":"widget"}],"isInner":true,"elType":"container"}],"isInner":false,"elType":"container"},{"id":"2cdde31b","settings":{"margin":{"unit":"px","top":"40","right":"0","bottom":"0","left":"0","isLinked":false}},"elements":[],"isInner":false,"elType":"container"},{"id":"d978fce","settings":{"content_width":"full","margin":{"unit":"px","top":"90","right":"0","bottom":"90","left":"0","isLinked":false},"margin_mobile":{"unit":"px","top":"50","right":"0","bottom":"50","left":"0","isLinked":false}},"elements":[{"id":"665005a5","settings":{"items":[{"text":"Free returns within 30 days","_id":"e895aec","type":"icon","icon":{"value":{"url":"http:\/\/localhost\/glozin\/wp-content\/uploads\/sites\/32\/2025\/07\/ps-i-marquee.svg","id":8081},"library":"svg"},"image":{"id":8075,"url":"http:\/\/localhost\/glozin\/wp-content\/uploads\/sites\/32\/2025\/07\/woocommerce-placeholder-300x300-1.png"}},{"text":" Unlimited delivery for only $175","type":"icon","icon":{"value":{"url":"http:\/\/localhost\/glozin\/wp-content\/uploads\/sites\/32\/2025\/07\/ps-i-marquee.svg","id":8081},"library":"svg"},"_id":"933a92d","image":{"id":8076,"url":"http:\/\/localhost\/glozin\/wp-content\/uploads\/sites\/32\/2025\/07\/woocommerce-placeholder-300x300-2.png"}}],"padding":{"unit":"px","top":"30","right":"0","bottom":"30","left":"0","isLinked":false},"gap":{"unit":"px","size":65,"sizes":[]},"icon_size":{"unit":"px","size":12,"sizes":[]},"icon_color":"#111111","spacing":{"unit":"px","size":65,"sizes":[]},"text_typography_typography":"custom","text_typography_font_size":{"unit":"px","size":20,"sizes":[]},"text_color":"#111111"},"elements":[],"isInner":false,"widgetType":"glozin-marquee","elType":"widget"}],"isInner":false,"elType":"container"},{"id":"5630899e","settings":{"margin":{"unit":"px","top":"0","right":"0","bottom":"80","left":"0","isLinked":false},"margin_mobile":{"unit":"px","top":"0","right":"0","bottom":"50","left":"0","isLinked":false}},"elements":[{"id":"3eea1f92","settings":[],"elements":[],"isInner":false,"widgetType":"glozin-product-reviews","elType":"widget"}],"isInner":false,"elType":"container"},{"id":"4fe6eb2f","settings":{"flex_direction":"column","content_width":"full","margin":{"unit":"px","top":"0","right":"0","bottom":"80","left":"0","isLinked":false},"margin_mobile":{"unit":"px","top":"0","right":"0","bottom":"50","left":"0","isLinked":false}},"elements":[{"id":"1be11f5","settings":{"content_width":"full","border_border":"solid","border_width":{"unit":"px","top":"0","right":"0","bottom":"1","left":"0","isLinked":false},"border_color":"#EBEBEB"},"elements":[],"isInner":true,"elType":"container"}],"isInner":false,"elType":"container"},{"id":"2daad01f","settings":{"flex_gap":{"column":"0","row":"90","isLinked":false,"unit":"px","size":0},"margin":{"unit":"px","top":"0","right":"0","bottom":"80","left":"0","isLinked":false},"flex_gap_mobile":{"column":"0","row":"50","isLinked":false,"unit":"px","size":0}},"elements":[{"id":"64a4c89d","settings":{"heading":"Related Products","description":"You may also like these popular picks! Explore our related products and find more styles you\u2019ll love","__globals__":[],"navigation_classes_tablet":"dots"},"elements":[],"isInner":false,"widgetType":"glozin-product-related","elType":"widget"},{"id":"22574f70","settings":{"heading":"You may also like&hellip;","content_padding":{"unit":"px","top":"80","right":"0","bottom":"0","left":"0","isLinked":false},"content_border_border":"solid","content_border_width":{"unit":"px","top":"1","right":"0","bottom":"0","left":"0","isLinked":false},"content_border_color":"#EBEBEB","description":"You may also like these popular picks! Explore our related products and find more styles you\u2019ll love","slides_to_show_tablet":3,"navigation_classes_tablet":"dots","content_padding_mobile":{"unit":"px","top":"50","right":"0","bottom":"0","left":"0","isLinked":false}},"elements":[],"isInner":false,"widgetType":"glozin-product-upsells","elType":"widget"},{"id":"27f07de8","settings":{"title":"Recently Viewed","description":"Explore your recently viewed items, blending quality and style for a refined living experience.","content_padding":{"unit":"px","top":"80","right":"0","bottom":"0","left":"0","isLinked":false},"content_border_border":"solid","content_border_width":{"unit":"px","top":"1","right":"0","bottom":"0","left":"0","isLinked":false},"content_border_color":"#EBEBEB","slides_to_show_tablet":3,"navigation_classes_tablet":"dots","content_padding_mobile":{"unit":"px","top":"50","right":"0","bottom":"0","left":"0","isLinked":false}},"elements":[],"isInner":false,"widgetType":"glozin-product-recently-viewed-carousel","elType":"widget"}],"isInner":false,"elType":"container"}],"page_settings":[],"version":"0.4","title":"Product Page - Grid 2 Column","type":"page"}