{"content":[{"id":"2cb6d4a7","settings":{"flex_wrap_mobile":"nowrap"},"elements":[{"id":"1a3c827b","settings":{"gradient_image":"yes","button_align":"left","button_style":"text","button_typography_typography":"custom","button_typography_font_size":{"unit":"px","size":22,"sizes":[]},"button_text_color":"#FFFFFF","hover_color":"#FFFFFF","gradient_image_popover_toggle":"yes","button_position_side":{"unit":"px","size":30,"sizes":[]},"button_position_side_mobile":{"unit":"px","size":15,"sizes":[]},"button_position_bottom_mobile":{"unit":"px","size":15,"sizes":[]},"button_typography_font_size_mobile":{"unit":"px","size":19,"sizes":[]},"pagination":"yes","pagination_type":"infinite"},"elements":[],"isInner":false,"widgetType":"glozin-products-categories-grid","elType":"widget"}],"isInner":false,"elType":"container"}],"page_settings":[],"version":"0.4","title":"Product Archive - All Categories v2","type":"page"}