{"content":[{"id":"15cedb4e","settings":{"padding":{"unit":"px","top":"80","right":"0","bottom":"10","left":"0","isLinked":false},"padding_mobile":{"unit":"px","top":"60","right":"0","bottom":"10","left":"0","isLinked":false}},"elements":[{"id":"713ec205","settings":[],"elements":[],"isInner":false,"widgetType":"glozin-archive-page-header","elType":"widget"}],"isInner":false,"elType":"container"},{"id":"907a93c","settings":{"margin":{"unit":"px","top":"54","right":"0","bottom":"60","left":"0","isLinked":false},"margin_mobile":{"unit":"px","top":"30","right":"0","bottom":"40","left":"0","isLinked":false}},"elements":[{"id":"2b4e10f0","settings":{"slides_to_show_tablet":3,"slides_to_show_mobile":2,"slides_to_scroll_tablet":3,"slides_to_scroll_mobile":2,"image_spacing_custom_mobile":15,"navigation_classes_tablet":"dots","navigation_classes_mobile":"dots"},"elements":[],"isInner":false,"widgetType":"glozin-archive-top-categories","elType":"widget"}],"isInner":false,"elType":"container"},{"id":"54115d1","settings":{"margin":{"unit":"px","top":"0","right":"0","bottom":"60","left":"0","isLinked":false},"hide_tablet":"hidden-tablet","hide_mobile":"hidden-mobile"},"elements":[{"id":"146574fb","settings":{"type":"horizontal","title":"Filter","horizontal_columns":"7","filters":[{"_id":"6434a4c","name":"Categories","source":"product_cat","display_default":"list","show_counts":"yes","hide_empty_cats":"yes"},{"name":"Availability","source":"product_status","display_default":"list","show_counts":"yes","hide_empty_cats":"yes","_id":"c49b405"},{"_id":"4e1a96c","name":"Price","source":"price","display_price":"slider"},{"_id":"d4b976f","name":"Brand","source":"product_brand","show_counts":"yes","scrollable":"yes"},{"_id":"138de22","name":"Color","source":"attribute","attribute":"color"},{"name":"Size","source":"attribute","attribute":"size","_id":"d9763ae"},{"_id":"fb46386","name":"Style","source":"attribute","attribute":"image"}],"instant":"yes"},"elements":[],"isInner":false,"widgetType":"glozin-products-filter","elType":"widget"}],"isInner":false,"elType":"container"},{"id":"59e2ae74","settings":{"flex_direction":"row","flex_gap":{"unit":"px","size":60,"column":"60","row":"60","isLinked":true},"flex_direction_tablet":"column","margin":{"unit":"px","top":"0","right":"0","bottom":"90","left":"0","isLinked":false},"margin_mobile":{"unit":"px","top":"0","right":"0","bottom":"50","left":"0","isLinked":false}},"elements":[{"id":"3e71b6e5","settings":{"flex_direction":"column","content_width":"full","width":{"unit":"%","size":""},"width_tablet":{"unit":"%","size":100,"sizes":[]},"width_mobile":{"unit":"custom","size":"","sizes":[]},"flex_gap":{"column":"22","row":"22","isLinked":true,"unit":"px","size":22}},"elements":[{"id":"5212b4dd","settings":{"content_width":"full","flex_direction":"row","flex_align_items":"center","flex_justify_content_mobile":"space-around"},"elements":[{"id":"10e4d64c","settings":{"content_width":"full","width_mobile":{"unit":"%","size":"","sizes":[]},"flex_direction_tablet":"row","flex_gap_mobile":{"column":"10","row":"10","isLinked":true,"unit":"px","size":10}},"elements":[{"id":"39f96aad","settings":{"filters":[{"_id":"9c0d919","name":"Products Category","source":"product_cat","show_counts":"yes","display_default":"list"},{"_id":"71deb2e","name":"Availability","source":"product_status"},{"_id":"3145edb","name":"Price","source":"price","display_price":"slider"},{"_id":"0f1e409","name":"Brand","source":"product_brand","multiple_default":"1"},{"_id":"e8e8ffa","name":"Color","source":"attribute","attribute":"color"},{"_id":"10441de","name":"Size","source":"attribute","attribute":"size"}],"_border_color":"#EBEBEB","type":"popup","hide_desktop":"hidden-desktop","icon":{"value":{"url":"http:\/\/localhost\/glozin\/wp-content\/uploads\/sites\/32\/2025\/07\/filter.svg","id":8136},"library":"svg"},"title":"Filter"},"elements":[],"isInner":false,"widgetType":"glozin-products-filter","elType":"widget"},{"id":"5631be29","settings":{"hide_desktop":"hidden-desktop","hide_tablet":"hidden-tablet"},"elements":[],"isInner":false,"widgetType":"glozin-archive-product-ordering","elType":"widget"},{"id":"34fe3d84","settings":{"hide_tablet":"hidden-tablet","hide_mobile":"hidden-mobile"},"elements":[],"isInner":false,"widgetType":"glozin-archive-product-total","elType":"widget"}],"isInner":true,"elType":"container"},{"id":"862bf46","settings":{"content_width":"full","width_mobile":{"unit":"custom","size":"auto","sizes":[]},"flex_align_items":"center"},"elements":[{"id":"7ea7b7eb","settings":{"alignment_mobile":"center"},"elements":[],"isInner":false,"widgetType":"glozin-archive-product-view","elType":"widget"}],"isInner":true,"elType":"container"},{"id":"71dc6d69","settings":{"content_width":"full","flex_align_items":"flex-end","hide_mobile":"hidden-mobile"},"elements":[{"id":"49888f30","settings":[],"elements":[],"isInner":false,"widgetType":"glozin-archive-product-ordering","elType":"widget"}],"isInner":true,"elType":"container"}],"isInner":true,"elType":"container"},{"id":"4ed67c5d","settings":{"content_width":"full","flex_gap":{"column":"0","row":"0","isLinked":true,"unit":"px","size":0}},"elements":[{"id":"28a4bd6a","settings":{"margin":{"unit":"px","top":"0","right":"0","bottom":"30","left":"0","isLinked":false}},"elements":[],"isInner":false,"widgetType":"glozin-products-filter-actived","elType":"widget"},{"id":"4ac98d68","settings":{"shop_columns_mobile":"2","shop_columns":"4","pagination":"infinite"},"elements":[],"isInner":false,"widgetType":"glozin-archive-products","elType":"widget"}],"isInner":true,"elType":"container"}],"isInner":true,"elType":"container"}],"isInner":false,"elType":"container"}],"page_settings":[],"version":"0.4","title":"Product Archive - Horizontal Filter","type":"page"}