{"content":[{"id":"2795c34c","settings":{"padding":{"unit":"px","top":"80","right":"0","bottom":"10","left":"0","isLinked":false},"padding_mobile":{"unit":"px","top":"60","right":"0","bottom":"10","left":"0","isLinked":false}},"elements":[{"id":"7667df51","settings":[],"elements":[],"isInner":false,"widgetType":"glozin-archive-page-header","elType":"widget"}],"isInner":false,"elType":"container"},{"id":"6466ba13","settings":{"margin":{"unit":"px","top":"54","right":"0","bottom":"60","left":"0","isLinked":false},"margin_mobile":{"unit":"px","top":"30","right":"0","bottom":"40","left":"0","isLinked":false}},"elements":[{"id":"3c054217","settings":{"slides_to_show_tablet":3,"slides_to_show_mobile":2,"slides_to_scroll_tablet":3,"slides_to_scroll_mobile":2,"image_spacing_custom_mobile":15,"navigation_classes_tablet":"dots","navigation_classes_mobile":"dots"},"elements":[],"isInner":false,"widgetType":"glozin-archive-top-categories","elType":"widget"}],"isInner":false,"elType":"container"},{"id":"7134587a","settings":{"flex_direction":"row","flex_gap":{"unit":"px","size":60,"column":"60","row":"60","isLinked":true},"flex_direction_tablet":"column","margin":{"unit":"px","top":"0","right":"0","bottom":"90","left":"0","isLinked":false},"margin_mobile":{"unit":"px","top":"0","right":"0","bottom":"50","left":"0","isLinked":false}},"elements":[{"id":"1dfac086","settings":{"flex_direction":"column","content_width":"full","width":{"unit":"px","size":270},"hide_tablet":"hidden-tablet","hide_mobile":"hidden-mobile"},"elements":[{"id":"59e65300","settings":{"filters":[{"_id":"9c0d919","name":"Products Category","source":"product_cat","show_counts":"yes","display_default":"list"},{"_id":"71deb2e","name":"Availability","source":"product_status"},{"_id":"3145edb","name":"Price","source":"price","display_price":"slider"},{"_id":"0f1e409","name":"Brand","source":"product_brand","multiple_default":"1"},{"_id":"e8e8ffa","name":"Color","source":"attribute","attribute":"color"},{"_id":"10441de","name":"Size","source":"attribute","attribute":"size"}],"_padding":{"unit":"px","top":"0","right":"0","bottom":"20","left":"0","isLinked":false},"_border_border":"solid","_border_width":{"unit":"px","top":"0","right":"0","bottom":"1","left":"0","isLinked":false},"_border_color":"#EBEBEB","instant":"yes","title":"Filter"},"elements":[],"isInner":false,"widgetType":"glozin-products-filter","elType":"widget"},{"id":"60397133","settings":{"title":"Featured Products","title_size":"h4","title_color":"#111111","typography_typography":"custom","typography_font_size":{"unit":"px","size":16,"sizes":[]},"typography_letter_spacing":{"unit":"px","size":-0.544,"sizes":[]}},"elements":[],"isInner":false,"widgetType":"glozin-heading","elType":"widget"},{"id":"4e90f8fb","settings":{"_padding":{"unit":"px","top":"0","right":"0","bottom":"20","left":"0","isLinked":false},"_border_border":"solid","_border_width":{"unit":"px","top":"0","right":"0","bottom":"1","left":"0","isLinked":false},"_border_color":"#EBEBEB"},"elements":[],"isInner":false,"widgetType":"glozin-product-list","elType":"widget"},{"id":"270dc4e8","settings":{"image":{"id":8134,"url":"http:\/\/localhost\/glozin\/wp-content\/uploads\/sites\/32\/2025\/07\/blog_banner.webp","alt":"","source":"library","size":""},"image_size":"full"},"elements":[],"isInner":false,"widgetType":"image","elType":"widget"}],"isInner":true,"elType":"container"},{"id":"5a535068","settings":{"flex_direction":"column","content_width":"full","width":{"unit":"custom","size":"calc(100% - 330px)"},"width_tablet":{"unit":"%","size":100,"sizes":[]},"width_mobile":{"unit":"custom","size":"","sizes":[]},"flex_gap":{"column":"22","row":"22","isLinked":true,"unit":"px","size":22}},"elements":[{"id":"12f8ebff","settings":{"content_width":"full","flex_direction":"row","flex_align_items":"center","flex_justify_content_mobile":"space-around"},"elements":[{"id":"411d5b81","settings":{"content_width":"full","width_mobile":{"unit":"%","size":"","sizes":[]},"flex_direction_tablet":"row","flex_gap_mobile":{"column":"10","row":"10","isLinked":true,"unit":"px","size":10}},"elements":[{"id":"730b39b7","settings":{"filters":[{"_id":"9c0d919","name":"Products Category","source":"product_cat","show_counts":"yes","display_default":"list"},{"_id":"71deb2e","name":"Availability","source":"product_status"},{"_id":"3145edb","name":"Price","source":"price","display_price":"slider"},{"_id":"0f1e409","name":"Brand","source":"product_brand","multiple_default":"1"},{"_id":"e8e8ffa","name":"Color","source":"attribute","attribute":"color"},{"_id":"10441de","name":"Size","source":"attribute","attribute":"size"}],"_border_color":"#EBEBEB","type":"popup","hide_desktop":"hidden-desktop","icon":{"value":{"url":"http:\/\/localhost\/glozin\/wp-content\/uploads\/sites\/32\/2025\/07\/filter.svg","id":8136},"library":"svg"},"title":"Filter"},"elements":[],"isInner":false,"widgetType":"glozin-products-filter","elType":"widget"},{"id":"4e87a83c","settings":{"hide_desktop":"hidden-desktop","hide_tablet":"hidden-tablet"},"elements":[],"isInner":false,"widgetType":"glozin-archive-product-ordering","elType":"widget"},{"id":"f021eec","settings":{"hide_tablet":"hidden-tablet","hide_mobile":"hidden-mobile"},"elements":[],"isInner":false,"widgetType":"glozin-archive-product-total","elType":"widget"}],"isInner":true,"elType":"container"},{"id":"1c204dc4","settings":{"content_width":"full","width_mobile":{"unit":"custom","size":"auto","sizes":[]},"flex_align_items":"center"},"elements":[{"id":"566af1c5","settings":{"alignment_mobile":"center"},"elements":[],"isInner":false,"widgetType":"glozin-archive-product-view","elType":"widget"}],"isInner":true,"elType":"container"},{"id":"70bd01b2","settings":{"content_width":"full","flex_align_items":"flex-end","hide_mobile":"hidden-mobile"},"elements":[{"id":"7600908a","settings":[],"elements":[],"isInner":false,"widgetType":"glozin-archive-product-ordering","elType":"widget"}],"isInner":true,"elType":"container"}],"isInner":true,"elType":"container"},{"id":"54517dff","settings":{"content_width":"full","flex_gap":{"column":"0","row":"0","isLinked":true,"unit":"px","size":0}},"elements":[{"id":"7fbd1e","settings":{"margin":{"unit":"px","top":"0","right":"0","bottom":"30","left":"0","isLinked":false}},"elements":[],"isInner":false,"widgetType":"glozin-products-filter-actived","elType":"widget"},{"id":"7b3f40bf","settings":{"shop_columns_mobile":"2","pagination":"infinite"},"elements":[],"isInner":false,"widgetType":"glozin-archive-products","elType":"widget"}],"isInner":true,"elType":"container"}],"isInner":true,"elType":"container"}],"isInner":false,"elType":"container"}],"page_settings":[],"version":"0.4","title":"Product Archive - Infinity Scroll","type":"page"}