{"content":[{"id":"8ee2999","settings":{"boxed_width":{"unit":"px","size":1200,"sizes":[]}},"elements":[{"id":"73c59050","settings":{"address":"Fawn Creek Township, kansas, usa","zoom":{"unit":"px","size":12,"sizes":[]},"height":{"unit":"px","size":500,"sizes":[]},"_border_radius":{"unit":"px","top":"10","right":"10","bottom":"10","left":"10","isLinked":true}},"elements":[],"isInner":false,"widgetType":"google_maps","elType":"widget"}],"isInner":false,"elType":"container"},{"id":"2c426568","settings":{"flex_direction":"row","flex_gap":{"unit":"px","size":140,"column":"140","row":"140","isLinked":true},"boxed_width":{"unit":"px","size":1200,"sizes":[]},"padding":{"unit":"px","top":"55","right":"0","bottom":"0","left":"0","isLinked":false},"flex_gap_tablet":{"column":"30","row":"30","isLinked":true,"unit":"px","size":30},"flex_gap_mobile":{"column":"50","row":"50","isLinked":true,"unit":"px","size":50}},"elements":[{"id":"4181735e","settings":{"flex_direction":"column","content_width":"full","width":{"unit":"%","size":35},"flex_gap":{"column":"3","row":"3","isLinked":true,"unit":"px","size":3},"width_tablet":{"unit":"%","size":35,"sizes":[]},"width_mobile":{"unit":"%","size":"","sizes":[]}},"elements":[{"id":"21e8b0a1","settings":{"title":"Suport Customer","title_size":"h3","typography_typography":"custom","typography_font_size":{"unit":"px","size":24,"sizes":[]},"_padding":{"unit":"px","top":"0","right":"0","bottom":"14","left":"0","isLinked":false}},"elements":[],"isInner":false,"widgetType":"glozin-heading","elType":"widget"},{"id":"622facd2","settings":{"title":"Have a question? Please contact us using the customer support channels below.","title_size":"div","_padding":{"unit":"px","top":"0","right":"0","bottom":"17","left":"0","isLinked":false}},"elements":[],"isInner":false,"widgetType":"glozin-heading","elType":"widget"},{"id":"62d9f052","settings":{"title":"Customer Care:","title_size":"h5","typography_typography":"custom","typography_font_size":{"unit":"px","size":16,"sizes":[]},"_padding":{"unit":"px","top":"0","right":"0","bottom":"2","left":"0","isLinked":false}},"elements":[],"isInner":false,"widgetType":"glozin-heading","elType":"widget"},{"id":"2ab8847","settings":{"title":"Phone: +1 (973) 435-3638<br\/>\nEmail: info@fashionwomen.com<br\/>\nOpening hours: Everyday 8:00am - 5:00pm\n","title_size":"div","_padding":{"unit":"px","top":"0","right":"0","bottom":"14","left":"0","isLinked":false}},"elements":[],"isInner":false,"widgetType":"glozin-heading","elType":"widget"},{"id":"4197f03","settings":{"title":"Wholesale:","title_size":"h5","typography_typography":"custom","typography_font_size":{"unit":"px","size":16,"sizes":[]}},"elements":[],"isInner":false,"widgetType":"glozin-heading","elType":"widget"},{"id":"18845b4f","settings":{"title":"Email: sale@fashionwomen.com","title_size":"div","_padding":{"unit":"px","top":"0","right":"0","bottom":"30","left":"0","isLinked":false}},"elements":[],"isInner":false,"widgetType":"glozin-heading","elType":"widget"},{"id":"372014f9","settings":{"title":"Press Enquiries:","title_size":"h5","typography_typography":"custom","typography_font_size":{"unit":"px","size":16,"sizes":[]}},"elements":[],"isInner":false,"widgetType":"glozin-heading","elType":"widget"},{"id":"d3ae923","settings":{"title":"Email: press@fashionwomen.com","title_size":"div"},"elements":[],"isInner":false,"widgetType":"glozin-heading","elType":"widget"}],"isInner":true,"elType":"container"},{"id":"3eeef4bd","settings":{"flex_direction":"column","content_width":"full","width":{"unit":"%","size":65},"width_tablet":{"unit":"%","size":65,"sizes":[]},"width_mobile":{"unit":"%","size":"","sizes":[]}},"elements":[{"id":"66a0b325","settings":{"title":"Contact Us","title_size":"h3","typography_typography":"custom","typography_font_size":{"unit":"px","size":24,"sizes":[]}},"elements":[],"isInner":false,"widgetType":"glozin-heading","elType":"widget"},{"id":"78ef5057","settings":{"title":"Please submit all general enquiries in the contact form below and we look forward to hearing from you soon.","title_size":"div","_padding":{"unit":"px","top":"0","right":"0","bottom":"17","left":"0","isLinked":false}},"elements":[],"isInner":false,"widgetType":"glozin-heading","elType":"widget"},{"id":"34f5e50d","settings":{"form_shortcode":"[contact-form-7 id=\"307482a\" title=\"Contact Us\"]"},"elements":[],"isInner":false,"widgetType":"glozin-contact-form","elType":"widget"}],"isInner":true,"elType":"container"}],"isInner":false,"elType":"container"}],"page_settings":{"content_bottom_padding":{"unit":"px","size":0,"sizes":[]}},"version":"0.4","title":"Contact Us New","type":"page"}