{"content":[{"id":"63ad701e","settings":{"content_width":"full","margin":{"unit":"px","top":"0","right":"0","bottom":"80","left":"0","isLinked":false},"margin_mobile":{"unit":"px","top":"0","right":"0","bottom":"50","left":"0","isLinked":false}},"elements":[{"id":"4b313796","settings":{"slides":[{"title":"Save! <br class=\"d-none d-block-xl\">30-50%","description":"Starting at $175. Hurry up! Do not miss...","button_text":"Shop Save","_id":"302ffb9","banner_background_img":{"id":2998,"url":"https:\/\/wpglozin.com\/dog\/wp-content\/uploads\/sites\/15\/2025\/05\/pp-bn-1-scaled.webp","alt":"","source":"library","size":""},"before_title":"BUY 1 GET 1\u2014DOG FOOD!","banner_background_img_mobile":{"url":"https:\/\/wpglozin.com\/dog\/wp-content\/uploads\/sites\/15\/2025\/05\/pp-bn-mb-1.webp","id":2999,"size":"","alt":"","source":"library"},"button_link":{"url":"https:\/\/wpglozin.com\/pets\/shop\/","is_external":"","nofollow":"","custom_attributes":""}}],"aspect_ratio_type":"custom","aspect_ratio":"1905:878","aspect_ratio_mobile_type":"custom","aspect_ratio_mobile":"375:554.19","slides_container_width":{"unit":"px","size":1440,"sizes":[]},"navigation_classes":"none","slides_border_radius_tablet":{"unit":"px","top":"0","right":"0","bottom":"0","left":"0","isLinked":false},"slides_content_padding":{"unit":"px","top":"114","right":"0","bottom":"114","left":"0","isLinked":false},"slides_content_padding_tablet":{"unit":"px","top":"84","right":"0","bottom":"84","left":"0","isLinked":false},"slides_content_padding_mobile":{"unit":"px","top":"76","right":"0","bottom":"76","left":"0","isLinked":false},"before_title_color":"#FFFFFF","before_title_typography_typography":"custom","before_title_typography_font_size":{"unit":"px","size":13,"sizes":[]},"before_title_typography_font_weight":"600","before_title_typography_line_height":{"unit":"custom","size":"normal","sizes":[]},"before_title_typography_line_height_tablet":{"unit":"custom","size":"","sizes":[]},"before_title_typography_line_height_mobile":{"unit":"custom","size":"","sizes":[]},"before_title_border_radius":{"unit":"px","top":"0","right":"0","bottom":"0","left":"0","isLinked":false},"before_title_spacing":{"unit":"px","size":15,"sizes":[]},"title_color":"#FFFFFF","title_typography_typography":"custom","title_typography_font_size":{"unit":"px","size":90,"sizes":[]},"title_typography_font_size_tablet":{"unit":"px","size":63,"sizes":[]},"title_typography_font_size_mobile":{"unit":"px","size":57,"sizes":[]},"title_typography_font_weight":"600","title_typography_line_height":{"unit":"custom","size":"1","sizes":[]},"title_typography_line_height_tablet":{"unit":"custom","size":"","sizes":[]},"title_typography_line_height_mobile":{"unit":"custom","size":"","sizes":[]},"title_typography_letter_spacing":{"unit":"px","size":-3.06,"sizes":[]},"title_spacing":{"unit":"px","size":10,"sizes":[]},"description_color":"#FFFFFF","description_typography_typography":"custom","description_typography_font_size":{"unit":"px","size":16,"sizes":[]},"description_spacing":{"unit":"px","size":40,"sizes":[]},"description_spacing_tablet":{"unit":"px","size":34,"sizes":[]},"description_spacing_mobile":{"unit":"px","size":33,"sizes":[]},"button_style":"light","slides_border_radius":{"unit":"px","top":"0","right":"0","bottom":"0","left":"0","isLinked":true},"_css_classes":"glozin-smart-rtl-banner","button_min_width":{"unit":"px","size":200,"sizes":[]},"button_min_width_mobile":{"unit":"px","size":180,"sizes":[]},"aspect_ratio_type_mobile":"vertical"},"elements":[],"isInner":false,"widgetType":"glozin-slides","elType":"widget"}],"isInner":false,"elType":"container"},{"id":"788f394d","settings":{"flex_gap":{"column":"5","row":"5","isLinked":true,"unit":"px","size":5},"margin":{"unit":"px","top":"0","right":"0","bottom":"40","left":"0","isLinked":false},"margin_tablet":{"unit":"px","top":"0","right":"0","bottom":"30","left":"0","isLinked":false}},"elements":[{"id":"3b58a57","settings":{"title":"Shop by Category","align":"center","typography_typography":"custom","typography_letter_spacing":{"unit":"px","size":-1.224,"sizes":[]}},"elements":[],"isInner":false,"widgetType":"glozin-heading","elType":"widget"},{"id":"3f48dde7","settings":{"title":"Express your style with our standout collection\u2014fashion meets sophistication.","title_size":"div","align":"center"},"elements":[],"isInner":false,"widgetType":"glozin-heading","elType":"widget"}],"isInner":false,"elType":"container"},{"id":"313e22f","settings":{"margin":{"unit":"px","top":"0","right":"0","bottom":"80","left":"0","isLinked":false},"margin_mobile":{"unit":"px","top":"0","right":"0","bottom":"50","left":"0","isLinked":false}},"elements":[{"id":"2ea31c62","settings":{"source":"custom","items":[{"_id":"84e121a","image":{"id":3003,"url":"https:\/\/wpglozin.com\/dog\/wp-content\/uploads\/sites\/15\/2025\/05\/pp-bn-2.webp","alt":"","source":"library","size":""},"product_cat":"clothing","products_type":"new_arrivals"},{"image":{"id":3004,"url":"https:\/\/wpglozin.com\/dog\/wp-content\/uploads\/sites\/15\/2025\/05\/pp-bn-3.webp","alt":"","source":"library","size":""},"product_cat":"apparel","_id":"1c24d4c"},{"image":{"id":3005,"url":"https:\/\/wpglozin.com\/dog\/wp-content\/uploads\/sites\/15\/2025\/05\/pp-bn-4.webp","alt":"","source":"library","size":""},"product_cat":"collar","_id":"24b956d"},{"image":{"id":3007,"url":"https:\/\/wpglozin.com\/dog\/wp-content\/uploads\/sites\/15\/2025\/05\/pp-bn-5.webp","alt":"","source":"library","size":""},"product_cat":"toys","_id":"d75bcdb"}],"show_cat_count":"yes","aspect_ratio_type":"custom","aspect_ratio":"337.5:449.33","view_all_btn_title":"View All","view_all_btn_text":"Click here","slides_to_show_tablet":3,"slides_to_show_mobile":2,"slides_to_scroll_tablet":1,"image_spacing_custom":20,"image_spacing_custom_mobile":15,"navigation_classes":"none","navigation_classes_tablet":"dots","content_position":"side","side_content_padding":{"unit":"px","top":"30","right":"30","bottom":"30","left":"30","isLinked":true},"side_content_padding_mobile":{"unit":"px","top":"15","right":"15","bottom":"15","left":"15","isLinked":true},"gradient_image":"yes","title_typography_typography":"custom","title_typography_font_size":{"unit":"px","size":22,"sizes":[]},"title_typography_font_size_tablet":{"unit":"px","size":19,"sizes":[]},"title_typography_font_weight":"600","title_color":"#FFFFFF","title_color_hover":"#FFFFFF","title_spacing":{"unit":"px","size":5,"sizes":[]},"count_type":"below","count_color":"#FFFFFF","view_all_btn_image":{"id":2990,"url":"https:\/\/wpglozin.com\/dog\/wp-content\/uploads\/sites\/15\/2025\/05\/woocommerce-placeholder-600x600-1.webp"},"content_align":""},"elements":[],"isInner":false,"widgetType":"glozin-categories-carousel","elType":"widget"}],"isInner":false,"elType":"container"},{"id":"2b3923c9","settings":{"flex_gap":{"column":"5","row":"5","isLinked":true,"unit":"px","size":5},"margin":{"unit":"px","top":"0","right":"0","bottom":"30","left":"0","isLinked":false}},"elements":[{"id":"44df0dbd","settings":{"title":"Popular Picks","align":"center","typography_typography":"custom","typography_letter_spacing":{"unit":"px","size":-1.224,"sizes":[]}},"elements":[],"isInner":false,"widgetType":"glozin-heading","elType":"widget"}],"isInner":false,"elType":"container"},{"id":"66bc256a","settings":{"margin":{"unit":"px","top":"0","right":"0","bottom":"80","left":"0","isLinked":false},"margin_mobile":{"unit":"px","top":"0","right":"0","bottom":"50","left":"0","isLinked":false}},"elements":[{"id":"5bbe35b4","settings":{"tabs":[{"heading":"Top Seller","products":"recent_products","_id":"e4b44bc","ids":",2936,3016,2954,2950,2945,3020,2941,2920,2932,2927","orderby":""},{"heading":"On Sale","_id":"12e6121","products":"best_selling_products"},{"heading":"Big Deals","products":"top_rated_products","_id":"8df424f"}],"pagination":"yes","hb_button_style":"subtle","button_style":"","heading_gap":{"unit":"px","size":0,"sizes":[]},"hb_button_padding":{"unit":"px","top":"0","right":"20","bottom":"13","left":"20","isLinked":false},"hb_button_typography_typography":"custom","hb_button_typography_font_size":{"unit":"px","size":16,"sizes":[]},"hb_button_typography_font_weight":"600","hb_button_border_color":"#EBEBEB","hb_button_hover_border_color":"#111111","hb_active_button_border_color":"#111111","hb_active_button_hover_border_color":"#111111","product_padding":{"unit":"px","top":"0","right":"10","bottom":"0","left":"10","isLinked":false},"product_padding_tablet":{"unit":"px","top":"0","right":"7.5","bottom":"0","left":"7.5","isLinked":false},"pagination_text":"Show all Products","heading_horizontal_position_mobile":"center","hb_button_border_width":{"unit":"px","size":2,"sizes":[]}},"elements":[],"isInner":false,"widgetType":"glozin-product-tabs","elType":"widget"}],"isInner":false,"elType":"container"},{"id":"12e6ad1d","settings":{"flex_direction":"row","flex_gap":{"unit":"px","size":20,"column":"20","row":"20","isLinked":true},"content_width":"full","flex_direction_tablet":"column","padding":{"unit":"px","top":"0","right":"30","bottom":"0","left":"30","isLinked":false},"padding_tablet":{"unit":"px","top":"0","right":"15","bottom":"0","left":"15","isLinked":false},"margin":{"unit":"px","top":"0","right":"0","bottom":"80","left":"0","isLinked":false},"margin_mobile":{"unit":"px","top":"0","right":"0","bottom":"50","left":"0","isLinked":false}},"elements":[{"id":"204c4bd4","settings":{"flex_direction":"column","content_width":"full","width":{"unit":"%","size":"50"},"width_tablet":{"unit":"%","size":100,"sizes":[]},"width_mobile":{"unit":"%","size":"","sizes":[]},"flex_justify_content":"center","flex_align_items":"center","flex_gap":{"column":"0","row":"0","isLinked":false,"unit":"px","size":0},"background_background":"classic","background_color":"#425A4C","padding":{"unit":"px","top":"60","right":"50","bottom":"60","left":"50","isLinked":false},"overflow":"hidden","border_radius":{"unit":"px","top":"10","right":"10","bottom":"10","left":"10","isLinked":true}},"elements":[{"id":"25deaea","settings":{"title":"GLOZIN'S FOOD","title_size":"div","title_color":"#FFFFFF","typography_typography":"custom","typography_font_size":{"unit":"px","size":13,"sizes":[]},"typography_font_weight":"600","typography_text_transform":"uppercase","_margin":{"unit":"px","top":"0","right":"0","bottom":"10","left":"0","isLinked":false}},"elements":[],"isInner":false,"widgetType":"glozin-heading","elType":"widget"},{"id":"63b310e7","settings":{"title":"Gecko Foods","align":"center","title_color":"#FFFFFF","typography_typography":"custom","typography_letter_spacing":{"unit":"px","size":-1.224,"sizes":[]},"_margin":{"unit":"px","top":"0","right":"0","bottom":"15","left":"0","isLinked":false}},"elements":[],"isInner":false,"widgetType":"glozin-heading","elType":"widget"},{"id":"4d123770","settings":{"title":"Our sustainability program, reflects our dedication to promoting thoughtful<br class=\"d-none d-block-md\"> consumption for a harmonious environment. Crafted from discarded scraps, each <br class=\"d-none d-block-md\">object embodies our commitment to a harmonious environment.","title_size":"div","align":"center","title_color":"#FFFFFF","_margin":{"unit":"px","top":"0","right":"0","bottom":"40","left":"0","isLinked":false},"_margin_tablet":{"unit":"px","top":"0","right":"0","bottom":"34","left":"0","isLinked":false},"_margin_mobile":{"unit":"px","top":"0","right":"0","bottom":"33","left":"0","isLinked":false}},"elements":[],"isInner":false,"widgetType":"glozin-heading","elType":"widget"},{"id":"784c9e32","settings":{"button_text":"Get at Only $75.00","button_style":"light","button_background_hover_color":"#FFFFFF","button_background_effect_hover_color":"#FFFFFF","hover_color":"#000000","button_link":{"url":"https:\/\/wpglozin.com\/pets\/shop\/","is_external":"","nofollow":"","custom_attributes":""},"button_min_width":{"unit":"px","size":230,"sizes":[]},"button_min_width_mobile":{"unit":"px","size":180,"sizes":[]}},"elements":[],"isInner":false,"widgetType":"glozin-button","elType":"widget"}],"isInner":true,"elType":"container"},{"id":"3aca1084","settings":{"flex_direction":"column","content_width":"full","width":{"unit":"%","size":"50"},"width_tablet":{"unit":"%","size":100,"sizes":[]},"width_mobile":{"unit":"%","size":"","sizes":[]},"overflow":"hidden","border_radius":{"unit":"px","top":"10","right":"10","bottom":"10","left":"10","isLinked":true}},"elements":[{"id":"448950b4","settings":{"image":{"id":3015,"url":"https:\/\/wpglozin.com\/dog\/wp-content\/uploads\/sites\/15\/2025\/05\/pp-bn-6.webp","alt":"","source":"library","size":""},"image_size":"full"},"elements":[],"isInner":false,"widgetType":"image","elType":"widget"}],"isInner":true,"elType":"container"}],"isInner":false,"elType":"container"},{"id":"29fdc9b9","settings":{"flex_gap":{"column":"5","row":"5","isLinked":true,"unit":"px","size":5},"margin":{"unit":"px","top":"0","right":"0","bottom":"40","left":"0","isLinked":false},"margin_tablet":{"unit":"px","top":"0","right":"0","bottom":"30","left":"0","isLinked":false}},"elements":[{"id":"60348d31","settings":{"title":"Customer Say!","align":"center","typography_typography":"custom","typography_letter_spacing":{"unit":"px","size":-1.224,"sizes":[]}},"elements":[],"isInner":false,"widgetType":"glozin-heading","elType":"widget"},{"id":"6876544e","settings":{"title":"Customers love our products and we always strive to please them all.","title_size":"div","align":"center"},"elements":[],"isInner":false,"widgetType":"glozin-heading","elType":"widget"}],"isInner":false,"elType":"container"},{"id":"7fc153d1","settings":{"margin":{"unit":"px","top":"0","right":"0","bottom":"80","left":"0","isLinked":false},"margin_mobile":{"unit":"px","top":"0","right":"0","bottom":"50","left":"0","isLinked":false}},"elements":[{"id":"581ff611","settings":{"testimonials":[{"testimonial_name":"Algistino Linonel","_id":"dc164a9","image":{"url":"","id":"","size":"","alt":"","source":"library"},"testimonial_title":"Our customers reviews","testimonial_content":"A perfect product, it keeps you very warm without over heating. True to size, I couldn't be happier with the purchase... Thank you! \ud83e\udd17","testimonial_text":"Verified Buyer","testimonial_product_id":2936,"video":{"url":"http:\/\/localhost\/glozin\/wp-content\/uploads\/2025\/04\/md-test-2.mp4","id":761,"size":"","alt":"","source":"library"},"youtube_url":"https:\/\/www.youtube.com\/watch?v=XHOmBV4js_E","vimeo_url":"https:\/\/vimeo.com\/235215203","media_url":{"url":"","id":"","size":"","alt":"","source":"library"}},{"testimonial_name":"Susan Gibson.","_id":"b8d95de","image":{"url":"","id":"","size":"","alt":"","source":"library"},"testimonial_title":"Our customers reviews","testimonial_content":"Great to be able to order everything I needed from the comfort of my home and the delivery was extremely quick. Recommend... \ud83e\udd70","testimonial_text":"Verified Buyer","testimonial_product_id":3016,"youtube_url":"https:\/\/www.youtube.com\/watch?v=XHOmBV4js_E","vimeo_url":"https:\/\/vimeo.com\/235215203"},{"testimonial_name":"Marie-Gos\u00e9e H.","_id":"756f522","image":{"url":"","id":"","size":"","alt":"","source":"library"},"testimonial_title":"Our customers reviews","testimonial_content":"These are sooo pretty and very comfy. Perfect color as well. I love wearing these with a neutral top and Chelsea boots. Wicked cute...\ud83d\ude0d","testimonial_text":"Verified Buyer","testimonial_product_id":2936,"youtube_url":"https:\/\/www.youtube.com\/watch?v=XHOmBV4js_E","vimeo_url":"https:\/\/vimeo.com\/235215203"},{"testimonial_name":"Cameron Smith.","image":{"url":"","id":"","size":"","alt":"","source":"library"},"testimonial_title":"Our customers reviews","testimonial_content":"A perfect product, it keeps you very warm without over heating. True to size, I couldn't be happier with the purchase... Thank you! \ud83e\udd17","testimonial_text":"Verified Buyer","testimonial_product_id":3020,"youtube_url":"https:\/\/www.youtube.com\/watch?v=XHOmBV4js_E","vimeo_url":"https:\/\/vimeo.com\/235215203","_id":"83029a8"}],"slides_to_show_tablet":2,"slides_to_show_mobile":1,"navigation_classes_mobile":"dots","infinite":"yes","slides_to_show":3,"navigation_classes_tablet":"dots","product_padding":{"unit":"px","top":"20","right":"0","bottom":"0","left":"0","isLinked":false},"product_margin":{"unit":"px","top":"15","right":"0","bottom":"0","left":"0","isLinked":false},"slides_to_scroll_tablet":2,"slides_to_scroll_mobile":1,"image_spacing_custom":20,"image_spacing_custom_tablet":20,"__globals__":[],"item_border_radius":{"unit":"px","top":"10","right":"10","bottom":"10","left":"10","isLinked":true}},"elements":[],"isInner":false,"widgetType":"glozin-testimonial-carousel","elType":"widget"}],"isInner":false,"elType":"container"},{"id":"8a960ac","settings":{"margin":{"unit":"px","top":"0","right":"0","bottom":"80","left":"0","isLinked":false},"margin_mobile":{"unit":"px","top":"0","right":"0","bottom":"50","left":"0","isLinked":false}},"elements":[{"id":"3508771b","settings":{"content_width":"full","min_height":{"unit":"px","size":450,"sizes":[]},"min_height_tablet":{"unit":"px","size":350,"sizes":[]},"flex_direction":"column","flex_justify_content":"center","flex_gap":{"column":"0","row":"0","isLinked":true,"unit":"px","size":0},"background_background":"video","background_video_link":"\/\/glozin-demo.myshopify.com\/cdn\/shop\/videos\/c\/vp\/86f42b88157747b5be7e1b8935ec33aa\/86f42b88157747b5be7e1b8935ec33aa.HD-1080p-7.2Mbps-30104736.mp4","background_play_on_mobile":"yes","border_radius":{"unit":"px","top":"10","right":"10","bottom":"10","left":"10","isLinked":true},"padding":{"unit":"px","top":"50","right":"50","bottom":"50","left":"50","isLinked":true},"padding_tablet":{"unit":"px","top":"35","right":"20","bottom":"35","left":"20","isLinked":false},"flex_align_items":"center","background_video_fallback":{"id":3024,"url":"https:\/\/wpglozin.com\/pets\/wp-content\/uploads\/sites\/25\/2025\/05\/pp-bn-7.webp","alt":"","source":"library","size":""},"overflow":"hidden","background_overlay_background":"classic","background_overlay_color":"#000000","background_overlay_opacity":{"unit":"px","size":0.3,"sizes":[]}},"elements":[{"id":"7142362e","settings":{"selected_icon":{"value":{"url":"https:\/\/wpglozin.com\/dog\/wp-content\/uploads\/sites\/15\/2025\/05\/icon-hand-heart.svg","id":3023},"library":"svg"},"primary_color":"#FFFFFF","size":{"unit":"px","size":50,"sizes":[]},"_margin":{"unit":"px","top":"0","right":"0","bottom":"30","left":"0","isLinked":false}},"elements":[],"isInner":false,"widgetType":"icon","elType":"widget"},{"id":"31b8d881","settings":{"title":"Contact with Glozin's\n","title_size":"div","title_color":"#FFFFFF","typography_typography":"custom","typography_font_size":{"unit":"px","size":13,"sizes":[]},"typography_font_weight":"600","typography_text_transform":"uppercase","_margin":{"unit":"px","top":"0","right":"0","bottom":"10","left":"0","isLinked":false}},"elements":[],"isInner":false,"widgetType":"glozin-heading","elType":"widget"},{"id":"7259ea7a","settings":{"title":"Connect. Communicate.<br class=\"d-none d-block-xl\"\/>\nCollaborate.","title_color":"#FFFFFF","typography_typography":"custom","typography_letter_spacing":{"unit":"px","size":-1.224,"sizes":[]},"_margin":{"unit":"px","top":"0","right":"0","bottom":"30","left":"0","isLinked":false},"align":"center"},"elements":[],"isInner":false,"widgetType":"glozin-heading","elType":"widget"},{"id":"3eb4a5a1","settings":{"button_text":"Contact Us","button_style":"light","button_link":{"url":"https:\/\/wpglozin.com\/pets\/contact-us\/","is_external":"","nofollow":"","custom_attributes":""},"button_min_width":{"unit":"px","size":180,"sizes":[]}},"elements":[],"isInner":false,"widgetType":"glozin-button","elType":"widget"}],"isInner":true,"elType":"container"}],"isInner":false,"elType":"container"},{"id":"14568a72","settings":{"margin":{"unit":"px","top":"0","right":"0","bottom":"80","left":"0","isLinked":false},"margin_mobile":{"unit":"px","top":"0","right":"0","bottom":"50","left":"0","isLinked":false}},"elements":[{"id":"500a494b","settings":{"icons_box":[{"icon":{"value":{"url":"https:\/\/wpglozin.com\/pets\/wp-content\/uploads\/sites\/25\/2025\/05\/pp-icon-1.svg","id":3046},"library":"svg"},"title":"Premium Nutrition","description":"We take physical health very seriously and so should<br class=\"d-none d-block-xl\"> you. Our products are carefully tested so you can shop<br class=\"d-none d-block-xl\"> with confidence.","_id":"e0ce97e","image":{"id":2991,"url":"https:\/\/wpglozin.com\/dog\/wp-content\/uploads\/sites\/15\/2025\/05\/placeholder-5.png"}},{"icon":{"value":{"url":"https:\/\/wpglozin.com\/pets\/wp-content\/uploads\/sites\/25\/2025\/05\/pp-icon-2.svg","id":3047},"library":"svg"},"title":"Full Traceability","description":"We prioritize quality ingredients so we only support<br class=\"d-none d-block-xl\"> trusted brands that are transparent about the origin of<br class=\"d-none d-block-xl\"> their products.","_id":"32828eb","image":{"id":2992,"url":"https:\/\/wpglozin.com\/dog\/wp-content\/uploads\/sites\/15\/2025\/05\/placeholder-6.png"}},{"icon":{"value":{"url":"https:\/\/wpglozin.com\/pets\/wp-content\/uploads\/sites\/25\/2025\/05\/pp-icon-3.svg","id":3048},"library":"svg"},"title":"Climate Commitment","description":"Prioritize focusing on reducing emissions into the<br class=\"d-none d-block-xl\"> environment. We donate 10% of all sales to the world's<br class=\"d-none d-block-xl\"> environmental programs.","_id":"dfb21d2","image":{"id":2993,"url":"https:\/\/wpglozin.com\/dog\/wp-content\/uploads\/sites\/15\/2025\/05\/placeholder-7.png"}}],"navigation_classes":"none","navigation_classes_tablet":"dots","alignment":"center","title_typography_line_height":{"unit":"custom","size":"","sizes":[]},"title_typography_line_height_tablet":{"unit":"custom","size":"","sizes":[]},"title_typography_line_height_mobile":{"unit":"custom","size":"","sizes":[]},"title_spacing":{"unit":"px","size":10,"sizes":[]},"icon_size":{"unit":"px","size":40,"sizes":[]},"icon_spacing":{"unit":"px","size":15,"sizes":[]},"title_size":"div"},"elements":[],"isInner":false,"widgetType":"glozin-icon-box-carousel","elType":"widget"}],"isInner":false,"elType":"container"}],"page_settings":{"hide_page_header":"yes","page_header_top_padding":{"unit":"px","size":0,"sizes":[]},"content_top_spacing":"custom","content_top_padding":{"unit":"px","size":0,"sizes":[]},"content_bottom_spacing":"custom","content_bottom_padding":{"unit":"px","size":0,"sizes":[]},"hide_header_border":"yes","header_background":"transparent","header_text_color":"light","header_logo_type":"image","header_logo_image_light":{"url":"https:\/\/wpglozin.com\/pets\/wp-content\/uploads\/sites\/25\/2025\/05\/logo_white.svg","id":3057,"size":"","alt":"","source":"library"}},"version":"0.4","title":"Home - Paw Paradise","type":"page"}