{"content":[{"id":"5d088420","settings":{"content_width":"full","margin":{"unit":"px","top":"0","right":"0","bottom":"100","left":"0","isLinked":false},"margin_mobile":{"unit":"px","top":"0","right":"0","bottom":"60","left":"0","isLinked":false}},"elements":[{"id":"76623a6d","settings":{"slides":[{"title":"Echelon Style<br class=\"d-none d-block-xl\"> High-Performance","button_text":"Shop Collection","_id":"2bb98ea","banner_background_img":{"id":3037,"url":"https:\/\/wpglozin.com\/watches\/wp-content\/uploads\/sites\/21\/2025\/05\/ew-slides-1-scaled.webp","alt":"","source":"library","size":""},"before_title":"THE ULTIMATE SET","button_link":{"url":"https:\/\/wpglozin.com\/watches\/shop\/","is_external":"","nofollow":"","custom_attributes":""},"banner_background_img_mobile":{"url":"https:\/\/wpglozin.com\/watches\/wp-content\/uploads\/sites\/21\/2025\/07\/ew-slides-mb-1.webp","id":3121,"size":"","alt":"","source":"library"}},{"title":"Limited Edition<br class=\"d-none d-block-xl\"> Clean\u2014Classic Design","button_text":"Shop Collection","banner_background_img":{"id":3038,"url":"https:\/\/wpglozin.com\/watches\/wp-content\/uploads\/sites\/21\/2025\/05\/ew-slides-2-scaled.webp","alt":"","source":"library","size":""},"before_title":"STEEL PERPETUAL","_id":"09e0561","button_link":{"url":"https:\/\/wpglozin.com\/watches\/shop\/","is_external":"","nofollow":"","custom_attributes":""},"banner_background_img_mobile":{"url":"https:\/\/wpglozin.com\/watches\/wp-content\/uploads\/sites\/21\/2025\/07\/ew-slides-mb-2.webp","id":3122,"size":"","alt":"","source":"library"}},{"title":"Special Edition<br class=\"d-none d-block-xl\"> Super Perpetual Steel","button_text":"Shop Collection","banner_background_img":{"id":3039,"url":"https:\/\/wpglozin.com\/watches\/wp-content\/uploads\/sites\/21\/2025\/05\/ew-slides-3-scaled.webp","alt":"","source":"library","size":""},"before_title":"TOP COLLECTIONS","_id":"4ca0403","button_link":{"url":"https:\/\/wpglozin.com\/watches\/shop\/","is_external":"","nofollow":"","custom_attributes":""},"banner_background_img_mobile":{"url":"https:\/\/wpglozin.com\/watches\/wp-content\/uploads\/sites\/21\/2025\/07\/ew-slides-mb-3.webp","id":3123,"size":"","alt":"","source":"library"}}],"aspect_ratio_type":"custom","aspect_ratio":"1905:803","aspect_ratio_mobile_type":"custom","aspect_ratio_mobile":"375:512.69","effect":"fade","navigation_classes":"both","navigation_classes_tablet":"dots","slides_border_radius":{"unit":"px","top":"0","right":"0","bottom":"0","left":"0","isLinked":false},"slides_horizontal_position":"center","slides_vertical_position":"bottom","slides_text_align":"center","slides_content_padding":{"unit":"px","top":"100","right":"30","bottom":"100","left":"30","isLinked":false},"slides_content_padding_tablet":{"unit":"px","top":"70","right":"17","bottom":"70","left":"17","isLinked":false},"slides_content_padding_mobile":{"unit":"px","top":"64","right":"15","bottom":"64","left":"15","isLinked":false},"before_title_color":"#FFFFFF","before_title_typography_typography":"custom","before_title_typography_font_size":{"unit":"px","size":12,"sizes":[]},"before_title_typography_text_transform":"uppercase","before_title_typography_line_height":{"unit":"custom","size":"normal","sizes":[]},"before_title_typography_line_height_tablet":{"unit":"custom","size":"","sizes":[]},"before_title_typography_line_height_mobile":{"unit":"custom","size":"","sizes":[]},"before_title_spacing":{"unit":"px","size":15,"sizes":[]},"title_color":"#FFFFFF","title_typography_typography":"custom","title_typography_font_size":{"unit":"px","size":60,"sizes":[]},"title_typography_font_size_tablet":{"unit":"px","size":42,"sizes":[]},"title_typography_font_size_mobile":{"unit":"px","size":38,"sizes":[]},"title_typography_line_height":{"unit":"custom","size":"1","sizes":[]},"title_typography_line_height_tablet":{"unit":"custom","size":"","sizes":[]},"title_typography_line_height_mobile":{"unit":"custom","size":"","sizes":[]},"title_typography_letter_spacing":{"unit":"px","size":-2.04,"sizes":[]},"title_spacing":{"unit":"px","size":30,"sizes":[]},"button_style":"light","button_typography_typography":"custom","button_typography_font_size":{"unit":"px","size":14,"sizes":[]},"button_typography_font_weight":"600","button_typography_letter_spacing":{"unit":"px","size":-0.336,"sizes":[]},"dots_spacing_tablet":{"unit":"px","size":15,"sizes":[]},"dot_item_color":"#FFFFFF","dot_item_active_color":"#FFFFFF","autoplay":"yes","autoplay_speed":7000,"button_min_width":{"unit":"px","size":200,"sizes":[]},"button_min_width_mobile":{"unit":"px","size":180,"sizes":[]},"aspect_ratio_type_mobile":"vertical","infinite":"yes"},"elements":[],"isInner":false,"widgetType":"glozin-slides","elType":"widget"}],"isInner":false,"elType":"container"},{"id":"78ae4568","settings":{"flex_gap":{"column":"10","row":"10","isLinked":true,"unit":"px","size":10},"margin":{"unit":"px","top":"0","right":"0","bottom":"33","left":"0","isLinked":false}},"elements":[{"id":"77f9bb0e","settings":{"title":"Best Selling","align":"center","typography_typography":"custom","typography_letter_spacing":{"unit":"px","size":-1.224,"sizes":[]}},"elements":[],"isInner":false,"widgetType":"glozin-heading","elType":"widget"},{"id":"3a7d3021","settings":{"title":"Unmatched design\u2014superior performance and customer satisfaction in one.","title_size":"div","align":"center"},"elements":[],"isInner":false,"widgetType":"glozin-heading","elType":"widget"}],"isInner":false,"elType":"container"},{"id":"7f1002f8","settings":{"margin":{"unit":"px","top":"0","right":"0","bottom":"100","left":"0","isLinked":false},"margin_mobile":{"unit":"px","top":"0","right":"0","bottom":"60","left":"0","isLinked":false}},"elements":[{"id":"31eedfe5","settings":{"limit":8,"type":"recent_products","slides_to_show":3,"slides_to_show_tablet":3,"slides_to_show_mobile":1,"slides_to_scroll_tablet":3,"slides_to_scroll_mobile":1,"image_spacing_custom_mobile":15,"navigation_classes_tablet":"dots","slidesperview_auto_mobile":"yes","ids":"2962,2974,2984,2994,3003,3013,3022,3033"},"elements":[],"isInner":false,"widgetType":"glozin-products-carousel","elType":"widget"}],"isInner":false,"elType":"container"},{"id":"36b7a291","settings":{"flex_direction":"column","flex_gap":{"column":"0","row":"0","isLinked":false,"unit":"px","size":0},"background_background":"classic","background_color":"#F5F5F5","padding":{"unit":"px","top":"100","right":"0","bottom":"100","left":"0","isLinked":false},"padding_tablet":{"unit":"px","top":"79","right":"0","bottom":"79","left":"0","isLinked":false},"padding_mobile":{"unit":"px","top":"75","right":"0","bottom":"75","left":"0","isLinked":false}},"elements":[{"id":"57d7051a","settings":{"title":"Category Highlights","align":"center","typography_typography":"custom","typography_letter_spacing":{"unit":"px","size":-1.224,"sizes":[]},"_margin":{"unit":"px","top":"0","right":"0","bottom":"10","left":"0","isLinked":false}},"elements":[],"isInner":false,"widgetType":"glozin-heading","elType":"widget"},{"id":"63df3b0","settings":{"title":"Express your style with our standout collection\u2014fashion meets sophistication.","title_size":"div","align":"center","_margin":{"unit":"px","top":"0","right":"0","bottom":"33","left":"0","isLinked":false}},"elements":[],"isInner":false,"widgetType":"glozin-heading","elType":"widget"},{"id":"61696c0","settings":{"source":"custom","items":[{"_id":"884bd30","image":{"id":3043,"url":"https:\/\/wpglozin.com\/watches\/wp-content\/uploads\/sites\/21\/2025\/05\/ew-cat-1.webp","alt":"","source":"library","size":""},"product_cat":"mens-watches"},{"image":{"id":3044,"url":"https:\/\/wpglozin.com\/watches\/wp-content\/uploads\/sites\/21\/2025\/05\/ew-cat-2.webp","alt":"","source":"library","size":""},"product_cat":"womens-watches","_id":"737cf4e"},{"image":{"id":3045,"url":"https:\/\/wpglozin.com\/watches\/wp-content\/uploads\/sites\/21\/2025\/05\/ew-cat-3.webp","alt":"","source":"library","size":""},"product_cat":"minimalist","_id":"b1aa317"},{"image":{"id":3046,"url":"https:\/\/wpglozin.com\/watches\/wp-content\/uploads\/sites\/21\/2025\/05\/ew-cat-4.webp","alt":"","source":"library","size":""},"product_cat":"straps-brands","_id":"af034bf"},{"image":{"id":3047,"url":"https:\/\/wpglozin.com\/watches\/wp-content\/uploads\/sites\/21\/2025\/05\/ew-cat-5.webp","alt":"","source":"library","size":""},"product_cat":"limited-editions","_id":"016822c"},{"image":{"id":3048,"url":"https:\/\/wpglozin.com\/watches\/wp-content\/uploads\/sites\/21\/2025\/05\/ew-cat-6.webp","alt":"","source":"library","size":""},"product_cat":"gift-promotion","_id":"425bb6d"}],"show_cat_count":"yes","aspect_ratio_type":"custom","aspect_ratio":"330:480","view_all_btn_title":"View All","view_all_btn_text":"Click here","navigation_classes":"none","content_position":"side","side_content_padding":{"unit":"px","top":"30","right":"30","bottom":"30","left":"30","isLinked":true},"title_typography_typography":"custom","title_typography_font_size":{"unit":"px","size":22,"sizes":[]},"title_typography_font_weight":"600","title_color":"#FFFFFF","title_color_hover":"#FFFFFF","count_type":"below","count_color":"#FFFFFF","slidesperview_auto_width":{"unit":"%","size":"","sizes":[]},"slidesperview_auto_width_tablet":{"unit":"%","size":"","sizes":[]},"slidesperview_auto_width_mobile":{"unit":"%","size":"","sizes":[]},"image_border_radius":{"unit":"px","top":"10","right":"10","bottom":"10","left":"10","isLinked":true},"slides_to_show_tablet":3,"slides_to_show_mobile":1,"image_spacing_custom_mobile":15,"navigation_classes_tablet":"dots","reveal_on_scroll":"yes","slidesperview_auto_mobile":"yes","view_all_btn_image":{"id":2952,"url":"https:\/\/wpglozin.com\/watches\/wp-content\/uploads\/sites\/21\/2025\/05\/woocommerce-placeholder-600x600-1.webp"}},"elements":[],"isInner":false,"widgetType":"glozin-categories-carousel","elType":"widget"}],"isInner":false,"elType":"container"},{"id":"4f387aac","settings":{"content_width":"full","min_height":{"unit":"px","size":700,"sizes":[]},"min_height_tablet":{"unit":"px","size":500,"sizes":[]},"flex_direction":"column","flex_justify_content":"center","flex_gap":{"column":"0","row":"0","isLinked":true,"unit":"px","size":0},"background_background":"video","background_video_link":"https:\/\/wpglozin.com\/watches\/wp-content\/uploads\/sites\/21\/2025\/07\/Umino-watchesHD.mp4","background_play_on_mobile":"yes","padding":{"unit":"px","top":"50","right":"50","bottom":"50","left":"50","isLinked":true},"padding_tablet":{"unit":"px","top":"35","right":"20","bottom":"35","left":"20","isLinked":false},"flex_align_items":"center","background_video_fallback":{"url":"","id":"","size":"","alt":"","source":"library"},"background_overlay_opacity":{"unit":"px","size":0.3,"sizes":[]},"min_height_mobile":{"unit":"px","size":350,"sizes":[]},"margin":{"unit":"px","top":"0","right":"0","bottom":"100","left":"0","isLinked":false},"margin_mobile":{"unit":"px","top":"0","right":"0","bottom":"60","left":"0","isLinked":false},"padding_mobile":{"unit":"px","top":"32","right":"15","bottom":"32","left":"15","isLinked":false},"background_privacy_mode":"yes"},"elements":[{"id":"4eb3a034","settings":{"title":"Latest Collection","title_size":"div","align":"center","title_color":"#FFFFFF","typography_typography":"custom","typography_font_size":{"unit":"px","size":12,"sizes":[]},"typography_font_weight":"700","typography_text_transform":"uppercase","typography_line_height":{"unit":"custom","size":"normal","sizes":[]},"typography_line_height_tablet":{"unit":"custom","size":"","sizes":[]},"typography_line_height_mobile":{"unit":"custom","size":"","sizes":[]},"_margin":{"unit":"px","top":"0","right":"0","bottom":"15","left":"0","isLinked":false}},"elements":[],"isInner":false,"widgetType":"glozin-heading","elType":"widget"},{"id":"22991f00","settings":{"title":"Step In. Get.<br class=\"d-none d-block-xl\"\/> Define Your Look.","title_color":"#FFFFFF","typography_typography":"custom","typography_font_size":{"unit":"px","size":60,"sizes":[]},"typography_font_size_tablet":{"unit":"px","size":47,"sizes":[]},"typography_font_size_mobile":{"unit":"px","size":38,"sizes":[]},"typography_font_weight":"600","typography_letter_spacing":{"unit":"px","size":-2.04,"sizes":[]},"_margin":{"unit":"px","top":"0","right":"0","bottom":"30","left":"0","isLinked":false},"align":"center"},"elements":[],"isInner":false,"widgetType":"glozin-heading","elType":"widget"},{"id":"66c0a9f3","settings":{"button_text":"Shop Collection","button_style":"light","button_typography_typography":"custom","button_typography_font_size":{"unit":"px","size":14,"sizes":[]},"button_typography_letter_spacing":{"unit":"px","size":-0.336,"sizes":[]},"button_link":{"url":"https:\/\/wpglozin.com\/watches\/shop\/","is_external":"","nofollow":"","custom_attributes":""},"button_min_width":{"unit":"px","size":200,"sizes":[]},"button_min_width_mobile":{"unit":"px","size":180,"sizes":[]}},"elements":[],"isInner":false,"widgetType":"glozin-button","elType":"widget"}],"isInner":true,"elType":"container"},{"id":"5bf4049d","settings":{"flex_gap":{"column":"10","row":"10","isLinked":true,"unit":"px","size":10},"margin":{"unit":"px","top":"0","right":"0","bottom":"33","left":"0","isLinked":false}},"elements":[{"id":"12082307","settings":{"title":"Limited Edition","align":"center","typography_typography":"custom","typography_letter_spacing":{"unit":"px","size":-1.224,"sizes":[]}},"elements":[],"isInner":false,"widgetType":"glozin-heading","elType":"widget"},{"id":"78f993fd","settings":{"title":"Customers love our products and we always strive to please them all.","title_size":"div","align":"center"},"elements":[],"isInner":false,"widgetType":"glozin-heading","elType":"widget"}],"isInner":false,"elType":"container"},{"id":"1c29d3d0","settings":{"margin":{"unit":"px","top":"0","right":"0","bottom":"100","left":"0","isLinked":false},"margin_mobile":{"unit":"px","top":"0","right":"0","bottom":"60","left":"0","isLinked":false}},"elements":[{"id":"30e0d47f","settings":{"product_id":3022,"buy_now_button_background_color":"#197149","buy_now_button_border_color":"#197149","buy_now_button_background_hover_color":"#197149","buy_now_button_hover_border_color":"#197149"},"elements":[],"isInner":false,"widgetType":"glozin-product-showcase","elType":"widget"}],"isInner":false,"elType":"container"},{"id":"9f21746","settings":{"content_width":"full","background_image":{"url":"","id":"","size":"","alt":"","source":"library"}},"elements":[{"id":"22fe306a","settings":{"boxed_width_tablet":{"unit":"%","size":100,"sizes":[]},"boxed_width_mobile":{"unit":"%","size":"","sizes":[]},"flex_direction":"row","background_background":"classic","background_image":{"id":3049,"url":"https:\/\/wpglozin.com\/watches\/wp-content\/uploads\/sites\/21\/2025\/05\/ew-bn-1-scaled.webp","alt":"","source":"library","size":""},"background_repeat":"no-repeat","background_size":"cover","padding":{"unit":"px","top":"126","right":"15","bottom":"126","left":"15","isLinked":false},"padding_tablet":{"unit":"px","top":"35","right":"21","bottom":"35","left":"21","isLinked":false},"padding_mobile":{"unit":"px","top":"32","right":"15","bottom":"32","left":"15","isLinked":false},"flex_direction_tablet":"column","css_classes":"glozin-smart-rtl-bg"},"elements":[{"id":"79834a58","settings":{"content_width":"full","width_tablet":{"unit":"%","size":50,"sizes":[]},"width_mobile":{"unit":"%","size":"","sizes":[]},"hide_mobile":"hidden-mobile","hide_tablet":"hidden-tablet"},"elements":[],"isInner":true,"elType":"container"},{"id":"4d3c23d1","settings":{"content_width":"full","width":{"unit":"%","size":58.5,"sizes":[]},"width_tablet":{"unit":"%","size":100,"sizes":[]},"width_mobile":{"unit":"%","size":"","sizes":[]},"flex_align_items":"center","flex_gap":{"column":"0","row":"0","isLinked":true,"unit":"px","size":0},"background_background":"classic","background_color":"#FFFFFF","border_radius":{"unit":"px","top":"10","right":"10","bottom":"10","left":"10","isLinked":true},"padding":{"unit":"px","top":"50","right":"50","bottom":"50","left":"50","isLinked":true},"padding_tablet":{"unit":"px","top":"30","right":"30","bottom":"30","left":"30","isLinked":true}},"elements":[{"id":"4982db41","settings":{"title":"By siLo\u2014COPENHAGEN","title_size":"div","typography_typography":"custom","typography_font_size":{"unit":"px","size":12,"sizes":[]},"typography_font_weight":"700","typography_text_transform":"uppercase","_margin":{"unit":"px","top":"0","right":"0","bottom":"10","left":"0","isLinked":false},"title_color":"#111111"},"elements":[],"isInner":false,"widgetType":"glozin-heading","elType":"widget"},{"id":"1250c435","settings":{"title":"Our Collections","typography_typography":"custom","typography_letter_spacing":{"unit":"px","size":-1.224,"sizes":[]},"_margin":{"unit":"px","top":"0","right":"0","bottom":"25","left":"0","isLinked":false}},"elements":[],"isInner":false,"widgetType":"glozin-heading","elType":"widget"},{"id":"6f4f7267","settings":{"editor":"The watch is carefully designed with quality materials, such as the domed sapphire crystal, and the meticulous level of detail\u2014from the dial to the delicate gold hour markers.","align":"center","typography_typography":"custom","_margin":{"unit":"px","top":"0","right":"0","bottom":"40","left":"0","isLinked":false},"typography_font_size":{"unit":"px","size":14,"sizes":[]},"typography_line_height":{"unit":"custom","size":"1.71428","sizes":[]},"typography_line_height_tablet":{"unit":"custom","size":"","sizes":[]},"typography_line_height_mobile":{"unit":"custom","size":"","sizes":[]},"text_color":"#444444"},"elements":[],"isInner":false,"widgetType":"text-editor","elType":"widget"},{"id":"6b4c510f","settings":{"button_text":"Shop Collection","button_link":{"url":"https:\/\/wpglozin.com\/watches\/shop\/","is_external":"","nofollow":"","custom_attributes":""},"_margin":{"unit":"px","top":"0","right":"0","bottom":"24","left":"0","isLinked":false},"__globals__":[],"button_min_width":{"unit":"px","size":200,"sizes":[]},"button_min_width_mobile":{"unit":"px","size":180,"sizes":[]}},"elements":[],"isInner":false,"widgetType":"glozin-button","elType":"widget"}],"isInner":true,"elType":"container"}],"isInner":true,"elType":"container"}],"isInner":false,"elType":"container"},{"id":"5e5ddb9a","settings":{"content_width":"full","margin":{"unit":"px","top":"0","right":"0","bottom":"100","left":"0","isLinked":false},"margin_mobile":{"unit":"px","top":"0","right":"0","bottom":"60","left":"0","isLinked":false}},"elements":[{"id":"608e0da1","settings":{"items":[{"text":"Subscribe and get 10% off your first purchase","_id":"431d9ac","type":"icon","icon":{"value":{"url":"https:\/\/wpglozin.com\/watches\/wp-content\/uploads\/sites\/21\/2025\/03\/star.svg","id":962},"library":"svg"},"image":{"id":2953,"url":"https:\/\/wpglozin.com\/watches\/wp-content\/uploads\/sites\/21\/2025\/05\/woocommerce-placeholder-600x600-2.webp"}},{"text":"Safe shopping\u2014pay later with klarna","type":"icon","icon":{"value":{"url":"https:\/\/wpglozin.com\/watches\/wp-content\/uploads\/sites\/21\/2025\/03\/star.svg","id":962},"library":"svg"},"_id":"e0eeefa","image":{"id":2954,"url":"https:\/\/wpglozin.com\/watches\/wp-content\/uploads\/sites\/21\/2025\/05\/woocommerce-placeholder-600x600-3.webp"}}],"padding":{"unit":"px","top":"30","right":"0","bottom":"30","left":"0","isLinked":false},"padding_tablet":{"unit":"px","top":"23","right":"0","bottom":"23","left":"0","isLinked":false},"padding_mobile":{"unit":"px","top":"22.5","right":"0","bottom":"22.5","left":"0","isLinked":false},"gap":{"unit":"px","size":50,"sizes":[]},"border_border":"solid","border_width":{"unit":"px","top":"0","right":"0","bottom":"1","left":"0","isLinked":false},"border_color":"#EBEBEB","icon_size":{"unit":"px","size":12,"sizes":[]},"icon_color":"#111111","spacing":{"unit":"px","size":50,"sizes":[]},"text_typography_typography":"custom","text_typography_font_size":{"unit":"px","size":14,"sizes":[]},"text_typography_font_weight":"600","text_typography_text_transform":"uppercase","text_color":"#111111","speed":0.2},"elements":[],"isInner":false,"widgetType":"glozin-marquee","elType":"widget"}],"isInner":false,"elType":"container"},{"id":"3aa11339","settings":{"flex_gap":{"column":"10","row":"10","isLinked":true,"unit":"px","size":10},"margin":{"unit":"px","top":"0","right":"0","bottom":"33","left":"0","isLinked":false}},"elements":[{"id":"13148c77","settings":{"title":"The Blog","align":"center","typography_typography":"custom","typography_letter_spacing":{"unit":"px","size":-1.224,"sizes":[]}},"elements":[],"isInner":false,"widgetType":"glozin-heading","elType":"widget"},{"id":"38c96487","settings":{"title":"Provide you with useful knowledge about fashion trend.","title_size":"div","align":"center"},"elements":[],"isInner":false,"widgetType":"glozin-heading","elType":"widget"}],"isInner":false,"elType":"container"},{"id":"2ab81c67","settings":{"margin":{"unit":"px","top":"0","right":"0","bottom":"100","left":"0","isLinked":false},"margin_mobile":{"unit":"px","top":"0","right":"0","bottom":"60","left":"0","isLinked":false}},"elements":[{"id":"6f5b72c7","settings":{"limit":3,"aspect_ratio_type":"custom","aspect_ratio":"450:243.52","navigation_classes":"none","navigation_classes_tablet":"dots","navigation_classes_mobile":"dots","category":[]},"elements":[],"isInner":false,"widgetType":"glozin-posts-carousel","elType":"widget"}],"isInner":false,"elType":"container"},{"id":"3b364606","settings":{"flex_direction":"column","margin":{"unit":"px","top":"0","right":"0","bottom":"100","left":"0","isLinked":false},"margin_mobile":{"unit":"px","top":"0","right":"0","bottom":"60","left":"0","isLinked":false}},"elements":[{"id":"18add8a4","settings":{"content_width":"full","border_border":"solid","border_width":{"unit":"px","top":"0","right":"0","bottom":"1","left":"0","isLinked":false},"border_color":"#EBEBEB"},"elements":[],"isInner":true,"elType":"container"}],"isInner":false,"elType":"container"},{"id":"33b80e7d","settings":{"margin":{"unit":"px","top":"0","right":"0","bottom":"100","left":"0","isLinked":false},"margin_tablet":{"unit":"px","top":"0","right":"0","bottom":"79","left":"0","isLinked":false},"margin_mobile":{"unit":"px","top":"0","right":"0","bottom":"75","left":"0","isLinked":false}},"elements":[{"id":"1d64144c","settings":{"icons_box":[{"icon":{"value":{"url":"https:\/\/wpglozin.com\/watches\/wp-content\/uploads\/sites\/21\/2025\/05\/shipping.svg","id":2944},"library":"svg"},"title":"Free Shipping","description":"Enjoy free worldwide shipping and returns, with customs and duties taxes included.","_id":"3e74bd4","title_size":"h6","image":{"id":2955,"url":"https:\/\/wpglozin.com\/watches\/wp-content\/uploads\/sites\/21\/2025\/05\/placeholder-5.png"}},{"icon":{"value":{"url":"https:\/\/wpglozin.com\/watches\/wp-content\/uploads\/sites\/21\/2025\/05\/return.svg","id":2945},"library":"svg"},"title":"Free Returns","description":"Free returns within 15 days, please make sure the items are in undamaged condition.","_id":"50f8ad0","title_size":"h6","image":{"id":2956,"url":"https:\/\/wpglozin.com\/watches\/wp-content\/uploads\/sites\/21\/2025\/05\/placeholder-6.png"}},{"icon":{"value":{"url":"https:\/\/wpglozin.com\/watches\/wp-content\/uploads\/sites\/21\/2025\/05\/support.svg","id":2946},"library":"svg"},"title":"Support Online","description":"We support customers 24\/7, send questions we will solve for you immediately.","_id":"e734671","title_size":"h6","image":{"id":2957,"url":"https:\/\/wpglozin.com\/watches\/wp-content\/uploads\/sites\/21\/2025\/05\/placeholder-7.png"}}],"slides_to_show_mobile":1,"navigation_classes":"none","navigation_classes_mobile":"dots","icon_size":{"unit":"px","size":32,"sizes":[]},"slides_to_show_tablet":3,"navigation_classes_tablet":"none","alignment":"center","title_spacing":{"unit":"px","size":10,"sizes":[]},"_element_custom_width":{"unit":"px","size":"","sizes":[]},"_element_custom_width_tablet":{"unit":"%","size":100,"sizes":[]},"_element_custom_width_mobile":{"unit":"%","size":"","sizes":[]},"description_color":"#444444","title_size":"div"},"elements":[],"isInner":false,"widgetType":"glozin-icon-box-carousel","elType":"widget"}],"isInner":false,"elType":"container"}],"page_settings":{"hide_page_header":"yes","page_header_top_padding":{"unit":"px","size":0,"sizes":[]},"content_top_spacing":"custom","content_top_padding":{"unit":"px","size":0,"sizes":[]},"content_bottom_spacing":"custom","content_bottom_padding":{"unit":"px","size":0,"sizes":[]},"hide_header_border":"yes"},"version":"0.4","title":"Home - Echelon Watches","type":"page"}