{"content":[{"id":"5a2d877","settings":{"content_width":"full","margin":{"unit":"px","top":"0","right":"0","bottom":"90","left":"0","isLinked":false},"margin_mobile":{"unit":"px","top":"0","right":"0","bottom":"50","left":"0","isLinked":false},"padding":{"unit":"px","top":"0","right":"30","bottom":"0","left":"30","isLinked":false},"margin_tablet":{"unit":"px","top":"0","right":"0","bottom":"80","left":"0","isLinked":false},"padding_tablet":{"unit":"px","top":"0","right":"15","bottom":"0","left":"15","isLinked":false}},"elements":[{"id":"563f809c","settings":{"slides":[{"title":"Season Collection","button_text":"Shop Collection","_id":"2c33a2b","before_title":"TODAY\u2014BLACK FRIDAY","banner_background_img":{"id":2889,"url":"https:\/\/wpglozin.com\/furniture\/wp-content\/uploads\/sites\/4\/2025\/04\/h-decor-slide-1-scaled.webp","alt":"","source":"library","size":""},"background_position_mobile":"initial","background_position":"center center","background_position_x_mobile":{"unit":"%","size":86,"sizes":[]},"background_position_y_mobile":{"unit":"%","size":100,"sizes":[]},"description":"Starting at $175. Hurry up! Do not miss...","banner_background_img_mobile":{"url":"https:\/\/wpglozin.com\/furniture\/wp-content\/uploads\/sites\/4\/2025\/04\/h-decor-slide-mobile-1.webp","id":2892,"size":"","alt":"","source":"library"},"button_link":{"url":"#","is_external":"","nofollow":"","custom_attributes":""}},{"title":"Beds Collection","button_text":"Shop Collection","_id":"3ee2046","before_title":"TODAY\u2014BLACK FRIDAY","banner_background_img":{"id":2890,"url":"https:\/\/wpglozin.com\/furniture\/wp-content\/uploads\/sites\/4\/2025\/04\/h-decor-slide-2-scaled.webp","alt":"","source":"library","size":""},"background_position_mobile":"initial","background_position":"center center","background_position_x_mobile":{"unit":"%","size":86,"sizes":[]},"background_position_y_mobile":{"unit":"%","size":100,"sizes":[]},"description":"Starting at $175. Hurry up! Do not miss...","banner_background_img_mobile":{"url":"https:\/\/wpglozin.com\/furniture\/wp-content\/uploads\/sites\/4\/2025\/04\/h-decor-slide-mobile-2.webp","id":2893,"size":"","alt":"","source":"library"},"button_link":{"url":"#","is_external":"","nofollow":"","custom_attributes":""}},{"title":"Lamp Collection","button_text":"Shop Collection","_id":"de0d679","before_title":"TODAY\u2014BLACK FRIDAY","banner_background_img":{"id":2891,"url":"https:\/\/wpglozin.com\/furniture\/wp-content\/uploads\/sites\/4\/2025\/04\/h-decor-slide-3-scaled.webp","alt":"","source":"library","size":""},"background_position_mobile":"initial","background_position":"center center","background_position_x_mobile":{"unit":"%","size":86,"sizes":[]},"background_position_y_mobile":{"unit":"%","size":100,"sizes":[]},"description":"Starting at $175. Hurry up! Do not miss...","banner_background_img_mobile":{"url":"https:\/\/wpglozin.com\/furniture\/wp-content\/uploads\/sites\/4\/2025\/04\/h-decor-slide-mobile-3.webp","id":2894,"size":"","alt":"","source":"library"},"button_link":{"url":"#","is_external":"","nofollow":"","custom_attributes":""}}],"slides_height":{"unit":"px","size":727,"sizes":[]},"slides_height_tablet":{"unit":"px","size":655,"sizes":[]},"slides_height_mobile":{"unit":"px","size":472,"sizes":[]},"navigation_classes_tablet":"dots","slides_horizontal_position_mobile":"center","slides_text_align_mobile":"center","slides_content_padding":{"unit":"px","top":"120","right":"15","bottom":"120","left":"15","isLinked":false},"slides_content_padding_tablet":{"unit":"px","top":"100","right":"15","bottom":"100","left":"15","isLinked":false},"slides_content_padding_mobile":{"unit":"px","top":"38","right":"15","bottom":"38","left":"15","isLinked":false},"title_color":"#FFFFFF","title_typography_typography":"custom","title_typography_font_size":{"unit":"px","size":60,"sizes":[]},"title_typography_font_size_tablet":{"unit":"px","size":49,"sizes":[]},"title_typography_font_size_mobile":{"unit":"px","size":38,"sizes":[]},"title_typography_font_weight":"600","title_typography_line_height_tablet":{"unit":"custom","size":"","sizes":[]},"title_typography_line_height_mobile":{"unit":"px","size":36,"sizes":[]},"title_typography_letter_spacing":{"unit":"px","size":-2.38,"sizes":[]},"title_spacing":{"unit":"px","size":11,"sizes":[]},"before_title_color":"#FFFFFF","before_title_typography_typography":"custom","before_title_typography_font_weight":"500","before_title_typography_text_transform":"capitalize","before_title_typography_line_height_tablet":{"unit":"custom","size":"","sizes":[]},"before_title_typography_line_height_mobile":{"unit":"custom","size":"","sizes":[]},"before_title_spacing":{"unit":"px","size":7,"sizes":[]},"button_typography_typography":"custom","button_typography_font_size":{"unit":"px","size":15,"sizes":[]},"button_typography_font_weight":"600","dots_spacing_tablet":{"unit":"px","size":20,"sizes":[]},"dots_spacing_mobile":{"unit":"px","size":15,"sizes":[]},"navigation_classes":"dots","slides_border_radius":{"unit":"px","top":"10","right":"10","bottom":"10","left":"10","isLinked":true},"before_title_typography_font_size":{"unit":"px","size":13,"sizes":[]},"button_style":"light","dot_item_color":"#FFFFFF","dot_item_active_color":"#FFFFFF","title_typography_letter_spacing_mobile":{"unit":"px","size":-1.3056,"sizes":[]},"title_spacing_mobile":{"unit":"px","size":16,"sizes":[]},"description_color":"#FFFFFF","description_typography_typography":"custom","description_typography_font_size":{"unit":"px","size":16,"sizes":[]},"description_spacing":{"unit":"px","size":40,"sizes":[]},"aspect_ratio_type":"custom","aspect_ratio":"130:51","aspect_ratio_mobile_type":"custom","aspect_ratio_mobile":"51:70","effect":"fade","autoplay":"yes","autoplay_speed":7000,"slides_container_width":{"unit":"px","size":1470,"sizes":[]},"_css_classes":"glozin-smart-rtl-banner","button_min_width":{"unit":"px","size":200,"sizes":[]},"button_min_width_mobile":{"unit":"px","size":180,"sizes":[]},"aspect_ratio_type_mobile":"vertical","dots_gap_mobile":{"unit":"px","size":2,"sizes":[]}},"elements":[],"isInner":false,"widgetType":"glozin-slides","elType":"widget"}],"isInner":false,"elType":"container"},{"id":"3dd63d74","settings":{"flex_gap":{"column":"10","row":"10","isLinked":true,"unit":"px","size":10},"margin":{"unit":"px","top":"0","right":"0","bottom":"85","left":"0","isLinked":false},"margin_mobile":{"unit":"px","top":"0","right":"0","bottom":"52","left":"0","isLinked":false}},"elements":[{"id":"7a6bdeed","settings":{"title":"Top Collections","align":"center","typography_typography":"custom","typography_letter_spacing":{"unit":"em","size":-0.034,"sizes":[]},"typography_letter_spacing_tablet":{"unit":"em","size":"","sizes":[]},"typography_letter_spacing_mobile":{"unit":"em","size":"","sizes":[]}},"elements":[],"isInner":false,"widgetType":"glozin-heading","elType":"widget"},{"id":"276be460","settings":{"title":"Express your style with our standout collection\u2014fashion meets sophistication.","title_size":"div","align":"center","_margin":{"unit":"px","top":"0","right":"0","bottom":"23","left":"0","isLinked":false}},"elements":[],"isInner":false,"widgetType":"glozin-heading","elType":"widget"},{"id":"2fd39849","settings":{"heading":"This is the heading","source":"custom","items":[{"_id":"5a26175","image":{"id":2883,"url":"https:\/\/wpglozin.com\/furniture\/wp-content\/uploads\/sites\/4\/2025\/04\/h-decor-cat-1.webp","alt":"","source":"library","size":""},"product_cat":"sofa"},{"image":{"id":2884,"url":"https:\/\/wpglozin.com\/furniture\/wp-content\/uploads\/sites\/4\/2025\/04\/h-decor-cat-2.webp","alt":"","source":"library","size":""},"product_cat":"lighting","_id":"4045fa0"},{"image":{"id":2885,"url":"https:\/\/wpglozin.com\/furniture\/wp-content\/uploads\/sites\/4\/2025\/04\/h-decor-cat-3.webp","alt":"","source":"library","size":""},"product_cat":"bathroom","_id":"197aedd"},{"image":{"id":2886,"url":"https:\/\/wpglozin.com\/furniture\/wp-content\/uploads\/sites\/4\/2025\/04\/h-decor-cat-4.webp","alt":"","source":"library","size":""},"product_cat":"kitchen","_id":"80c24b5"},{"image":{"id":2887,"url":"https:\/\/wpglozin.com\/furniture\/wp-content\/uploads\/sites\/4\/2025\/04\/h-decor-cat-5.webp","alt":"","source":"library","size":""},"product_cat":"outdoor","_id":"f3d534d"},{"image":{"id":2888,"url":"https:\/\/wpglozin.com\/furniture\/wp-content\/uploads\/sites\/4\/2025\/04\/h-decor-cat-6.webp","alt":"","source":"library","size":""},"product_cat":"bedroom","_id":"d4bd654"}],"button_text":"","view_all_btn_title":"View All","view_all_btn_text":"Click here","slides_to_show":6,"slides_to_show_tablet":4,"image_spacing_custom":54,"image_spacing_custom_tablet":30,"navigation_classes_tablet":"dots","content_align":"center","image_border_radius":{"unit":"px","top":"150","right":"150","bottom":"150","left":"150","isLinked":true},"slides_to_show_mobile":3,"image_spacing_custom_mobile":15,"title_typography_typography":"custom","title_typography_font_size_mobile":{"unit":"px","size":14,"sizes":[]},"navigation_classes":"none","view_all_btn_image":{"id":"","url":"https:\/\/wpglozin.com\/furniture\/wp-content\/plugins\/elementor\/assets\/images\/placeholder.png"},"image_spacing":{"unit":"px","size":16,"sizes":[]}},"elements":[],"isInner":false,"widgetType":"glozin-categories-carousel","elType":"widget"}],"isInner":false,"elType":"container"},{"id":"44eb9d5","settings":{"flex_gap":{"column":"10","row":"10","isLinked":true,"unit":"px","size":10},"margin":{"unit":"px","top":"0","right":"0","bottom":"83","left":"0","isLinked":false},"margin_tablet":{"unit":"px","top":"0","right":"0","bottom":"80","left":"0","isLinked":false},"margin_mobile":{"unit":"px","top":"0","right":"0","bottom":"53","left":"0","isLinked":false}},"elements":[{"id":"366d0a4b","settings":{"title":"Today's Popular Picks","align":"center","typography_typography":"custom","typography_letter_spacing":{"unit":"em","size":-0.034,"sizes":[]},"typography_letter_spacing_tablet":{"unit":"em","size":"","sizes":[]},"typography_letter_spacing_mobile":{"unit":"em","size":"","sizes":[]}},"elements":[],"isInner":false,"widgetType":"glozin-heading","elType":"widget"},{"id":"44a63506","settings":{"title":"Unmatched design\u2014superior performance and customer satisfaction in one.","title_size":"div","align":"center","_padding":{"unit":"px","top":"0","right":"0","bottom":"23","left":"0","isLinked":false},"_padding_tablet":{"unit":"px","top":"0","right":"0","bottom":"23","left":"0","isLinked":false}},"elements":[],"isInner":false,"widgetType":"glozin-heading","elType":"widget"},{"id":"11259d8c","settings":{"type":"recent_products","slides_to_show_tablet":3,"slides_to_show_mobile":2,"slides_to_scroll_mobile":2,"image_spacing_custom_mobile":15,"navigation_classes_mobile":"dots","alignment":"center","limit":6,"image_spacing_custom":20,"sale_display":"yes","marquee_type":"icon","marquee_icon":{"value":"","library":""},"marquee_image":{"id":"","url":"https:\/\/wpglozin.com\/furniture\/wp-content\/plugins\/elementor\/assets\/images\/placeholder.png"},"marquee_text":"Hot Sale 10% off","ids":"2744,2680,2700,2674,2726,2664","navigation_classes_tablet":"dots"},"elements":[],"isInner":false,"widgetType":"glozin-products-carousel","elType":"widget"}],"isInner":false,"elType":"container"},{"id":"1a6bf3a0","settings":{"content_width":"full","margin":{"unit":"px","top":"0","right":"0","bottom":"81","left":"0","isLinked":false},"padding":{"unit":"px","top":"0","right":"30","bottom":"0","left":"30","isLinked":false},"padding_tablet":{"unit":"px","top":"0","right":"15","bottom":"0","left":"15","isLinked":false},"margin_mobile":{"unit":"px","top":"0","right":"0","bottom":"50","left":"0","isLinked":false}},"elements":[{"id":"2e678f11","settings":{"boxed_width_tablet":{"unit":"%","size":100,"sizes":[]},"boxed_width_mobile":{"unit":"%","size":"","sizes":[]},"flex_direction":"row","background_background":"classic","background_image":{"id":2882,"url":"https:\/\/wpglozin.com\/decor\/wp-content\/uploads\/sites\/14\/2025\/04\/h-decor-bg-scaled.webp","alt":"","source":"library","size":""},"background_repeat":"no-repeat","background_size":"cover","border_radius":{"unit":"px","top":"10","right":"10","bottom":"10","left":"10","isLinked":true},"padding":{"unit":"px","top":"177","right":"30","bottom":"177","left":"30","isLinked":false},"padding_tablet":{"unit":"px","top":"40","right":"25","bottom":"40","left":"25","isLinked":false},"padding_mobile":{"unit":"px","top":"30","right":"15","bottom":"30","left":"15","isLinked":false},"css_classes":"glozin-smart-rtl-bg","flex_direction_mobile":"column"},"elements":[{"id":"568c325d","settings":{"content_width":"full","width_tablet":{"unit":"%","size":50,"sizes":[]},"width_mobile":{"unit":"%","size":"","sizes":[]},"hide_mobile":"hidden-mobile"},"elements":[],"isInner":true,"elType":"container"},{"id":"7db72a2f","settings":{"content_width":"full","width":{"unit":"%","size":62,"sizes":[]},"width_tablet":{"unit":"%","size":50,"sizes":[]},"width_mobile":{"unit":"%","size":"","sizes":[]},"flex_align_items":"center","flex_gap":{"column":"9","row":"9","isLinked":true,"unit":"px","size":9},"background_background":"classic","background_color":"#FFFFFF","border_radius":{"unit":"px","top":"10","right":"10","bottom":"10","left":"10","isLinked":true},"padding":{"unit":"px","top":"50","right":"50","bottom":"50","left":"50","isLinked":true},"padding_tablet":{"unit":"px","top":"30","right":"30","bottom":"30","left":"30","isLinked":true}},"elements":[{"id":"68cd2346","settings":{"title":"By siLo\u2014COPENHAGEN","title_size":"div","typography_typography":"custom","typography_font_size":{"unit":"px","size":13,"sizes":[]},"title_color":"#111111","typography_font_weight":"600"},"elements":[],"isInner":false,"widgetType":"glozin-heading","elType":"widget"},{"id":"4201f107","settings":{"title":"Our Collections","typography_typography":"custom","typography_letter_spacing":{"unit":"em","size":-0.034,"sizes":[]},"_margin":{"unit":"px","top":"0","right":"0","bottom":"7","left":"0","isLinked":false},"typography_letter_spacing_tablet":{"unit":"em","size":"","sizes":[]},"typography_letter_spacing_mobile":{"unit":"em","size":"","sizes":[]}},"elements":[],"isInner":false,"widgetType":"glozin-heading","elType":"widget"},{"id":"8a7d2a","settings":{"title":"The watch is carefully designed with quality materials, such as the domed sapphire crystal, and the meticulous level of detail\u2014from the dial to the delicate gold hour markers.","title_size":"div","align":"center","_margin":{"unit":"px","top":"0","right":"0","bottom":"23","left":"0","isLinked":false}},"elements":[],"isInner":false,"widgetType":"glozin-heading","elType":"widget"},{"id":"37fbf048","settings":{"button_text":"Shop Collection","button_link":{"url":"#","is_external":"","nofollow":"","custom_attributes":""},"button_min_width":{"unit":"px","size":200,"sizes":[]},"button_min_width_mobile":{"unit":"px","size":180,"sizes":[]}},"elements":[],"isInner":false,"widgetType":"glozin-button","elType":"widget"}],"isInner":true,"elType":"container"}],"isInner":true,"elType":"container"}],"isInner":false,"elType":"container"},{"id":"40ea6980","settings":{"flex_gap":{"column":"10","row":"10","isLinked":true,"unit":"px","size":10},"margin":{"unit":"px","top":"0","right":"0","bottom":"83","left":"0","isLinked":false},"margin_tablet":{"unit":"px","top":"0","right":"0","bottom":"80","left":"0","isLinked":false},"margin_mobile":{"unit":"px","top":"0","right":"0","bottom":"53","left":"0","isLinked":false}},"elements":[{"id":"68b0a78a","settings":{"title":"Shop by Brands","align":"center","typography_typography":"custom","typography_letter_spacing":{"unit":"em","size":-0.034,"sizes":[]},"typography_letter_spacing_tablet":{"unit":"em","size":"","sizes":[]},"typography_letter_spacing_mobile":{"unit":"em","size":"","sizes":[]}},"elements":[],"isInner":false,"widgetType":"glozin-heading","elType":"widget"},{"id":"33c231bf","settings":{"title":"Unmatched design\u2014superior performance and customer satisfaction in one.\n\n","title_size":"div","align":"center","_padding":{"unit":"px","top":"0","right":"0","bottom":"23","left":"0","isLinked":false},"_padding_tablet":{"unit":"px","top":"0","right":"0","bottom":"23","left":"0","isLinked":false}},"elements":[],"isInner":false,"widgetType":"glozin-heading","elType":"widget"},{"id":"40d71532","settings":{"banners":[{"image":{"id":2878,"url":"https:\/\/wpglozin.com\/furniture\/wp-content\/uploads\/sites\/4\/2025\/04\/h-decor-banner-1.webp","alt":"","source":"library","size":""},"button_text":"","_id":"549f8cc","youtube_url":"https:\/\/www.youtube.com\/watch?v=XHOmBV4js_E","vimeo_url":"https:\/\/vimeo.com\/235215203","title":"Lakrids by B\u00fclow","description":"French country style in your living room.","show_icon":"yes","icon_type_icon":{"value":{"url":"https:\/\/wpglozin.com\/furniture\/wp-content\/uploads\/sites\/4\/2025\/04\/h-decor-cats-icon-1.svg","id":2927},"library":"svg"},"icon_type_image":{"id":2870,"url":"https:\/\/wpglozin.com\/furniture\/wp-content\/uploads\/sites\/4\/2025\/04\/placeholder.png"},"button_link":{"url":"#","is_external":"","nofollow":"","custom_attributes":""}},{"image":{"id":2879,"url":"https:\/\/wpglozin.com\/furniture\/wp-content\/uploads\/sites\/4\/2025\/04\/h-decor-banner-2.webp","alt":"","source":"library","size":""},"button_text":"","youtube_url":"https:\/\/www.youtube.com\/watch?v=XHOmBV4js_E","vimeo_url":"https:\/\/vimeo.com\/235215203","title":"Bang & Olufsen","description":"Modern designs with an urban edge.","show_icon":"yes","icon_type_icon":{"value":{"url":"https:\/\/wpglozin.com\/furniture\/wp-content\/uploads\/sites\/4\/2025\/04\/h-decor-cats-icon-2.svg","id":2928},"library":"svg"},"_id":"95f4e6f","icon_type_image":{"id":2871,"url":"https:\/\/wpglozin.com\/furniture\/wp-content\/uploads\/sites\/4\/2025\/04\/placeholder-1.png"},"button_link":{"url":"#","is_external":"","nofollow":"","custom_attributes":""}},{"image":{"id":2880,"url":"https:\/\/wpglozin.com\/furniture\/wp-content\/uploads\/sites\/4\/2025\/04\/h-decor-banner-3.webp","alt":"","source":"library","size":""},"button_text":"","youtube_url":"https:\/\/www.youtube.com\/watch?v=XHOmBV4js_E","vimeo_url":"https:\/\/vimeo.com\/235215203","title":"Santa&Cole","description":"Comfort and relaxation after long days.","show_icon":"yes","icon_type_icon":{"value":{"url":"https:\/\/wpglozin.com\/furniture\/wp-content\/uploads\/sites\/4\/2025\/04\/h-decor-cats-icon-3.svg","id":2929},"library":"svg"},"_id":"c4467ac","icon_type_image":{"id":2872,"url":"https:\/\/wpglozin.com\/furniture\/wp-content\/uploads\/sites\/4\/2025\/04\/placeholder-2.png"},"button_link":{"url":"#","is_external":"","nofollow":"","custom_attributes":""}},{"image":{"id":2881,"url":"https:\/\/wpglozin.com\/furniture\/wp-content\/uploads\/sites\/4\/2025\/04\/h-decor-banner-4.webp","alt":"","source":"library","size":""},"button_text":"","youtube_url":"https:\/\/www.youtube.com\/watch?v=XHOmBV4js_E","vimeo_url":"https:\/\/vimeo.com\/235215203","title":"Panik Outlet","description":"Friendly and sophisticated to every detail.","show_icon":"yes","icon_type_icon":{"value":{"url":"https:\/\/wpglozin.com\/furniture\/wp-content\/uploads\/sites\/4\/2025\/04\/h-decor-cats-icon-4.svg","id":2930},"library":"svg"},"_id":"d206e76","icon_type_image":{"id":2873,"url":"https:\/\/wpglozin.com\/furniture\/wp-content\/uploads\/sites\/4\/2025\/04\/placeholder-3.png"},"button_link":{"url":"#","is_external":"","nofollow":"","custom_attributes":""}}],"banner_padding":{"unit":"px","top":"0","right":"0","bottom":"0","left":"0","isLinked":true},"title_typography_typography":"custom","title_typography_font_size":{"unit":"px","size":20,"sizes":[]},"title_margin":{"unit":"px","top":"0","right":"0","bottom":"0","left":"0","isLinked":true},"icon_size":{"unit":"px","size":65,"sizes":[]},"icon_spacing":{"unit":"px","size":3,"sizes":[]},"aspect_ratio_type":"custom","aspect_ratio":"11:16","image_spacing_custom":30,"button_link_type":"slide","image_spacing_custom_tablet":20,"navigation_classes_tablet":"dots","image_spacing_custom_mobile":15,"slidesperview_auto_mobile":"yes","banner_padding_mobile":{"unit":"px","top":"0","right":"15","bottom":"0","left":"15","isLinked":false},"slides_to_show_tablet":2,"slides_to_scroll_tablet":1},"elements":[],"isInner":false,"widgetType":"glozin-banner-carousel","elType":"widget"}],"isInner":false,"elType":"container"},{"id":"403d134","settings":{"flex_gap":{"column":"10","row":"10","isLinked":true,"unit":"px","size":10},"margin":{"unit":"px","top":"0","right":"0","bottom":"80","left":"0","isLinked":false},"margin_mobile":{"unit":"px","top":"0","right":"0","bottom":"55","left":"0","isLinked":false}},"elements":[{"id":"348ef4a9","settings":{"title":"Customer Say!","align":"center","typography_typography":"custom","typography_letter_spacing":{"unit":"em","size":-0.034,"sizes":[]},"typography_letter_spacing_tablet":{"unit":"em","size":"","sizes":[]},"typography_letter_spacing_mobile":{"unit":"em","size":"","sizes":[]}},"elements":[],"isInner":false,"widgetType":"glozin-heading","elType":"widget"},{"id":"5334748","settings":{"title":"Customers love our products and we always strive to please them all.","title_size":"div","align":"center","_padding":{"unit":"px","top":"0","right":"0","bottom":"23","left":"0","isLinked":false},"_padding_tablet":{"unit":"px","top":"0","right":"0","bottom":"23","left":"0","isLinked":false}},"elements":[],"isInner":false,"widgetType":"glozin-heading","elType":"widget"},{"id":"2ce6edc6","settings":{"testimonials":[{"testimonial_name":"Carie-Gos\u00e9e H.","_id":"b8d95de","image":{"id":2895,"url":"https:\/\/wpglozin.com\/furniture\/wp-content\/uploads\/sites\/4\/2025\/04\/h-decor-test-1.webp","alt":"","source":"library","size":""},"testimonial_title":"Our customers reviews","testimonial_content":"These are sooo pretty and very comfy. Perfect color as well. I love wearing these with a neutral top and Chelsea boots. Wicked cute...\ud83d\ude0d","testimonial_text":"Verified Buyer","testimonial_product_id":2664,"youtube_url":"https:\/\/www.youtube.com\/watch?v=XHOmBV4js_E","vimeo_url":"https:\/\/vimeo.com\/235215203"},{"testimonial_name":"Cameron Smith","_id":"dc164a9","image":{"id":2896,"url":"https:\/\/wpglozin.com\/furniture\/wp-content\/uploads\/sites\/4\/2025\/04\/h-decor-test-2.webp","alt":"","source":"library","size":""},"testimonial_title":"Our customers reviews","testimonial_content":"A perfect product, it keeps you very warm without over heating. True to size, I couldn't be happier with the purchase... Thank you! \ud83e\udd17","testimonial_text":"Verified Buyer","testimonial_product_id":2642,"video":{"url":"http:\/\/localhost\/glozin\/wp-content\/uploads\/2025\/04\/md-test-2.mp4","id":761,"size":"","alt":"","source":"library"},"youtube_url":"https:\/\/www.youtube.com\/watch?v=XHOmBV4js_E","vimeo_url":"https:\/\/vimeo.com\/235215203","media_url":{"url":"","id":"","size":"","alt":"","source":"library"}},{"testimonial_name":"Susan Gibson.","_id":"756f522","image":{"id":2897,"url":"https:\/\/wpglozin.com\/furniture\/wp-content\/uploads\/sites\/4\/2025\/04\/h-decor-test-3.webp","alt":"","source":"library","size":""},"testimonial_title":"Our customers reviews","testimonial_content":"These are sooo pretty and very comfy. Perfect color as well. I love wearing these with a neutral top and Chelsea boots. Wicked cute...\ud83d\ude0d","testimonial_text":"Verified Buyer","testimonial_product_id":2726,"youtube_url":"https:\/\/www.youtube.com\/watch?v=XHOmBV4js_E","vimeo_url":"https:\/\/vimeo.com\/235215203"},{"testimonial_name":"C\u00e9lodie F.","image":{"id":2898,"url":"https:\/\/wpglozin.com\/furniture\/wp-content\/uploads\/sites\/4\/2025\/04\/h-decor-test-4.webp","alt":"","source":"library","size":""},"testimonial_title":"Our customers reviews","testimonial_content":"A perfect product, it keeps you very warm without over heating. True to size, I couldn't be happier with the purchase... Thank you! \ud83e\udd17","testimonial_text":"Verified Buyer","testimonial_product_id":2700,"youtube_url":"https:\/\/www.youtube.com\/watch?v=XHOmBV4js_E","vimeo_url":"https:\/\/vimeo.com\/235215203","_id":"afaeb5f"},{"testimonial_name":"Algistino Lionel.","image":{"id":2899,"url":"https:\/\/wpglozin.com\/furniture\/wp-content\/uploads\/sites\/4\/2025\/04\/h-decor-test-5.webp","alt":"","source":"library","size":""},"testimonial_title":"Our customers reviews","testimonial_content":"These are sooo pretty and very comfy. Perfect color as well. I love wearing these with a neutral top and Chelsea boots. Wicked cute...\ud83d\ude0d","testimonial_text":"Verified Buyer","testimonial_product_id":2744,"youtube_url":"https:\/\/www.youtube.com\/watch?v=XHOmBV4js_E","vimeo_url":"https:\/\/vimeo.com\/235215203","_id":"abec9a0"}],"item_border_radius":{"unit":"px","top":"10","right":"10","bottom":"10","left":"10","isLinked":true},"slides_to_show_tablet":1,"slides_to_show_mobile":1,"navigation_classes_mobile":"dots","name_typography_font_size":{"unit":"px","size":2,"sizes":[]},"infinite":"yes","text_typography_typography":"custom","text_typography_font_style":"italic","aspect_ratio_type":"custom","aspect_ratio":"457:250","image_spacing_custom_tablet":30,"navigation_classes_tablet":"dots"},"elements":[],"isInner":false,"widgetType":"glozin-testimonial-carousel","elType":"widget"}],"isInner":false,"elType":"container"},{"id":"45521943","settings":{"margin":{"unit":"px","top":"0","right":"0","bottom":"90","left":"0","isLinked":false},"margin_mobile":{"unit":"px","top":"0","right":"0","bottom":"50","left":"0","isLinked":false}},"elements":[{"id":"db9dcba","settings":{"icons_box":[{"icon":{"value":{"id":"3083","url":"https:\/\/wpglozin.com\/decor\/wp-content\/uploads\/sites\/14\/2025\/05\/shipping.svg"},"library":"svg"},"title":"Free Shipping","description":"Enjoy free worldwide shipping and returns, with customs<br class=\"d-none d-block-xl\"\/> and duties taxes included.","_id":"3e74bd4","title_size":"h6","image":{"id":"","url":"https:\/\/wpglozin.com\/decor\/wp-content\/plugins\/elementor\/assets\/images\/placeholder.png"}},{"icon":{"value":{"id":"3084","url":"https:\/\/wpglozin.com\/decor\/wp-content\/uploads\/sites\/14\/2025\/05\/return.svg"},"library":"svg"},"title":"Free Returns","description":"Free returns within 15 days, please make sure the items<br class=\"d-none d-block-xl\"\/> are in undamaged condition.","_id":"50f8ad0","title_size":"h6","image":{"id":"","url":"https:\/\/wpglozin.com\/decor\/wp-content\/plugins\/elementor\/assets\/images\/placeholder.png"}},{"icon":{"value":{"id":"3085","url":"https:\/\/wpglozin.com\/decor\/wp-content\/uploads\/sites\/14\/2025\/05\/support.svg"},"library":"svg"},"title":"Support Online","description":"We support customers 24\/7, send questions we will<br class=\"d-none d-block-xl\"\/> solve for you immediately.","_id":"e734671","title_size":"h6","image":{"id":"","url":"https:\/\/wpglozin.com\/decor\/wp-content\/plugins\/elementor\/assets\/images\/placeholder.png"}}],"slides_to_show_mobile":1,"navigation_classes":"none","navigation_classes_mobile":"dots","icon_size":{"unit":"px","size":32,"sizes":[]},"slides_to_show_tablet":3,"navigation_classes_tablet":"none","alignment":"center","title_spacing":{"unit":"px","size":10,"sizes":[]},"title_size":"div"},"elements":[],"isInner":false,"widgetType":"glozin-icon-box-carousel","elType":"widget"}],"isInner":false,"elType":"container"}],"page_settings":{"header_layout":"v3","hide_page_header":"yes","content_top_spacing":"custom","content_top_padding":{"unit":"px","size":0,"sizes":[]},"content_bottom_spacing":"custom","content_bottom_padding":{"unit":"px","size":0,"sizes":[]},"hide_header_border":"yes"},"version":"0.4","title":"Home Decor","type":"page"}