{"content":[{"id":"1de20a87","settings":{"margin":{"unit":"px","top":"35","right":"0","bottom":"25","left":"0","isLinked":false},"margin_mobile":{"unit":"px","top":"25","right":"0","bottom":"25","left":"0","isLinked":false}},"elements":[{"id":"4d233447","settings":{"items":[{"image":{"id":3071,"url":"https:\/\/wpglozin.com\/wigs\/wp-content\/uploads\/sites\/12\/2025\/04\/h-wigs-cats-1.webp","alt":"","source":"library","size":""},"link":{"url":"https:\/\/wpglozin.com\/wigs\/shop\/?orderby=date","is_external":"","nofollow":"","custom_attributes":""},"title":"New Arrivals","_id":"d5e7b44","youtube_url":"https:\/\/www.youtube.com\/watch?v=XHOmBV4js_E","vimeo_url":"https:\/\/vimeo.com\/235215203"},{"image":{"id":3072,"url":"https:\/\/wpglozin.com\/wigs\/wp-content\/uploads\/sites\/12\/2025\/04\/h-wigs-cats-2.webp","alt":"","source":"library","size":""},"link":{"url":"https:\/\/wpglozin.com\/wigs\/shop\/?product_status=on_sale&filter=1","is_external":"","nofollow":"","custom_attributes":""},"title":"Top Selling","_id":"7356973","youtube_url":"https:\/\/www.youtube.com\/watch?v=XHOmBV4js_E","vimeo_url":"https:\/\/vimeo.com\/235215203"},{"image":{"id":3073,"url":"https:\/\/wpglozin.com\/wigs\/wp-content\/uploads\/sites\/12\/2025\/04\/h-wigs-cats-3.webp","alt":"","source":"library","size":""},"link":{"url":"https:\/\/wpglozin.com\/wigs\/product-category\/colored-wigs\/","is_external":"","nofollow":"","custom_attributes":""},"title":"Colored Wigs","_id":"4d06b1c","youtube_url":"https:\/\/www.youtube.com\/watch?v=XHOmBV4js_E","vimeo_url":"https:\/\/vimeo.com\/235215203"},{"image":{"id":3074,"url":"https:\/\/wpglozin.com\/wigs\/wp-content\/uploads\/sites\/12\/2025\/04\/h-wigs-cats-4.webp","alt":"","source":"library","size":""},"link":{"url":"https:\/\/wpglozin.com\/wigs\/product-category\/curly-wigs\/","is_external":"","nofollow":"","custom_attributes":""},"title":"Limited Design","_id":"61b98b5","youtube_url":"https:\/\/www.youtube.com\/watch?v=XHOmBV4js_E","vimeo_url":"https:\/\/vimeo.com\/235215203"},{"image":{"id":3075,"url":"https:\/\/wpglozin.com\/wigs\/wp-content\/uploads\/sites\/12\/2025\/04\/h-wigs-cats-5.webp","alt":"","source":"library","size":""},"link":{"url":"https:\/\/wpglozin.com\/wigs\/product-category\/short-wigs\/","is_external":"","nofollow":"","custom_attributes":""},"title":"Short Wigs","_id":"e8b3b87","youtube_url":"https:\/\/www.youtube.com\/watch?v=XHOmBV4js_E","vimeo_url":"https:\/\/vimeo.com\/235215203"},{"image":{"id":3076,"url":"https:\/\/wpglozin.com\/wigs\/wp-content\/uploads\/sites\/12\/2025\/04\/h-wigs-cats-6.webp","alt":"","source":"library","size":""},"link":{"url":"https:\/\/wpglozin.com\/wigs\/product-category\/glueless-wigs\/","is_external":"","nofollow":"","custom_attributes":""},"title":"Glueless Wigs","_id":"c0d0e33","youtube_url":"https:\/\/www.youtube.com\/watch?v=XHOmBV4js_E","vimeo_url":"https:\/\/vimeo.com\/235215203"},{"image":{"id":3077,"url":"https:\/\/wpglozin.com\/wigs\/wp-content\/uploads\/sites\/12\/2025\/04\/h-wigs-cats-7.gif","alt":"","source":"library","size":""},"link":{"url":"https:\/\/wpglozin.com\/wigs\/shop\/?product_status=on_sale&filter=1","is_external":"","nofollow":"","custom_attributes":""},"title":"<img width=\"14px\" height=\"14px\" src=\"https:\/\/wpglozin.com\/wigs\/wp-content\/uploads\/sites\/12\/2025\/04\/\ud83d\udd25.webp\" style=\"position: relative; top: -2px;\" alt=\"hot icon\"> Hot Deals","_id":"a28ecd0","youtube_url":"https:\/\/www.youtube.com\/watch?v=XHOmBV4js_E","vimeo_url":"https:\/\/vimeo.com\/235215203"},{"image":{"id":3078,"url":"https:\/\/wpglozin.com\/wigs\/wp-content\/uploads\/sites\/12\/2025\/04\/h-wigs-cats-8.webp","alt":"","source":"library","size":""},"link":{"url":"https:\/\/wpglozin.com\/wigs\/shop\/","is_external":"","nofollow":"","custom_attributes":""},"title":"Clearance Sales","_id":"ba30249","youtube_url":"https:\/\/www.youtube.com\/watch?v=XHOmBV4js_E","vimeo_url":"https:\/\/vimeo.com\/235215203"}],"slides_to_show":8,"image_spacing_custom":50,"image_border_radius":{"unit":"%","top":"50","right":"50","bottom":"50","left":"50","isLinked":true},"image_border_radius_tablet":{"unit":"%","top":"","right":"","bottom":"","left":"","isLinked":true},"image_border_radius_mobile":{"unit":"%","top":"","right":"","bottom":"","left":"","isLinked":true},"slides_to_show_tablet":6,"navigation_classes_tablet":"dots","image_width":{"unit":"px","size":100,"sizes":[]},"title_typography_typography":"custom","title_typography_font_size_tablet":{"unit":"px","size":13.5,"sizes":[]},"slides_to_show_mobile":3,"image_spacing_custom_mobile":20,"image_spacing_custom_tablet":15},"elements":[],"isInner":false,"widgetType":"glozin-image-box-carousel","elType":"widget"}],"isInner":false,"elType":"container"},{"id":"162b23c0","settings":{"content_width":"full","padding":{"unit":"px","top":"0","right":"30","bottom":"0","left":"30","isLinked":false},"padding_tablet":{"unit":"px","top":"0","right":"15","bottom":"0","left":"15","isLinked":false}},"elements":[{"id":"b0aa355","settings":{"slides":[{"title":"Save!<br class=\"d-none d-block-xl\"\/> 30-50%","button_text":"Shop Save","_id":"2c33a2b","before_title":"BUY 1 GET 1\u2014CANDY SUNSET!","banner_background_img":{"id":3084,"url":"https:\/\/wpglozin.com\/wigs\/wp-content\/uploads\/sites\/12\/2025\/04\/h-wigs-slide-1-scaled.webp","alt":"","source":"library","size":""},"background_position_mobile":"initial","background_position":"center center","background_position_x_mobile":{"unit":"%","size":86,"sizes":[]},"background_position_y_mobile":{"unit":"%","size":100,"sizes":[]},"banner_background_img_mobile":{"url":"https:\/\/wpglozin.com\/wigs\/wp-content\/uploads\/sites\/12\/2025\/04\/h-wigs-slide-mobile-1.webp","id":3085,"size":"","alt":"","source":"library"},"button_link":{"url":"https:\/\/wpglozin.com\/wigs\/shop\/","is_external":"","nofollow":"","custom_attributes":""}}],"slides_height":{"unit":"px","size":727,"sizes":[]},"slides_height_tablet":{"unit":"px","size":655,"sizes":[]},"slides_height_mobile":{"unit":"px","size":472,"sizes":[]},"navigation_classes_tablet":"dots","slides_horizontal_position_mobile":"center","slides_text_align_mobile":"center","slides_content_padding":{"unit":"%","top":"","right":"","bottom":"","left":"","isLinked":true},"slides_content_padding_tablet":{"unit":"px","top":"80","right":"20","bottom":"80","left":"20","isLinked":false},"slides_content_padding_mobile":{"unit":"px","top":"38","right":"15","bottom":"38","left":"15","isLinked":false},"title_color":"#FFFFFF","title_typography_typography":"custom","title_typography_font_size":{"unit":"px","size":90,"sizes":[]},"title_typography_font_size_tablet":{"unit":"px","size":64,"sizes":[]},"title_typography_font_size_mobile":{"unit":"px","size":38,"sizes":[]},"title_typography_font_weight":"600","title_typography_line_height_tablet":{"unit":"px","size":64,"sizes":[]},"title_typography_line_height_mobile":{"unit":"px","size":36,"sizes":[]},"title_typography_letter_spacing":{"unit":"px","size":-3.06,"sizes":[]},"title_spacing":{"unit":"px","size":40,"sizes":[]},"before_title_color":"#FFFFFF","before_title_typography_typography":"custom","before_title_typography_font_weight":"600","before_title_typography_text_transform":"capitalize","before_title_typography_line_height_tablet":{"unit":"custom","size":"","sizes":[]},"before_title_typography_line_height_mobile":{"unit":"custom","size":"","sizes":[]},"before_title_spacing":{"unit":"px","size":16,"sizes":[]},"button_typography_typography":"custom","button_typography_font_size":{"unit":"px","size":15,"sizes":[]},"button_typography_font_weight":"600","dots_spacing_tablet":{"unit":"px","size":20,"sizes":[]},"dots_spacing_mobile":{"unit":"px","size":10,"sizes":[]},"navigation_classes":"dots","slides_border_radius":{"unit":"px","top":"10","right":"10","bottom":"10","left":"10","isLinked":true},"before_title_typography_font_size":{"unit":"px","size":12,"sizes":[]},"button_style":"light","dot_item_color":"#FFFFFF","dot_item_active_color":"#FFFFFF","title_typography_letter_spacing_mobile":{"unit":"px","size":-1.3056,"sizes":[]},"title_spacing_mobile":{"unit":"px","size":16,"sizes":[]},"description_color":"#FFFFFF","description_typography_typography":"custom","description_typography_font_size":{"unit":"px","size":16,"sizes":[]},"aspect_ratio_type":"custom","aspect_ratio":"716:221","aspect_ratio_mobile_type":"custom","aspect_ratio_mobile":"6:5","title_typography_line_height":{"unit":"px","size":90,"sizes":[]},"before_title_spacing_tablet":{"unit":"px","size":17,"sizes":[]},"title_typography_letter_spacing_tablet":{"unit":"px","size":-2.16582,"sizes":[]},"title_spacing_tablet":{"unit":"px","size":35,"sizes":[]},"slides_horizontal_position":"center","slides_content_width":{"unit":"px","size":1380,"sizes":[]},"_css_classes":"glozin-smart-rtl-banner","button_min_width":{"unit":"px","size":200,"sizes":[]},"button_min_width_mobile":{"unit":"px","size":180,"sizes":[]},"aspect_ratio_type_mobile":"square","navigation_classes_mobile":"dots"},"elements":[],"isInner":false,"widgetType":"glozin-slides","elType":"widget"}],"isInner":false,"elType":"container"},{"id":"2f05fa07","settings":{"content_width":"full"},"elements":[{"id":"7742b4ed","settings":{"items":[{"text":"Great-Free returns product within 10 days","_id":"7da7f76","type":"icon","icon":{"value":{"url":"https:\/\/wpglozin.com\/wigs\/wp-content\/uploads\/sites\/12\/2025\/03\/star.svg","id":962},"library":"svg"},"image":{"id":3062,"url":"https:\/\/wpglozin.com\/wigs\/wp-content\/uploads\/sites\/12\/2025\/04\/woocommerce-placeholder-600x797-1.webp"}},{"text":"Subscribe and get 10% off your first purchase","type":"icon","icon":{"value":{"url":"https:\/\/wpglozin.com\/wigs\/wp-content\/uploads\/sites\/12\/2025\/03\/star.svg","id":962},"library":"svg"},"_id":"1451d8f","image":{"id":3063,"url":"https:\/\/wpglozin.com\/wigs\/wp-content\/uploads\/sites\/12\/2025\/04\/woocommerce-placeholder-600x797-2.webp"}}],"speed":0.2,"padding":{"unit":"px","top":"22","right":"0","bottom":"22","left":"0","isLinked":false},"gap":{"unit":"px","size":50,"sizes":[]},"border_border":"none","border_width":{"unit":"px","top":"1","right":"0","bottom":"1","left":"0","isLinked":false},"border_color":"#111111","spacing":{"unit":"px","size":50,"sizes":[]},"text_typography_typography":"custom","text_typography_font_size":{"unit":"px","size":15,"sizes":[]},"text_typography_font_weight":"600","text_color":"#111111","icon_size":{"unit":"px","size":12,"sizes":[]},"icon_color":"#111111"},"elements":[],"isInner":false,"widgetType":"glozin-marquee","elType":"widget"}],"isInner":false,"elType":"container"},{"id":"6777d57c","settings":{"flex_gap":{"column":"10","row":"10","isLinked":true,"unit":"px","size":10},"margin":{"unit":"px","top":"0","right":"0","bottom":"80","left":"0","isLinked":false},"margin_mobile":{"unit":"px","top":"0","right":"0","bottom":"65","left":"0","isLinked":false},"content_width":"full","padding":{"unit":"px","top":"0","right":"30","bottom":"0","left":"30","isLinked":false},"padding_tablet":{"unit":"px","top":"0","right":"15","bottom":"0","left":"15","isLinked":false}},"elements":[{"id":"56fcc269","settings":{"background_background":"classic","background_color":"#F8F1F4","border_radius":{"unit":"px","top":"10","right":"10","bottom":"10","left":"10","isLinked":true},"padding":{"unit":"px","top":"90","right":"0","bottom":"100","left":"0","isLinked":false},"flex_gap":{"column":"10","row":"10","isLinked":true,"unit":"px","size":10},"padding_tablet":{"unit":"px","top":"70","right":"15","bottom":"70","left":"15","isLinked":false},"padding_mobile":{"unit":"px","top":"65","right":"15","bottom":"70","left":"17","isLinked":false}},"elements":[{"id":"30283cca","settings":{"title":"Today's Deals\n","align":"center","typography_typography":"custom","typography_letter_spacing":{"unit":"px","size":-1.224,"sizes":[]}},"elements":[],"isInner":false,"widgetType":"glozin-heading","elType":"widget"},{"id":"6f64217a","settings":{"title":"Express your style with our standout collection\u2014fashion meets sophistication.","title_size":"div","align":"center","_padding":{"unit":"px","top":"0","right":"0","bottom":"23","left":"0","isLinked":false},"_padding_tablet":{"unit":"px","top":"0","right":"0","bottom":"23","left":"0","isLinked":false}},"elements":[],"isInner":false,"widgetType":"glozin-heading","elType":"widget"},{"id":"7071f422","settings":{"type":"custom_products","slides_to_show_tablet":3,"slides_to_show_mobile":1,"slides_to_scroll_mobile":2,"image_spacing_custom_mobile":15,"navigation_classes_mobile":"dots","alignment":"center","limit":6,"image_spacing_custom":20,"ids":"3030,2963,3040,3050,2921,2927","product_item_background_color":"#FFFFFF","product_item_padding":{"unit":"px","top":"0","right":"0","bottom":"20","left":"0","isLinked":false},"product_item_border_radius":{"unit":"px","top":"10","right":"10","bottom":"10","left":"10","isLinked":true},"product_image_border_radius":{"unit":"px","top":"10","right":"10","bottom":"0","left":"0","isLinked":false}},"elements":[],"isInner":false,"widgetType":"glozin-products-carousel","elType":"widget"}],"isInner":true,"elType":"container"}],"isInner":false,"elType":"container"},{"id":"1eea5e31","settings":{"flex_gap":{"column":"10","row":"10","isLinked":true,"unit":"px","size":10},"margin":{"unit":"px","top":"0","right":"0","bottom":"83","left":"0","isLinked":false},"margin_tablet":{"unit":"px","top":"0","right":"0","bottom":"80","left":"0","isLinked":false},"margin_mobile":{"unit":"px","top":"0","right":"0","bottom":"53","left":"0","isLinked":false}},"elements":[{"id":"b43ee04","settings":{"title":"Best Selling","align":"center","typography_typography":"custom","typography_letter_spacing":{"unit":"px","size":-1.224,"sizes":[]}},"elements":[],"isInner":false,"widgetType":"glozin-heading","elType":"widget"},{"id":"4bcd9144","settings":{"title":"Unmatched design\u2014superior performance and customer satisfaction in one.","title_size":"div","align":"center","_padding":{"unit":"px","top":"0","right":"0","bottom":"23","left":"0","isLinked":false},"_padding_tablet":{"unit":"px","top":"0","right":"0","bottom":"23","left":"0","isLinked":false}},"elements":[],"isInner":false,"widgetType":"glozin-heading","elType":"widget"},{"id":"55403097","settings":{"limit":8,"slides_rows":2,"slides_rows_mobile":1,"slides_to_show_mobile":2,"image_spacing_custom_tablet":15,"navigation_classes_tablet":"dots","navigation_classes_mobile":"dots","slides_rows_tablet":2,"slides_to_show_tablet":3,"slides_to_scroll_mobile":2,"type":"custom_products","ids":"3020,3010,2989,2983,3030,2973,2957,2999","image_spacing_custom_mobile":15},"elements":[],"isInner":false,"widgetType":"glozin-products-carousel","elType":"widget"},{"id":"21cd21e0","settings":{"button_text":"Show All Products","align":"center","button_link":{"url":"https:\/\/wpglozin.com\/wigs\/shop\/","is_external":"","nofollow":"","custom_attributes":""},"_margin":{"unit":"px","top":"25","right":"0","bottom":"0","left":"0","isLinked":false},"button_min_width":{"unit":"px","size":220,"sizes":[]},"button_min_width_mobile":{"unit":"px","size":200,"sizes":[]}},"elements":[],"isInner":false,"widgetType":"glozin-button","elType":"widget"}],"isInner":false,"elType":"container"},{"id":"4a16fb69","settings":{"flex_gap":{"column":"10","row":"10","isLinked":true,"unit":"px","size":10},"margin":{"unit":"px","top":"0","right":"0","bottom":"80","left":"0","isLinked":false},"margin_mobile":{"unit":"px","top":"0","right":"0","bottom":"57","left":"0","isLinked":false},"content_width":"full","padding":{"unit":"px","top":"0","right":"30","bottom":"0","left":"30","isLinked":false},"padding_tablet":{"unit":"px","top":"0","right":"15","bottom":"0","left":"15","isLinked":false}},"elements":[{"id":"67c7c5fc","settings":{"background_background":"classic","background_color":"#F8F1F4","border_radius":{"unit":"px","top":"10","right":"10","bottom":"10","left":"10","isLinked":true},"padding":{"unit":"px","top":"100","right":"0","bottom":"100","left":"0","isLinked":false},"padding_tablet":{"unit":"px","top":"80","right":"15","bottom":"80","left":"15","isLinked":false},"padding_mobile":{"unit":"px","top":"40","right":"15","bottom":"45","left":"15","isLinked":false}},"elements":[{"id":"3b8c54ca","settings":{"items":[{"image":{"id":3031,"url":"https:\/\/wpglozin.com\/wigs\/wp-content\/uploads\/sites\/12\/2025\/04\/products_wigs_2_1-min.webp","alt":"","source":"library","size":""},"link":{"url":"https:\/\/wpglozin.com\/wigs\/product-category\/curly-wigs\/","is_external":"","nofollow":"","custom_attributes":""},"title":"Under $517.00<br class=\"d-none d-block-xl\"\/>\nLavender Haze Styles","_id":"9a6fcea","youtube_url":"https:\/\/www.youtube.com\/watch?v=XHOmBV4js_E","vimeo_url":"https:\/\/vimeo.com\/235215203","description":"Step into elegance with natural looks and endless style.","button_text":"Explore Now"},{"image":{"id":"","url":"https:\/\/wpglozin.com\/wigs\/wp-content\/plugins\/elementor\/assets\/images\/placeholder.png"},"link":{"url":"https:\/\/wpglozin.com\/wigs\/product-category\/curly-wigs\/","is_external":"","nofollow":"","custom_attributes":""},"title":"Save $350.00<br class=\"d-none d-block-xl\"\/>\nBest Choice\u2014Blend Wigs","_id":"0947faa","image_type":"video","media_url":{"id":3086,"url":"https:\/\/wpglozin.com\/wigs\/wp-content\/uploads\/sites\/12\/2025\/04\/h-wigs-video.mp4","alt":"","source":"library","size":""},"youtube_url":"https:\/\/www.youtube.com\/watch?v=XHOmBV4js_E","vimeo_url":"https:\/\/vimeo.com\/235215203","description":"Explore our limited-edition collection for the latest trends.","button_text":"Explore Now","poster_url":{"url":"https:\/\/wpglozin.com\/wigs\/wp-content\/uploads\/sites\/12\/2025\/05\/h-activewear-video.webp","id":3299,"size":"","alt":"","source":"library"}},{"image":{"id":3041,"url":"https:\/\/wpglozin.com\/wigs\/wp-content\/uploads\/sites\/12\/2025\/04\/products_wigs_1_1-min.webp","alt":"","source":"library","size":""},"link":{"url":"https:\/\/wpglozin.com\/wigs\/product-category\/curly-wigs\/","is_external":"","nofollow":"","custom_attributes":""},"title":"Under $575.00<br class=\"d-none d-block-xl\"\/>\nTransform Your Look ","_id":"322a5f4","youtube_url":"https:\/\/www.youtube.com\/watch?v=XHOmBV4js_E","vimeo_url":"https:\/\/vimeo.com\/235215203","description":"Explore our exclusive pieces to elevate your look.","button_text":"Explore Now"}],"slides_to_show":3,"image_spacing_custom":20,"aspect_ratio_type":"custom","aspect_ratio":"457:600","title_typography_typography":"custom","title_typography_font_size":{"unit":"px","size":28,"sizes":[]},"title_typography_line_height":{"unit":"px","size":34,"sizes":[]},"title_typography_letter_spacing":{"unit":"px","size":-0.952,"sizes":[]},"description_typography_typography":"custom","description_typography_font_size":{"unit":"px","size":14,"sizes":[]},"image_spacing":{"unit":"px","size":24,"sizes":[]},"navigation_classes_tablet":"dots","navigation_classes_mobile":"dots","title_typography_font_size_tablet":{"unit":"px","size":24,"sizes":[]},"title_typography_font_size_mobile":{"unit":"px","size":23,"sizes":[]},"title_typography_line_height_tablet":{"unit":"px","size":28,"sizes":[]},"title_typography_line_height_mobile":{"unit":"px","size":"","sizes":[]},"slides_to_show_tablet":2,"slides_to_show_mobile":1,"button_min_width":{"unit":"px","size":200,"sizes":[]},"button_min_width_mobile":{"unit":"px","size":180,"sizes":[]}},"elements":[],"isInner":false,"widgetType":"glozin-image-box-carousel","elType":"widget"}],"isInner":true,"elType":"container"}],"isInner":false,"elType":"container"},{"id":"5a869508","settings":{"flex_gap":{"column":"10","row":"10","isLinked":true,"unit":"px","size":10},"margin":{"unit":"px","top":"0","right":"0","bottom":"83","left":"0","isLinked":false},"margin_tablet":{"unit":"px","top":"0","right":"0","bottom":"80","left":"0","isLinked":false},"margin_mobile":{"unit":"px","top":"0","right":"0","bottom":"53","left":"0","isLinked":false}},"elements":[{"id":"1e274d1a","settings":{"title":"Powerful Short Looks","align":"center","typography_typography":"custom","typography_letter_spacing":{"unit":"px","size":-1.224,"sizes":[]}},"elements":[],"isInner":false,"widgetType":"glozin-heading","elType":"widget"},{"id":"e825a2e","settings":{"title":"Check out today's trending favorites and discover the must-have picks!","title_size":"div","align":"center","_padding":{"unit":"px","top":"0","right":"0","bottom":"23","left":"0","isLinked":false},"_padding_tablet":{"unit":"px","top":"0","right":"0","bottom":"23","left":"0","isLinked":false}},"elements":[],"isInner":false,"widgetType":"glozin-heading","elType":"widget"},{"id":"58e7bc60","settings":{"type":"custom_products","slides_to_show_tablet":3,"slides_to_show_mobile":2,"slides_to_scroll_mobile":2,"image_spacing_custom_mobile":15,"navigation_classes_mobile":"dots","alignment":"center","limit":6,"image_spacing_custom":20,"sale_display":"yes","marquee_type":"icon","marquee_icon":{"value":{"url":"http:\/\/localhost\/glozin\/wp-content\/uploads\/sites\/32\/2025\/04\/h-activewear-marquee-product.svg","id":4950},"library":"svg"},"marquee_image":{"url":"http:\/\/localhost\/glozin\/wp-content\/uploads\/sites\/32\/2025\/04\/h-cosmetic-cats-4.jpg","id":4729,"size":"","alt":"","source":"library"},"marquee_text":"Hot Sale 10% off","slidesperview_auto_mobile":"yes","ids":"2947,2937,2927,2921,2957,2963"},"elements":[],"isInner":false,"widgetType":"glozin-products-carousel","elType":"widget"}],"isInner":false,"elType":"container"},{"id":"3286783b","settings":{"flex_direction":"row","flex_gap":{"unit":"px","size":20,"column":"20","row":"20","isLinked":true},"margin":{"unit":"px","top":"0","right":"0","bottom":"80","left":"0","isLinked":false},"flex_direction_tablet":"column","flex_gap_tablet":{"column":"20","row":"20","isLinked":true,"unit":"px","size":20},"margin_mobile":{"unit":"px","top":"0","right":"0","bottom":"60","left":"0","isLinked":false}},"elements":[{"id":"1e89af6d","settings":{"flex_direction":"column","content_width":"full","width":{"unit":"%","size":"33.3333"},"flex_justify_content":"space-between","width_tablet":{"unit":"%","size":100,"sizes":[]},"width_mobile":{"unit":"%","size":"","sizes":[]}},"elements":[{"id":"6842513c","settings":{"content_width":"full"},"elements":[{"id":"5d8a35a8","settings":{"title":"Featured items","title_size":"div","typography_typography":"custom","typography_font_size":{"unit":"px","size":12,"sizes":[]},"typography_font_weight":"600","typography_text_transform":"uppercase","_margin":{"unit":"px","top":"0","right":"0","bottom":"3","left":"0","isLinked":false},"title_color":"#111111"},"elements":[],"isInner":false,"widgetType":"glozin-heading","elType":"widget"},{"id":"6c6cb7ea","settings":{"title":"Transform Your Look<br class=\"d-none d-block-xl\"\/>\nPerfect Styles!","typography_typography":"custom","typography_letter_spacing":{"unit":"px","size":-1.224,"sizes":[]}},"elements":[],"isInner":false,"widgetType":"glozin-heading","elType":"widget"},{"id":"27036108","settings":{"title":"Elevate your look with premium, hand\u2014crafted wigs designed for timeless elegance.","title_size":"div"},"elements":[],"isInner":false,"widgetType":"glozin-heading","elType":"widget"}],"isInner":true,"elType":"container"},{"id":"1082cd60","settings":{"content_width":"full","width_mobile":{"unit":"%","size":100,"sizes":[]}},"elements":[{"id":"3437b8a3","settings":{"limit":1,"product_content_bg_color":"#F5F5F5","product_image_border_radius":{"unit":"px","top":"10","right":"0","bottom":"0","left":"10","isLinked":false},"product_content_border_radius":{"unit":"px","top":"10","right":"10","bottom":"10","left":"10","isLinked":true},"products":"custom_products","ids":"3030","product_content_padding_tablet":{"unit":"px","top":"0","right":"20","bottom":"0","left":"0","isLinked":false}},"elements":[],"isInner":false,"widgetType":"glozin-product-list","elType":"widget"}],"isInner":true,"elType":"container"}],"isInner":true,"elType":"container"},{"id":"27309375","settings":{"flex_direction":"column","content_width":"full","width":{"unit":"%","size":"66.6666"},"width_tablet":{"unit":"%","size":100,"sizes":[]},"width_mobile":{"unit":"%","size":"","sizes":[]}},"elements":[{"id":"6706fc2","settings":{"before_image":{"id":3092,"url":"https:\/\/wpglozin.com\/wigs\/wp-content\/uploads\/sites\/12\/2025\/04\/h-wigs-img-before.webp","alt":"","source":"library","size":""},"after_image":{"id":3093,"url":"https:\/\/wpglozin.com\/wigs\/wp-content\/uploads\/sites\/12\/2025\/04\/h-wigs-img-after.webp","alt":"","source":"library","size":""},"before_text":"Before","after_text":"After","button_style":"outline"},"elements":[],"isInner":false,"widgetType":"glozin-image-before-after","elType":"widget"}],"isInner":true,"elType":"container"}],"isInner":false,"elType":"container"},{"id":"23161a80","settings":{"flex_gap":{"column":"10","row":"10","isLinked":true,"unit":"px","size":10},"margin":{"unit":"px","top":"0","right":"0","bottom":"80","left":"0","isLinked":false},"margin_mobile":{"unit":"px","top":"0","right":"0","bottom":"57","left":"0","isLinked":false},"content_width":"full","padding":{"unit":"px","top":"0","right":"30","bottom":"0","left":"30","isLinked":false},"padding_tablet":{"unit":"px","top":"0","right":"15","bottom":"0","left":"15","isLinked":false}},"elements":[{"id":"35890732","settings":{"flex_gap":{"column":"10","row":"10","isLinked":true,"unit":"px","size":10},"background_background":"classic","background_color":"#F8F1F4","border_radius":{"unit":"px","top":"10","right":"10","bottom":"10","left":"10","isLinked":true},"padding":{"unit":"px","top":"100","right":"0","bottom":"100","left":"0","isLinked":false},"padding_tablet":{"unit":"px","top":"70","right":"15","bottom":"80","left":"15","isLinked":false},"padding_mobile":{"unit":"px","top":"65","right":"15","bottom":"75","left":"15","isLinked":false}},"elements":[{"id":"cf4a07b","settings":{"title":"Customer Say!","align":"center","typography_typography":"custom","typography_letter_spacing":{"unit":"px","size":-1.224,"sizes":[]}},"elements":[],"isInner":false,"widgetType":"glozin-heading","elType":"widget"},{"id":"7a6c2e66","settings":{"title":"Customers love our products and we always strive to please them all.","title_size":"div","align":"center","_padding":{"unit":"px","top":"0","right":"0","bottom":"23","left":"0","isLinked":false},"_padding_tablet":{"unit":"px","top":"0","right":"0","bottom":"23","left":"0","isLinked":false}},"elements":[],"isInner":false,"widgetType":"glozin-heading","elType":"widget"},{"id":"1a71453","settings":{"testimonials":[{"testimonial_name":"Michael","_id":"b8d95de","image":{"url":"","id":"","size":"","alt":"","source":"library"},"testimonial_title":"Our customers reviews","testimonial_content":"These are sooo pretty and very comfy. Perfect color as well. I love wearing these with a neutral top and Chelsea boots. Wicked cute...\ud83d\ude0d","testimonial_text":"Verified Buyer","testimonial_product_id":3030,"youtube_url":"https:\/\/www.youtube.com\/watch?v=XHOmBV4js_E","vimeo_url":"https:\/\/vimeo.com\/235215203"},{"testimonial_name":"Cameron Smith","_id":"dc164a9","image":{"url":"","id":"","size":"","alt":"","source":"library"},"testimonial_title":"Our customers reviews","testimonial_content":"A perfect product, it keeps you very warm without over heating. True to size, I couldn't be happier with the purchase... Thank you! \ud83e\udd17","testimonial_text":"Christopher","testimonial_product_id":2921,"video":{"url":"http:\/\/localhost\/glozin\/wp-content\/uploads\/2025\/04\/md-test-2.mp4","id":761,"size":"","alt":"","source":"library"},"youtube_url":"https:\/\/www.youtube.com\/watch?v=XHOmBV4js_E","vimeo_url":"https:\/\/vimeo.com\/235215203","media_url":{"url":"","id":"","size":"","alt":"","source":"library"}},{"testimonial_name":"Susan Gibson.","_id":"756f522","image":{"url":"","id":"","size":"","alt":"","source":"library"},"testimonial_title":"Our customers reviews","testimonial_content":"These are sooo pretty and very comfy. Perfect color as well. I love wearing these with a neutral top and Chelsea boots. Wicked cute...\ud83d\ude0d","testimonial_text":"Verified Buyer","testimonial_product_id":3040,"youtube_url":"https:\/\/www.youtube.com\/watch?v=XHOmBV4js_E","vimeo_url":"https:\/\/vimeo.com\/235215203"},{"testimonial_name":"C\u00e9lodie F.","image":{"url":"","id":"","size":"","alt":"","source":"library"},"testimonial_title":"Our customers reviews","testimonial_content":"A perfect product, it keeps you very warm without over heating. True to size, I couldn't be happier with the purchase... Thank you! \ud83e\udd17","testimonial_text":" Algistino Lionel.","testimonial_product_id":3010,"youtube_url":"https:\/\/www.youtube.com\/watch?v=XHOmBV4js_E","vimeo_url":"https:\/\/vimeo.com\/235215203","_id":"afaeb5f"},{"testimonial_name":"Algistino Lionel.","image":{"url":"","id":"","size":"","alt":"","source":"library"},"testimonial_title":"Our customers reviews","testimonial_content":"These are sooo pretty and very comfy. Perfect color as well. I love wearing these with a neutral top and Chelsea boots. Wicked cute...\ud83d\ude0d","testimonial_text":"Marie-Gos\u00e9e H.","testimonial_product_id":2973,"youtube_url":"https:\/\/www.youtube.com\/watch?v=XHOmBV4js_E","vimeo_url":"https:\/\/vimeo.com\/235215203","_id":"abec9a0"}],"item_border_radius":{"unit":"px","top":"10","right":"10","bottom":"10","left":"10","isLinked":true},"slides_to_show_tablet":2,"slides_to_show_mobile":1,"navigation_classes_mobile":"dots","name_typography_font_size":{"unit":"px","size":2,"sizes":[]},"infinite":"yes","text_typography_typography":"custom","text_typography_font_style":"italic","aspect_ratio_type":"custom","aspect_ratio":"457:250","slides_to_show":3,"image_spacing_custom":20,"autoplay":"yes","item_background_color":"#FFFFFF","product_padding":{"unit":"px","top":"20","right":"0","bottom":"0","left":"0","isLinked":false},"product_margin":{"unit":"px","top":"20","right":"0","bottom":"0","left":"0","isLinked":false},"navigation_classes_tablet":"dots","rating_margin":{"unit":"px","top":"0","right":"0","bottom":"8","left":"0","isLinked":false},"item_border_border":"none"},"elements":[],"isInner":false,"widgetType":"glozin-testimonial-carousel","elType":"widget"}],"isInner":true,"elType":"container"}],"isInner":false,"elType":"container"},{"id":"5225ea81","settings":{"flex_gap":{"column":"10","row":"10","isLinked":true,"unit":"px","size":10},"margin":{"unit":"px","top":"0","right":"0","bottom":"96","left":"0","isLinked":false},"margin_mobile":{"unit":"px","top":"0","right":"0","bottom":"80","left":"0","isLinked":false}},"elements":[{"id":"1dc85a8a","settings":{"title":"Shop by Gram","align":"center","typography_typography":"custom","typography_font_size_tablet":{"unit":"px","size":31,"sizes":[]},"typography_letter_spacing":{"unit":"px","size":-1.224,"sizes":[]}},"elements":[],"isInner":false,"widgetType":"glozin-heading","elType":"widget"},{"id":"1ba0119b","settings":{"title":"Inspire and let yourself be inspired, from one unique fashion to another.","title_size":"div","align":"center","_margin":{"unit":"px","top":"0","right":"0","bottom":"23","left":"0","isLinked":false}},"elements":[],"isInner":false,"widgetType":"glozin-heading","elType":"widget"},{"id":"66ddbb77","settings":{"images":[{"_id":"a5db3af","image":{"id":3101,"url":"https:\/\/wpglozin.com\/wigs\/wp-content\/uploads\/sites\/12\/2025\/04\/h-wigs-ins-1.webp","alt":"","source":"library","size":""},"youtube_url":"https:\/\/www.youtube.com\/watch?v=XHOmBV4js_E","vimeo_url":"https:\/\/vimeo.com\/235215203","shoppable_images":896},{"_id":"9f28fe5","media_url":{"id":"","url":"https:\/\/wpglozin.com\/wigs\/wp-content\/plugins\/elementor\/assets\/images\/placeholder.png"},"youtube_url":"https:\/\/www.youtube.com\/watch?v=XHOmBV4js_E","vimeo_url":"https:\/\/vimeo.com\/235215203","shoppable_images":918,"image":{"id":3102,"url":"https:\/\/wpglozin.com\/wigs\/wp-content\/uploads\/sites\/12\/2025\/04\/h-wigs-ins-2.webp","alt":"","source":"library","size":""}},{"_id":"6ff2e88","image":{"id":3103,"url":"https:\/\/wpglozin.com\/wigs\/wp-content\/uploads\/sites\/12\/2025\/04\/h-wigs-ins-3.webp","alt":"","source":"library","size":""},"youtube_url":"https:\/\/www.youtube.com\/watch?v=XHOmBV4js_E","vimeo_url":"https:\/\/vimeo.com\/235215203","shoppable_images":934},{"_id":"5b009bf","image":{"id":3104,"url":"https:\/\/wpglozin.com\/wigs\/wp-content\/uploads\/sites\/12\/2025\/04\/h-wigs-ins-4.webp","alt":"","source":"library","size":""},"youtube_url":"https:\/\/www.youtube.com\/watch?v=XHOmBV4js_E","vimeo_url":"https:\/\/vimeo.com\/235215203","shoppable_images":949},{"_id":"8d7cc63","media_url":{"id":"","url":"https:\/\/wpglozin.com\/wigs\/wp-content\/plugins\/elementor\/assets\/images\/placeholder.png"},"youtube_url":"https:\/\/www.youtube.com\/watch?v=XHOmBV4js_E","vimeo_url":"https:\/\/vimeo.com\/235215203","shoppable_images":962,"image":{"id":3105,"url":"https:\/\/wpglozin.com\/wigs\/wp-content\/uploads\/sites\/12\/2025\/04\/h-wigs-ins-5.webp","alt":"","source":"library","size":""}},{"_id":"4277078","image":{"id":3106,"url":"https:\/\/wpglozin.com\/wigs\/wp-content\/uploads\/sites\/12\/2025\/04\/h-wigs-ins-6.webp","alt":"","source":"library","size":""},"youtube_url":"https:\/\/www.youtube.com\/watch?v=XHOmBV4js_E","vimeo_url":"https:\/\/vimeo.com\/235215203","shoppable_images":971},{"_id":"f1f36bf","image":{"id":3107,"url":"https:\/\/wpglozin.com\/wigs\/wp-content\/uploads\/sites\/12\/2025\/04\/h-wigs-ins-7.webp","alt":"","source":"library","size":""},"youtube_url":"https:\/\/www.youtube.com\/watch?v=XHOmBV4js_E","vimeo_url":"https:\/\/vimeo.com\/235215203"},{"_id":"e93c1c2","image":{"id":3108,"url":"https:\/\/wpglozin.com\/wigs\/wp-content\/uploads\/sites\/12\/2025\/04\/h-wigs-ins-8.webp","alt":"","source":"library","size":""},"youtube_url":"https:\/\/www.youtube.com\/watch?v=XHOmBV4js_E","vimeo_url":"https:\/\/vimeo.com\/235215203"},{"_id":"87bebc0","image":{"id":3109,"url":"https:\/\/wpglozin.com\/wigs\/wp-content\/uploads\/sites\/12\/2025\/04\/h-wigs-ins-9.webp","alt":"","source":"library","size":""},"youtube_url":"https:\/\/www.youtube.com\/watch?v=XHOmBV4js_E","vimeo_url":"https:\/\/vimeo.com\/235215203"},{"_id":"1c98a9f","image":{"id":3110,"url":"https:\/\/wpglozin.com\/wigs\/wp-content\/uploads\/sites\/12\/2025\/04\/h-wigs-ins-10.webp","alt":"","source":"library","size":""},"youtube_url":"https:\/\/www.youtube.com\/watch?v=XHOmBV4js_E","vimeo_url":"https:\/\/vimeo.com\/235215203"}],"slides_to_show_tablet":3,"slides_to_show_mobile":2,"navigation_classes":"none","navigation_classes_tablet":"dots","navigation_classes_mobile":"dots","slides_to_show":5,"slides_rows":2,"icon_position":"middle"},"elements":[],"isInner":false,"widgetType":"glozin-shoppable-images-carousel","elType":"widget"}],"isInner":false,"elType":"container"},{"id":"46647d45","settings":{"margin":{"unit":"px","top":"0","right":"0","bottom":"82","left":"0","isLinked":false},"margin_tablet":{"unit":"px","top":"0","right":"0","bottom":"42","left":"0","isLinked":false},"margin_mobile":{"unit":"px","top":"0","right":"0","bottom":"50","left":"0","isLinked":false}},"elements":[{"id":"255f06aa","settings":{"icons_box":[{"icon":{"value":{"url":"https:\/\/wpglozin.com\/wigs\/wp-content\/uploads\/sites\/12\/2025\/04\/shipping.svg","id":3119},"library":"svg"},"title":"Free Shipping","description":"Enjoy free worldwide shipping and returns, with<br class=\"d-none d-block-xl\"\/> customs and duties taxes included.","_id":"3e74bd4","title_size":"h6","image":{"id":"","url":"https:\/\/wpglozin.com\/wigs\/wp-content\/plugins\/elementor\/assets\/images\/placeholder.png"}},{"icon":{"value":{"url":"https:\/\/wpglozin.com\/wigs\/wp-content\/uploads\/sites\/12\/2025\/04\/return.svg","id":3118},"library":"svg"},"title":"Free Returns","description":"Free returns within 15 days, please make sure the<br class=\"d-none d-block-xl\"\/> items are in undamaged condition.","_id":"50f8ad0","title_size":"h6","image":{"id":"","url":"https:\/\/wpglozin.com\/wigs\/wp-content\/plugins\/elementor\/assets\/images\/placeholder.png"}},{"icon":{"value":{"url":"https:\/\/wpglozin.com\/wigs\/wp-content\/uploads\/sites\/12\/2025\/04\/support.svg","id":3120},"library":"svg"},"title":"Support Online","description":"We support customers 24\/7, send questions we will<br class=\"d-none d-block-xl\"\/> solve for you immediately.","title_size":"h6","image":{"id":"","url":"https:\/\/wpglozin.com\/wigs\/wp-content\/plugins\/elementor\/assets\/images\/placeholder.png"},"_id":"0918d8f"}],"slides_to_show_mobile":1,"navigation_classes":"none","navigation_classes_mobile":"dots","icon_size":{"unit":"px","size":32,"sizes":[]},"slides_to_show_tablet":3,"navigation_classes_tablet":"dots","alignment":"center","title_spacing":{"unit":"px","size":10,"sizes":[]},"vertical_alignment":"middle","icon_border_color":"#EBEBEB","border_radius":{"unit":"%","top":"","right":"","bottom":"","left":"","isLinked":true},"icon_spacing":{"unit":"px","size":14,"sizes":[]},"icon_color":"#111111","title_size":"div"},"elements":[],"isInner":false,"widgetType":"glozin-icon-box-carousel","elType":"widget"}],"isInner":false,"elType":"container"}],"page_settings":{"hide_page_header":"yes","page_header_top_padding":{"unit":"px","size":0,"sizes":[]},"content_top_spacing":"custom","content_top_padding":{"unit":"px","size":0,"sizes":[]},"content_bottom_spacing":"custom","content_bottom_padding":{"unit":"px","size":0,"sizes":[]}},"version":"0.4","title":"Home Wigs","type":"page"}