{"content":[{"id":"1f028071","settings":{"content_width":"full","padding":{"unit":"px","top":"0","right":"30","bottom":"0","left":"30","isLinked":false},"padding_tablet":{"unit":"px","top":"0","right":"15","bottom":"0","left":"15","isLinked":false},"margin":{"unit":"px","top":"0","right":"0","bottom":"30","left":"0","isLinked":false},"margin_tablet":{"unit":"px","top":"0","right":"0","bottom":"25","left":"0","isLinked":false},"margin_mobile":{"unit":"px","top":"0","right":"0","bottom":"22","left":"0","isLinked":false}},"elements":[{"id":"16d88f3d","settings":{"slides":[{"title":"Latest Campaign","button_text":"Shop Collection","_id":"6c9a149","banner_background_img":{"id":3308,"url":"https:\/\/wpglozin.com\/jewelry\/wp-content\/uploads\/sites\/10\/2025\/05\/gl-slides-1.webp","alt":"","source":"library","size":""},"banner_background_img_mobile":{"url":"https:\/\/wpglozin.com\/jewelry\/wp-content\/uploads\/sites\/10\/2025\/05\/gl-slides-mb-1.webp","id":3311,"size":"","alt":"","source":"library"},"before_title":"WEEK'S HIGHLIGHTS","button_link":{"url":"#","is_external":"","nofollow":"","custom_attributes":""}},{"title":"Gold Best Sellers","button_text":"Shop Collection","banner_background_img":{"id":3309,"url":"https:\/\/wpglozin.com\/jewelry\/wp-content\/uploads\/sites\/10\/2025\/05\/gl-slides-2.webp","alt":"","source":"library","size":""},"banner_background_img_mobile":{"url":"https:\/\/wpglozin.com\/jewelry\/wp-content\/uploads\/sites\/10\/2025\/05\/gl-slides-mb-2.webp","id":3312,"size":"","alt":"","source":"library"},"before_title":"WEEK'S HIGHLIGHTS","_id":"cbd8b70","button_link":{"url":"#","is_external":"","nofollow":"","custom_attributes":""}},{"title":"Opulent Treasures","button_text":"Shop Collection","banner_background_img":{"id":3310,"url":"https:\/\/wpglozin.com\/jewelry\/wp-content\/uploads\/sites\/10\/2025\/05\/gl-slides-3.webp","alt":"","source":"library","size":""},"banner_background_img_mobile":{"url":"https:\/\/wpglozin.com\/jewelry\/wp-content\/uploads\/sites\/10\/2025\/05\/gl-slides-mb-3.webp","id":3313,"size":"","alt":"","source":"library"},"before_title":"WEEK'S HIGHLIGHTS","_id":"d2af517","button_link":{"url":"#","is_external":"","nofollow":"","custom_attributes":""}}],"aspect_ratio_type":"custom","aspect_ratio":"1920:920","aspect_ratio_mobile_type":"custom","aspect_ratio_mobile":"115:157.22333333333","effect":"fade","navigation_classes":"dots","navigation_classes_tablet":"dots","navigation_classes_mobile":"dots","slides_border_radius_tablet":{"unit":"px","top":"5","right":"5","bottom":"5","left":"5","isLinked":true},"slides_horizontal_position":"center","slides_vertical_position":"bottom","slides_text_align":"center","slides_content_padding":{"unit":"px","top":"0","right":"0","bottom":"100","left":"0","isLinked":false},"slides_content_padding_tablet":{"unit":"px","top":"0","right":"0","bottom":"79","left":"0","isLinked":false},"slides_content_padding_mobile":{"unit":"px","top":"0","right":"0","bottom":"64","left":"0","isLinked":false},"before_title_color":"#FFFFFF","before_title_typography_typography":"custom","before_title_typography_font_size":{"unit":"px","size":13,"sizes":[]},"before_title_typography_font_weight":"600","before_title_spacing":{"unit":"px","size":15,"sizes":[]},"title_color":"#FFFFFF","title_typography_typography":"custom","title_typography_font_size":{"unit":"px","size":50,"sizes":[]},"title_typography_font_size_tablet":{"unit":"px","size":39,"sizes":[]},"title_typography_font_size_mobile":{"unit":"px","size":32,"sizes":[]},"title_typography_font_weight":"600","title_typography_letter_spacing":{"unit":"px","size":-1.7,"sizes":[]},"title_spacing":{"unit":"px","size":30,"sizes":[]},"button_style":"light","dots_spacing_tablet":{"unit":"px","size":15,"sizes":[]},"dot_item_color":"#FFFFFF","dot_item_active_color":"#FFFFFF","slides_border_radius":{"unit":"px","top":"5","right":"5","bottom":"5","left":"5","isLinked":true},"autoplay":"yes","autoplay_speed":7000,"button_min_width":{"unit":"px","size":200,"sizes":[]},"button_min_width_mobile":{"unit":"px","size":180,"sizes":[]},"aspect_ratio_type_mobile":"vertical","dot_alignment":"center"},"elements":[],"isInner":false,"widgetType":"glozin-slides","elType":"widget"}],"isInner":false,"elType":"container"},{"id":"4d1cba5d","settings":{"content_width":"full","margin":{"unit":"px","top":"0","right":"0","bottom":"80","left":"0","isLinked":false},"margin_mobile":{"unit":"px","top":"0","right":"0","bottom":"60","left":"0","isLinked":false},"padding":{"unit":"px","top":"0","right":"30","bottom":"0","left":"30","isLinked":false},"padding_tablet":{"unit":"px","top":"0","right":"15","bottom":"0","left":"15","isLinked":false}},"elements":[{"id":"45435f1e","settings":{"source":"custom","number":4,"items":[{"_id":"827a9a1","image":{"id":3314,"url":"https:\/\/wpglozin.com\/jewelry\/wp-content\/uploads\/sites\/10\/2025\/05\/gl-cat-1.webp","alt":"","source":"library","size":""},"product_cat":"necklaces","product_cat_description":"Elegance that graces your neckline."},{"image":{"id":3315,"url":"https:\/\/wpglozin.com\/jewelry\/wp-content\/uploads\/sites\/10\/2025\/05\/gl-cat-2.webp","alt":"","source":"library","size":""},"product_cat":"rings","product_cat_description":"Fresh luxury, crafted to captivate.","_id":"5943ee7"},{"image":{"id":3316,"url":"https:\/\/wpglozin.com\/jewelry\/wp-content\/uploads\/sites\/10\/2025\/05\/gl-cat-3.webp","alt":"","source":"library","size":""},"product_cat":"bracelets","product_cat_description":"Wristwear that defines sophistication.","_id":"af59b4a"},{"image":{"id":3317,"url":"https:\/\/wpglozin.com\/jewelry\/wp-content\/uploads\/sites\/10\/2025\/05\/gl-cat-4.webp","alt":"","source":"library","size":""},"product_cat":"earrings","product_cat_description":"Delicate drops of timeless beauty.","_id":"5d59895"}],"hide_cat_count":"","hide_cat_description":"","aspect_ratio_type":"custom","aspect_ratio":"453.75:643.95","view_all_btn_title":"View All","view_all_btn_text":"Click here","slides_to_show_tablet":3,"slides_to_show_mobile":1,"image_spacing_custom":10,"navigation_classes":"none","navigation_classes_tablet":"none","navigation_classes_mobile":"dots","slidesperview_auto_mobile":"yes","content_position":"side","side_content_padding":{"unit":"px","top":"30","right":"30","bottom":"30","left":"30","isLinked":true},"side_content_padding_mobile":{"unit":"px","top":"15","right":"15","bottom":"20","left":"15","isLinked":false},"image_border_radius":{"unit":"px","top":"5","right":"5","bottom":"5","left":"5","isLinked":true},"title_typography_typography":"custom","title_typography_font_size":{"unit":"px","size":24,"sizes":[]},"title_typography_font_size_tablet":{"unit":"px","size":21,"sizes":[]},"title_color":"#FFFFFF","count_typography_typography":"custom","count_typography_font_size":{"unit":"px","size":12,"sizes":[]},"description_color":"#FFFFFF","description_spacing":{"unit":"px","size":5,"sizes":[]},"view_all_btn_image":{"id":3298,"url":"https:\/\/wpglozin.com\/jewelry\/wp-content\/uploads\/sites\/10\/2025\/05\/woocommerce-placeholder-600x600-3.webp"},"show_cat_count":"yes","show_cat_description":"yes","content_align":""},"elements":[],"isInner":false,"widgetType":"glozin-categories-carousel","elType":"widget"}],"isInner":false,"elType":"container"},{"id":"70a522da","settings":{"flex_gap":{"column":"10","row":"10","isLinked":true,"unit":"px","size":10},"margin":{"unit":"px","top":"0","right":"0","bottom":"33","left":"0","isLinked":false},"boxed_width":{"unit":"px","size":1600,"sizes":[]}},"elements":[{"id":"25f197a","settings":{"title":"Explore Featured Items","align":"center","typography_typography":"custom","typography_letter_spacing":{"unit":"px","size":-1.224,"sizes":[]}},"elements":[],"isInner":false,"widgetType":"glozin-heading","elType":"widget"},{"id":"1e4c9947","settings":{"title":"Unmatched design\u2014superior performance and customer satisfaction in one.","title_size":"div","align":"center"},"elements":[],"isInner":false,"widgetType":"glozin-heading","elType":"widget"}],"isInner":false,"elType":"container"},{"id":"299dad45","settings":{"boxed_width":{"unit":"px","size":1600,"sizes":[]},"margin":{"unit":"px","top":"0","right":"0","bottom":"80","left":"0","isLinked":false},"margin_mobile":{"unit":"px","top":"0","right":"0","bottom":"60","left":"0","isLinked":false}},"elements":[{"id":"3c0fe3cd","settings":{"image_spacing_custom":10,"reveal_on_scroll":"yes","slides_to_show_tablet":3,"slides_to_show_mobile":1,"slides_to_scroll_tablet":3,"slides_to_scroll_mobile":1,"navigation_classes_tablet":"dots","navigation_classes_mobile":"dots","slidesperview_auto_mobile":"yes","limit":8,"type":"recent_products","ids":",3125,3135,3115,3145,3104,3094,3084,3075"},"elements":[],"isInner":false,"widgetType":"glozin-products-carousel","elType":"widget"}],"isInner":false,"elType":"container"},{"id":"20dbe17d","settings":{"flex_direction":"row","flex_gap":{"column":"10","row":"10","isLinked":true,"unit":"px","size":10},"content_width":"full","flex_gap_mobile":{"column":"20","row":"20","isLinked":true,"unit":"px","size":20},"margin":{"unit":"px","top":"0","right":"0","bottom":"80","left":"0","isLinked":false},"margin_mobile":{"unit":"px","top":"0","right":"0","bottom":"60","left":"0","isLinked":false},"padding":{"unit":"px","top":"0","right":"30","bottom":"0","left":"30","isLinked":false},"padding_tablet":{"unit":"px","top":"0","right":"15","bottom":"0","left":"15","isLinked":false},"flex_direction_tablet":"column"},"elements":[{"id":"1b692010","settings":{"flex_direction":"column","content_width":"full","width":{"unit":"%","size":"50"},"width_tablet":{"unit":"%","size":100,"sizes":[]},"width_mobile":{"unit":"%","size":"","sizes":[]}},"elements":[{"id":"37182c81","settings":{"image":{"id":3474,"url":"https:\/\/wpglozin.com\/gleam-luxe\/wp-content\/uploads\/sites\/16\/2025\/06\/h-lux-banner-1-new.webp","alt":"","source":"library","size":""},"aspect_ratio_type":"custom","aspect_ratio":"1.42:1","button_text":"View Products","products_title":"Shop the Look","ids":"125,114,123,3115,3094,3125","horizontal_position_tablet":"left","horizontal_position_mobile":"center","banner_padding_tablet":{"unit":"px","top":"0","right":"0","bottom":"30","left":"30","isLinked":false},"banner_padding_mobile":{"unit":"px","top":"0","right":"0","bottom":"30","left":"0","isLinked":false},"border_radius":{"unit":"px","top":"5","right":"5","bottom":"5","left":"5","isLinked":true},"aspect_ratio_type_mobile":"vertical","button_min_width":{"unit":"px","size":200,"sizes":[]},"button_min_width_mobile":{"unit":"px","size":180,"sizes":[]}},"elements":[],"isInner":false,"widgetType":"glozin-banner-products","elType":"widget"}],"isInner":true,"elType":"container"},{"id":"686d2e3","settings":{"flex_direction":"column","content_width":"full","width":{"unit":"%","size":"50"},"width_tablet":{"unit":"%","size":100,"sizes":[]},"width_mobile":{"unit":"%","size":"","sizes":[]}},"elements":[{"id":"58985e81","settings":{"image":{"id":3475,"url":"https:\/\/wpglozin.com\/gleam-luxe\/wp-content\/uploads\/sites\/16\/2025\/06\/h-lux-banner-2-new.webp","alt":"","source":"library","size":""},"aspect_ratio_type":"custom","aspect_ratio":"1.42:1","button_text":"View Products","products_title":"Shop the Look","ids":"125,114,123,3026,3016,3009","horizontal_position_tablet":"left","horizontal_position_mobile":"center","banner_padding_tablet":{"unit":"px","top":"0","right":"0","bottom":"30","left":"30","isLinked":false},"banner_padding_mobile":{"unit":"px","top":"0","right":"0","bottom":"30","left":"0","isLinked":false},"border_radius":{"unit":"px","top":"5","right":"5","bottom":"5","left":"5","isLinked":true},"aspect_ratio_type_mobile":"vertical","button_min_width":{"unit":"px","size":200,"sizes":[]},"button_min_width_mobile":{"unit":"px","size":180,"sizes":[]}},"elements":[],"isInner":false,"widgetType":"glozin-banner-products","elType":"widget"}],"isInner":true,"elType":"container"}],"isInner":false,"elType":"container"},{"id":"65d15346","settings":{"boxed_width":{"unit":"px","size":1370,"sizes":[]},"margin":{"unit":"px","top":"0","right":"0","bottom":"80","left":"0","isLinked":false},"margin_mobile":{"unit":"px","top":"0","right":"0","bottom":"60","left":"0","isLinked":false}},"elements":[{"id":"13b2b046","settings":{"product_id":3051,"gallery_layout":"","summary_horizontal_position":"center","summary_vertical_position":"middle","summary_text_align":"center","summary_padding":{"unit":"px","top":"0","right":"67","bottom":"0","left":"67","isLinked":false},"summary_padding_tablet":{"unit":"px","top":"0","right":"0","bottom":"0","left":"0","isLinked":false}},"elements":[],"isInner":false,"widgetType":"glozin-product-showcase","elType":"widget"}],"isInner":false,"elType":"container"},{"id":"3efc60a2","settings":{"content_width":"full","flex_direction":"row","flex_gap":{"column":"10","row":"10","isLinked":true,"unit":"px","size":10},"flex_gap_mobile":{"column":"20","row":"20","isLinked":true,"unit":"px","size":20},"margin":{"unit":"px","top":"0","right":"0","bottom":"80","left":"0","isLinked":false},"margin_mobile":{"unit":"px","top":"0","right":"0","bottom":"60","left":"0","isLinked":false},"padding":{"unit":"px","top":"0","right":"30","bottom":"0","left":"30","isLinked":false},"padding_tablet":{"unit":"px","top":"0","right":"15","bottom":"0","left":"15","isLinked":false}},"elements":[{"id":"6d663dbd","settings":{"banners":[{"image":{"id":3320,"url":"https:\/\/wpglozin.com\/jewelry\/wp-content\/uploads\/sites\/10\/2025\/05\/gl-bn-3.webp","alt":"","source":"library","size":""},"button_text":"Shop Save","button_link":{"url":"#","is_external":"","nofollow":"","custom_attributes":""},"_id":"d1678a6","youtube_url":"https:\/\/www.youtube.com\/watch?v=XHOmBV4js_E","vimeo_url":"https:\/\/vimeo.com\/235215203","sub_title":"SPECIAL 50% OFF","title":"Limited Time Deals","icon_type_image":{"id":3299,"url":"https:\/\/wpglozin.com\/jewelry\/wp-content\/uploads\/sites\/10\/2025\/05\/placeholder-2.png"}},{"banner_type":"video","image":{"url":"","id":"","size":"","alt":"","source":"library"},"button_text":"Shop Collection","button_link":{"url":"#","is_external":"","nofollow":"","custom_attributes":""},"media_url":{"id":"","url":"https:\/\/wpglozin.com\/jewelry\/wp-content\/plugins\/elementor\/assets\/images\/placeholder.png"},"poster_url":{"id":3321,"url":"https:\/\/wpglozin.com\/gleam-luxe\/wp-content\/uploads\/sites\/16\/2025\/05\/gl-bn-4.webp","alt":"","source":"library","size":""},"youtube_url":"https:\/\/www.youtube.com\/watch?v=XHOmBV4js_E","vimeo_url":"https:\/\/vimeo.com\/235215203","sub_title":"LATEST COLLECTION","title":"Susan and Gos\u00e9e","_id":"de066ab","video_source":"hosted","hosted_url":"\/\/glozin-demo.myshopify.com\/cdn\/shop\/videos\/c\/vp\/d25c5ce0c8c64e2888d80e69c10cdf29\/d25c5ce0c8c64e2888d80e69c10cdf29.HD-1080p-4.8Mbps-36296657.mp4","icon_type_image":{"id":3300,"url":"https:\/\/wpglozin.com\/jewelry\/wp-content\/uploads\/sites\/10\/2025\/05\/placeholder-3.png"}},{"image":{"id":3322,"url":"https:\/\/wpglozin.com\/jewelry\/wp-content\/uploads\/sites\/10\/2025\/05\/gl-bn-5.webp","alt":"","source":"library","size":""},"button_text":"Shop Save","button_link":{"url":"#","is_external":"","nofollow":"","custom_attributes":""},"youtube_url":"https:\/\/www.youtube.com\/watch?v=XHOmBV4js_E","vimeo_url":"https:\/\/vimeo.com\/235215203","sub_title":"EXCELLENT DESIGN","title":"14CT Solid Gold","_id":"123025a","icon_type_image":{"id":3301,"url":"https:\/\/wpglozin.com\/jewelry\/wp-content\/uploads\/sites\/10\/2025\/05\/placeholder-4.png"}}],"aspect_ratio_type":"custom","aspect_ratio":"608.33:645.03","slides_to_show":3,"navigation_classes":"none","navigation_classes_tablet":"dots","banner_padding":{"unit":"px","top":"0","right":"0","bottom":"49","left":"0","isLinked":false},"banner_padding_tablet":{"unit":"px","top":"0","right":"0","bottom":"35","left":"0","isLinked":false},"banner_padding_mobile":{"unit":"px","top":"0","right":"0","bottom":"32","left":"0","isLinked":false},"border_radius":{"unit":"px","top":"5","right":"5","bottom":"5","left":"5","isLinked":true},"sub_title_margin":{"unit":"px","top":"0","right":"0","bottom":"10","left":"0","isLinked":false},"title_typography_typography":"custom","title_typography_font_size":{"unit":"px","size":36,"sizes":[]},"title_typography_font_size_tablet":{"unit":"px","size":31,"sizes":[]},"title_typography_font_size_mobile":{"unit":"px","size":29,"sizes":[]},"title_typography_line_height":{"unit":"custom","size":"1.21","sizes":[]},"title_typography_line_height_tablet":{"unit":"custom","size":"","sizes":[]},"title_typography_line_height_mobile":{"unit":"custom","size":"","sizes":[]},"title_typography_letter_spacing":{"unit":"px","size":-1.224,"sizes":[]},"title_margin":{"unit":"px","top":"0","right":"0","bottom":"25","left":"0","isLinked":false},"slides_to_show_tablet":2,"slides_to_show_mobile":1,"button_min_width":{"unit":"px","size":180,"sizes":[]}},"elements":[],"isInner":false,"widgetType":"glozin-banner-carousel","elType":"widget"}],"isInner":false,"elType":"container"},{"id":"5e668e1c","settings":{"flex_gap":{"column":"10","row":"10","isLinked":true,"unit":"px","size":10},"margin":{"unit":"px","top":"0","right":"0","bottom":"33","left":"0","isLinked":false},"boxed_width":{"unit":"px","size":1600,"sizes":[]}},"elements":[{"id":"4d180e20","settings":{"title":"Trending This Season","align":"center","typography_typography":"custom","typography_letter_spacing":{"unit":"px","size":-1.224,"sizes":[]}},"elements":[],"isInner":false,"widgetType":"glozin-heading","elType":"widget"},{"id":"1e081ef3","settings":{"title":"Unmatched design\u2014superior performance and customer satisfaction in one.","title_size":"div","align":"center"},"elements":[],"isInner":false,"widgetType":"glozin-heading","elType":"widget"}],"isInner":false,"elType":"container"},{"id":"32a036ce","settings":{"boxed_width":{"unit":"px","size":1600,"sizes":[]},"margin":{"unit":"px","top":"0","right":"0","bottom":"80","left":"0","isLinked":false},"margin_mobile":{"unit":"px","top":"0","right":"0","bottom":"60","left":"0","isLinked":false}},"elements":[{"id":"1180f017","settings":{"image_spacing_custom":10,"reveal_on_scroll":"yes","slides_to_show_tablet":3,"slides_to_show_mobile":1,"slides_to_scroll_tablet":3,"slides_to_scroll_mobile":1,"navigation_classes_tablet":"dots","navigation_classes_mobile":"dots","slidesperview_auto_mobile":"yes","limit":8,"type":"recent_products","ids":"3094,3075,3065,3058,3084,3125,3135,3145"},"elements":[],"isInner":false,"widgetType":"glozin-products-carousel","elType":"widget"}],"isInner":false,"elType":"container"},{"id":"2c485790","settings":{"margin":{"unit":"px","top":"0","right":"0","bottom":"80","left":"0","isLinked":false},"margin_mobile":{"unit":"px","top":"0","right":"0","bottom":"60","left":"0","isLinked":false},"boxed_width":{"unit":"px","size":1000,"sizes":[]}},"elements":[{"id":"78e70311","settings":{"testimonials":[{"testimonial_name":"Algistino Lionel.","youtube_url":"https:\/\/www.youtube.com\/watch?v=XHOmBV4js_E","vimeo_url":"https:\/\/vimeo.com\/235215203","testimonial_text":"Verified Buyer","testimonial_content":"A perfect product, it keeps you very warm without over heating. True to size, I couldn't be happier with the purchase... Thank you! \ud83e\udd17","testimonial_product_id":3058,"_id":"3432b2c"},{"testimonial_name":"Susan Gibson.","_id":"d8cf0db","youtube_url":"https:\/\/www.youtube.com\/watch?v=XHOmBV4js_E","vimeo_url":"https:\/\/vimeo.com\/235215203","testimonial_text":"Verified Buyer","testimonial_content":"Great to be able to order everything I needed from the comfort of my home and the delivery was extremely quick. Recommend... \ud83e\udd70","testimonial_product_id":3125},{"_id":"5cbb681","youtube_url":"https:\/\/www.youtube.com\/watch?v=XHOmBV4js_E","vimeo_url":"https:\/\/vimeo.com\/235215203","testimonial_name":"Cameron Smith.","testimonial_text":"Verified Buyer","testimonial_content":"These are sooo pretty and very comfy. Perfect color as well. I love wearing these with a neutral top and Chelsea boots. Wicked cute...\ud83d\ude0d","testimonial_product_id":3009}],"slides_to_show":1,"summary_text_align":"center","item_border_border":"none","summary_padding":{"unit":"px","top":"0","right":"10","bottom":"0","left":"10","isLinked":false},"rating_size":{"unit":"px","size":14,"sizes":[]},"rating_margin":{"unit":"px","top":"0","right":"0","bottom":"8","left":"0","isLinked":false},"name_text_spacing":{"unit":"px","size":22,"sizes":[]},"content_color":"#111111","content_typography_typography":"custom","content_typography_font_size":{"unit":"px","size":24,"sizes":[]},"content_typography_font_weight":"500","content_typography_line_height":{"unit":"custom","size":"1.41","sizes":[]},"content_typography_line_height_tablet":{"unit":"custom","size":"","sizes":[]},"content_typography_line_height_mobile":{"unit":"custom","size":"","sizes":[]},"product_direction":"column","product_padding":{"unit":"px","top":"0","right":"0","bottom":"0","left":"0","isLinked":false},"product_margin":{"unit":"px","top":"35","right":"0","bottom":"0","left":"0","isLinked":false},"product_border_border":"none","navigation_classes_mobile":"dots","rating_gap":{"unit":"px","size":2,"sizes":[]},"name_text_spacing_tablet":{"unit":"px","size":14,"sizes":[]},"content_typography_font_size_tablet":{"unit":"px","size":18,"sizes":[]},"product_gap":{"unit":"px","size":12,"sizes":[]},"item_padding":{"unit":"px","top":"0","right":"175","bottom":"0","left":"175","isLinked":false},"item_padding_tablet":{"unit":"px","top":"0","right":"44","bottom":"0","left":"44","isLinked":false},"item_padding_mobile":{"unit":"px","top":"0","right":"0","bottom":"0","left":"0","isLinked":false},"slides_to_show_tablet":1,"slides_to_show_mobile":1},"elements":[],"isInner":false,"widgetType":"glozin-testimonial-carousel","elType":"widget"}],"isInner":false,"elType":"container"},{"id":"586d2e7f","settings":{"content_width":"full","flex_direction":"row","flex_gap":{"column":"10","row":"10","isLinked":true,"unit":"px","size":10},"flex_gap_mobile":{"column":"20","row":"20","isLinked":true,"unit":"px","size":20},"padding":{"unit":"px","top":"0","right":"30","bottom":"0","left":"30","isLinked":false},"padding_tablet":{"unit":"px","top":"0","right":"15","bottom":"0","left":"15","isLinked":false}},"elements":[{"id":"68fcf417","settings":{"banners":[{"image":{"id":3323,"url":"https:\/\/wpglozin.com\/jewelry\/wp-content\/uploads\/sites\/10\/2025\/05\/gl-bn-6.webp","alt":"","source":"library","size":""},"button_text":"About Us","button_link":{"url":"#","is_external":"","nofollow":"","custom_attributes":""},"_id":"d0b1c03","youtube_url":"https:\/\/www.youtube.com\/watch?v=XHOmBV4js_E","vimeo_url":"https:\/\/vimeo.com\/235215203","sub_title":"ABOUT GLOZIN","title":"Heritage Luxury","icon_type_image":{"id":3302,"url":"https:\/\/wpglozin.com\/jewelry\/wp-content\/uploads\/sites\/10\/2025\/05\/placeholder-5.png"}},{"image":{"id":3324,"url":"https:\/\/wpglozin.com\/jewelry\/wp-content\/uploads\/sites\/10\/2025\/05\/gl-bn-7.webp","alt":"","source":"library","size":""},"button_text":"Our Stores","button_link":{"url":"#","is_external":"","nofollow":"","custom_attributes":""},"youtube_url":"https:\/\/www.youtube.com\/watch?v=XHOmBV4js_E","vimeo_url":"https:\/\/vimeo.com\/235215203","sub_title":"GLOZIN STORES","title":"Explore Our Store","_id":"2e6b3cb","icon_type_image":{"id":3303,"url":"https:\/\/wpglozin.com\/jewelry\/wp-content\/uploads\/sites\/10\/2025\/05\/placeholder-6.png"}}],"aspect_ratio_type":"custom","aspect_ratio":"131.07142857143:92.102857142857","slides_to_show":2,"slides_to_show_tablet":1,"navigation_classes":"none","navigation_classes_tablet":"dots","text_align":"","banner_padding":{"unit":"px","top":"35","right":"35","bottom":"35","left":"35","isLinked":true},"banner_padding_tablet":{"unit":"px","top":"24","right":"18","bottom":"24","left":"18","isLinked":false},"banner_padding_mobile":{"unit":"px","top":"22","right":"15","bottom":"22","left":"15","isLinked":false},"border_radius":{"unit":"px","top":"5","right":"5","bottom":"5","left":"5","isLinked":true},"title_typography_typography":"custom","title_typography_font_size":{"unit":"px","size":36,"sizes":[]},"title_typography_font_size_tablet":{"unit":"px","size":31,"sizes":[]},"title_typography_font_size_mobile":{"unit":"px","size":29,"sizes":[]},"title_typography_line_height":{"unit":"custom","size":"1.21","sizes":[]},"title_typography_line_height_tablet":{"unit":"custom","size":"","sizes":[]},"title_typography_line_height_mobile":{"unit":"custom","size":"","sizes":[]},"title_typography_letter_spacing":{"unit":"px","size":-1.224,"sizes":[]},"title_margin":{"unit":"px","top":"0","right":"0","bottom":"30","left":"0","isLinked":false},"slides_to_show_mobile":1,"button_min_width":{"unit":"px","size":180,"sizes":[]}},"elements":[],"isInner":false,"widgetType":"glozin-banner-carousel","elType":"widget"}],"isInner":false,"elType":"container"}],"page_settings":{"hide_page_header":"yes","content_top_spacing":"custom","content_top_padding":{"unit":"px","size":0,"sizes":[]},"content_bottom_spacing":"custom","content_bottom_padding":{"unit":"px","size":0,"sizes":[]},"hide_header_border":"yes","hide_footer_border":"yes"},"version":"0.4","title":"Home Gleam Luxe","type":"page"}