{"content":[{"id":"506acffe","settings":{"content_width":"full","margin":{"unit":"px","top":"0","right":"0","bottom":"90","left":"0","isLinked":false},"margin_mobile":{"unit":"px","top":"0","right":"0","bottom":"50","left":"0","isLinked":false}},"elements":[{"id":"244d42e5","settings":{"slides":[{"title":"Online Exclusive","button_text":"Shop Collection","_id":"2c33a2b","before_title":"Sweater Collection","banner_background_img":{"id":2818,"url":"https:\/\/wpglozin.com\/fashion\/wp-content\/uploads\/sites\/2\/2025\/06\/md-slds-1.webp","alt":"","source":"library","size":""},"background_position_mobile":"center center","banner_background_img_mobile":{"url":"https:\/\/wpglozin.com\/fashion\/wp-content\/uploads\/sites\/2\/2025\/07\/sm-slds-1.webp","id":3056,"size":"","alt":"","source":"library"},"background_position":"center center","background_position_tablet":"center center","button_link":{"url":"#","is_external":"","nofollow":"","custom_attributes":""}},{"title":"Super Comfort","button_text":"Shop Collection","_id":"3ee2046","before_title":"Season Collection","banner_background_img":{"id":2866,"url":"https:\/\/wpglozin.com\/fashion\/wp-content\/uploads\/sites\/2\/2025\/06\/h-main-slide-2-new-scaled-1.webp","alt":"","source":"library","size":""},"background_position_mobile":"center center","banner_background_img_mobile":{"url":"https:\/\/wpglozin.com\/fashion\/wp-content\/uploads\/sites\/2\/2025\/04\/sm-slds-2.webp","id":1739,"size":"","alt":"","source":"library"},"background_position_tablet":"center center","button_link":{"url":"#","is_external":"","nofollow":"","custom_attributes":""}},{"title":"High-Top Design","button_text":"Shop Collection","_id":"de0d679","before_title":"Look Exclusive","banner_background_img":{"id":2867,"url":"https:\/\/wpglozin.com\/fashion\/wp-content\/uploads\/sites\/2\/2025\/06\/h-main-slide-3-new-scaled-1.webp","alt":"","source":"library","size":""},"background_position_mobile":"center center","banner_background_img_mobile":{"url":"https:\/\/wpglozin.com\/fashion\/wp-content\/uploads\/sites\/2\/2025\/04\/sm-slds-3.webp","id":1738,"size":"","alt":"","source":"library"},"background_position_tablet":"center center","button_link":{"url":"#","is_external":"","nofollow":"","custom_attributes":""}}],"slides_height":{"unit":"px","size":808,"sizes":[]},"slides_height_tablet":{"unit":"px","size":540,"sizes":[]},"slides_height_mobile":{"unit":"px","size":501,"sizes":[]},"navigation_classes_tablet":"dots","slides_horizontal_position_mobile":"center","slides_vertical_position":"bottom","slides_text_align_mobile":"center","slides_content_padding":{"unit":"px","top":"60","right":"30","bottom":"60","left":"30","isLinked":false},"slides_content_padding_tablet":{"unit":"px","top":"40","right":"0","bottom":"40","left":"0","isLinked":false},"slides_content_padding_mobile":{"unit":"px","top":"38","right":"0","bottom":"50","left":"0","isLinked":false},"title_color":"#111111","title_typography_typography":"custom","title_typography_font_size":{"unit":"px","size":70,"sizes":[]},"title_typography_font_size_tablet":{"unit":"px","size":49,"sizes":[]},"title_typography_font_size_mobile":{"unit":"px","size":44,"sizes":[]},"title_typography_font_weight":"600","title_typography_line_height_tablet":{"unit":"custom","size":"","sizes":[]},"title_typography_line_height_mobile":{"unit":"custom","size":"","sizes":[]},"title_typography_letter_spacing":{"unit":"em","size":-0.034,"sizes":[]},"title_spacing":{"unit":"px","size":12,"sizes":[]},"before_title_color":"#111111","before_title_typography_typography":"custom","before_title_typography_font_weight":"500","before_title_typography_text_transform":"capitalize","before_title_typography_line_height_tablet":{"unit":"custom","size":"","sizes":[]},"before_title_typography_line_height_mobile":{"unit":"custom","size":"","sizes":[]},"before_title_spacing":{"unit":"px","size":0,"sizes":[]},"button_typography_typography":"custom","button_typography_font_size":{"unit":"px","size":15,"sizes":[]},"button_typography_font_weight":"600","dots_spacing_tablet":{"unit":"px","size":20,"sizes":[]},"dots_spacing_mobile":{"unit":"px","size":15,"sizes":[]},"navigation_classes":"both","effect":"fade","dots_spacing":{"unit":"px","size":30,"sizes":[]},"title_typography_letter_spacing_tablet":{"unit":"em","size":"","sizes":[]},"title_typography_letter_spacing_mobile":{"unit":"em","size":"","sizes":[]},"slides_container_width":{"unit":"%","size":100,"sizes":[]},"slides_border_radius":{"unit":"px","top":"0","right":"0","bottom":"0","left":"0","isLinked":true},"autoplay_speed":7000,"aspect_ratio_type":"custom","aspect_ratio":"1920:860","button_min_width":{"unit":"px","size":200,"sizes":[]},"button_min_width_mobile":{"unit":"px","size":170,"sizes":[]},"aspect_ratio_type_mobile":"vertical","autoplay":"yes"},"elements":[],"isInner":false,"widgetType":"glozin-slides","elType":"widget"}],"isInner":false,"elType":"container"},{"id":"451f37c","settings":{"flex_gap":{"column":"10","row":"10","isLinked":true,"unit":"px","size":10},"margin":{"unit":"px","top":"0","right":"0","bottom":"33","left":"0","isLinked":false}},"elements":[{"id":"48ff08eb","settings":{"title":"Top Collections","align":"center","typography_typography":"custom","typography_letter_spacing":{"unit":"em","size":-0.034,"sizes":[]},"typography_letter_spacing_tablet":{"unit":"em","size":"","sizes":[]},"typography_letter_spacing_mobile":{"unit":"em","size":"","sizes":[]}},"elements":[],"isInner":false,"widgetType":"glozin-heading","elType":"widget"},{"id":"2e887bc6","settings":{"title":"Express your style with our standout collection\u2014fashion meets sophistication.","title_size":"div","align":"center"},"elements":[],"isInner":false,"widgetType":"glozin-heading","elType":"widget"}],"isInner":false,"elType":"container"},{"id":"d25001a","settings":{"margin":{"unit":"px","top":"0","right":"0","bottom":"90","left":"0","isLinked":false},"margin_mobile":{"unit":"px","top":"0","right":"0","bottom":"50","left":"0","isLinked":false}},"elements":[{"id":"1bde00ad","settings":{"heading":"This is the heading","source":"custom","items":[{"image":{"id":1874,"url":"https:\/\/wpglozin.com\/fashion\/wp-content\/uploads\/sites\/2\/2025\/04\/md-cat-1.jpg","alt":"","source":"library","size":""},"product_cat":"tops","_id":"4045fa0"},{"_id":"5a26175","image":{"id":1875,"url":"https:\/\/wpglozin.com\/fashion\/wp-content\/uploads\/sites\/2\/2025\/04\/md-cat-2.jpg","alt":"","source":"library","size":""},"product_cat":"t-shirts"},{"image":{"id":1876,"url":"https:\/\/wpglozin.com\/fashion\/wp-content\/uploads\/sites\/2\/2025\/04\/md-cat-3.jpg","alt":"","source":"library","size":""},"product_cat":"blazers","_id":"197aedd"},{"image":{"id":1877,"url":"https:\/\/wpglozin.com\/fashion\/wp-content\/uploads\/sites\/2\/2025\/04\/md-cat-4.jpg","alt":"","source":"library","size":""},"product_cat":"coats","_id":"80c24b5"},{"image":{"id":1878,"url":"https:\/\/wpglozin.com\/fashion\/wp-content\/uploads\/sites\/2\/2025\/04\/md-cat-5.jpg","alt":"","source":"library","size":""},"product_cat":"sweaters","_id":"f3d534d"},{"image":{"id":1879,"url":"https:\/\/wpglozin.com\/fashion\/wp-content\/uploads\/sites\/2\/2025\/04\/md-cat-6.jpg","alt":"","source":"library","size":""},"product_cat":"hoodies","_id":"d4bd654"}],"button_text":"","view_all_btn_title":"View All","view_all_btn_text":"Click here","slides_to_show":6,"slides_to_show_tablet":4,"image_spacing_custom":54,"image_spacing_custom_tablet":30,"navigation_classes_tablet":"dots","content_align":"center","image_border_radius":{"unit":"px","top":"150","right":"150","bottom":"150","left":"150","isLinked":true},"slides_to_show_mobile":3,"image_spacing_custom_mobile":15,"title_typography_typography":"custom","title_typography_font_size_mobile":{"unit":"px","size":14,"sizes":[]},"navigation_classes":"none","view_all_btn_image":{"id":1425,"url":"https:\/\/raw.githubusercontent.com\/uixthemeswp\/glozin\/refs\/heads\/main\/demo-content\/woocommerce-placeholder-300x400-1.png"},"image_max_width_tablet":{"unit":"px","size":220,"sizes":[]},"image_max_width":{"unit":"px","size":185,"sizes":[]},"image_size":"medium"},"elements":[],"isInner":false,"widgetType":"glozin-categories-carousel","elType":"widget"}],"isInner":false,"elType":"container"},{"id":"35a5a38c","settings":{"flex_gap":{"column":"10","row":"10","isLinked":true,"unit":"px","size":10},"margin":{"unit":"px","top":"0","right":"0","bottom":"33","left":"0","isLinked":false}},"elements":[{"id":"64d85e45","settings":{"title":"Best Selling","align":"center","typography_typography":"custom","typography_letter_spacing":{"unit":"em","size":-0.034,"sizes":[]},"typography_letter_spacing_tablet":{"unit":"em","size":"","sizes":[]},"typography_letter_spacing_mobile":{"unit":"em","size":"","sizes":[]}},"elements":[],"isInner":false,"widgetType":"glozin-heading","elType":"widget"},{"id":"2dd00cf2","settings":{"title":"Unmatched design\u2014superior performance and customer satisfaction in one.","title_size":"div","align":"center"},"elements":[],"isInner":false,"widgetType":"glozin-heading","elType":"widget"}],"isInner":false,"elType":"container"},{"id":"47b579e2","settings":{"margin":{"unit":"px","top":"0","right":"0","bottom":"90","left":"0","isLinked":false},"margin_mobile":{"unit":"px","top":"0","right":"0","bottom":"50","left":"0","isLinked":false}},"elements":[{"id":"3b82008a","settings":{"slides_to_show_tablet":3,"slides_to_show_mobile":2,"slides_to_scroll_mobile":2,"image_spacing_custom_mobile":15,"navigation_classes_mobile":"dots","alignment":"center","hide_product_outofstock":"yes","type":"recent_products","ids":"298,318,327,288,229","navigation_classes_tablet":"dots"},"elements":[],"isInner":false,"widgetType":"glozin-products-carousel","elType":"widget"}],"isInner":false,"elType":"container"},{"id":"956229","settings":{"flex_direction":"row","flex_gap":{"column":"30","row":"30","isLinked":true,"unit":"px","size":30},"flex_gap_tablet":{"column":"15","row":"15","isLinked":true,"unit":"px","size":15},"margin":{"unit":"px","top":"0","right":"0","bottom":"90","left":"0","isLinked":false},"margin_mobile":{"unit":"px","top":"0","right":"0","bottom":"50","left":"0","isLinked":false}},"elements":[{"id":"66cfe927","settings":{"content_width":"full"},"elements":[{"id":"1493f239","settings":{"image":{"id":3032,"url":"https:\/\/wpglozin.com\/fashion\/wp-content\/uploads\/sites\/2\/2025\/07\/md-bn-1.webp","alt":"","source":"library","size":""},"button_text":"View Products","height_tablet":{"unit":"px","size":450,"sizes":[]},"height_mobile":{"unit":"px","size":498,"sizes":[]},"products_ids":"105,97","ids":",1556,1560","products_title":"Shop the Look","button_min_width":{"unit":"px","size":200,"sizes":[]},"button_min_width_tablet":{"unit":"px","size":185,"sizes":[]}},"elements":[],"isInner":false,"widgetType":"glozin-banner-products","elType":"widget"}],"isInner":true,"elType":"container"},{"id":"33068f88","settings":{"content_width":"full"},"elements":[{"id":"271b94f6","settings":{"title":"Today's Big Deals","button_text":"Shop Sale","image":{"id":3033,"url":"https:\/\/wpglozin.com\/fashion\/wp-content\/uploads\/sites\/2\/2025\/07\/md-bn-2.webp","alt":"","source":"library","size":""},"sub_title":"DON'T MISS OUT...","description":"Sale up to 75% all items. Hurry Up!","height_tablet":{"unit":"px","size":450,"sizes":[]},"height_mobile":{"unit":"px","size":498,"sizes":[]},"button_min_width_mobile":{"unit":"px","size":185,"sizes":[]},"button_link":{"url":"#","is_external":"","nofollow":"","custom_attributes":""},"aspect_ratio_type":"vertical","youtube_url":"https:\/\/www.youtube.com\/watch?v=XHOmBV4js_E","vimeo_url":"https:\/\/vimeo.com\/235215203","due_date":"2040-07-12 12:00","button_min_width":{"unit":"px","size":200,"sizes":[]},"button_min_width_tablet":{"unit":"px","size":185,"sizes":[]},"banner_padding_tablet":{"unit":"px","top":"10","right":"0","bottom":"25","left":"0","isLinked":false},"banner_padding_mobile":{"unit":"px","top":"30","right":"0","bottom":"30","left":"0","isLinked":false},"title_typography_typography":"custom","title_typography_font_size_tablet":{"unit":"px","size":28,"sizes":[]},"title_typography_font_size_mobile":{"unit":"px","size":30,"sizes":[]}},"elements":[],"isInner":false,"widgetType":"glozin-banner","elType":"widget"}],"isInner":true,"elType":"container"},{"id":"2081e0e5","settings":{"content_width":"full","flex_gap":{"column":"","row":"","isLinked":true,"unit":"px","size":null}},"elements":[{"id":"60e61bc0","settings":{"image":{"id":3028,"url":"https:\/\/wpglozin.com\/fashion\/wp-content\/uploads\/sites\/2\/2025\/07\/md-bn-3.webp","alt":"","source":"library","size":""},"button_text":"View Products","height_tablet":{"unit":"px","size":450,"sizes":[]},"height_mobile":{"unit":"px","size":498,"sizes":[]},"products_ids":"104,100","ids":"1564,1560","products_title":"Shop the Look","button_min_width":{"unit":"px","size":200,"sizes":[]},"button_min_width_tablet":{"unit":"px","size":185,"sizes":[]}},"elements":[],"isInner":false,"widgetType":"glozin-banner-products","elType":"widget"}],"isInner":true,"elType":"container"}],"isInner":false,"elType":"container"},{"id":"6286d4e9","settings":{"content_width":"full","margin":{"unit":"px","top":"0","right":"0","bottom":"90","left":"0","isLinked":false},"margin_mobile":{"unit":"px","top":"0","right":"0","bottom":"50","left":"0","isLinked":false}},"elements":[{"id":"613e2312","settings":{"items":[{"text":"Express Your True Self","_id":"0f21550","image":{"id":1889,"url":"https:\/\/wpglozin.com\/fashion\/wp-content\/uploads\/sites\/2\/2025\/04\/md-marquee-1.jpg","alt":"","source":"library","size":""}},{"text":"Exclusive Seasonal Picks","_id":"8c57c6f","image":{"id":1890,"url":"https:\/\/wpglozin.com\/fashion\/wp-content\/uploads\/sites\/2\/2025\/04\/md-marquee-2.jpg","alt":"","source":"library","size":""}},{"text":"Exclusive Seasonal Picks","_id":"d9ca78b","image":{"id":1891,"url":"https:\/\/wpglozin.com\/fashion\/wp-content\/uploads\/sites\/2\/2025\/04\/md-marquee-3.jpg","alt":"","source":"library","size":""}}],"text_color":"#111111"},"elements":[],"isInner":false,"widgetType":"glozin-marquee","elType":"widget"}],"isInner":false,"elType":"container"},{"id":"326eff22","settings":{"flex_gap":{"column":"10","row":"10","isLinked":true,"unit":"px","size":10},"margin":{"unit":"px","top":"0","right":"0","bottom":"33","left":"0","isLinked":false}},"elements":[{"id":"40d2e84d","settings":{"title":"Trending Outfits","align":"center","typography_typography":"custom","typography_letter_spacing":{"unit":"em","size":-0.034,"sizes":[]},"typography_letter_spacing_tablet":{"unit":"em","size":"","sizes":[]},"typography_letter_spacing_mobile":{"unit":"em","size":"","sizes":[]}},"elements":[],"isInner":false,"widgetType":"glozin-heading","elType":"widget"},{"id":"224d1a1a","settings":{"title":"Unmatched design\u2014superior performance and customer satisfaction in one.","title_size":"div","align":"center"},"elements":[],"isInner":false,"widgetType":"glozin-heading","elType":"widget"}],"isInner":false,"elType":"container"},{"id":"cea234c","settings":{"margin":{"unit":"px","top":"0","right":"0","bottom":"90","left":"0","isLinked":false},"margin_mobile":{"unit":"px","top":"0","right":"0","bottom":"50","left":"0","isLinked":false}},"elements":[{"id":"796e1b1b","settings":{"slides_to_show_tablet":3,"slides_to_show_mobile":2,"slides_to_scroll_mobile":2,"image_spacing_custom_mobile":15,"navigation_classes_mobile":"dots","alignment":"center","type":"recent_products","ids":",274,267,281,260,1073","navigation_classes_tablet":"dots","hide_product_outofstock":"yes"},"elements":[],"isInner":false,"widgetType":"glozin-products-carousel","elType":"widget"}],"isInner":false,"elType":"container"},{"id":"23a0a79b","settings":{"flex_gap":{"column":"10","row":"10","isLinked":true,"unit":"px","size":10},"margin":{"unit":"px","top":"0","right":"0","bottom":"33","left":"0","isLinked":false}},"elements":[{"id":"346f7cf5","settings":{"title":"Customer Say!","align":"center","typography_typography":"custom","typography_letter_spacing":{"unit":"em","size":-0.034,"sizes":[]},"typography_letter_spacing_tablet":{"unit":"em","size":"","sizes":[]},"typography_letter_spacing_mobile":{"unit":"em","size":"","sizes":[]}},"elements":[],"isInner":false,"widgetType":"glozin-heading","elType":"widget"},{"id":"52ccdcee","settings":{"title":"Customers love our products and we always strive to please them all.","title_size":"div","align":"center"},"elements":[],"isInner":false,"widgetType":"glozin-heading","elType":"widget"}],"isInner":false,"elType":"container"},{"id":"120f8a62","settings":{"margin":{"unit":"px","top":"0","right":"0","bottom":"90","left":"0","isLinked":false},"margin_mobile":{"unit":"px","top":"0","right":"0","bottom":"50","left":"0","isLinked":false}},"elements":[{"id":"29b8495b","settings":{"testimonials":[{"testimonial_name":"Carie-Gos\u00e9e H.","_id":"b8d95de","image":{"id":1892,"url":"https:\/\/wpglozin.com\/fashion\/wp-content\/uploads\/sites\/2\/2025\/04\/md-test-1.jpg","alt":"","source":"library","size":""},"testimonial_title":"Our customers reviews","testimonial_content":"These are sooo pretty and very comfy. Perfect color as well. I love wearing these with a neutral top and Chelsea boots. Wicked cute... <img draggable=\"false\"  width=\"15px\" height=\"15px\" role=\"img\" class=\"emoji\" alt=\"\ud83d\ude0d\" src=\"https:\/\/s.w.org\/images\/core\/emoji\/15.1.0\/svg\/1f60d.svg\">","testimonial_text":"Verified Buyer","testimonial_product_id":236,"youtube_url":"https:\/\/www.youtube.com\/watch?v=XHOmBV4js_E","vimeo_url":"https:\/\/vimeo.com\/235215203","testimonial_image":{"id":1426,"url":"https:\/\/raw.githubusercontent.com\/uixthemeswp\/glozin\/refs\/heads\/main\/demo-content\/placeholder.png"},"testimonial_icon":{"value":{"url":"https:\/\/wpglozin.com\/fashion\/wp-content\/uploads\/sites\/2\/2025\/04\/check.svg","id":1901},"library":"svg"}},{"testimonial_name":"Cameron Smith","_id":"dc164a9","image":{"url":"","id":"","size":"","alt":"","source":"library"},"testimonial_title":"Our customers reviews","testimonial_content":"A perfect product, it keeps you very warm without over heating. True to size, I couldn't be happier with the purchase... Thank you! <img draggable=\"false\" width=\n\"15px\" height=\"15px\" role=\"img\" class=\"emoji\" alt=\"\ud83e\udd17\" src=\"https:\/\/s.w.org\/images\/core\/emoji\/15.1.0\/svg\/1f917.svg\">","testimonial_text":"Verified Buyer","testimonial_product_id":229,"source":"video","video":{"url":"https:\/\/raw.githubusercontent.com\/uixthemeswp\/glozin\/refs\/heads\/main\/demo-content\/md-test-2.mp4","id":761,"size":"","alt":"","source":"library"},"youtube_url":"https:\/\/www.youtube.com\/watch?v=XHOmBV4js_E","vimeo_url":"https:\/\/vimeo.com\/235215203","media_url":{"id":"","url":"https:\/\/raw.githubusercontent.com\/uixthemeswp\/glozin\/refs\/heads\/main\/demo-content\/placeholder.png"},"testimonial_image":{"id":1427,"url":"https:\/\/raw.githubusercontent.com\/uixthemeswp\/glozin\/refs\/heads\/main\/demo-content\/placeholder-1.png"},"video_source":"hosted","hosted_url":"https:\/\/glozin-demo.myshopify.com\/cdn\/shop\/videos\/c\/vp\/c91fd915a40e4a988654d6d002c561c3\/c91fd915a40e4a988654d6d002c561c3.HD-720p-1.6Mbps-29651409.mp4","testimonial_icon":{"value":{"url":"https:\/\/wpglozin.com\/fashion\/wp-content\/uploads\/sites\/2\/2025\/04\/check.svg","id":1901},"library":"svg"},"poster_url":{"url":"https:\/\/wpglozin.com\/fashion\/wp-content\/uploads\/sites\/2\/2025\/05\/testi-video.webp","id":2753,"size":"","alt":"","source":"library"}},{"testimonial_name":"Algistino Linonel","_id":"756f522","image":{"id":1893,"url":"https:\/\/wpglozin.com\/fashion\/wp-content\/uploads\/sites\/2\/2025\/04\/md-test-3.jpg","alt":"","source":"library","size":""},"testimonial_title":"Our customers reviews","testimonial_content":"These are sooo pretty and very comfy. Perfect color as well. I love wearing these with a neutral top and Chelsea boots. Wicked cute...<img draggable=\"false\"  width=\"15px\" height=\"15px\" role=\"img\" class=\"emoji\" alt=\"\ud83d\ude0d\" src=\"https:\/\/s.w.org\/images\/core\/emoji\/15.1.0\/svg\/1f60d.svg\">","testimonial_text":"Verified Buyer","testimonial_product_id":267,"youtube_url":"https:\/\/www.youtube.com\/watch?v=XHOmBV4js_E","vimeo_url":"https:\/\/vimeo.com\/235215203","testimonial_image":{"id":1428,"url":"https:\/\/raw.githubusercontent.com\/uixthemeswp\/glozin\/refs\/heads\/main\/demo-content\/placeholder-2.png"},"testimonial_icon":{"value":{"url":"https:\/\/wpglozin.com\/fashion\/wp-content\/uploads\/sites\/2\/2025\/04\/check.svg","id":1901},"library":"svg"}}],"item_border_radius":{"unit":"px","top":"10","right":"10","bottom":"10","left":"10","isLinked":true},"slides_to_show_tablet":1,"slides_to_show_mobile":1,"navigation_classes_mobile":"dots","name_typography_font_size":{"unit":"px","size":2,"sizes":[]},"infinite":"yes","navigation_classes_tablet":"dots","image_spacing_custom_tablet":15,"aspect_ratio_tablet":"457:250","_element_custom_width_tablet":{"unit":"px","size":750,"sizes":[]},"_flex_align_self_tablet":"center","aspect_ratio_type":"custom","aspect_ratio":"457:250"},"elements":[],"isInner":false,"widgetType":"glozin-testimonial-carousel","elType":"widget"}],"isInner":false,"elType":"container"},{"id":"3bda061a","settings":{"flex_gap":{"column":"10","row":"10","isLinked":true,"unit":"px","size":10},"margin":{"unit":"px","top":"0","right":"0","bottom":"24","left":"0","isLinked":false}},"elements":[{"id":"2aba02d","settings":{"title":"Hello! Everyday for Women's","align":"center","typography_typography":"custom","typography_letter_spacing":{"unit":"em","size":-0.034,"sizes":[]},"typography_letter_spacing_tablet":{"unit":"em","size":"","sizes":[]},"typography_letter_spacing_mobile":{"unit":"em","size":"","sizes":[]}},"elements":[],"isInner":false,"widgetType":"glozin-heading","elType":"widget"}],"isInner":false,"elType":"container"},{"id":"43b18889","settings":{"margin":{"unit":"px","top":"0","right":"0","bottom":"90","left":"0","isLinked":false},"margin_mobile":{"unit":"px","top":"0","right":"0","bottom":"50","left":"0","isLinked":false}},"elements":[{"id":"71e572be","settings":{"content":"<p>Discover a collection of timeless wardrobe essentials, seamlessly transitioning from work to weekend. Inspired by travel, our America-designed pieces prioritize sustainability with natural fibers and mindful practices. Explore a range of\u00a0<span style=\"text-decoration: underline;\"><strong>tops<\/strong><\/span>,\u00a0<span style=\"text-decoration: underline;\"><strong>bottoms<\/strong><\/span>,\u00a0<span style=\"text-decoration: underline;\"><strong>sweaters<\/strong><\/span>, and accessories in versatile styles, featuring high-quality materials like cotton, linen, tencel, and wool.<\/p><p>Each piece is crafted with meticulous attention to detail, ensuring a perfect blend of comfort and elegance. Our designs emphasize clean lines and sophisticated silhouettes, making them suitable for any occasion. Whether you\u2019re dressing up for a night out or keeping it casual, our collection offers endless styling possibilities. Embrace the essence of effortless chic with our thoughtfully designed wardrobe staples, and experience the harmony of style, quality, and sustainability. Join us in redefining modern fashion with a conscience.<\/p>","show":"See all Information","hide":"Hide less Information","max_width":{"unit":"%","size":67,"sizes":[]},"max_width_tablet":{"unit":"%","size":85,"sizes":[]},"max_width_mobile":{"unit":"%","size":100,"sizes":[]},"max_height_mobile":{"unit":"px","size":69,"sizes":[]},"button_typography_typography":"custom","button_typography_font_size":{"unit":"px","size":16,"sizes":[]}},"elements":[],"isInner":false,"widgetType":"glozin-short-content","elType":"widget"}],"isInner":false,"elType":"container"},{"id":"604e54e6","settings":{"flex_gap":{"column":"10","row":"10","isLinked":true,"unit":"px","size":10},"margin":{"unit":"px","top":"0","right":"0","bottom":"33","left":"0","isLinked":false}},"elements":[{"id":"3859695f","settings":{"title":"Shop by Gram","align":"center","typography_typography":"custom","typography_letter_spacing":{"unit":"em","size":"","sizes":[]},"typography_letter_spacing_tablet":{"unit":"em","size":"","sizes":[]},"typography_letter_spacing_mobile":{"unit":"em","size":"","sizes":[]}},"elements":[],"isInner":false,"widgetType":"glozin-heading","elType":"widget"},{"id":"93a3557","settings":{"title":"Inspire and let yourself be inspired, from one unique fashion to another.","title_size":"div","align":"center"},"elements":[],"isInner":false,"widgetType":"glozin-heading","elType":"widget"}],"isInner":false,"elType":"container"},{"id":"10423e85","settings":{"margin":{"unit":"px","top":"0","right":"0","bottom":"90","left":"0","isLinked":false},"margin_mobile":{"unit":"px","top":"0","right":"0","bottom":"50","left":"0","isLinked":false}},"elements":[{"id":"26337c04","settings":{"images":[{"_id":"a5db3af","image":{"id":3042,"url":"https:\/\/wpglozin.com\/fashion\/wp-content\/uploads\/sites\/2\/2025\/07\/h1-in-1.webp","alt":"","source":"library","size":""},"youtube_url":"https:\/\/www.youtube.com\/watch?v=XHOmBV4js_E","vimeo_url":"https:\/\/vimeo.com\/235215203","shoppable_images":1418,"video_source":"hosted"},{"_id":"9f28fe5","source":"video","media_url":{"id":"","url":"https:\/\/raw.githubusercontent.com\/uixthemeswp\/glozin\/refs\/heads\/main\/demo-content\/placeholder.png"},"youtube_url":"https:\/\/www.youtube.com\/watch?v=XHOmBV4js_E","vimeo_url":"https:\/\/vimeo.com\/235215203","shoppable_images":1502,"video_source":"hosted","hosted_url":"https:\/\/glozin-demo.myshopify.com\/cdn\/shop\/videos\/c\/vp\/82a90e513f53460ebdac7d151883a049\/82a90e513f53460ebdac7d151883a049.HD-1080p-4.8Mbps-29648857.mp4","poster_url":{"url":"https:\/\/wpglozin.com\/fashion\/wp-content\/uploads\/sites\/2\/2025\/05\/insta-video1.webp","id":2754,"size":"","alt":"","source":"library"}},{"_id":"6ff2e88","image":{"id":3046,"url":"https:\/\/wpglozin.com\/fashion\/wp-content\/uploads\/sites\/2\/2025\/07\/h1-in-2.webp","alt":"","source":"library","size":""},"youtube_url":"https:\/\/www.youtube.com\/watch?v=XHOmBV4js_E","vimeo_url":"https:\/\/vimeo.com\/235215203","shoppable_images":1508},{"_id":"5b009bf","image":{"id":3047,"url":"https:\/\/wpglozin.com\/fashion\/wp-content\/uploads\/sites\/2\/2025\/07\/h1-in-3.webp","alt":"","source":"library","size":""},"youtube_url":"https:\/\/www.youtube.com\/watch?v=XHOmBV4js_E","vimeo_url":"https:\/\/vimeo.com\/235215203","shoppable_images":1516},{"_id":"8d7cc63","source":"video","media_url":{"id":"","url":"https:\/\/raw.githubusercontent.com\/uixthemeswp\/glozin\/refs\/heads\/main\/demo-content\/placeholder.png"},"youtube_url":"https:\/\/www.youtube.com\/watch?v=XHOmBV4js_E","vimeo_url":"https:\/\/vimeo.com\/235215203","shoppable_images":1522,"video_source":"hosted","hosted_url":"https:\/\/cdn.shopify.com\/videos\/c\/o\/v\/88e5e837c5784d3ea7a700c02c76dba5.mp4","poster_url":{"url":"https:\/\/wpglozin.com\/fashion\/wp-content\/uploads\/sites\/2\/2025\/05\/insta-video2.webp","id":2755,"size":"","alt":"","source":"library"}},{"_id":"4277078","image":{"id":3048,"url":"https:\/\/wpglozin.com\/fashion\/wp-content\/uploads\/sites\/2\/2025\/07\/h1-in-4.webp","alt":"","source":"library","size":""},"youtube_url":"https:\/\/www.youtube.com\/watch?v=XHOmBV4js_E","vimeo_url":"https:\/\/vimeo.com\/235215203","shoppable_images":1527}],"slides_to_show_tablet":4,"slides_to_show_mobile":2,"navigation_classes":"none","navigation_classes_tablet":"dots","navigation_classes_mobile":"dots","image_size":"medium"},"elements":[],"isInner":false,"widgetType":"glozin-shoppable-images-carousel","elType":"widget"}],"isInner":false,"elType":"container"},{"id":"6e288d77","settings":{"margin":{"unit":"px","top":"0","right":"0","bottom":"90","left":"0","isLinked":false},"margin_mobile":{"unit":"px","top":"0","right":"0","bottom":"50","left":"0","isLinked":false}},"elements":[{"id":"3dea5552","settings":{"icons_box":[{"icon":{"value":{"url":"https:\/\/wpglozin.com\/fashion\/wp-content\/uploads\/sites\/2\/2025\/04\/shipping.svg","id":1903},"library":"svg"},"title":"Free Shipping","description":"Enjoy free worldwide shipping and returns, with customs<br class=\"d-none d-block-xl\"\/> and duties taxes included.","_id":"3e74bd4","title_size":"div","image":{"id":1429,"url":"https:\/\/raw.githubusercontent.com\/uixthemeswp\/glozin\/refs\/heads\/main\/demo-content\/placeholder-3.png"}},{"icon":{"value":{"url":"https:\/\/wpglozin.com\/fashion\/wp-content\/uploads\/sites\/2\/2025\/04\/return.svg","id":1902},"library":"svg"},"title":"Free Returns","description":"Free returns within 15 days, please make sure the items<br class=\"d-none d-block-xl\"\/> are in undamaged condition.","_id":"50f8ad0","title_size":"div","image":{"id":1430,"url":"https:\/\/raw.githubusercontent.com\/uixthemeswp\/glozin\/refs\/heads\/main\/demo-content\/placeholder-4.png"}},{"icon":{"value":{"url":"https:\/\/wpglozin.com\/fashion\/wp-content\/uploads\/sites\/2\/2025\/04\/support.svg","id":1904},"library":"svg"},"title":"Support Online","description":"We support customers 24\/7, send questions we will<br class=\"d-none d-block-xl\"\/> solve for you immediately.","_id":"e734671","title_size":"div","image":{"id":1431,"url":"https:\/\/raw.githubusercontent.com\/uixthemeswp\/glozin\/refs\/heads\/main\/demo-content\/placeholder-5.png"}}],"slides_to_show_mobile":1,"navigation_classes":"none","navigation_classes_mobile":"dots","icon_size":{"unit":"px","size":32,"sizes":[]},"slides_to_show_tablet":3,"navigation_classes_tablet":"none","alignment":"center","title_spacing":{"unit":"px","size":10,"sizes":[]},"title_size":"div"},"elements":[],"isInner":false,"widgetType":"glozin-icon-box-carousel","elType":"widget"}],"isInner":false,"elType":"container"}],"page_settings":{"hide_page_header":"yes","page_header_top_padding":{"unit":"px","size":0,"sizes":[]},"content_top_spacing":"custom","content_top_padding":{"unit":"px","size":0,"sizes":[]},"content_bottom_spacing":"custom","content_bottom_padding":{"unit":"px","size":0,"sizes":[]},"hide_header_border":"yes","header_text_color":"light","page_header_image":{"url":"","id":"","size":"","alt":"","source":"library"},"page_header_spacing":"custom"},"version":"0.4","title":"Home Main","type":"page"}