{"content":[{"id":"3221df6f","settings":{"flex_gap":{"column":"0","row":"0","isLinked":false,"unit":"px","size":0},"padding":{"unit":"px","top":"84","right":"0","bottom":"90","left":"0","isLinked":false},"padding_mobile":{"unit":"px","top":"60","right":"0","bottom":"50","left":"0","isLinked":false}},"elements":[{"id":"2fc8f32f","settings":{"image":{"url":"http:\/\/localhost\/glozin\/wp-content\/uploads\/2025\/05\/404.jpg","id":2412,"size":"","alt":"","source":"library"},"image_size":"full","align":"center","width":{"unit":"%","size":100,"sizes":[]},"space":{"unit":"px","size":450,"sizes":[]},"space_tablet":{"unit":"px","size":"","sizes":[]},"space_mobile":{"unit":"px","size":"","sizes":[]},"_margin":{"unit":"px","top":"0","right":"0","bottom":"40","left":"0","isLinked":false}},"elements":[],"isInner":false,"widgetType":"image","elType":"widget"},{"id":"6a343fa7","settings":{"title":"Oops...That link is broken.","title_size":"h1","align":"center","_margin":{"unit":"px","top":"0","right":"0","bottom":"20","left":"0","isLinked":false}},"elements":[],"isInner":false,"widgetType":"glozin-heading","elType":"widget"},{"id":"65a65593","settings":{"title":"Sorry for the inconvenience. Go to our homepage or check out our latest collections.","title_size":"div","align":"center","_margin":{"unit":"px","top":"0","right":"0","bottom":"40","left":"0","isLinked":false}},"elements":[],"isInner":false,"widgetType":"glozin-heading","elType":"widget"},{"id":"191fb6af","settings":{"button_text":"Back to Homepage","align":"center","button_padding":{"unit":"px","top":"16.5","right":"43","bottom":"16.5","left":"43","isLinked":false},"button_padding_mobile":{"unit":"px","top":"16.5","right":"30","bottom":"16.5","left":"30","isLinked":false}},"elements":[],"isInner":false,"widgetType":"glozin-button","elType":"widget"}],"isInner":false,"elType":"container"}],"page_settings":[],"version":"0.4","title":"404 Page Builder","type":"page"}