{"content":[{"id":"13559f27","settings":{"container_type":"grid","grid_columns_grid":{"unit":"fr","size":"3"},"grid_rows_grid":{"unit":"fr","size":2},"grid_rows_grid_mobile":{"unit":"fr","size":"1"},"boxed_width":{"unit":"px","size":1410,"sizes":[]},"grid_columns_grid_tablet":{"unit":"fr","size":2,"sizes":[]},"grid_gaps":{"column":"30","row":"50","isLinked":false,"unit":"px"},"presetTitle":"Grid","presetIcon":"eicon-container-grid"},"elements":[{"id":"5347ddb7","settings":{"image":{"id":578,"url":"https:\/\/raw.githubusercontent.com\/uixthemeswp\/glozin\/refs\/heads\/main\/demo-content\/ours-stores-1.jpg","alt":"","source":"library","size":""},"title":"South Fulton","description":"<p>100 Main Street, South Fulton, GA 30291, United States.<br\/>\n+1 (973) 435-3638<br\/>\nstore.fulton@glozin.com<\/p>\n<p class=\"mb-0\">\nMon - Friday: 8:00am - 5:00pm<br\/>\nSaturday - Sunday: 10:00am - 5:00pm<\/p>","button_text":"Get Directions","button_style":"outline-dark","show_button":"yes","alignments":"flex-start","aspect_ratio_type":"custom","aspect_ratio":"3:2","image_spacing":{"unit":"px","size":31,"sizes":[]},"title_typography_typography":"custom","title_typography_font_size":{"unit":"px","size":20,"sizes":[]},"title_spacing":{"unit":"px","size":6,"sizes":[]},"link":{"url":"https:\/\/maps.app.goo.gl\/oENk7sW6NzGDKZk5A","is_external":"","nofollow":"","custom_attributes":""},"description_typography_typography":"custom","description_typography_font_size":{"unit":"px","size":14,"sizes":[]},"button_min_width":{"unit":"px","size":180,"sizes":[]}},"elements":[],"isInner":false,"widgetType":"glozin-image-box","elType":"widget"},{"id":"7f0cac4c","settings":{"image":{"id":579,"url":"https:\/\/raw.githubusercontent.com\/uixthemeswp\/glozin\/refs\/heads\/main\/demo-content\/ours-stores-2.jpg","alt":"","source":"library","size":""},"title":"Place Ste-Foy","description":"<p>Place Ste-Foy, Qu\u00e9bec, QC G1V 4J3, Canada<br\/>\n+1 (418) 765-4321<br\/>\nstore.stefoy@glozin.com<\/p>\n<p class=\"mb-0\">\nMon - Friday: 8:00am - 5:00pm<br\/>\nSaturday - Sunday: 10:00am - 5:00pm<\/p>","button_text":"Get Directions","button_style":"outline-dark","show_button":"yes","alignments":"flex-start","aspect_ratio_type":"custom","aspect_ratio":"3:2","image_spacing":{"unit":"px","size":31,"sizes":[]},"title_typography_typography":"custom","title_typography_font_size":{"unit":"px","size":20,"sizes":[]},"title_spacing":{"unit":"px","size":6,"sizes":[]},"link":{"url":"https:\/\/maps.app.goo.gl\/c68JMYZBJuLKVB827","is_external":"","nofollow":"","custom_attributes":""},"description_typography_typography":"custom","description_typography_font_size":{"unit":"px","size":14,"sizes":[]},"button_min_width":{"unit":"px","size":180,"sizes":[]}},"elements":[],"isInner":false,"widgetType":"glozin-image-box","elType":"widget"},{"id":"4c80e552","settings":{"image":{"id":580,"url":"https:\/\/raw.githubusercontent.com\/uixthemeswp\/glozin\/refs\/heads\/main\/demo-content\/ours-stores-3.jpg","alt":"","source":"library","size":""},"title":"Santiago Store","description":"<p>Av. Apoquindo 4501, Las Condes, Santiago, Chile.<br\/>\n+56 (2) 348-9275<br\/>\nstore.santiago@glozin.com<\/p>\n<p class=\"mb-0\">\nMon - Friday: 8:00am - 5:00pm<br\/>\nSaturday - Sunday: 10:00am - 5:00pm<\/p>","button_text":"Get Directions","button_style":"outline-dark","show_button":"yes","alignments":"flex-start","aspect_ratio_type":"custom","aspect_ratio":"3:2","image_spacing":{"unit":"px","size":31,"sizes":[]},"title_typography_typography":"custom","title_typography_font_size":{"unit":"px","size":20,"sizes":[]},"title_spacing":{"unit":"px","size":6,"sizes":[]},"link":{"url":"https:\/\/maps.app.goo.gl\/SMJeae9vLi8Mu5g16","is_external":"","nofollow":"","custom_attributes":""},"description_typography_typography":"custom","description_typography_font_size":{"unit":"px","size":14,"sizes":[]},"button_min_width":{"unit":"px","size":180,"sizes":[]}},"elements":[],"isInner":false,"widgetType":"glozin-image-box","elType":"widget"},{"id":"73bfa067","settings":{"image":{"id":581,"url":"https:\/\/raw.githubusercontent.com\/uixthemeswp\/glozin\/refs\/heads\/main\/demo-content\/ours-stores-4.jpg","alt":"","source":"library","size":""},"title":"Sydney Store","description":"<p>100 George Street, Sydney, NSW 2000, Australia.<br\/>\n+61 (2) 4829-3756<br\/>\nstore.sydney@glozin.com<\/p>\n<p class=\"mb-0\">\nMon - Friday: 8:00am - 5:00pm<br\/>\nSaturday - Sunday: 10:00am - 5:00pm<\/p>","button_text":"Get Directions","button_style":"outline-dark","show_button":"yes","alignments":"flex-start","aspect_ratio_type":"custom","aspect_ratio":"3:2","image_spacing":{"unit":"px","size":31,"sizes":[]},"title_typography_typography":"custom","title_typography_font_size":{"unit":"px","size":20,"sizes":[]},"title_spacing":{"unit":"px","size":6,"sizes":[]},"link":{"url":"https:\/\/maps.app.goo.gl\/ZEN9zBvdiiczyhdy8","is_external":"","nofollow":"","custom_attributes":""},"description_typography_typography":"custom","description_typography_font_size":{"unit":"px","size":14,"sizes":[]},"button_min_width":{"unit":"px","size":180,"sizes":[]}},"elements":[],"isInner":false,"widgetType":"glozin-image-box","elType":"widget"},{"id":"5617577b","settings":{"image":{"id":582,"url":"https:\/\/raw.githubusercontent.com\/uixthemeswp\/glozin\/refs\/heads\/main\/demo-content\/ours-stores-5.jpg","alt":"","source":"library","size":""},"title":"Southland Park","description":"<p>123 Southland Drive, Calgary, AB T2J 5K3, Canada.<br\/>\n+1 (403) 729-8642<br\/>\nstore.southland@glozin.com<p>\n<p class=\"mb-0\">\nMon - Friday: 8:00am - 5:00pm<br\/>\nSaturday - Sunday: 10:00am - 5:00pm<\/p>","button_text":"Get Directions","button_style":"outline-dark","show_button":"yes","alignments":"flex-start","aspect_ratio_type":"custom","aspect_ratio":"3:2","image_spacing":{"unit":"px","size":31,"sizes":[]},"title_typography_typography":"custom","title_typography_font_size":{"unit":"px","size":20,"sizes":[]},"title_spacing":{"unit":"px","size":6,"sizes":[]},"link":{"url":"https:\/\/maps.app.goo.gl\/FV4Muc2SHd968fFW9","is_external":"","nofollow":"","custom_attributes":""},"description_typography_typography":"custom","description_typography_font_size":{"unit":"px","size":14,"sizes":[]},"button_min_width":{"unit":"px","size":180,"sizes":[]}},"elements":[],"isInner":false,"widgetType":"glozin-image-box","elType":"widget"},{"id":"7eb84142","settings":{"image":{"id":583,"url":"https:\/\/raw.githubusercontent.com\/uixthemeswp\/glozin\/refs\/heads\/main\/demo-content\/ours-stores-6.jpg","alt":"","source":"library","size":""},"title":"Stockholm Town","description":"<p>45 Drottninggatan, Stockholm, 111 51, Sweden.<br\/>\n+46 (8) 5298-3746<br\/>\nstore.stockholm@glozin.com<\/p>\n<p class=\"mb-0\">\nMon - Friday: 8:00am - 5:00pm<br\/>\nSaturday - Sunday: 10:00am - 5:00pm<\/p>","button_text":"Get Directions","button_style":"outline-dark","show_button":"yes","alignments":"flex-start","aspect_ratio_type":"custom","aspect_ratio":"3:2","image_spacing":{"unit":"px","size":31,"sizes":[]},"title_typography_typography":"custom","title_typography_font_size":{"unit":"px","size":20,"sizes":[]},"title_spacing":{"unit":"px","size":6,"sizes":[]},"link":{"url":"https:\/\/maps.app.goo.gl\/NAgseGvzDHTgj9WU9","is_external":"","nofollow":"","custom_attributes":""},"description_typography_typography":"custom","description_typography_font_size":{"unit":"px","size":14,"sizes":[]},"button_min_width":{"unit":"px","size":180,"sizes":[]}},"elements":[],"isInner":false,"widgetType":"glozin-image-box","elType":"widget"}],"isInner":false,"elType":"container"}],"page_settings":[],"version":"0.4","title":"Our Stores New","type":"page"}