{"content":[{"id":"5df8ec5","settings":{"flex_direction":"column","width":{"unit":"%","size":""},"width_tablet":{"unit":"custom","size":"","sizes":[]},"width_mobile":{"unit":"custom","size":"","sizes":[]},"flex_justify_content":"center","padding":{"unit":"px","top":"30","right":"30","bottom":"30","left":"30","isLinked":true},"flex_gap":{"column":"30","row":"30","isLinked":true,"unit":"px","size":30},"padding_mobile":{"unit":"px","top":"30","right":"30","bottom":"30","left":"30","isLinked":true},"flex_align_items":"center","background_background":"classic","background_image":{"id":1934,"url":"https:\/\/wpglozin.com\/fashion\/wp-content\/uploads\/sites\/2\/2025\/04\/leave_popup.webp","alt":"","source":"library","size":""},"background_position":"center center","background_repeat":"no-repeat","background_size":"cover","min_height":{"unit":"px","size":380,"sizes":[]},"background_overlay_background":"classic","background_overlay_color":"#0C0C0C","background_overlay_opacity":{"unit":"px","size":0.4,"sizes":[]}},"elements":[{"id":"4c783737","settings":{"title":"Big Save!<br\/>\n10% Coupon!","typography_typography":"custom","typography_font_size":{"unit":"px","size":36,"sizes":[]},"align":"center","typography_line_height":{"unit":"px","size":44,"sizes":[]},"typography_letter_spacing":{"unit":"px","size":-0.3,"sizes":[]},"title_color":"#FFFFFF"},"elements":[],"isInner":false,"widgetType":"glozin-heading","elType":"widget"},{"id":"5a7519ad","settings":{"code":"TOPSALE10STBL","button_typography_font_size":{"unit":"px","size":43,"sizes":[]},"button_icon_size":{"unit":"px","size":38,"sizes":[]},"button_style":"light","button_min_width":{"unit":"px","size":250,"sizes":[]},"button_min_width_mobile":{"unit":"px","size":220,"sizes":[]}},"elements":[],"isInner":false,"widgetType":"glozin-code-discount","elType":"widget"},{"id":"6580d8bd","settings":{"title":"Enter the code below at checkout to get <br>10% off your first order.","title_size":"div","align":"center","title_color":"#FFFFFF"},"elements":[],"isInner":false,"widgetType":"glozin-heading","elType":"widget"}],"isInner":true,"elType":"container"},{"id":"591ae1f6","settings":{"flex_gap":{"column":"28","row":"28","isLinked":true,"unit":"px","size":28},"padding":{"unit":"px","top":"30","right":"15","bottom":"30","left":"15","isLinked":false}},"elements":[{"id":"54adc28d","settings":{"title":" You may also like... ","title_size":"div","title_color":"#020202","typography_typography":"custom","typography_font_size":{"unit":"px","size":18,"sizes":[]},"typography_font_weight":"600"},"elements":[],"isInner":false,"widgetType":"glozin-heading","elType":"widget"},{"id":"71c6eb53","settings":{"limit":3,"scrollbar":""},"elements":[],"isInner":false,"widgetType":"glozin-product-list","elType":"widget"}],"isInner":false,"elType":"container"},{"id":"3575b577","settings":{"padding":{"unit":"px","top":"0","right":"15","bottom":"30","left":"15","isLinked":false}},"elements":[{"id":"1d710504","settings":{"button_text":"Continue Shopping","button_min_width":{"unit":"%","size":100,"sizes":[]},"button_min_width_tablet":{"unit":"%","size":"","sizes":[]},"button_min_width_mobile":{"unit":"%","size":"","sizes":[]},"button_link":{"url":"#","is_external":"","nofollow":"","custom_attributes":""}},"elements":[],"isInner":false,"widgetType":"glozin-button","elType":"widget"}],"isInner":false,"elType":"container"}],"page_settings":{"popup_display_type":"slide","popup_visible":"exit","popup_close_color":"#FFFFFFB3","popup_close_color_hover":"#FFFFFF","popup_width":{"unit":"px","size":420,"sizes":[]},"popup_border_radius":{"unit":"px","top":"0","right":"0","bottom":"0","left":"0","isLinked":true},"popup_close_position_top":{"unit":"px","size":25,"sizes":[]},"popup_close_position_right":{"unit":"px","size":25,"sizes":[]}},"version":"0.4","title":"Recommended Products Popup","type":"page"}