{"content":[{"id":"4ab0a039","settings":{"boxed_width":{"unit":"px","size":1410,"sizes":[]}},"elements":[{"id":"30632439","settings":{"locations":[{"title":"South Fulon","location":"London Eye, London, United Kingdom","phone":"+1 (973) 435-3638","email":"info@example.com","_id":"aab4716","address":"100 Main Street, South Fulton, GA 30291, United States."},{"title":"Place Ste-Foy","location":"London Eye, London, United Kingdom","phone":"+1 (418) 765-4321","email":"info@example.com","_id":"f83673a","address":"Place Ste-Foy, Qu\u00e9bec, QC G1V 4J3, Canada"},{"title":"Santiago Store","location":"London Eye, London, United Kingdom","phone":"+56 (2) 348-9275","email":"info@example.com","_id":"785a3a5","address":"Av. Apoquindo 4501, Las Condes, Santiago, Chile."},{"title":"Sydney Store","location":"London Eye, London, United Kingdom","phone":"+61 (2) 4829-3756","email":"info@example.com","address":"100 George Street, Sydney, NSW 2000, Australia.","_id":"05090f3"},{"title":"Southland Park","location":"London Eye, London, United Kingdom","phone":"+1 (403) 729-8642","email":"info@example.com","address":"123 Southland Drive, Calgary, AB T2J 5K3, Canada.","_id":"bd26c9a"},{"_id":"1e7542a","title":"Stockholm Town","address":"45 Drottninggatan, Stockholm, 111 51, Sweden.","phone":"+46 (8) 5298-3746"}],"access_token":"pk.eyJ1IjoiYW5hbjg4IiwiYSI6ImNscjhvNWJ5djJ4NW8yanFpNXp2cTB2c3IifQ.14igAKBynECarE56rOqcKg","marker_image":{"id":"","url":"https:\/\/raw.githubusercontent.com\/uixthemeswp\/glozin\/refs\/heads\/main\/demo-content\/placeholder.png"}},"elements":[],"isInner":false,"widgetType":"glozin-store-locations","elType":"widget"}],"isInner":false,"elType":"container"}],"page_settings":[],"version":"0.4","title":"Store Location","type":"page"}