{"content":[{"id":"895f3e8","settings":{"flex_direction":"row","flex_gap":{"unit":"px","size":50,"column":"50","row":"50","isLinked":true},"boxed_width":{"unit":"px","size":1200,"sizes":[]},"border_width":{"unit":"px","top":"1","right":"0","bottom":"0","left":"0","isLinked":false},"border_color":"#EBEBEB","padding":{"unit":"px","top":"80","right":"0","bottom":"55","left":"0","isLinked":false},"flex_gap_tablet":{"column":"0","row":"35","isLinked":false,"unit":"px","size":0},"flex_gap_mobile":{"column":"0","row":"22","isLinked":false,"unit":"px","size":0},"flex_wrap_tablet":"wrap","padding_mobile":{"unit":"px","top":"65","right":"0","bottom":"0","left":"0","isLinked":false},"background_background":"classic","background_color":"#111111"},"elements":[{"id":"4c3b69a5","settings":{"flex_direction":"column","content_width":"full","width":{"unit":"%","size":40},"flex_gap":{"column":"0","row":"0","isLinked":true,"unit":"px","size":0},"width_tablet":{"unit":"%","size":50,"sizes":[]},"width_mobile":{"unit":"%","size":"","sizes":[]},"border_border":"solid","border_width":{"unit":"px","top":"0","right":"0","bottom":"0","left":"0","isLinked":true},"border_width_mobile":{"unit":"px","top":"0","right":"0","bottom":"1","left":"0","isLinked":false},"border_color":"#252525","padding_tablet":{"unit":"px","top":"0","right":"15","bottom":"0","left":"0","isLinked":false},"padding_mobile":{"unit":"px","top":"0","right":"0","bottom":"24","left":"0","isLinked":false}},"elements":[{"id":"161d94b2","settings":{"title":"Help Customers","_padding":{"unit":"px","top":"0","right":"0","bottom":"25","left":"0","isLinked":false},"_padding_mobile":{"unit":"px","top":"0","right":"0","bottom":"18","left":"0","isLinked":false},"title_color":"#FFFFFF","typography_typography":"custom","typography_font_size":{"unit":"px","size":16,"sizes":[]}},"elements":[],"isInner":false,"widgetType":"glozin-heading","elType":"widget"},{"id":"5728bdc1","settings":{"editor":"Find a location nearest you to reduce shipping costs and make\nshopping easier. <a class=\"fw-semibold text-white\" href=\"#\">Show on google maps.<\/a>","text_color":"#888888","typography_typography":"custom","typography_font_weight":"400","_padding":{"unit":"px","top":"0","right":"0","bottom":"20","left":"0","isLinked":false},"text_shadow_text_shadow_type":"yes","link_color":"#FFFFFF"},"elements":[],"isInner":false,"widgetType":"text-editor","elType":"widget"},{"id":"3f44014","settings":{"button_text":"+1 (973) 435-3638","button_style":"text","button_typography_typography":"custom","button_typography_font_weight":"400","button_text_color":"#FFFFFF","hover_color":"#FFFFFF"},"elements":[],"isInner":false,"widgetType":"glozin-button","elType":"widget"},{"id":"4adfd19f","settings":{"button_text":"info@fashionwomen.com","button_style":"text","button_typography_typography":"custom","button_typography_font_weight":"400","button_text_color":"#FFFFFF","hover_color":"#FFFFFF","button_link":{"url":"mailto:info@fashionwomen.com","is_external":"","nofollow":"","custom_attributes":""}},"elements":[],"isInner":false,"widgetType":"glozin-button","elType":"widget"},{"id":"41511caa","settings":{"social_icon_list":[{"social_icon":{"value":{"url":"https:\/\/raw.githubusercontent.com\/uixthemeswp\/glozin\/refs\/heads\/main\/demo-content\/facebook.svg","id":890},"library":"svg"},"_id":"45f9e5f","link":{"url":"https:\/\/www.facebook.com\/WordPress\/","is_external":"true","nofollow":"","custom_attributes":""},"name":"Facebook"},{"social_icon":{"value":{"url":"https:\/\/raw.githubusercontent.com\/uixthemeswp\/glozin\/refs\/heads\/main\/demo-content\/instagram.svg","id":891},"library":"svg"},"_id":"17d8940","link":{"url":"https:\/\/www.instagram.com\/wordpress","is_external":"true","nofollow":"","custom_attributes":""},"name":"Instagram"},{"social_icon":{"value":{"url":"https:\/\/raw.githubusercontent.com\/uixthemeswp\/glozin\/refs\/heads\/main\/demo-content\/tiktok.svg","id":893},"library":"svg"},"link":{"url":"https:\/\/www.tiktok.com\/@wordpress","is_external":"true","nofollow":"","custom_attributes":""},"_id":"b92ca6d","name":"TikTok"},{"social_icon":{"value":{"url":"https:\/\/raw.githubusercontent.com\/uixthemeswp\/glozin\/refs\/heads\/main\/demo-content\/youtube.svg","id":894},"library":"svg"},"_id":"e8f79d7","link":{"url":"https:\/\/www.youtube.com\/wordpress","is_external":"true","nofollow":"","custom_attributes":""},"name":"YouTube"},{"_id":"46b9a1f","social_icon":{"value":{"url":"https:\/\/raw.githubusercontent.com\/uixthemeswp\/glozin\/refs\/heads\/main\/demo-content\/snapchat.svg","id":892},"library":"svg"},"link":{"url":"https:\/\/www.snapchat.com\/explore\/wordpress","is_external":"true","nofollow":"","custom_attributes":""},"name":"Snapchat"}],"align":"left","icon_border_color":"#888888","_padding":{"unit":"px","top":"25","right":"0","bottom":"0","left":"0","isLinked":false},"icon_size":{"unit":"px","size":12,"sizes":[]},"_padding_mobile":{"unit":"px","top":"23","right":"0","bottom":"0","left":"0","isLinked":false},"icon_color":"#888888","icon_color_hover":"#FFFFFF","icon_border_color_hover":"#FFFFFF"},"elements":[],"isInner":false,"widgetType":"glozin-social-icons","elType":"widget"}],"isInner":true,"elType":"container"},{"id":"6dac1a2f","settings":{"flex_direction":"column","content_width":"full","width":{"unit":"%","size":17},"width_tablet":{"unit":"%","size":50,"sizes":[]},"width_mobile":{"unit":"%","size":"","sizes":[]},"border_border":"solid","border_width":{"unit":"px","top":"0","right":"0","bottom":"0","left":"0","isLinked":true},"border_width_mobile":{"unit":"px","top":"0","right":"0","bottom":"1","left":"0","isLinked":false},"border_color":"#252525","padding_tablet":{"unit":"px","top":"0","right":"0","bottom":"0","left":"15","isLinked":false},"padding_mobile":{"unit":"px","top":"0","right":"0","bottom":"0","left":"0","isLinked":false}},"elements":[{"id":"9ae175c","settings":{"title":"Our Company","menu_items":[{"title_menu":"Menu item 1","_id":"d23853d"},{"title_menu":"Menu item 2","_id":"608fbb4"},{"title_menu":"Menu item 3","_id":"80885c6"}],"list_menu":"our-company","toggle_menu":"yes","title_color":"#FFFFFF","menu_color":"#888888","menu_hover_color":"#FFFFFF","title_size":"h2"},"elements":[],"isInner":false,"widgetType":"glozin-navigation-menu","elType":"widget"}],"isInner":true,"elType":"container"},{"id":"3698ad86","settings":{"flex_direction":"column","content_width":"full","width":{"unit":"%","size":43},"width_tablet":{"unit":"%","size":50,"sizes":[]},"width_mobile":{"unit":"%","size":"","sizes":[]},"border_width":{"unit":"px","top":"0","right":"0","bottom":"0","left":"0","isLinked":true},"border_width_mobile":{"unit":"px","top":"0","right":"0","bottom":"1","left":"0","isLinked":false},"border_color":"#252525","padding_tablet":{"unit":"px","top":"0","right":"0","bottom":"0","left":"15","isLinked":false},"padding_mobile":{"unit":"px","top":"0","right":"0","bottom":"0","left":"0","isLinked":false}},"elements":[{"id":"255745ad","settings":{"form":"721","title":"Sign Up to Newsletter","description":"Sign up for 10% off your first purchase and free shipping. Updates information on Sales and Offers.","after_description":"***By entering the e-mail you accept the <a href=\"#\">terms and conditions<\/a> and the <a href=\"#\">privacy policy.<\/a>","toggle_menu":"yes","input_bgcolor":"#02010100","input_color":"#888888","input_border_color":"#888888","title_color":"#FFFFFF","description_color":"#888888","input_border_color_hover":"#FFFFFF","button_bg_color":"#FFFFFF","button_color":"#000000","after_description_color_link":"#FFFFFF","after_description_color":"#888888","title_size":"h2"},"elements":[],"isInner":false,"widgetType":"glozin-subscribe-group","elType":"widget"}],"isInner":true,"elType":"container"}],"isInner":false,"elType":"container"},{"id":"28538fd9","settings":{"boxed_width":{"unit":"px","size":1200,"sizes":[]},"background_background":"classic","background_color":"#111111","margin_mobile":{"unit":"px","top":"-15","right":"0","bottom":"0","left":"0","isLinked":false}},"elements":[{"id":"7f7997dd","settings":{"text":"Divider","color":"#252525"},"elements":[],"isInner":false,"widgetType":"divider","elType":"widget"}],"isInner":false,"elType":"container"},{"id":"71b4e693","settings":{"flex_direction":"row","flex_gap":{"unit":"px","size":0,"column":"0","row":"0","isLinked":true},"boxed_width":{"unit":"px","size":1200,"sizes":[]},"flex_justify_content":"space-between","border_width":{"unit":"px","top":"1","right":"0","bottom":"0","left":"0","isLinked":false},"border_color":"#252525","padding":{"unit":"px","top":"17","right":"0","bottom":"32","left":"0","isLinked":false},"flex_justify_content_tablet":"space-between","flex_align_items_tablet":"center","flex_gap_mobile":{"column":"17","row":"17","isLinked":true,"unit":"px","size":17},"border_width_mobile":{"unit":"px","top":"0","right":"0","bottom":"0","left":"0","isLinked":true},"padding_mobile":{"unit":"px","top":"15","right":"0","bottom":"30","left":"0","isLinked":false},"background_background":"classic","background_color":"#111111","flex_direction_tablet":"column","flex_gap_tablet":{"column":"17","row":"17","isLinked":true,"unit":"px","size":17}},"elements":[{"id":"4f653c8a","settings":{"flex_direction":"row","content_width":"full","width":{"unit":"%","size":70},"flex_gap":{"column":"32","row":"10","isLinked":false,"unit":"px","size":32},"width_tablet":{"unit":"%","size":100,"sizes":[]},"width_mobile":{"unit":"%","size":"","sizes":[]},"flex_justify_content_tablet":"center","flex_gap_tablet":{"column":"","row":"","isLinked":true,"unit":"px","size":null},"flex_wrap_tablet":"wrap"},"elements":[{"id":"c78c997","settings":{"current_color":"#888888"},"elements":[],"isInner":false,"widgetType":"glozin-languages","elType":"widget"},{"id":"769fbf60","settings":{"current_color":"#888888"},"elements":[],"isInner":false,"widgetType":"glozin-currencies","elType":"widget"},{"id":"7a313381","settings":{"title":"\u00a9 [glozin_year] Glozin store. All rights reserved.","title_size":"span","title_color":"#888888"},"elements":[],"isInner":false,"widgetType":"glozin-heading","elType":"widget"}],"isInner":true,"elType":"container"},{"id":"1eef83ef","settings":{"flex_direction":"column","content_width":"full","width":{"unit":"%","size":25},"width_tablet":{"unit":"%","size":45,"sizes":[]},"width_mobile":{"unit":"%","size":"","sizes":[]}},"elements":[{"id":"31920a25","settings":{"image":{"id":853,"url":"https:\/\/raw.githubusercontent.com\/uixthemeswp\/glozin\/refs\/heads\/main\/demo-content\/payment.png","alt":"","source":"library","size":""},"image_size":"full","image_border_radius":{"unit":"px","top":"0","right":"0","bottom":"0","left":"0","isLinked":true}},"elements":[],"isInner":false,"widgetType":"image","elType":"widget"}],"isInner":true,"elType":"container"}],"isInner":false,"elType":"container"}],"page_settings":{"include_page_ids":"2414","exclude_page_ids":"706"},"version":"0.4","title":"Footer v1 - Dark","type":"page"}