{"content":[{"id":"67bfc69c","settings":{"min_height":{"unit":"px","size":868,"sizes":[]},"flex_justify_content":"center","flex_align_items":"center","background_background":"classic","background_image":{"id":248,"url":"https:\/\/wpecomus.com\/fashion\/wp-content\/uploads\/sites\/2\/2024\/06\/about-01-scaled-1.webp","alt":"","source":"library","size":""},"background_position":"center center","background_repeat":"no-repeat","background_size":"cover","min_height_mobile":{"unit":"px","size":350,"sizes":[]}},"elements":[{"id":"5790b6c1","settings":{"title":"Empowering women to achieve<br class=\"hidden-xs hidden-sm hidden-md\"\/>\nfitness goals with style","align":"center","title_color":"#FFFFFF","typography_typography":"custom","typography_font_size_tablet":{"unit":"px","size":50,"sizes":[]},"typography_font_size_mobile":{"unit":"px","size":22,"sizes":[]},"typography_line_height_mobile":{"unit":"px","size":"","sizes":[]}},"elements":[],"isInner":false,"widgetType":"ecomus-heading","elType":"widget"}],"isInner":false,"elType":"container"},{"id":"4b092041","settings":{"flex_direction":"column","flex_gap":{"column":"33","row":"33","isLinked":true,"unit":"px","size":33},"flex_gap_mobile":{"column":"15","row":"15","isLinked":true,"unit":"px","size":15},"presetTitle":"Container","presetIcon":"eicon-container","margin":{"unit":"px","top":"65","right":"0","bottom":"65","left":"0","isLinked":false},"margin_mobile":{"unit":"px","top":"40","right":"0","bottom":"20","left":"0","isLinked":false}},"elements":[{"id":"88df4f6","settings":{"title":"We are Ecomus","title_size":"h4","align":"center","typography_typography":"custom","typography_font_size_tablet":{"unit":"px","size":32,"sizes":[]},"typography_font_size_mobile":{"unit":"px","size":22,"sizes":[]}},"elements":[],"isInner":false,"widgetType":"ecomus-heading","elType":"widget"},{"id":"2700a27c","settings":{"editor":"Welcome to our classic women's clothing store, where we believe<br class=\"hidden-xs hidden-sm\" \/>that timeless style never goes out of fashion. Our collection features classic<br class=\"hidden-xs hidden-sm\" \/> pieces that are both stylish and versatile, perfect for building a<br class=\"hidden-xs hidden-sm\" \/>wardrobe that will last for years.","align":"center","text_color":"#545454","typography_typography":"custom","typography_font_weight":"400","typography_font_size":{"unit":"px","size":20,"sizes":[]},"typography_line_height":{"unit":"px","size":30,"sizes":[]},"typography_font_size_tablet":{"unit":"px","size":14,"sizes":[]},"typography_line_height_tablet":{"unit":"px","size":22,"sizes":[]},"typography_line_height_mobile":{"unit":"px","size":"","sizes":[]},"_element_width":"initial"},"elements":[],"isInner":false,"widgetType":"text-editor","elType":"widget"}],"isInner":false,"elType":"container"},{"id":"bf9c649","settings":[],"elements":[{"id":"6c367c7e","settings":{"text":"Divider","color":"#EBEBEB"},"elements":[],"isInner":false,"widgetType":"divider","elType":"widget"}],"isInner":false,"elType":"container"},{"id":"3bf4df48","settings":{"flex_direction":"row","flex_gap":{"unit":"px","size":30,"column":"30","row":"30","isLinked":false},"margin":{"unit":"px","top":"85","right":"0","bottom":"0","left":"0","isLinked":false},"margin_mobile":{"unit":"px","top":"30","right":"0","bottom":"0","left":"0","isLinked":false}},"elements":[{"id":"40239c03","settings":{"flex_direction":"column","width":{"unit":"%","size":"50"},"boxed_width":{"unit":"%","size":50,"sizes":[]},"boxed_width_tablet":{"unit":"%","size":"","sizes":[]},"boxed_width_mobile":{"unit":"%","size":"","sizes":[]},"content_width":"full"},"elements":[{"id":"4b9d","settings":{"image":{"id":252,"url":"https:\/\/wpecomus.com\/fashion\/wp-content\/uploads\/sites\/2\/2024\/06\/about-02.jpg","alt":"","source":"library","size":""},"image_size":"full","_margin_mobile":{"unit":"px","top":"0","right":"0","bottom":"5","left":"0","isLinked":false}},"elements":[],"isInner":false,"widgetType":"image","elType":"widget"}],"isInner":true,"elType":"container"},{"id":"24d81659","settings":{"flex_direction":"column","content_width":"full","width":{"unit":"%","size":"50"},"flex_justify_content":"center","flex_align_items":"center","flex_gap":{"column":"","row":"","isLinked":true,"unit":"px","size":null}},"elements":[{"id":"72ac93b3","settings":{"boxed_width":{"unit":"px","size":460,"sizes":[]},"flex_gap_mobile":{"column":"15","row":"15","isLinked":true,"unit":"px","size":15}},"elements":[{"id":"5107cd82","settings":{"title":"Established - 1995","title_size":"h5","align_mobile":"center","typography_typography":"custom","typography_font_size_mobile":{"unit":"px","size":22,"sizes":[]}},"elements":[],"isInner":false,"widgetType":"ecomus-heading","elType":"widget"},{"id":"483caefa","settings":{"editor":"<p>Ecomus was founded in 1995 by Jane Smith, a fashion lover with a passion for timeless style. Jane had always been drawn to classic pieces that could be worn season after season, and she believed that there was a gap in the market for a store that focused solely on classic women's clothing. She opened the first store in a small town in New England, where it quickly became a local favorite.<\/p>","text_color":"#545454","typography_typography":"custom","typography_font_weight":"400","typography_line_height":{"unit":"px","size":22,"sizes":[]}},"elements":[],"isInner":false,"widgetType":"text-editor","elType":"widget"}],"isInner":true,"elType":"container"}],"isInner":true,"elType":"container"}],"isInner":false,"elType":"container"},{"id":"616539d1","settings":{"flex_direction":"row","flex_gap":{"unit":"px","size":30,"column":"30","row":"30","isLinked":true},"boxed_width":{"unit":"px","size":1460,"sizes":[]},"flex_direction_mobile":"column-reverse","margin":{"unit":"px","top":"130","right":"0","bottom":"130","left":"0","isLinked":false},"margin_tablet":{"unit":"px","top":"80","right":"0","bottom":"80","left":"0","isLinked":false},"margin_mobile":{"unit":"px","top":"40","right":"0","bottom":"40","left":"0","isLinked":false}},"elements":[{"id":"5675362b","settings":{"flex_direction":"column","content_width":"full","width":{"unit":"%","size":"50"},"flex_justify_content":"center","flex_align_items":"center","flex_gap":{"column":"","row":"","isLinked":true,"unit":"px","size":null}},"elements":[{"id":"5a2e264","settings":{"boxed_width":{"unit":"px","size":460,"sizes":[]},"flex_gap_mobile":{"column":"15","row":"15","isLinked":true,"unit":"px","size":15},"boxed_width_tablet":{"unit":"%","size":100,"sizes":[]},"boxed_width_mobile":{"unit":"%","size":"","sizes":[]},"flex_align_items_tablet":"flex-start"},"elements":[{"id":"6d554d05","settings":{"title":"Our mission","title_size":"h5","align_mobile":"center","typography_typography":"custom","typography_font_size_mobile":{"unit":"px","size":22,"sizes":[]},"_element_width_mobile":"inherit"},"elements":[],"isInner":false,"widgetType":"ecomus-heading","elType":"widget"},{"id":"33582a2f","settings":{"editor":"<p>Our mission is to empower people through sustainable fashion. We want everyone to look and feel good, while also doing our part to help the environment.We believe that fashion should be stylish, affordable and accessible to everyone. Body positivity and inclusivity are values that are at the heart of our brand.<\/p>","text_color":"#545454","typography_typography":"custom","typography_font_weight":"400","typography_line_height":{"unit":"px","size":22,"sizes":[]}},"elements":[],"isInner":false,"widgetType":"text-editor","elType":"widget"}],"isInner":true,"elType":"container"}],"isInner":true,"elType":"container"},{"id":"18243ba9","settings":{"flex_direction":"column","content_width":"full","width":{"unit":"%","size":"50"},"margin_mobile":{"unit":"px","top":"0","right":"0","bottom":"10","left":"0","isLinked":false}},"elements":[{"id":"45438db8","settings":{"content_width":"full","primary_image":{"url":"https:\/\/wpecomus.com\/fashion\/wp-content\/uploads\/sites\/2\/2024\/07\/about_banner3.webp","id":4098,"size":"","alt":"","source":"library"},"secondary_image":{"url":"https:\/\/wpecomus.com\/fashion\/wp-content\/uploads\/sites\/2\/2024\/07\/about_banner2.webp","id":4097,"size":"","alt":"","source":"library"}},"elements":[],"isInner":false,"widgetType":"ecomus-dual-image","elType":"widget"}],"isInner":true,"elType":"container"}],"isInner":false,"elType":"container"},{"id":"47553551","settings":{"boxed_width":{"unit":"px","size":1440,"sizes":[]},"flex_gap":{"column":"0","row":"0","isLinked":true,"unit":"px","size":0},"presetTitle":"Container","presetIcon":"eicon-container"},"elements":[{"id":"77341678","settings":{"background_background":"classic","background_color":"#FBF7F0","border_radius":{"unit":"px","top":"20","right":"20","bottom":"20","left":"20","isLinked":true},"padding":{"unit":"px","top":"108","right":"100","bottom":"90","left":"100","isLinked":false},"flex_gap_mobile":{"column":"5","row":"5","isLinked":true,"unit":"px","size":5},"padding_mobile":{"unit":"px","top":"30","right":"15","bottom":"30","left":"15","isLinked":false},"padding_tablet":{"unit":"px","top":"60","right":"50","bottom":"70","left":"50","isLinked":false}},"elements":[{"id":"1eb4f053","settings":{"title":"Quality is our priority","title_size":"h4","align":"center","typography_typography":"custom","typography_font_size_tablet":{"unit":"px","size":32,"sizes":[]},"typography_font_size_mobile":{"unit":"px","size":22,"sizes":[]}},"elements":[],"isInner":false,"widgetType":"ecomus-heading","elType":"widget"},{"id":"725b09ba","settings":{"boxed_width":{"unit":"px","size":705,"sizes":[]},"margin":{"unit":"px","top":"0","right":"0","bottom":"25","left":"0","isLinked":false}},"elements":[{"id":"1a5b2275","settings":{"editor":"<p>Our talented stylists have put together outfits that are perfect for the season. They've variety of ways to inspire your next fashion-forward look.<\/p>","align":"center","text_color":"#545454","typography_typography":"custom","typography_font_size":{"unit":"px","size":20,"sizes":[]},"typography_font_weight":"400","typography_line_height":{"unit":"px","size":30,"sizes":[]},"typography_font_size_tablet":{"unit":"px","size":16,"sizes":[]},"typography_line_height_tablet":{"unit":"px","size":22,"sizes":[]},"typography_line_height_mobile":{"unit":"px","size":"","sizes":[]},"typography_font_size_mobile":{"unit":"px","size":14,"sizes":[]},"_padding":{"unit":"px","top":"0","right":"0","bottom":"20","left":"0","isLinked":false}},"elements":[],"isInner":false,"widgetType":"text-editor","elType":"widget"}],"isInner":true,"elType":"container"},{"id":"60b4f3bf","settings":{"content_width":"full","flex_direction":"row","flex_justify_content":"center","flex_align_items":"center","flex_gap":{"column":"50","row":"50","isLinked":true,"unit":"px","size":50}},"elements":[{"id":"1d5f8edc","settings":{"icons_box":[{"title":"High-Quality Materials","description":"Crafted with precision and excellence, our activewear is meticulously engineered using premium materials to ensure unmatched comfort and durability.","_id":"9874781","icon":{"value":{"url":"https:\/\/raw.githubusercontent.com\/drfuri\/demo-content\/main\/ecomus\/fashion\/images\/material.svg","id":268},"library":"svg"}},{"title":"Laconic Design","description":"Simplicity refined. Our activewear embodies the essence of minimalistic design, delivering effortless style that speaks volumes.","_id":"c763c2e","icon":{"value":{"url":"https:\/\/raw.githubusercontent.com\/drfuri\/demo-content\/main\/ecomus\/fashion\/images\/laconic.svg","id":267},"library":"svg"}},{"title":"Various Sizes","description":"Designed for every body and anyone, our activewear embraces diversity with a wide range of sizes and shapes, celebrating the beauty of individuality.","_id":"fc36fd4","icon":{"value":{"url":"https:\/\/raw.githubusercontent.com\/drfuri\/demo-content\/main\/ecomus\/fashion\/images\/various.svg","id":269},"library":"svg"}}],"navigation_classes_tablet":"dots","navigation_classes_mobile":"dots","icon_border_border":"solid","icon_border_width":{"unit":"px","top":"1","right":"1","bottom":"1","left":"1","isLinked":true},"icon_border_color":"#030303","border_radius":{"unit":"%","top":"100","right":"100","bottom":"100","left":"100","isLinked":true},"icon_padding":{"unit":"px","top":"25","right":"25","bottom":"25","left":"25","isLinked":true},"image_spacing_custom":50,"image_spacing_custom_tablet":30,"image_spacing_custom_mobile":15,"alignment":"center","icon_color":"#020202","icon_spacing":{"unit":"px","size":30,"sizes":[]},"slides_to_show_tablet":2,"slides_to_show_mobile":1,"slides_to_scroll_tablet":2,"slides_to_scroll_mobile":1},"elements":[],"isInner":false,"widgetType":"ecomus-icon-box-carousel","elType":"widget"}],"isInner":true,"elType":"container"}],"isInner":true,"elType":"container"}],"isInner":false,"elType":"container"},{"id":"31ce126c","settings":{"boxed_width":{"unit":"px","size":1440,"sizes":[]},"margin":{"unit":"px","top":"110","right":"0","bottom":"95","left":"0","isLinked":false},"margin_mobile":{"unit":"px","top":"50","right":"0","bottom":"30","left":"0","isLinked":false}},"elements":[{"id":"6129d38b","settings":{"testimonials":[{"testimonial_name":"Robert Smith","testimonial_company":"","_id":"800d11f","testimonial_title":"Our customer\u2019s reviews","testimonial_content":"Love love love! This product is so easy to use!   I absolutely love the Alpha Arbutin product.  It has made such a difference with my hyperpigmentation spots!  I feel so much more confident without makeup on where as before I would never leave the house","testimonial_image":{"id":5546,"url":"https:\/\/wpecomus.com\/fashion\/wp-content\/uploads\/sites\/2\/2024\/08\/about-tes01.jpg","alt":"","source":"library","size":""},"testimonial_rating":"5"},{"testimonial_name":"Sandra","testimonial_company":"","testimonial_title":"Our customer\u2019s reviews","testimonial_content":"I'm absolutely in love with the Alpha Arbutin product! It's incredibly easy to use and has been a game-changer for my hyperpigmentation spots. I feel so much more confident without makeup now, compared to before when I wouldn't dare leave the house.","testimonial_image":{"id":1838,"url":"https:\/\/wpecomus.com\/fashion\/wp-content\/uploads\/sites\/2\/2024\/06\/homev3_teti2.webp","alt":"","source":"library","size":""},"testimonial_rating":"3","_id":"3cb37d8"},{"testimonial_name":"Loretta","testimonial_company":"","testimonial_title":"Our customer\u2019s reviews","testimonial_content":"I can't rave enough about the Alpha Arbutin product. It's incredibly simple to use and has made a huge difference in reducing my hyperpigmentation. My confidence has soared, and I no longer feel the need to wear makeup to leave the house","testimonial_image":{"id":1837,"url":"https:\/\/wpecomus.com\/fashion\/wp-content\/uploads\/sites\/2\/2024\/06\/homev3_teti1.webp","alt":"","source":"library","size":""},"_id":"eedd438"}],"image_spacing_custom":0,"image_spacing_custom_tablet":10,"image_spacing_custom_mobile":15,"navigation_mobile":"dots","content_item_title_typo_font_size":{"unit":"px","size":42,"sizes":[]},"content_item_content_typo_typography":"custom","content_item_name_typo_font_size":{"unit":"px","size":42,"sizes":[]},"content_item_company_typo_font_size":{"unit":"px","size":39,"sizes":[]},"content_item_name_color":"#000000","content_item_title_typo_typography":"custom","content_item_title_typo_font_size_tablet":{"unit":"px","size":32,"sizes":[]},"content_item_title_typo_font_size_mobile":{"unit":"px","size":22,"sizes":[]},"content_item_content_typo_font_size_tablet":{"unit":"px","size":16,"sizes":[]}},"elements":[],"isInner":false,"widgetType":"ecomus-testimonial-carousel","elType":"widget"}],"isInner":false,"elType":"container"},{"id":"55382cf0","settings":{"boxed_width":{"unit":"px","size":1440,"sizes":[]},"margin_mobile":{"unit":"px","top":"0","right":"0","bottom":"0","left":"0","isLinked":false}},"elements":[{"id":"3933260e","settings":{"text":"Divider","color":"#EBEBEB"},"elements":[],"isInner":false,"widgetType":"divider","elType":"widget"}],"isInner":false,"elType":"container"},{"id":"6038873a","settings":{"flex_direction":"column","boxed_width":{"unit":"px","size":1440,"sizes":[]},"flex_gap":{"column":"15","row":"15","isLinked":true,"unit":"px","size":15},"flex_gap_mobile":{"column":"5","row":"5","isLinked":true,"unit":"px","size":5},"margin":{"unit":"px","top":"50","right":"0","bottom":"75","left":"0","isLinked":false},"margin_mobile":{"unit":"px","top":"30","right":"0","bottom":"40","left":"0","isLinked":false}},"elements":[{"id":"7d8f9ef8","settings":{"title":"Shop Gram","title_size":"h4","align":"center","typography_typography":"custom","typography_font_size_tablet":{"unit":"px","size":32,"sizes":[]},"typography_font_size_mobile":{"unit":"px","size":22,"sizes":[]}},"elements":[],"isInner":false,"widgetType":"ecomus-heading","elType":"widget"},{"id":"59f59740","settings":{"editor":"<p>Inspire and let yourself be inspired, from one unique fashion to another.<\/p>","align":"center","text_color":"#545454","typography_typography":"custom","typography_font_family":"Albert Sans","typography_font_size":{"unit":"px","size":16,"sizes":[]},"typography_font_weight":"400","typography_line_height":{"unit":"px","size":22,"sizes":[]},"_margin":{"unit":"px","top":"0","right":"0","bottom":"43","left":"0","isLinked":false},"_margin_mobile":{"unit":"px","top":"0","right":"0","bottom":"10","left":"0","isLinked":false}},"elements":[],"isInner":false,"widgetType":"text-editor","elType":"widget"},{"id":"7c71a4f1","settings":{"image_shape":"original","limit":5,"navigation_classes_tablet":"dots","navigation_classes_mobile":"dots","navigation_tablet":"both","navigation_mobile":"both","instagrams":[],"slides_to_show_tablet":3,"slides_to_show_mobile":2},"elements":[],"isInner":false,"widgetType":"ecomus-instagram","elType":"widget"}],"isInner":false,"elType":"container"}],"page_settings":{"page_header_top_padding":{"unit":"px","size":0,"sizes":[]},"page_header_bottom_padding":{"unit":"px","size":0,"sizes":[]},"content_top_spacing":"custom","content_top_padding":{"unit":"px","size":0,"sizes":[]},"content_bottom_spacing":"custom","content_bottom_padding":{"unit":"px","size":0,"sizes":[]},"hide_page_header":"yes"},"version":"0.4","title":"About Us","type":"page"}