{"content":[{"id":"3bccbe6a","settings":{"flex_direction":"row","flex_gap":{"unit":"px","size":null,"column":"","row":"","isLinked":true},"boxed_width":{"unit":"px","size":1470,"sizes":[]},"flex_direction_mobile":"column","flex_justify_content":"space-between","flex_align_items_mobile":"flex-start","flex_gap_tablet":{"column":"","row":"","isLinked":true,"unit":"px","size":null},"flex_align_items":"stretch","margin":{"unit":"px","top":"30","right":"0","bottom":"30","left":"0","isLinked":false},"margin_mobile":{"unit":"px","top":"0","right":"0","bottom":"0","left":"0","isLinked":true},"background_image":{"url":"","id":"","size":""},"background_video_fallback":{"url":"","id":"","size":""},"background_slideshow_gallery":[],"background_hover_image":{"url":"","id":"","size":""},"background_hover_video_fallback":{"url":"","id":"","size":""},"background_hover_slideshow_gallery":[],"background_overlay_image":{"url":"","id":"","size":""},"background_overlay_video_fallback":{"url":"","id":"","size":""},"background_overlay_slideshow_gallery":[],"background_overlay_hover_image":{"url":"","id":"","size":""},"background_overlay_hover_video_fallback":{"url":"","id":"","size":""},"background_overlay_hover_slideshow_gallery":[]},"elements":[{"id":"1a6ab2ba","settings":{"content_width":"full","width":{"unit":"px","size":460,"sizes":[]},"border_color":"#EBEBEB","padding":{"unit":"px","top":"0","right":"0","bottom":"0","left":"0","isLinked":true},"flex_gap":{"column":"0","row":"0","isLinked":true,"unit":"px","size":0},"width_tablet":{"unit":"%","size":"","sizes":[]},"width_mobile":{"unit":"%","size":"","sizes":[]},"margin_mobile":{"unit":"px","top":"0","right":"0","bottom":"20","left":"0","isLinked":false},"background_image":{"url":"","id":"","size":""},"background_video_fallback":{"url":"","id":"","size":""},"background_slideshow_gallery":[],"background_hover_image":{"url":"","id":"","size":""},"background_hover_video_fallback":{"url":"","id":"","size":""},"background_hover_slideshow_gallery":[],"background_overlay_image":{"url":"","id":"","size":""},"background_overlay_video_fallback":{"url":"","id":"","size":""},"background_overlay_slideshow_gallery":[],"background_overlay_hover_image":{"url":"","id":"","size":""},"background_overlay_hover_video_fallback":{"url":"","id":"","size":""},"background_overlay_hover_slideshow_gallery":[]},"elements":[{"id":"200f7f3e","settings":{"items":[{"title":"Shopping Information","link":{"url":"#section-shopping-information","is_external":"","nofollow":"","custom_attributes":""},"_id":"323cef9","active":""},{"title":"Payment Information","link":{"url":"#section-payment-information","is_external":"","nofollow":"","custom_attributes":""},"_id":"6d6b531","active":""},{"title":"Order Returns","link":{"url":"#section-order-returns","is_external":"","nofollow":"","custom_attributes":""},"_id":"78a5f84","active":""},{"_id":"8b5b7ca","title":"Contact","link":{"url":"https:\/\/wpecomus.com\/fashion\/contact-v1\/","is_external":"","nofollow":"","custom_attributes":""},"active":""}],"_background_image":{"url":"","id":"","size":""},"_background_video_fallback":{"url":"","id":"","size":""},"_background_slideshow_gallery":[],"_background_hover_image":{"url":"","id":"","size":""},"_background_hover_video_fallback":{"url":"","id":"","size":""},"_background_hover_slideshow_gallery":[],"_mask_image":{"url":"","id":"","size":""}},"elements":[],"isInner":false,"widgetType":"ecomus-navigation-bar","elType":"widget"}],"isInner":true,"elType":"container"},{"id":"1b0092fc","settings":{"flex_direction":"column","content_width":"full","width":{"unit":"%","size":60},"flex_gap":{"column":"25","row":"25","isLinked":true,"unit":"px","size":25},"padding_mobile":{"unit":"px","top":"0","right":"0","bottom":"0","left":"0","isLinked":true},"width_tablet":{"unit":"%","size":"","sizes":[]},"width_mobile":{"unit":"%","size":"","sizes":[]},"flex_gap_mobile":{"column":"15","row":"15","isLinked":true,"unit":"px","size":15},"background_image":{"url":"","id":"","size":""},"background_video_fallback":{"url":"","id":"","size":""},"background_slideshow_gallery":[],"background_hover_image":{"url":"","id":"","size":""},"background_hover_video_fallback":{"url":"","id":"","size":""},"background_hover_slideshow_gallery":[],"background_overlay_image":{"url":"","id":"","size":""},"background_overlay_video_fallback":{"url":"","id":"","size":""},"background_overlay_slideshow_gallery":[],"background_overlay_hover_image":{"url":"","id":"","size":""},"background_overlay_hover_video_fallback":{"url":"","id":"","size":""},"background_overlay_hover_slideshow_gallery":[]},"elements":[{"id":"16c60f43","settings":{"title":"Shopping Information","title_size":"h5","_element_id":"section-shopping-information","typography_typography":"custom","typography_font_size_mobile":{"unit":"px","size":22,"sizes":[]},"_background_image":{"url":"","id":"","size":""},"_background_video_fallback":{"url":"","id":"","size":""},"_background_slideshow_gallery":[],"_background_hover_image":{"url":"","id":"","size":""},"_background_hover_video_fallback":{"url":"","id":"","size":""},"_background_hover_slideshow_gallery":[],"_mask_image":{"url":"","id":"","size":""}},"elements":[],"isInner":false,"widgetType":"ecomus-heading","elType":"widget"},{"id":"b417f41","settings":{"tabs":[{"tab_title":"How do I find a product?","tab_content":"You can use our search bar at the top of the page to search for specific products or browse through our categories.","_id":"6e9330e"},{"tab_title":"Can I save products to my wishlist?","tab_content":"Yes, you can create a wishlist and save products for later purchase. Simply click the \"Add to Wishlist\" button on any product page.","_id":"b10b339"},{"tab_title":"How do I know if a product is in stock?","tab_content":"Product availability is indicated on the product page. If a product is in stock, you will see a \"Add to Cart\" button. If it's out of stock, you may see a notification or the option to be notified when it's back in stock.","_id":"6195ad3"},{"tab_title":"Can I purchase products as a guest?","tab_content":"Yes, you can make purchases as a guest without creating an account. However, creating an account allows you to save your shipping information, track your orders, and access exclusive offers.","_id":"83bc02f"}],"style_icons":{"value":{"id":"5131","url":"https:\/\/wpecomus.com\/women\/wp-content\/uploads\/sites\/3\/2024\/08\/plus.svg"},"library":"svg"},"style_icons_active":{"value":{"id":"5132","url":"https:\/\/wpecomus.com\/women\/wp-content\/uploads\/sites\/3\/2024\/08\/minus.svg"},"library":"svg"},"_background_image":{"url":"","id":"","size":""},"_background_video_fallback":{"url":"","id":"","size":""},"_background_slideshow_gallery":[],"_background_hover_image":{"url":"","id":"","size":""},"_background_hover_video_fallback":{"url":"","id":"","size":""},"_background_hover_slideshow_gallery":[],"_mask_image":{"url":"","id":"","size":""}},"elements":[],"isInner":false,"widgetType":"ecomus-accordion","elType":"widget"},{"id":"4e9559","settings":{"title":"Payment Information","title_size":"h5","_margin":{"unit":"px","top":"32","right":"0","bottom":"0","left":"0","isLinked":false},"_element_id":"section-payment-information","typography_typography":"custom","typography_font_size_mobile":{"unit":"px","size":22,"sizes":[]},"_margin_mobile":{"unit":"px","top":"10","right":"0","bottom":"0","left":"0","isLinked":false},"_background_image":{"url":"","id":"","size":""},"_background_video_fallback":{"url":"","id":"","size":""},"_background_slideshow_gallery":[],"_background_hover_image":{"url":"","id":"","size":""},"_background_hover_video_fallback":{"url":"","id":"","size":""},"_background_hover_slideshow_gallery":[],"_mask_image":{"url":"","id":"","size":""}},"elements":[],"isInner":false,"widgetType":"ecomus-heading","elType":"widget"},{"id":"267702cb","settings":{"tabs":[{"tab_title":"What payment methods do you accept?","tab_content":"We accept [list of accepted payment methods, e.g., credit cards, debit cards, PayPal, bank transfers].","_id":"6e9330e"},{"tab_title":"Is my payment information secure?","tab_content":"Yes, your payment information is secure. We use [security measures, e.g., SSL encryption] to protect your data.","_id":"b10b339"},{"tab_title":"Can I use a coupon code?","tab_content":"Yes, you can apply a coupon code during the checkout process. Simply enter the code in the designated field.","_id":"6195ad3"},{"tab_title":"What happens if my payment fails?","tab_content":"If your payment fails, you will be notified and given the option to try again or choose a different payment method. Please ensure that your payment information is correct and that you have sufficient funds in your account.","_id":"83bc02f"}],"style_icons":{"value":{"id":"5131","url":"https:\/\/wpecomus.com\/women\/wp-content\/uploads\/sites\/3\/2024\/08\/plus.svg"},"library":"svg"},"style_icons_active":{"value":{"id":"5132","url":"https:\/\/wpecomus.com\/women\/wp-content\/uploads\/sites\/3\/2024\/08\/minus.svg"},"library":"svg"},"content_width":"full","_background_image":{"url":"","id":"","size":""},"_background_video_fallback":{"url":"","id":"","size":""},"_background_slideshow_gallery":[],"_background_hover_image":{"url":"","id":"","size":""},"_background_hover_video_fallback":{"url":"","id":"","size":""},"_background_hover_slideshow_gallery":[],"_mask_image":{"url":"","id":"","size":""}},"elements":[],"isInner":false,"widgetType":"ecomus-accordion","elType":"widget"},{"id":"4f18b277","settings":{"title":"Order Returns","title_size":"h5","_margin":{"unit":"px","top":"32","right":"0","bottom":"0","left":"0","isLinked":false},"_element_id":"section-order-returns","typography_typography":"custom","typography_font_size_mobile":{"unit":"px","size":22,"sizes":[]},"_margin_mobile":{"unit":"px","top":"10","right":"0","bottom":"0","left":"0","isLinked":false},"_background_image":{"url":"","id":"","size":""},"_background_video_fallback":{"url":"","id":"","size":""},"_background_slideshow_gallery":[],"_background_hover_image":{"url":"","id":"","size":""},"_background_hover_video_fallback":{"url":"","id":"","size":""},"_background_hover_slideshow_gallery":[],"_mask_image":{"url":"","id":"","size":""}},"elements":[],"isInner":false,"widgetType":"ecomus-heading","elType":"widget"},{"id":"4b87d0c7","settings":{"tabs":[{"tab_title":"What is your return policy?","tab_content":"We offer a [number] day return policy. You can return eligible items within [number] days of receiving your order.","_id":"6e9330e"},{"tab_title":"How do I return an item?","tab_content":"To return an item, please follow the instructions provided in your order confirmation email. You will need to include a copy of the order invoice and the item in its original condition.","_id":"b10b339"},{"tab_title":"Who pays for the return shipping?","tab_content":"Specify who pays for return shipping, e.g., customer, seller","_id":"6195ad3"},{"tab_title":"Can I exchange an item?","tab_content":"Yes, you can exchange an item for a different size or color. Please contact our customer support team for assistance.","_id":"83bc02f"}],"style_icons":{"value":{"id":"5131","url":"https:\/\/wpecomus.com\/women\/wp-content\/uploads\/sites\/3\/2024\/08\/plus.svg"},"library":"svg"},"style_icons_active":{"value":{"id":"5132","url":"https:\/\/wpecomus.com\/women\/wp-content\/uploads\/sites\/3\/2024\/08\/minus.svg"},"library":"svg"},"content_width":"full","_background_image":{"url":"","id":"","size":""},"_background_video_fallback":{"url":"","id":"","size":""},"_background_slideshow_gallery":[],"_background_hover_image":{"url":"","id":"","size":""},"_background_hover_video_fallback":{"url":"","id":"","size":""},"_background_hover_slideshow_gallery":[],"_mask_image":{"url":"","id":"","size":""}},"elements":[],"isInner":false,"widgetType":"ecomus-accordion","elType":"widget"}],"isInner":true,"elType":"container"}],"isInner":false,"elType":"container"}],"page_settings":[],"version":"0.4","title":"Page FAQ v2","type":"page"}