{"content":[{"id":"36badce7","settings":{"content_width":"full"},"elements":[{"id":"a3a5388","settings":{"slides":[{"title":"Plant-based meals<br> to your door","description":"Transform your meals with our delicious plant-based recipes","button_text":"Shop collection","_id":"57ce5d6","banner_background_img":{"id":6952,"url":"https:\/\/wpecomus.com\/food\/wp-content\/uploads\/sites\/32\/2024\/12\/food-sld-1-scaled.webp","alt":"","source":"library","size":""},"button_link":{"url":"https:\/\/wpecomus.com\/food\/product-category\/food\/","is_external":"","nofollow":"","custom_attributes":""}},{"title":"Vegan Meals Delivered<br> to Your Door","description":"Upgrade Your Meals with Our Delicious Plant-Based Creations","button_text":"Shop collection","banner_background_img":{"id":6953,"url":"https:\/\/wpecomus.com\/food\/wp-content\/uploads\/sites\/32\/2024\/12\/food-sld-2-scaled.webp","alt":"","source":"library","size":""},"_id":"71ee16e","button_link":{"url":"https:\/\/wpecomus.com\/food\/product-category\/lunch\/","is_external":"","nofollow":"","custom_attributes":""}},{"title":"Healthy Plant-Based<br> Meals Delivered","description":"Revitalize Your Diet with Our Delicious Plant-Based Recipes","button_text":"Shop collection","banner_background_img":{"id":6954,"url":"https:\/\/wpecomus.com\/food\/wp-content\/uploads\/sites\/32\/2024\/12\/food-sld-3-scaled.webp","alt":"","source":"library","size":""},"_id":"5d551e6","button_link":{"url":"https:\/\/wpecomus.com\/food\/product-category\/healthy\/","is_external":"","nofollow":"","custom_attributes":""}}],"slides_height":{"unit":"px","size":797,"sizes":[]},"slides_height_tablet":{"unit":"px","size":430,"sizes":[]},"slides_height_mobile":{"unit":"px","size":300,"sizes":[]},"show_button_icon":"alway","button_icon":{"value":{"url":"https:\/\/wpecomus.com\/food\/wp-content\/uploads\/sites\/32\/2024\/07\/arrow-right.svg","id":3886},"library":"svg"},"navigation_classes":"dots","navigation_classes_tablet":"dots","slides_text_align_mobile":"center","title_color":"#FFFFFF","title_typography_typography":"custom","title_typography_font_size":{"unit":"px","size":80,"sizes":[]},"title_typography_font_size_tablet":{"unit":"px","size":44,"sizes":[]},"title_typography_font_size_mobile":{"unit":"px","size":34,"sizes":[]},"title_spacing":{"unit":"px","size":14,"sizes":[]},"description_color":"#FFFFFF","description_typography_typography":"custom","description_typography_font_size":{"unit":"px","size":20,"sizes":[]},"description_typography_font_size_mobile":{"unit":"px","size":16,"sizes":[]},"description_spacing":{"unit":"px","size":38,"sizes":[]},"description_spacing_mobile":{"unit":"px","size":24,"sizes":[]},"button_padding_mobile":{"unit":"px","top":"11","right":"22","bottom":"10","left":"22","isLinked":false},"button_typography_typography":"custom","button_typography_font_size_mobile":{"unit":"px","size":14,"sizes":[]},"button_background_color":"#FFFFFF","button_text_color":"#000000","button_border_color":"#FFFFFF","button_background_hover_color":"#FFFFFF","hover_color":"#000000","button_hover_border_color":"#FFFFFF","button_background_effect_hover_color":"#00000040","dots_type":"","dots_gap_tablet":{"unit":"px","size":5,"sizes":[]},"dots_size_tablet":{"unit":"px","size":6,"sizes":[]},"dots_spacing_tablet":{"unit":"px","size":20,"sizes":[]},"dots_spacing_mobile":{"unit":"px","size":15,"sizes":[]},"dot_item_color":"#FFFFFF33","dot_item_active_color":"#FFFFFF","dot_align":"center","button_typography_font_weight":"400","button_icon_padding":{"unit":"px","top":"2","right":"0","bottom":"0","left":"0","isLinked":false},"autoplay":"yes","autoplay_speed":7000,"button_icon_padding_mobile":{"unit":"px","top":"0","right":"0","bottom":"0","left":"0","isLinked":true}},"elements":[],"isInner":false,"widgetType":"ecomus-slides","elType":"widget"}],"isInner":false,"elType":"container"},{"id":"6d3d2ccd","settings":{"flex_direction":"column","background_background":"classic","background_color":"#F8F4F0","margin":{"unit":"px","top":"0","right":"0","bottom":"100","left":"0","isLinked":false},"margin_tablet":{"unit":"px","top":"0","right":"0","bottom":"85","left":"0","isLinked":false},"margin_mobile":{"unit":"px","top":"0","right":"0","bottom":"75","left":"0","isLinked":false},"padding":{"unit":"px","top":"86","right":"0","bottom":"100","left":"0","isLinked":false},"padding_tablet":{"unit":"px","top":"73","right":"0","bottom":"85","left":"0","isLinked":false},"padding_mobile":{"unit":"px","top":"64","right":"0","bottom":"67","left":"0","isLinked":false}},"elements":[{"id":"41e5243a","settings":{"content_width":"full","flex_gap":{"column":"100","row":"100","isLinked":true,"unit":"px","size":100},"flex_gap_tablet":{"column":"50","row":"50","isLinked":true,"unit":"px","size":50},"flex_gap_mobile":{"column":"30","row":"30","isLinked":true,"unit":"px","size":30}},"elements":[{"id":"5a078b01","settings":{"title":"Discover the benefits of a <br\/>plant-based diet","title_size":"h4","align":"center","typography_typography":"custom","typography_font_size_tablet":{"unit":"px","size":32,"sizes":[]},"typography_font_size_mobile":{"unit":"px","size":22,"sizes":[]}},"elements":[],"isInner":false,"widgetType":"ecomus-heading","elType":"widget"},{"id":"2f23ca72","settings":{"icons_box":[{"icon":{"value":{"url":"https:\/\/wpecomus.com\/food\/wp-content\/uploads\/sites\/32\/2024\/12\/health.svg","id":6955},"library":"svg"},"title":"Improved Health","description":"Plant-based diets are associated with lower risks of heart disease, obesity, type 2 diabetes, and certain cancers.","_id":"ce199b3","image":{"id":6940,"url":"https:\/\/wpecomus.com\/food\/wp-content\/uploads\/sites\/32\/2024\/12\/placeholder.png"}},{"icon":{"value":{"url":"https:\/\/wpecomus.com\/food\/wp-content\/uploads\/sites\/32\/2024\/12\/energy.svg","id":6956},"library":"svg"},"title":"Increased energy","description":"Studies show that plant-based diets can lower the risk of heart disease, obesity, type 2 diabetes, and various cancers.","_id":"2efe466","image":{"id":6941,"url":"https:\/\/wpecomus.com\/food\/wp-content\/uploads\/sites\/32\/2024\/12\/placeholder-1.png"}},{"icon":{"value":{"url":"https:\/\/wpecomus.com\/food\/wp-content\/uploads\/sites\/32\/2024\/12\/skin.svg","id":6957},"library":"svg"},"title":"Glowing skin","description":"Choosing a plant-based diet may help reduce the risk of heart disease, obesity, type 2 diabetes, and certain cancers.","_id":"3b074bb","image":{"id":6942,"url":"https:\/\/wpecomus.com\/food\/wp-content\/uploads\/sites\/32\/2024\/12\/placeholder-2.png"}},{"icon":{"value":{"url":"https:\/\/wpecomus.com\/food\/wp-content\/uploads\/sites\/32\/2024\/12\/sleep.svg","id":6958},"library":"svg"},"title":"Better sleep","description":"Following a plant-based diet is linked to reduced risks of heart disease, obesity, type 2 diabetes, and certain cancers.","_id":"498d12b","image":{"id":6943,"url":"https:\/\/wpecomus.com\/food\/wp-content\/uploads\/sites\/32\/2024\/12\/placeholder-3.png"}}],"slides_to_show":4,"slides_to_show_tablet":2,"slides_to_show_mobile":1,"slides_to_scroll_tablet":2,"slides_to_scroll_mobile":1,"navigation_classes":"none","navigation_classes_tablet":"dots","navigation_classes_mobile":"dots","alignment":"center","title_typography_typography":"custom","title_typography_font_size":{"unit":"px","size":28,"sizes":[]},"title_typography_font_size_mobile":{"unit":"px","size":21,"sizes":[]},"title_spacing":{"unit":"px","size":14,"sizes":[]},"title_spacing_tablet":{"unit":"px","size":11,"sizes":[]},"title_spacing_mobile":{"unit":"px","size":9,"sizes":[]},"description_color":"#000000","description_typography_typography":"custom","description_typography_font_size":{"unit":"px","size":16,"sizes":[]},"description_typography_font_size_mobile":{"unit":"px","size":14,"sizes":[]},"icon_color":"#000000","icon_size":{"unit":"px","size":58,"sizes":[]},"icon_size_mobile":{"unit":"px","size":30,"sizes":[]},"icon_spacing":{"unit":"px","size":34,"sizes":[]},"icon_spacing_tablet":{"unit":"px","size":28,"sizes":[]},"icon_spacing_mobile":{"unit":"px","size":22,"sizes":[]},"dots_spacing_mobile":{"unit":"px","size":15,"sizes":[]}},"elements":[],"isInner":false,"widgetType":"ecomus-icon-box-carousel","elType":"widget"}],"isInner":true,"elType":"container"}],"isInner":false,"elType":"container"},{"id":"4058954a","settings":{"margin":{"unit":"px","top":"0","right":"0","bottom":"95","left":"0","isLinked":false},"margin_tablet":{"unit":"px","top":"0","right":"0","bottom":"40","left":"0","isLinked":false},"margin_mobile":{"unit":"px","top":"0","right":"0","bottom":"40","left":"0","isLinked":false}},"elements":[{"id":"27b86ec4","settings":{"title":"Here\u2019s what you\u2019ll find in our nutritionist","title_size":"h4","align":"center","typography_typography":"custom","typography_font_size_tablet":{"unit":"px","size":32,"sizes":[]},"typography_font_size_mobile":{"unit":"px","size":22,"sizes":[]}},"elements":[],"isInner":false,"widgetType":"ecomus-heading","elType":"widget"}],"isInner":false,"elType":"container"},{"id":"2037ad89","settings":{"flex_direction":"row","flex_gap":{"unit":"px","size":0,"column":"0","row":"0","isLinked":true},"flex_direction_tablet":"column","margin":{"unit":"px","top":"0","right":"0","bottom":"57","left":"0","isLinked":false},"margin_tablet":{"unit":"px","top":"0","right":"0","bottom":"48","left":"0","isLinked":false},"margin_mobile":{"unit":"px","top":"0","right":"0","bottom":"42","left":"0","isLinked":false}},"elements":[{"id":"3cb015a2","settings":{"flex_direction":"row","content_width":"full","width":{"unit":"%","size":"50"},"width_tablet":{"unit":"%","size":100,"sizes":[]},"width_mobile":{"unit":"%","size":"","sizes":[]},"flex_direction_tablet":"row"},"elements":[{"id":"1157d5c8","settings":{"image":{"id":7056,"url":"https:\/\/wpecomus.com\/food\/wp-content\/uploads\/sites\/32\/2025\/01\/h-food-img.webp","alt":"","source":"library","size":""},"image_size":"full","width":{"unit":"%","size":100,"sizes":[]},"space":{"unit":"%","size":100,"sizes":[]},"height":{"unit":"%","size":100,"sizes":[]},"height_tablet":{"unit":"%","size":"","sizes":[]},"height_mobile":{"unit":"%","size":"","sizes":[]},"object-fit":"cover","image_border_radius":{"unit":"px","top":"20","right":"20","bottom":"20","left":"20","isLinked":true}},"elements":[],"isInner":false,"widgetType":"image","elType":"widget"}],"isInner":true,"elType":"container"},{"id":"78c08b06","settings":{"flex_direction":"column","content_width":"full","width":{"unit":"%","size":"50"},"width_tablet":{"unit":"%","size":100,"sizes":[]},"width_mobile":{"unit":"%","size":"","sizes":[]},"flex_justify_content":"center","flex_gap":{"column":"0","row":"0","isLinked":true,"unit":"px","size":0},"padding":{"unit":"px","top":"20","right":"20","bottom":"20","left":"100","isLinked":false},"padding_tablet":{"unit":"px","top":"50","right":"20","bottom":"20","left":"20","isLinked":false},"padding_mobile":{"unit":"px","top":"29","right":"14","bottom":"24","left":"14","isLinked":false}},"elements":[{"id":"888b1d3","settings":{"title":"Plant protein","align_mobile":"center","typography_typography":"custom","typography_font_size":{"unit":"px","size":28,"sizes":[]},"typography_font_size_mobile":{"unit":"px","size":18,"sizes":[]},"_margin":{"unit":"px","top":"0","right":"0","bottom":"14","left":"0","isLinked":false}},"elements":[],"isInner":false,"widgetType":"ecomus-heading","elType":"widget"},{"id":"431bc881","settings":{"title":"Utilise a combination of protein-rich wholefoods like legumes, tempeh, nuts, and seeds to ensure your body is getting everything it needs to thrive.","title_size":"div","align_mobile":"center","title_color":"#000000","typography_typography":"custom","typography_font_size":{"unit":"px","size":16,"sizes":[]},"typography_font_size_mobile":{"unit":"px","size":14,"sizes":[]},"_margin":{"unit":"px","top":"0","right":"0","bottom":"44","left":"0","isLinked":false}},"elements":[],"isInner":false,"widgetType":"ecomus-heading","elType":"widget"},{"id":"6f6ae6a4","settings":{"title":"Natural flavours","align_mobile":"center","typography_typography":"custom","typography_font_size":{"unit":"px","size":28,"sizes":[]},"typography_font_size_mobile":{"unit":"px","size":18,"sizes":[]},"_margin":{"unit":"px","top":"0","right":"0","bottom":"14","left":"0","isLinked":false}},"elements":[],"isInner":false,"widgetType":"ecomus-heading","elType":"widget"},{"id":"55cca573","settings":{"title":"Be it by roasting or caramelising, soaking or seasoning, our experienced, plant-based chefs know how to bring out the natural flavours, textures, and aromas in plant-based ingredients, giving them the chance to shine.","title_size":"div","align_mobile":"center","title_color":"#000000","typography_typography":"custom","typography_font_size":{"unit":"px","size":16,"sizes":[]},"typography_font_size_mobile":{"unit":"px","size":14,"sizes":[]},"_margin":{"unit":"px","top":"0","right":"0","bottom":"44","left":"0","isLinked":false}},"elements":[],"isInner":false,"widgetType":"ecomus-heading","elType":"widget"},{"id":"7e6866e8","settings":{"title":"Superfoods","align_mobile":"center","typography_typography":"custom","typography_font_size":{"unit":"px","size":28,"sizes":[]},"typography_font_size_mobile":{"unit":"px","size":18,"sizes":[]},"_margin":{"unit":"px","top":"0","right":"0","bottom":"14","left":"0","isLinked":false}},"elements":[],"isInner":false,"widgetType":"ecomus-heading","elType":"widget"},{"id":"14b12450","settings":{"title":"Abundant in trending and \u2018everyday\u2019 superfoods with unique health-promoting properties, Soulara meals offer a myriad of vitamins, minerals, protective antioxidants, and polyphenols - plant compounds with countless health benefits.","title_size":"div","align_mobile":"center","title_color":"#000000","typography_typography":"custom","typography_font_size":{"unit":"px","size":16,"sizes":[]},"typography_font_size_mobile":{"unit":"px","size":14,"sizes":[]},"_margin":{"unit":"px","top":"0","right":"0","bottom":"44","left":"0","isLinked":false}},"elements":[],"isInner":false,"widgetType":"ecomus-heading","elType":"widget"},{"id":"2bc10c25","settings":{"title":"Local produce","align_mobile":"center","typography_typography":"custom","typography_font_size":{"unit":"px","size":28,"sizes":[]},"typography_font_size_mobile":{"unit":"px","size":18,"sizes":[]},"_margin":{"unit":"px","top":"0","right":"0","bottom":"14","left":"0","isLinked":false}},"elements":[],"isInner":false,"widgetType":"ecomus-heading","elType":"widget"},{"id":"44c4e10c","settings":{"title":"To make our meals as nutrient-dense as possible, we source fresh, seasonal fruits and vegetables from Australian farmers. We\u2019re all for supporting local and shortening the supply chain.","title_size":"div","align_mobile":"center","title_color":"#000000","typography_typography":"custom","typography_font_size":{"unit":"px","size":16,"sizes":[]},"typography_font_size_mobile":{"unit":"px","size":14,"sizes":[]},"_margin":{"unit":"px","top":"0","right":"0","bottom":"44","left":"0","isLinked":false}},"elements":[],"isInner":false,"widgetType":"ecomus-heading","elType":"widget"}],"isInner":true,"elType":"container"}],"isInner":false,"elType":"container"},{"id":"3e686f4e","settings":{"flex_direction":"row","margin":{"unit":"px","top":"0","right":"0","bottom":"110","left":"0","isLinked":false},"margin_tablet":{"unit":"px","top":"0","right":"0","bottom":"93","left":"0","isLinked":false},"margin_mobile":{"unit":"px","top":"0","right":"0","bottom":"82","left":"0","isLinked":false}},"elements":[{"id":"5beed52","settings":{"content_width":"full","flex_direction":"row","flex_gap":{"column":"30","row":"30","isLinked":true,"unit":"px","size":30},"background_background":"classic","background_color":"#F1F9EF","border_radius":{"unit":"px","top":"20","right":"20","bottom":"20","left":"20","isLinked":true},"padding":{"unit":"px","top":"90","right":"90","bottom":"110","left":"90","isLinked":false},"flex_direction_tablet":"column","flex_direction_mobile":"column-reverse","flex_gap_mobile":{"column":"15","row":"15","isLinked":true,"unit":"px","size":15},"padding_tablet":{"unit":"px","top":"0","right":"0","bottom":"0","left":"0","isLinked":true}},"elements":[{"id":"3ce71b77","settings":{"content_width":"full","width":{"unit":"%","size":50,"sizes":[]},"flex_justify_content":"center","flex_gap":{"column":"50","row":"50","isLinked":true,"unit":"px","size":50},"width_tablet":{"unit":"%","size":100,"sizes":[]},"width_mobile":{"unit":"%","size":"","sizes":[]},"padding":{"unit":"px","top":"20","right":"20","bottom":"20","left":"0","isLinked":false},"padding_tablet":{"unit":"px","top":"20","right":"20","bottom":"20","left":"20","isLinked":true},"padding_mobile":{"unit":"px","top":"14","right":"14","bottom":"24","left":"14","isLinked":false}},"elements":[{"id":"298c9f65","settings":{"title":"The Ecomus difference","title_size":"h4","align_mobile":"center","typography_typography":"custom","typography_font_size_tablet":{"unit":"px","size":32,"sizes":[]},"typography_font_size_mobile":{"unit":"px","size":22,"sizes":[]}},"elements":[],"isInner":false,"widgetType":"ecomus-heading","elType":"widget"},{"id":"61c59e23","settings":{"icon_type":"image","image":{"id":6921,"url":"https:\/\/wpecomus.com\/food\/wp-content\/uploads\/sites\/32\/2024\/12\/food-bn-3.webp","alt":"","source":"library","size":""},"title":"Diverse and Delicious","description":"Utilise a combination of protein-rich wholefoods like legumes, tempeh, nuts, and seeds to ensure your body is getting everything it needs to thrive.","position":"left","alignment":"center","icon_size":{"unit":"px","size":110,"sizes":[]},"icon_border_border":"solid","icon_border_width":{"unit":"px","top":"2","right":"2","bottom":"2","left":"2","isLinked":true},"icon_border_color":"#557328","border_radius":{"unit":"%","top":"100","right":"100","bottom":"100","left":"100","isLinked":true},"icon_padding":{"unit":"px","top":"10","right":"10","bottom":"10","left":"10","isLinked":true},"position_mobile":"top","alignment_mobile":"center","title_typography_typography":"custom","title_typography_font_size_mobile":{"unit":"px","size":18,"sizes":[]},"title_spacing":{"unit":"px","size":24,"sizes":[]},"title_spacing_mobile":{"unit":"px","size":16,"sizes":[]},"description_color":"#000000","description_typography_typography":"custom","description_typography_font_size":{"unit":"px","size":16,"sizes":[]},"description_typography_font_size_mobile":{"unit":"px","size":14,"sizes":[]},"icon_spacing":{"unit":"px","size":30,"sizes":[]},"icon_spacing_mobile":{"unit":"px","size":12,"sizes":[]}},"elements":[],"isInner":false,"widgetType":"ecomus-icon-box","elType":"widget"},{"id":"25bab334","settings":{"icon_type":"image","image":{"id":6961,"url":"https:\/\/wpecomus.com\/food\/wp-content\/uploads\/sites\/32\/2024\/12\/food-bn-4.webp","alt":"","source":"library","size":""},"title":"Customizable and Convenient","description":"Customizable solutions let you create something personal, while convenience ensures the process is smooth and efficient. From flexible features to on-demand support.","position":"left","alignment":"center","icon_size":{"unit":"px","size":110,"sizes":[]},"icon_border_border":"solid","icon_border_width":{"unit":"px","top":"2","right":"2","bottom":"2","left":"2","isLinked":true},"icon_border_color":"#557328","border_radius":{"unit":"%","top":"100","right":"100","bottom":"100","left":"100","isLinked":true},"icon_padding":{"unit":"px","top":"10","right":"10","bottom":"10","left":"10","isLinked":true},"position_mobile":"top","alignment_mobile":"center","title_typography_typography":"custom","title_typography_font_size_mobile":{"unit":"px","size":18,"sizes":[]},"title_spacing":{"unit":"px","size":24,"sizes":[]},"title_spacing_mobile":{"unit":"px","size":16,"sizes":[]},"description_color":"#000000","description_typography_typography":"custom","description_typography_font_size":{"unit":"px","size":16,"sizes":[]},"description_typography_font_size_mobile":{"unit":"px","size":14,"sizes":[]},"icon_spacing":{"unit":"px","size":30,"sizes":[]},"icon_spacing_mobile":{"unit":"px","size":12,"sizes":[]}},"elements":[],"isInner":false,"widgetType":"ecomus-icon-box","elType":"widget"},{"id":"a6df8d3","settings":{"icon_type":"image","image":{"id":6922,"url":"https:\/\/wpecomus.com\/food\/wp-content\/uploads\/sites\/32\/2024\/12\/food-bn-5.webp","alt":"","source":"library","size":""},"title":"Nutrient-Rich and Balanced","description":"Achieving a healthy lifestyle starts with the right balance of nutrients. A nutrient-rich and balanced diet fuels your body with essential vitamins, minerals.","position":"left","alignment":"center","icon_size":{"unit":"px","size":110,"sizes":[]},"icon_border_border":"solid","icon_border_width":{"unit":"px","top":"2","right":"2","bottom":"2","left":"2","isLinked":true},"icon_border_color":"#557328","border_radius":{"unit":"%","top":"100","right":"100","bottom":"100","left":"100","isLinked":true},"icon_padding":{"unit":"px","top":"10","right":"10","bottom":"10","left":"10","isLinked":true},"position_mobile":"top","alignment_mobile":"center","title_typography_typography":"custom","title_typography_font_size_mobile":{"unit":"px","size":18,"sizes":[]},"title_spacing":{"unit":"px","size":24,"sizes":[]},"title_spacing_mobile":{"unit":"px","size":16,"sizes":[]},"description_color":"#000000","description_typography_typography":"custom","description_typography_font_size":{"unit":"px","size":16,"sizes":[]},"description_typography_font_size_mobile":{"unit":"px","size":14,"sizes":[]},"icon_spacing":{"unit":"px","size":30,"sizes":[]},"icon_spacing_mobile":{"unit":"px","size":12,"sizes":[]}},"elements":[],"isInner":false,"widgetType":"ecomus-icon-box","elType":"widget"}],"isInner":true,"elType":"container"},{"id":"7f7dbabb","settings":{"content_width":"full","width":{"unit":"%","size":50,"sizes":[]},"flex_justify_content":"center","width_tablet":{"unit":"%","size":100,"sizes":[]},"width_mobile":{"unit":"%","size":"","sizes":[]}},"elements":[{"id":"821871c","settings":{"image":{"id":6960,"url":"https:\/\/wpecomus.com\/food\/wp-content\/uploads\/sites\/32\/2024\/12\/food-bn-2.webp","alt":"","source":"library","size":""},"image_size":"full","width":{"unit":"%","size":100,"sizes":[]},"space":{"unit":"%","size":100,"sizes":[]},"height":{"unit":"%","size":100,"sizes":[]},"height_tablet":{"unit":"%","size":"","sizes":[]},"height_mobile":{"unit":"%","size":"","sizes":[]},"object-fit":"cover","image_border_radius":{"unit":"px","top":"20","right":"20","bottom":"20","left":"20","isLinked":true}},"elements":[],"isInner":false,"widgetType":"image","elType":"widget"}],"isInner":true,"elType":"container"}],"isInner":true,"elType":"container"}],"isInner":false,"elType":"container"},{"id":"43146e2c","settings":{"flex_gap":{"column":"76","row":"76","isLinked":true,"unit":"px","size":76},"flex_gap_tablet":{"column":"50","row":"50","isLinked":true,"unit":"px","size":50},"flex_gap_mobile":{"column":"30","row":"30","isLinked":true,"unit":"px","size":30},"margin":{"unit":"px","top":"0","right":"0","bottom":"76","left":"0","isLinked":false},"margin_tablet":{"unit":"px","top":"0","right":"0","bottom":"64","left":"0","isLinked":false},"margin_mobile":{"unit":"px","top":"0","right":"0","bottom":"57","left":"0","isLinked":false}},"elements":[{"id":"37532928","settings":{"title":"Choose your meal size","title_size":"h4","align":"center","typography_typography":"custom","typography_font_size_tablet":{"unit":"px","size":32,"sizes":[]},"typography_font_size_mobile":{"unit":"px","size":22,"sizes":[]}},"elements":[],"isInner":false,"widgetType":"ecomus-heading","elType":"widget"},{"id":"6fc6df3c","settings":{"columns":"3","limit":6,"pagination_spacing":{"unit":"px","size":30,"sizes":[]},"button_padding":{"unit":"px","top":"16","right":"30","bottom":"15","left":"30","isLinked":false},"button_border_radius":{"unit":"px","top":"3","right":"3","bottom":"3","left":"3","isLinked":true},"button_typography_typography":"custom","button_typography_font_size":{"unit":"px","size":16,"sizes":[]},"button_typography_font_weight":"400"},"elements":[],"isInner":false,"widgetType":"ecomus-product-grid","elType":"widget"}],"isInner":false,"elType":"container"},{"id":"3671b3ec","settings":{"flex_direction":"row","flex_gap":{"unit":"px","size":30,"column":"30","row":"30","isLinked":true},"flex_direction_tablet":"column","overflow":"hidden","background_background":"classic","background_color":"#F8F4F0","background_image":{"url":"","id":"","size":"","alt":"","source":"library"},"background_position":"center center","background_repeat":"no-repeat","background_size":"cover","margin":{"unit":"px","top":"0","right":"0","bottom":"100","left":"0","isLinked":false},"margin_tablet":{"unit":"px","top":"0","right":"0","bottom":"85","left":"0","isLinked":false},"margin_mobile":{"unit":"px","top":"0","right":"0","bottom":"75","left":"0","isLinked":false},"padding":{"unit":"px","top":"110","right":"0","bottom":"110","left":"0","isLinked":false},"padding_tablet":{"unit":"px","top":"90","right":"0","bottom":"75","left":"0","isLinked":false},"padding_mobile":{"unit":"px","top":"82","right":"0","bottom":"77","left":"0","isLinked":false}},"elements":[{"id":"1094f7c8","settings":{"flex_direction":"column","content_width":"full","width":{"unit":"%","size":38},"width_tablet":{"unit":"%","size":100,"sizes":[]},"width_mobile":{"unit":"%","size":"","sizes":[]}},"elements":[{"id":"1808a71b","settings":{"title":"Hear from Our Happy<br class=\"hidden-xs  hidden-sm hidden-md\"> Customers","title_size":"h4","typography_typography":"custom","typography_font_size_tablet":{"unit":"px","size":32,"sizes":[]},"typography_font_size_mobile":{"unit":"px","size":22,"sizes":[]},"_margin":{"unit":"px","top":"0","right":"0","bottom":"16","left":"0","isLinked":false},"_margin_mobile":{"unit":"px","top":"0","right":"0","bottom":"20","left":"0","isLinked":false},"_margin_tablet":{"unit":"px","top":"0","right":"0","bottom":"10","left":"0","isLinked":false}},"elements":[],"isInner":false,"widgetType":"ecomus-heading","elType":"widget"},{"id":"301d10d1","settings":{"rating_icon":{"value":{"url":"https:\/\/wpecomus.com\/food\/wp-content\/uploads\/sites\/32\/2024\/12\/star.svg","id":6962},"library":"svg"},"icon_size":{"unit":"px","size":16,"sizes":[]},"icon_gap":{"unit":"px","size":7,"sizes":[]},"icon_color":"#00B67A"},"elements":[],"isInner":false,"widgetType":"rating","elType":"widget"},{"id":"5106d4a3","settings":{"title":"<span style=\"line-height: 1;\">1,206 reviews on<\/span> <img style=\"margin: 0 8px;\" src=\"https:\/\/wpecomus.com\/food\/wp-content\/uploads\/sites\/32\/2024\/12\/food-bn-6.webp\" \/>","title_size":"div","title_color":"#000000","icon_type":"image","image":{"url":"","id":"","size":"","alt":"","source":"library"},"typography_typography":"custom","typography_font_size":{"unit":"px","size":16,"sizes":[]},"typography_font_size_mobile":{"unit":"px","size":14,"sizes":[]}},"elements":[],"isInner":false,"widgetType":"ecomus-heading","elType":"widget"}],"isInner":true,"elType":"container"},{"id":"a1d9755","settings":{"flex_direction":"column","content_width":"full","width":{"unit":"%","size":62},"width_tablet":{"unit":"%","size":100,"sizes":[]},"width_mobile":{"unit":"%","size":"","sizes":[]}},"elements":[{"id":"5745cbe2","settings":{"testimonials":[{"testimonial_name":"Robert Smith","_id":"23886d6","testimonial_title":"Perfect meals for Mums.","testimonial_content":"Really good service. Everything is sent out on Thursdays, comes packed neatly alongside ice packs so the food is always kept cold even if no one is home.","testimonial_text":"Verify customer","testimonial_icon":{"value":{"url":"https:\/\/wpecomus.com\/food\/wp-content\/uploads\/sites\/32\/2024\/12\/verify.svg","id":6963},"library":"svg"},"image":{"url":"","id":"","size":"","alt":"","source":"library"},"testimonial_image":{"id":6944,"url":"https:\/\/wpecomus.com\/food\/wp-content\/uploads\/sites\/32\/2024\/12\/placeholder-4.png"}},{"testimonial_name":"Vincent Pahm","testimonial_title":"Delicious and filling","testimonial_content":"I love the incredibly diverse range of meals that Soulara offers! You can filter the list of meals by ingredients and there's still heaps of options.","testimonial_text":"Verify customer","_id":"bfbd784","testimonial_icon":{"value":{"url":"https:\/\/wpecomus.com\/food\/wp-content\/uploads\/sites\/32\/2024\/12\/verify.svg","id":6963},"library":"svg"},"testimonial_image":{"id":6945,"url":"https:\/\/wpecomus.com\/food\/wp-content\/uploads\/sites\/32\/2024\/12\/placeholder-5.png"}},{"testimonial_name":"Sara P","testimonial_title":"Majority and fantastic!","testimonial_content":"Meals are delicious and great selection to choose from. I like the large portion option & info showing nutritional value. A little pricey but worth it if you can afford.","testimonial_text":"Verify customer","_id":"1c1a06f","testimonial_icon":{"value":{"url":"https:\/\/wpecomus.com\/food\/wp-content\/uploads\/sites\/32\/2024\/12\/verify.svg","id":6963},"library":"svg"},"testimonial_image":{"id":6946,"url":"https:\/\/wpecomus.com\/food\/wp-content\/uploads\/sites\/32\/2024\/12\/placeholder-6.png"}},{"testimonial_name":"Lucas","testimonial_title":"Best Online Fashion Site","testimonial_content":"The Salad from Shop Food was incredibly flavorful, with fresh ingredients and a perfect balance of spices. The packaging was neat, keeping the food warm.","testimonial_text":"Verify customer","_id":"20df290","testimonial_icon":{"value":{"url":"https:\/\/wpecomus.com\/food\/wp-content\/uploads\/sites\/32\/2024\/12\/verify.svg","id":6963},"library":"svg"},"testimonial_image":{"id":6947,"url":"https:\/\/wpecomus.com\/food\/wp-content\/uploads\/sites\/32\/2024\/12\/placeholder-7.png"}}],"item_background_color":"#FFFFFF","title_typography_typography":"custom","title_typography_font_size":{"unit":"px","size":18,"sizes":[]},"title_typography_font_weight":"600","content_typography_typography":"custom","content_typography_font_size":{"unit":"px","size":18,"sizes":[]},"name_typography_typography":"custom","name_typography_font_size":{"unit":"px","size":16,"sizes":[]},"name_typography_font_weight":"600","slidesperview_auto":"yes","slides_to_show":2,"slides_to_show_mobile":1,"slides_to_scroll_mobile":1,"navigation_classes_mobile":"dots","arrows_size":{"unit":"px","size":9,"sizes":[]},"arrows_width":{"unit":"px","size":30,"sizes":[]},"arrows_height":{"unit":"px","size":30,"sizes":[]},"arrows_position":"bottom","item_padding":{"unit":"px","top":"36","right":"28","bottom":"36","left":"28","isLinked":false},"item_padding_mobile":{"unit":"px","top":"20","right":"20","bottom":"20","left":"20","isLinked":true},"rating_margin":{"unit":"px","top":"0","right":"0","bottom":"18","left":"0","isLinked":false},"rating_margin_mobile":{"unit":"px","top":"0","right":"0","bottom":"12","left":"0","isLinked":false},"title_spacing":{"unit":"px","size":8,"sizes":[]},"content_spacing":{"unit":"px","size":70,"sizes":[]},"content_spacing_tablet":{"unit":"px","size":20,"sizes":[]},"content_spacing_mobile":{"unit":"px","size":10,"sizes":[]},"text_color":"#545454","name_color":"#000000","text_typography_typography":"custom","rating_size":{"unit":"px","size":18,"sizes":[]},"rating_size_mobile":{"unit":"px","size":16,"sizes":[]},"rating_color":"#00B67A","title_typography_font_size_mobile":{"unit":"px","size":16,"sizes":[]},"content_typography_font_size_mobile":{"unit":"px","size":16,"sizes":[]},"name_typography_font_size_mobile":{"unit":"px","size":14,"sizes":[]},"icon_color":"#00B67A","text_typography_font_size_mobile":{"unit":"px","size":12,"sizes":[]},"text_spacing":{"unit":"px","size":0,"sizes":[]},"arrows_type":"outline-dark","dots_spacing_mobile":{"unit":"px","size":20,"sizes":[]},"item_border_border":"none","item_border_radius":{"unit":"px","top":"10","right":"10","bottom":"10","left":"10","isLinked":true}},"elements":[],"isInner":false,"widgetType":"ecomus-testimonial-carousel-2","elType":"widget"}],"isInner":true,"elType":"container"}],"isInner":false,"elType":"container"},{"id":"b4f9054","settings":{"flex_gap":{"column":"80","row":"80","isLinked":true,"unit":"px","size":80},"flex_gap_tablet":{"column":"50","row":"50","isLinked":true,"unit":"px","size":50},"flex_gap_mobile":{"column":"30","row":"30","isLinked":true,"unit":"px","size":30},"margin":{"unit":"px","top":"0","right":"0","bottom":"100","left":"0","isLinked":false},"margin_tablet":{"unit":"px","top":"0","right":"0","bottom":"85","left":"0","isLinked":false},"margin_mobile":{"unit":"px","top":"0","right":"0","bottom":"75","left":"0","isLinked":false}},"elements":[{"id":"66d4b27c","settings":{"title":"How it works","title_size":"h4","align":"center","typography_typography":"custom","typography_font_size_tablet":{"unit":"px","size":32,"sizes":[]},"typography_font_size_mobile":{"unit":"px","size":22,"sizes":[]}},"elements":[],"isInner":false,"widgetType":"ecomus-heading","elType":"widget"},{"id":"1259b72","settings":{"show_heading":"","heading":"This is heading","items":[{"button_text":"","button_link":{"url":"","is_external":"","nofollow":"","custom_attributes":""},"_id":"51cd69c","image":{"id":6964,"url":"https:\/\/wpecomus.com\/food\/wp-content\/uploads\/sites\/32\/2024\/12\/food-bn-7.webp","alt":"","source":"library","size":""},"title":"Create your menu","description":"Enjoy our ever-growing selection of meals, snacks and drinks, with over 60+ options that will have you coming back for more."},{"button_text":"","button_link":{"url":"","is_external":"","nofollow":"","custom_attributes":""},"image":{"id":6965,"url":"https:\/\/wpecomus.com\/food\/wp-content\/uploads\/sites\/32\/2024\/12\/food-bn-8.webp","alt":"","source":"library","size":""},"title":"Made with love","description":"Savor a curated variety of more than 60 delicious meals, snacks, and drinks designed to delight your taste buds.","_id":"bf541ef"},{"button_text":"","button_link":{"url":"","is_external":"","nofollow":"","custom_attributes":""},"image":{"id":6966,"url":"https:\/\/wpecomus.com\/food\/wp-content\/uploads\/sites\/32\/2024\/12\/food-bn-9.webp","alt":"","source":"library","size":""},"title":"Delivered to you weekly","description":"Dive into our menu, featuring over 60 unique choices of meals, snacks, and drinks, each offering a distinct culinary experience.","_id":"548820d"}],"aspect_ratio_type":"","navigation_classes":"none","content_text_align":"center","content_position":"below","image_padding":{"unit":"px","top":"0","right":"110","bottom":"0","left":"110","isLinked":false},"image_border_radius":{"unit":"%","top":"100","right":"100","bottom":"100","left":"100","isLinked":true},"image_border_radius_tablet":{"unit":"%","top":"","right":"","bottom":"","left":"","isLinked":true},"image_border_radius_mobile":{"unit":"%","top":"","right":"","bottom":"","left":"","isLinked":true},"summary_color":"#F3F9EF","summary_margin":{"unit":"px","top":"-120","right":"0","bottom":"0","left":"0","isLinked":false},"summary_padding":{"unit":"px","top":"150","right":"34","bottom":"34","left":"34","isLinked":false},"summary_border_radius":{"unit":"px","top":"10","right":"10","bottom":"10","left":"10","isLinked":true},"slides_to_show_tablet":2,"slides_to_scroll_tablet":1,"navigation_classes_tablet":"dots","image_padding_tablet":{"unit":"px","top":"0","right":"49","bottom":"0","left":"49","isLinked":false},"image_padding_mobile":{"unit":"px","top":"0","right":"52","bottom":"0","left":"52","isLinked":false},"title_typography_typography":"custom","title_typography_font_size_mobile":{"unit":"px","size":21,"sizes":[]},"title_margin":{"unit":"px","top":"0","right":"0","bottom":"10","left":"0","isLinked":false},"title_margin_mobile":{"unit":"px","top":"0","right":"0","bottom":"6","left":"0","isLinked":false},"description_typography_typography":"custom","description_typography_font_size":{"unit":"px","size":16,"sizes":[]},"description_typography_font_size_mobile":{"unit":"px","size":14,"sizes":[]},"description_margin":{"unit":"px","top":"0","right":"0","bottom":"0","left":"0","isLinked":false},"dots_type":"","dots_gap_tablet":{"unit":"px","size":2,"sizes":[]},"dots_size_tablet":{"unit":"px","size":4,"sizes":[]},"dots_spacing_mobile":{"unit":"px","size":15,"sizes":[]},"view_all_btn_image":{"id":"","url":"https:\/\/wpecomus.com\/food\/wp-content\/plugins\/elementor\/assets\/images\/placeholder.png"}},"elements":[],"isInner":false,"widgetType":"ecomus-image-box-carousel","elType":"widget"}],"isInner":false,"elType":"container"},{"id":"448c5a8f","settings":{"background_background":"classic","background_image":{"id":6967,"url":"https:\/\/wpecomus.com\/food\/wp-content\/uploads\/sites\/32\/2024\/12\/food-bn-10-scaled.webp","alt":"","source":"library","size":""},"background_position":"center center","padding":{"unit":"px","top":"177","right":"0","bottom":"177","left":"0","isLinked":false},"padding_tablet":{"unit":"px","top":"39","right":"0","bottom":"39","left":"0","isLinked":false},"padding_mobile":{"unit":"px","top":"94","right":"20","bottom":"94","left":"20","isLinked":false}},"elements":[{"id":"2632002d","settings":{"flex_direction":"row"},"elements":[{"id":"3165f824","settings":{"content_width":"full","width":{"unit":"%","size":50,"sizes":[]},"width_tablet":{"unit":"%","size":100,"sizes":[]},"width_mobile":{"unit":"%","size":"","sizes":[]},"flex_gap":{"column":"0","row":"0","isLinked":true,"unit":"px","size":0},"background_background":"classic","background_color":"#FFFFFF","padding":{"unit":"px","top":"80","right":"44","bottom":"80","left":"44","isLinked":false},"padding_tablet":{"unit":"px","top":"40","right":"20","bottom":"40","left":"20","isLinked":false},"padding_mobile":{"unit":"px","top":"20","right":"15","bottom":"20","left":"15","isLinked":false}},"elements":[{"id":"4e124bb2","settings":{"title":"Join the Plant-Based<br class=\"hidden-xs\"\/> Movement","title_size":"h4","typography_typography":"custom","typography_font_size_tablet":{"unit":"px","size":32,"sizes":[]},"typography_font_size_mobile":{"unit":"px","size":22,"sizes":[]},"_margin":{"unit":"px","top":"0","right":"0","bottom":"25","left":"0","isLinked":false},"_margin_mobile":{"unit":"px","top":"0","right":"0","bottom":"20","left":"0","isLinked":false}},"elements":[],"isInner":false,"widgetType":"ecomus-heading","elType":"widget"},{"id":"6fb9b910","settings":{"title":"Become part of a thriving community that embraces plant-based living and shares their journey towards a healthier, greener future.","title_size":"div","title_color":"#545454","typography_typography":"custom","typography_font_size":{"unit":"px","size":16,"sizes":[]},"typography_font_size_mobile":{"unit":"px","size":14,"sizes":[]},"_margin":{"unit":"px","top":"0","right":"0","bottom":"36","left":"0","isLinked":false},"_margin_mobile":{"unit":"px","top":"0","right":"0","bottom":"20","left":"0","isLinked":false}},"elements":[],"isInner":false,"widgetType":"ecomus-heading","elType":"widget"},{"id":"7a68c611","settings":{"button_text":"Start today","button_padding":{"unit":"px","top":"16","right":"31","bottom":"15","left":"31","isLinked":false},"button_padding_mobile":{"unit":"px","top":"11","right":"24","bottom":"10","left":"24","isLinked":false},"button_typography_typography":"custom","button_typography_font_size":{"unit":"px","size":16,"sizes":[]},"button_typography_font_size_mobile":{"unit":"px","size":14,"sizes":[]},"button_link":{"url":"https:\/\/wpecomus.com\/food\/shop\/","is_external":"","nofollow":"","custom_attributes":""}},"elements":[],"isInner":false,"widgetType":"ecomus-button","elType":"widget"}],"isInner":true,"elType":"container"},{"id":"499dba9a","settings":{"content_width":"full","width":{"unit":"%","size":50,"sizes":[]}},"elements":[],"isInner":true,"elType":"container"}],"isInner":true,"elType":"container"}],"isInner":false,"elType":"container"},{"id":"5da033e2","settings":{"content_width":"full"},"elements":[{"id":"4ae75179","settings":{"items":[{"text":"Use <a href=\"#\" title=\"#\">code GET30<\/a> at checkout for 30% off your first order","_id":"8e017e9","icon":{"value":"","library":""},"image":{"id":"","url":"https:\/\/wpecomus.com\/food\/wp-content\/plugins\/elementor\/assets\/images\/placeholder.png"}}],"speed":0.2,"padding":{"unit":"px","top":"60","right":"0","bottom":"72","left":"0","isLinked":false},"padding_tablet":{"unit":"px","top":"51","right":"0","bottom":"60","left":"0","isLinked":false},"padding_mobile":{"unit":"px","top":"45","right":"0","bottom":"59","left":"0","isLinked":false},"background_color":"#FFFFFF","text_typography_typography":"custom","text_typography_font_size":{"unit":"px","size":80,"sizes":[]},"text_typography_font_size_tablet":{"unit":"px","size":60,"sizes":[]},"text_typography_font_size_mobile":{"unit":"px","size":40,"sizes":[]},"gap":{"unit":"px","size":100,"sizes":[]},"gap_tablet":{"unit":"px","size":84,"sizes":[]}},"elements":[],"isInner":false,"widgetType":"ecomus-marquee","elType":"widget"}],"isInner":false,"elType":"container"}],"page_settings":{"hide_page_header":"yes","content_top_spacing":"custom","content_top_padding":{"unit":"px","size":0,"sizes":[]},"content_bottom_spacing":"custom","content_bottom_padding":{"unit":"px","size":0,"sizes":[]}},"version":"0.4","title":"Home","type":"page"}