{"content":[{"id":"567e9d55","settings":{"content_width":"full","margin":{"unit":"px","top":"0","right":"0","bottom":"35","left":"0","isLinked":false},"margin_tablet":{"unit":"px","top":"0","right":"0","bottom":"30","left":"0","isLinked":false},"margin_mobile":{"unit":"px","top":"0","right":"0","bottom":"15","left":"0","isLinked":false}},"elements":[{"id":"7391240","settings":{"slides":[{"title":"Summer Style <br \/>Sensations","description":"Discover the hottest trends and must-have looks","button_text":"Shop collection","_id":"073af42","banner_background_img":{"id":1687,"url":"https:\/\/raw.githubusercontent.com\/drfuri\/demo-content\/main\/ecomus\/fashion\/images\/002fashion-slideshow-01-scaled.webp","alt":"","source":"library","size":""},"background_position_x_tablet":{"unit":"%","size":55,"sizes":[]},"background_position_mobile":"initial","background_position_x_mobile":{"unit":"%","size":35,"sizes":[]},"background_position_tablet":"initial","button_link":{"url":"https:\/\/wpecomus.com\/fashion\/product-category\/women\/tops\/","is_external":"","nofollow":"","custom_attributes":""}},{"title":"Youthful <br \/>Summer style","description":"Discover the hottest trends and must-have looks","button_text":"Shop collection","_id":"77c2de2","banner_background_img":{"id":1688,"url":"https:\/\/raw.githubusercontent.com\/drfuri\/demo-content\/main\/ecomus\/fashion\/images\/002fashion-slideshow-02-scaled.webp","alt":"","source":"library","size":""},"background_position_x_tablet":{"unit":"%","size":58,"sizes":[]},"background_position_mobile":"initial","background_position_x_mobile":{"unit":"%","size":51,"sizes":[]},"background_position_tablet":"initial","button_link":{"url":"https:\/\/wpecomus.com\/fashion\/product-category\/women\/shirts-blouses\/","is_external":"","nofollow":"","custom_attributes":""}},{"title":"Gentle <br \/>Summer style","description":"Discover the hottest trends and must-have looks","button_text":"Shop collection","_id":"6a5613f","banner_background_img":{"id":1689,"url":"https:\/\/raw.githubusercontent.com\/drfuri\/demo-content\/main\/ecomus\/fashion\/images\/002fashion-slideshow-03-scaled.webp","alt":"","source":"library","size":""},"background_position_x_tablet":{"unit":"%","size":57,"sizes":[]},"background_position_mobile":"initial","background_position_x_mobile":{"unit":"%","size":48,"sizes":[]},"background_position_tablet":"initial","button_link":{"url":"https:\/\/wpecomus.com\/fashion\/product-category\/women\/shirts-blouses\/","is_external":"","nofollow":"","custom_attributes":""}}],"slides_height":{"unit":"px","size":984,"sizes":[]},"navigation_classes":"dots","slides_height_tablet":{"unit":"px","size":379,"sizes":[]},"slides_height_mobile":{"unit":"px","size":300,"sizes":[]},"navigation_classes_tablet":"dots","navigation_classes_mobile":"dots","description_spacing_tablet":{"unit":"px","size":23,"sizes":[]},"description_spacing_mobile":{"unit":"px","size":0,"sizes":[]},"dots_gap_mobile":{"unit":"px","size":2,"sizes":[]},"dots_spacing_tablet":{"unit":"px","size":30,"sizes":[]},"dot_position":"left","dot_position_tablet":"center","dots_type":"background","dot_align":"left","show_button_icon":"alway","button_icon":{"value":{"url":"https:\/\/wpecomus.com\/fashion\/wp-content\/uploads\/sites\/2\/2024\/07\/arrow-right.svg","id":3886},"library":"svg"},"button_icon_padding":{"unit":"px","top":"2","right":"0","bottom":"0","left":"0","isLinked":false}},"elements":[],"isInner":false,"widgetType":"ecomus-slides","elType":"widget"}],"isInner":false,"elType":"container"},{"id":"4e7f3f4b","settings":{"container_type":"grid","grid_columns_grid":{"unit":"fr","size":"3"},"grid_rows_grid":{"unit":"fr","size":"1"},"grid_rows_grid_mobile":{"unit":"fr","size":"1"},"content_width":"full","grid_columns_grid_mobile":{"unit":"fr","size":2,"sizes":[]},"grid_gaps":{"column":"30","row":"30","isLinked":true,"unit":"px"},"grid_gaps_tablet":{"column":"15","row":"15","isLinked":true,"unit":"px"},"margin":{"unit":"px","top":"0","right":"0","bottom":"89","left":"0","isLinked":false},"margin_tablet":{"unit":"px","top":"0","right":"0","bottom":"75","left":"0","isLinked":false},"margin_mobile":{"unit":"px","top":"0","right":"0","bottom":"48","left":"0","isLinked":false},"padding":{"unit":"px","top":"0","right":"40","bottom":"0","left":"40","isLinked":false},"padding_tablet":{"unit":"px","top":"0","right":"30","bottom":"0","left":"30","isLinked":false},"padding_mobile":{"unit":"px","top":"0","right":"15","bottom":"0","left":"15","isLinked":false}},"elements":[{"id":"e0ddb78","settings":{"flex_direction":"column","content_width":"full","width":{"unit":"%","size":""},"width_mobile":{"unit":"%","size":"","sizes":[]},"flex_gap_mobile":{"column":"15","row":"15","isLinked":true,"unit":"px","size":15}},"elements":[{"id":"ab32782","settings":{"content_width":"full","image":{"id":1698,"url":"https:\/\/wpecomus.com\/fashion\/wp-content\/uploads\/sites\/2\/2024\/06\/homev2_cat1.jpg","alt":"","source":"library","size":""},"title":"","button_text":"Women","height":{"unit":"px","size":830,"sizes":[]},"height_tablet":{"unit":"px","size":515,"sizes":[]},"height_mobile":{"unit":"px","size":220,"sizes":[]},"button_typography_typography":"custom","button_typography_font_weight":"500","button_margin_mobile":{"unit":"px","top":"0","right":"0","bottom":"15","left":"0","isLinked":false},"button_padding_mobile":{"unit":"px","top":"11","right":"14","bottom":"11","left":"14","isLinked":false},"button_icon":{"value":{"url":"https:\/\/raw.githubusercontent.com\/drfuri\/demo-content\/main\/ecomus\/fashion\/images\/arrow-top-right.svg","id":1340},"library":"svg"},"banner_button_icon":"alway","show_button_icon":"hover","button_typography_font_size":{"unit":"px","size":18,"sizes":[]},"button_icon_size":{"unit":"px","size":10,"sizes":[]},"button_icon_padding":{"unit":"px","top":"2","right":"0","bottom":"0","left":"0","isLinked":false},"title_typography_typography":"custom","button_typography_font_size_mobile":{"unit":"px","size":16,"sizes":[]},"button_link":{"url":"https:\/\/wpecomus.com\/fashion\/product-category\/women\/","is_external":"","nofollow":"","custom_attributes":""}},"elements":[],"isInner":false,"widgetType":"ecomus-banner","elType":"widget"},{"id":"9bdf481","settings":{"content_width":"full","image":{"id":1696,"url":"https:\/\/wpecomus.com\/fashion\/wp-content\/uploads\/sites\/2\/2024\/06\/homev2_cat4.webp","alt":"","source":"library","size":""},"title":"","button_text":"Men","height":{"unit":"px","size":830,"sizes":[]},"height_tablet":{"unit":"px","size":515,"sizes":[]},"height_mobile":{"unit":"px","size":220,"sizes":[]},"button_typography_typography":"custom","button_typography_font_weight":"500","button_margin_mobile":{"unit":"px","top":"0","right":"0","bottom":"15","left":"0","isLinked":false},"button_padding_mobile":{"unit":"px","top":"11","right":"14","bottom":"11","left":"14","isLinked":false},"hide_desktop":"hidden-desktop","hide_tablet":"hidden-tablet","show_button_icon":"hover","button_typography_font_size":{"unit":"px","size":18,"sizes":[]},"button_icon_size_mobile":{"unit":"px","size":10,"sizes":[]},"button_icon_padding_mobile":{"unit":"px","top":"2","right":"0","bottom":"0","left":"0","isLinked":false},"button_typography_font_size_mobile":{"unit":"px","size":16,"sizes":[]},"button_link":{"url":"https:\/\/wpecomus.com\/fashion\/product-category\/men\/","is_external":"","nofollow":"","custom_attributes":""}},"elements":[],"isInner":false,"widgetType":"ecomus-banner","elType":"widget"}],"isInner":true,"elType":"container"},{"id":"52dcd4fe","settings":{"flex_direction":"column","content_width":"full","width":{"unit":"%","size":""},"width_mobile":{"unit":"%","size":"","sizes":[]},"flex_gap":{"column":"30","row":"30","isLinked":true,"unit":"px","size":30},"flex_gap_tablet":{"column":"15","row":"15","isLinked":true,"unit":"px","size":15}},"elements":[{"id":"2d4e802d","settings":{"image":{"id":1694,"url":"https:\/\/wpecomus.com\/fashion\/wp-content\/uploads\/sites\/2\/2024\/06\/homev2_cat2.webp","alt":"","source":"library","size":""},"title":"","button_text":"Handbag","height":{"unit":"px","size":400,"sizes":[]},"height_tablet":{"unit":"px","size":250,"sizes":[]},"height_mobile":{"unit":"px","size":220,"sizes":[]},"button_typography_typography":"custom","button_typography_font_weight":"500","button_margin_mobile":{"unit":"px","top":"0","right":"0","bottom":"15","left":"0","isLinked":false},"button_padding_mobile":{"unit":"px","top":"11","right":"14","bottom":"11","left":"14","isLinked":false},"content_width":"full","show_button_icon":"hover","button_typography_font_size":{"unit":"px","size":18,"sizes":[]},"button_icon_size":{"unit":"px","size":10,"sizes":[]},"button_icon_padding":{"unit":"px","top":"2","right":"0","bottom":"0","left":"0","isLinked":false},"button_typography_font_size_mobile":{"unit":"px","size":16,"sizes":[]},"button_link":{"url":"https:\/\/wpecomus.com\/fashion\/product-category\/handbag\/","is_external":"","nofollow":"","custom_attributes":""}},"elements":[],"isInner":false,"widgetType":"ecomus-banner","elType":"widget"},{"id":"6595e0ea","settings":{"image":{"id":1695,"url":"https:\/\/wpecomus.com\/fashion\/wp-content\/uploads\/sites\/2\/2024\/06\/homev2_cat3.webp","alt":"","source":"library","size":""},"title":"","button_text":"Accessories","height":{"unit":"px","size":400,"sizes":[]},"height_tablet":{"unit":"px","size":250,"sizes":[]},"height_mobile":{"unit":"px","size":220,"sizes":[]},"button_typography_typography":"custom","button_typography_font_weight":"500","button_margin_mobile":{"unit":"px","top":"0","right":"0","bottom":"15","left":"0","isLinked":false},"button_padding_mobile":{"unit":"px","top":"11","right":"14","bottom":"11","left":"14","isLinked":false},"content_width":"full","show_button_icon":"hover","button_typography_font_size":{"unit":"px","size":18,"sizes":[]},"button_icon_size":{"unit":"px","size":10,"sizes":[]},"button_icon_padding":{"unit":"px","top":"2","right":"0","bottom":"0","left":"0","isLinked":false},"button_typography_font_size_mobile":{"unit":"px","size":16,"sizes":[]},"button_link":{"url":"https:\/\/wpecomus.com\/fashion\/product-category\/accessories\/","is_external":"","nofollow":"","custom_attributes":""}},"elements":[],"isInner":false,"widgetType":"ecomus-banner","elType":"widget"}],"isInner":true,"elType":"container"},{"id":"2815c993","settings":{"flex_direction":"column","content_width":"full","width":{"unit":"%","size":""},"hide_mobile":"hidden-mobile"},"elements":[{"id":"333e12c8","settings":{"content_width":"full","image":{"id":1696,"url":"https:\/\/wpecomus.com\/fashion\/wp-content\/uploads\/sites\/2\/2024\/06\/homev2_cat4.webp","alt":"","source":"library","size":""},"title":"","button_text":"Men","height":{"unit":"px","size":830,"sizes":[]},"height_tablet":{"unit":"px","size":515,"sizes":[]},"height_mobile":{"unit":"px","size":220,"sizes":[]},"button_typography_typography":"custom","button_typography_font_weight":"500","show_button_icon":"hover","button_typography_font_size":{"unit":"px","size":18,"sizes":[]},"button_icon_size":{"unit":"px","size":10,"sizes":[]},"button_icon_padding":{"unit":"px","top":"2","right":"0","bottom":"0","left":"0","isLinked":false},"button_link":{"url":"https:\/\/wpecomus.com\/fashion\/product-category\/men\/","is_external":"","nofollow":"","custom_attributes":""}},"elements":[],"isInner":false,"widgetType":"ecomus-banner","elType":"widget"}],"isInner":true,"elType":"container"}],"isInner":false,"elType":"container"},{"id":"4ef84cf","settings":{"flex_direction":"row","flex_gap":{"unit":"px","size":0,"column":"0","row":"0","isLinked":true},"flex_direction_mobile":"column-reverse","flex_gap_mobile":{"column":"27","row":"27","isLinked":true,"unit":"px","size":27},"margin":{"unit":"px","top":"0","right":"0","bottom":"93","left":"0","isLinked":false},"margin_tablet":{"unit":"px","top":"0","right":"0","bottom":"79","left":"0","isLinked":false},"margin_mobile":{"unit":"px","top":"0","right":"0","bottom":"69","left":"0","isLinked":false}},"elements":[{"id":"105f4f03","settings":{"flex_direction":"column","content_width":"full","width":{"unit":"%","size":"50"},"flex_justify_content":"center","flex_gap":{"column":"10","row":"10","isLinked":true,"unit":"px","size":10}},"elements":[{"id":"666ecce9","settings":{"content_width":"full","title":"SPRING SALE 30% OFF","title_size":"div","align_mobile":"center","title_color":"#000000","typography_typography":"custom","typography_font_size":{"unit":"px","size":14,"sizes":[]},"typography_font_weight":"700","typography_text_transform":"uppercase","_margin_mobile":{"unit":"px","top":"0","right":"0","bottom":"2","left":"0","isLinked":false}},"elements":[],"isInner":false,"widgetType":"ecomus-heading","elType":"widget"},{"id":"6d93c988","settings":{"title":"Effortless <br \/>Denim Delights","align_mobile":"center","typography_typography":"custom","typography_font_size":{"unit":"px","size":52,"sizes":[]},"typography_font_size_tablet":{"unit":"px","size":40,"sizes":[]},"typography_font_size_mobile":{"unit":"px","size":24,"sizes":[]},"_margin":{"unit":"px","top":"0","right":"0","bottom":"14","left":"0","isLinked":false},"_margin_tablet":{"unit":"px","top":"0","right":"0","bottom":"18","left":"0","isLinked":false},"_margin_mobile":{"unit":"px","top":"0","right":"0","bottom":"7","left":"0","isLinked":false},"content_width":"full"},"elements":[],"isInner":false,"widgetType":"ecomus-heading","elType":"widget"},{"id":"6f914301","settings":{"title":"Discover the versatility of denim with our collection of jeans, jackets","title_size":"div","align_mobile":"center","title_color":"#545454","typography_typography":"custom","typography_font_size":{"unit":"px","size":16,"sizes":[]},"typography_font_size_mobile":{"unit":"px","size":14,"sizes":[]},"_margin":{"unit":"px","top":"0","right":"0","bottom":"24","left":"0","isLinked":false},"_margin_tablet":{"unit":"px","top":"0","right":"0","bottom":"24","left":"0","isLinked":false},"_margin_mobile":{"unit":"px","top":"0","right":"0","bottom":"9","left":"0","isLinked":false},"content_width":"full"},"elements":[],"isInner":false,"widgetType":"ecomus-heading","elType":"widget"},{"id":"3a5742ec","settings":{"text":"Shop collection","align_mobile":"center","typography_typography":"custom","typography_font_size_mobile":{"unit":"px","size":14,"sizes":[]},"typography_font_weight":"600","border_radius":{"unit":"px","top":"3","right":"3","bottom":"3","left":"3","isLinked":true},"text_padding":{"unit":"px","top":"14","right":"24","bottom":"14","left":"24","isLinked":false},"text_padding_mobile":{"unit":"px","top":"11","right":"25","bottom":"11","left":"25","isLinked":false},"content_width":"full","button_text":"Shop collection","button_link":{"url":"https:\/\/wpecomus.com\/fashion\/product-category\/women\/dresses\/","is_external":"","nofollow":"","custom_attributes":""}},"elements":[],"isInner":false,"widgetType":"ecomus-button","elType":"widget"}],"isInner":true,"elType":"container"},{"id":"30fd4fbf","settings":{"flex_direction":"column","content_width":"full","width":{"unit":"%","size":"50"}},"elements":[{"id":"54aa7540","settings":{"content_width":"full","image":{"id":1701,"url":"https:\/\/wpecomus.com\/fashion\/wp-content\/uploads\/sites\/2\/2024\/06\/homev2_banner.webp","alt":"","source":"library","size":""},"image_size":"full"},"elements":[],"isInner":false,"widgetType":"image","elType":"widget"}],"isInner":true,"elType":"container"}],"isInner":false,"elType":"container"},{"id":"44c01dfd","settings":{"flex_direction":"column","margin":{"unit":"px","top":"0","right":"0","bottom":"81","left":"0","isLinked":false},"margin_tablet":{"unit":"px","top":"0","right":"0","bottom":"50","left":"0","isLinked":false},"flex_gap":{"column":"0","row":"0","isLinked":true,"unit":"px","size":0}},"elements":[{"id":"63dc27f8","settings":{"content_width":"full","slides_to_show_tablet":3,"slides_to_show_mobile":2,"image_spacing_custom_tablet":30,"image_spacing_custom_mobile":15,"navigation_classes_tablet":"dots","navigation_classes_mobile":"dots","product_border_radius":{"unit":"px","top":"0","right":"0","bottom":"0","left":"0","isLinked":true},"slides_to_scroll_tablet":3,"slides_to_scroll_mobile":2,"dots_gap_mobile":{"unit":"px","size":3,"sizes":[]},"dots_size_tablet":{"unit":"px","size":6,"sizes":[]},"dot_item_color":"#D4D4D4","dot_item_active_color":"#111111","heading":"Best seller","show_heading":"yes","arrows_prev_icon":{"value":{"url":"https:\/\/wpecomus.com\/fashion\/wp-content\/uploads\/sites\/2\/2024\/07\/arrow-left-1.svg","id":3940},"library":"svg"},"arrows_next_icon":{"value":{"url":"https:\/\/wpecomus.com\/fashion\/wp-content\/uploads\/sites\/2\/2024\/07\/arrow-right-1.svg","id":3941},"library":"svg"},"arrows_heading_size":{"unit":"px","size":12,"sizes":[]},"heading_spacing":{"unit":"px","size":60,"sizes":[]},"heading_spacing_mobile":{"unit":"px","size":25,"sizes":[]}},"elements":[],"isInner":false,"widgetType":"ecomus-products-carousel","elType":"widget"}],"isInner":false,"elType":"container"},{"id":"2d8bb5bd","settings":{"flex_direction":"column","boxed_width":{"unit":"%","size":"","sizes":[]},"boxed_width_tablet":{"unit":"%","size":"","sizes":[]},"boxed_width_mobile":{"unit":"%","size":"","sizes":[]},"padding":{"unit":"px","top":"0","right":"40","bottom":"25","left":"40","isLinked":false},"content_width":"full","padding_tablet":{"unit":"px","top":"0","right":"30","bottom":"30","left":"30","isLinked":false},"border_border":"solid","border_width":{"unit":"px","top":"0","right":"0","bottom":"1","left":"0","isLinked":false},"border_color":"#EBEBEB","margin":{"unit":"px","top":"0","right":"0","bottom":"65","left":"0","isLinked":false},"margin_tablet":{"unit":"px","top":"0","right":"0","bottom":"55","left":"0","isLinked":false},"margin_mobile":{"unit":"px","top":"0","right":"0","bottom":"48","left":"0","isLinked":false},"padding_mobile":{"unit":"px","top":"0","right":"15","bottom":"50","left":"15","isLinked":false}},"elements":[{"id":"3600edb1","settings":{"content_width":"full","heading":"","items":[{"button_text":"Shop Collection","_id":"cb69034","image":{"id":1700,"url":"https:\/\/wpecomus.com\/fashion\/wp-content\/uploads\/sites\/2\/2024\/06\/homev2_lookbook2.webp","alt":"","source":"library","size":""},"title":"Accessories Galore","description":"Shop through our latest selection of Fashion","button_link":{"url":"https:\/\/wpecomus.com\/fashion\/product-category\/women\/overalls\/","is_external":"","nofollow":"","custom_attributes":""}},{"button_text":"Shop Collection","_id":"eea2f5d","image":{"id":1699,"url":"https:\/\/wpecomus.com\/fashion\/wp-content\/uploads\/sites\/2\/2024\/06\/homev2_lookbook.webp","alt":"","source":"library","size":""},"title":"Statement Pieces","description":"Shop through our latest selection of Womens","button_link":{"url":"https:\/\/wpecomus.com\/fashion\/product-category\/women\/sweaters\/","is_external":"","nofollow":"","custom_attributes":""}}],"slides_to_show":2,"content_border_radius":{"unit":"px","top":"0","right":"0","bottom":"0","left":"0","isLinked":true},"content_vertical_position":"middle","content_position":"below","button_show_icon":"yes","content_text_align":"center","navigation_classes":"dots","navigation_classes_tablet":"dots","navigation_classes_mobile":"dots","show_button_icon":"alway","button_style":"subtle","dots_spacing_mobile":{"unit":"px","size":20,"sizes":[]},"button_margin":{"unit":"px","top":"10","right":"0","bottom":"0","left":"0","isLinked":false},"button_margin_tablet":{"unit":"px","top":"0","right":"0","bottom":"0","left":"0","isLinked":true},"button_margin_mobile":{"unit":"px","top":"5","right":"0","bottom":"0","left":"0","isLinked":false}},"elements":[],"isInner":false,"widgetType":"ecomus-image-box-carousel","elType":"widget"}],"isInner":false,"elType":"container"},{"id":"69713e5d","settings":{"margin":{"unit":"px","top":"0","right":"0","bottom":"70","left":"0","isLinked":false},"margin_tablet":{"unit":"px","top":"0","right":"0","bottom":"59","left":"0","isLinked":false},"margin_mobile":{"unit":"px","top":"0","right":"0","bottom":"52","left":"0","isLinked":false}},"elements":[{"id":"2c531953","settings":{"content_width":"full","title":"Visit our store","title_size":"h4","align":"center","typography_typography":"custom","typography_font_size":{"unit":"px","size":42,"sizes":[]},"typography_font_weight":"400","_margin":{"unit":"px","top":"0","right":"0","bottom":"54","left":"0","isLinked":false},"typography_font_size_tablet":{"unit":"px","size":32,"sizes":[]},"typography_font_size_mobile":{"unit":"px","size":22,"sizes":[]},"_margin_tablet":{"unit":"px","top":"0","right":"0","bottom":"30","left":"0","isLinked":false},"_margin_mobile":{"unit":"px","top":"0","right":"0","bottom":"12","left":"0","isLinked":false}},"elements":[],"isInner":false,"widgetType":"ecomus-heading","elType":"widget"},{"id":"4be44d14","settings":{"content_width":"full","stores":[{"heading":"Hongkong","image":{"id":1709,"url":"https:\/\/wpecomus.com\/fashion\/wp-content\/uploads\/sites\/2\/2024\/06\/homev2_store3.webp","alt":"","source":"library","size":""},"title":"Hongkong Store","_id":"0d558ab","description":"<p>301 Front St WToronto,<br \/>Ecomus@support.com<br \/>(08) 8942 1299<\/p><p>Mon - Fri, 8:30am - 10:30pm<br \/>Saturday, 8:30am - 10:30pm<br \/>Sunday Closed<\/p>"},{"heading":"London","image":{"id":1708,"url":"https:\/\/wpecomus.com\/fashion\/wp-content\/uploads\/sites\/2\/2024\/06\/homev2_store2.webp","alt":"","source":"library","size":""},"title":"London Store","_id":"5e73fd6","description":"<p>301 Front St WToronto,<br \/>LondonEcomus@ecom.com<br \/>(08) 8942 1299<\/p><p>Mon - Fri, 8:30am - 10:30pm<br \/>Saturday, 8:30am - 10:30pm<br \/>Sunday Closed<\/p>"},{"heading":"Paris","image":{"id":1707,"url":"https:\/\/wpecomus.com\/fashion\/wp-content\/uploads\/sites\/2\/2024\/06\/homev2_store1.webp","alt":"","source":"library","size":""},"title":"Paris Store","_id":"c844313","description":"<p>301 Front St WToronto,<br \/>ParisEcomus@email.com<br \/>(08) 8942 1299<\/p><p>Mon - Fri, 8:30am - 10:30pm<br \/>Saturday, 8:30am - 10:30pm<br \/>Sunday Closed<\/p>"}]},"elements":[],"isInner":false,"widgetType":"ecomus-stores-tab","elType":"widget"}],"isInner":false,"elType":"container"},{"id":"729b555c","settings":{"margin":{"unit":"px","top":"0","right":"0","bottom":"50","left":"0","isLinked":false},"margin_mobile":{"unit":"px","top":"0","right":"0","bottom":"52","left":"0","isLinked":false}},"elements":[{"id":"172b4442","settings":{"content_width":"full","items":[{"_id":"b803347","image":{"id":1710,"url":"https:\/\/raw.githubusercontent.com\/drfuri\/demo-content\/main\/ecomus\/fashion\/images\/homev2_logo1.webp","alt":"","source":"library","size":""},"link":{"url":"","is_external":"","nofollow":"","custom_attributes":""}},{"image":{"id":1711,"url":"https:\/\/raw.githubusercontent.com\/drfuri\/demo-content\/main\/ecomus\/fashion\/images\/homev2_logo2.webp","alt":"","source":"library","size":""},"link":{"url":"","is_external":"","nofollow":"","custom_attributes":""},"_id":"9c2778c"},{"image":{"id":1712,"url":"https:\/\/raw.githubusercontent.com\/drfuri\/demo-content\/main\/ecomus\/fashion\/images\/homev2_logo3.png","alt":"","source":"library","size":""},"link":{"url":"","is_external":"","nofollow":"","custom_attributes":""},"_id":"8cacbf5"},{"image":{"id":1713,"url":"https:\/\/raw.githubusercontent.com\/drfuri\/demo-content\/main\/ecomus\/fashion\/images\/homev2_logo4.webp","alt":"","source":"library","size":""},"link":{"url":"","is_external":"","nofollow":"","custom_attributes":""},"_id":"cafebf1"},{"image":{"id":1714,"url":"https:\/\/raw.githubusercontent.com\/drfuri\/demo-content\/main\/ecomus\/fashion\/images\/homev2_logo5.webp","alt":"","source":"library","size":""},"link":{"url":"","is_external":"","nofollow":"","custom_attributes":""},"_id":"e144e92"},{"image":{"id":1715,"url":"https:\/\/raw.githubusercontent.com\/drfuri\/demo-content\/main\/ecomus\/fashion\/images\/homev2_logo6.webp","alt":"","source":"library","size":""},"link":{"url":"","is_external":"","nofollow":"","custom_attributes":""},"_id":"9d2746d"}],"slides_to_show_tablet":3,"slides_to_show_mobile":2,"navigation_classes":"dots","navigation_classes_tablet":"dots","navigation_classes_mobile":"dots","border_color":"#02010100","border_radius":{"unit":"px","size":0,"sizes":[],"isLinked":true,"top":"","right":"","bottom":"","left":""},"padding":{"unit":"px","top":"0","right":"0","bottom":"0","left":"0","isLinked":true},"image_size":"custom","image_custom_dimension":{"width":"","height":"28"},"image_spacing_custom":70,"image_spacing_custom_tablet":20,"image_spacing_custom_mobile":15,"slides_to_scroll_mobile":2,"image_horizontal_position_tablet":"center","dots_spacing_mobile":{"unit":"px","size":30,"sizes":[]},"image_border_radius":{"unit":"%","top":"0","right":"0","bottom":"0","left":"0","isLinked":true},"image_border_radius_tablet":{"unit":"%","top":"","right":"","bottom":"","left":"","isLinked":true},"image_border_radius_mobile":{"unit":"%","top":"","right":"","bottom":"","left":"","isLinked":true}},"elements":[],"isInner":false,"widgetType":"ecomus-image-carousel","elType":"widget"}],"isInner":false,"elType":"container"}],"page_settings":{"hide_page_header":"yes","content_top_spacing":"custom","content_top_padding":{"unit":"px","size":0,"sizes":[]},"content_bottom_spacing":"custom","content_bottom_padding":{"unit":"px","size":0,"sizes":[]}},"version":"0.4","title":"Home Fashion v2","type":"page"}