{"content":[{"id":"142030d1","settings":{"content_width":"full","min_height_tablet":{"unit":"vh","size":"","sizes":[]},"min_height_mobile":{"unit":"vh","size":"","sizes":[]}},"elements":[{"id":"387cc093","settings":{"content_width":"full","slides":[{"title":"UNDER $120<br class=\"hidden-xs hidden-sm hidden-md\"\/> WHILE SUPPLIES <br class=\"hidden-xs hidden-sm hidden-md\"\/>  LAST!","button_text":"Shop now","_id":"a8b0be8","banner_background_img":{"id":6935,"url":"https:\/\/wpecomus.com\/paddle-boards\/wp-content\/uploads\/sites\/29\/2024\/12\/h-paddle-boards-slide-1-scaled.jpg","alt":"","source":"library","size":""},"before_title":"OUR BIGGEST SALE OF THE YEAR","background_position_mobile":"center center","background_position_tablet":"center center","button_link":{"url":"https:\/\/wpecomus.com\/paddle-boards\/product-tag\/under-120\/","is_external":"","nofollow":"","custom_attributes":""}},{"title":"UNLEASH <br class=\"hidden-xs hidden-sm hidden-md\"\/>YOUR INNER <br class=\"hidden-xs hidden-sm hidden-md\"\/> EXPLORER","button_text":"Shop now","banner_background_img":{"id":6936,"url":"https:\/\/wpecomus.com\/paddle-boards\/wp-content\/uploads\/sites\/29\/2024\/12\/h-paddle-boards-slide-2-scaled.jpg","alt":"","source":"library","size":""},"before_title":"OUR BIGGEST SALE OF THE YEAR","background_position_mobile":"center center","custom_style":"yes","_id":"ebab0af","content_custom_bg_color":"#1B3622","background_position_tablet":"center center","content_custom_bg_color_tablet":"#1B362299","button_link":{"url":"https:\/\/wpecomus.com\/paddle-boards\/product-tag\/sale-of-the-year\/","is_external":"","nofollow":"","custom_attributes":""}},{"title":"BUY ONE<br class=\"hidden-xs hidden-sm hidden-md\"\/> ULTRA\u2122 3.0 <br class=\"hidden-xs hidden-sm hidden-md\"\/>GET ANOTHER","button_text":"Shop now","banner_background_img":{"id":6937,"url":"https:\/\/wpecomus.com\/paddle-boards\/wp-content\/uploads\/sites\/29\/2024\/12\/h-paddle-boards-slide-3-scaled.jpg","alt":"","source":"library","size":""},"before_title":"OUR BIGGEST SALE OF THE YEAR","background_position_mobile":"center center","_id":"71b6528","background_position_tablet":"center center","button_link":{"url":"https:\/\/wpecomus.com\/paddle-boards\/shop\/","is_external":"","nofollow":"","custom_attributes":""}}],"slides_height":{"unit":"vh","size":100,"sizes":[]},"slides_height_tablet":{"unit":"px","size":800,"sizes":[]},"slides_height_mobile":{"unit":"px","size":330,"sizes":[]},"title_spacing":{"unit":"px","size":32,"sizes":[]},"slides_content_width":{"unit":"px","size":546,"sizes":[]},"slides_content_background_color":"#1C355E","slides_content_padding":{"unit":"px","top":"62","right":"50","bottom":"70","left":"50","isLinked":false},"title_color":"#FFFFFF","title_typography_typography":"custom","title_typography_font_size":{"unit":"px","size":52,"sizes":[]},"title_typography_line_height":{"unit":"px","size":62,"sizes":[]},"before_title_color":"#FFFFFF","navigation_classes":"dots","slides_content_border_radius":{"unit":"px","top":"10","right":"10","bottom":"10","left":"10","isLinked":true},"button_border_border":"solid","button_border_width":{"unit":"px","top":"1","right":"1","bottom":"1","left":"1","isLinked":true},"dot_position":"right","dots_position":"right","navigation_classes_tablet":"dots","navigation_classes_mobile":"dots","slides_horizontal_position_mobile":"left","slides_vertical_position_mobile":"middle","slides_text_align_mobile":"left","slides_content_width_tablet":{"unit":"%","size":50,"sizes":[]},"slides_content_width_mobile":{"unit":"%","size":80,"sizes":[]},"slides_content_background_color_tablet":"#1C355E99","slides_content_padding_tablet":{"unit":"px","top":"16","right":"20","bottom":"20","left":"20","isLinked":false},"title_typography_font_size_tablet":{"unit":"px","size":40,"sizes":[]},"title_typography_font_size_mobile":{"unit":"px","size":24,"sizes":[]},"title_typography_line_height_tablet":{"unit":"px","size":48,"sizes":[]},"title_typography_line_height_mobile":{"unit":"px","size":28,"sizes":[]},"before_title_typography_typography":"custom","before_title_typography_font_size_mobile":{"unit":"px","size":12,"sizes":[]},"button_typography_typography":"custom","button_typography_font_size_tablet":{"unit":"px","size":14,"sizes":[]},"dots_spacing_tablet":{"unit":"px","size":20,"sizes":[]},"dots_spacing_mobile":{"unit":"px","size":10,"sizes":[]},"dot_item_color":"#FFFFFF33","dot_item_active_color":"#FFFFFF","dots_type":"","show_button_icon":"alway","button_style":"outline","button_text_color":"#FCFCFC","button_border_color":"#FFFFFF","button_icon_padding":{"unit":"px","top":"2","right":"0","bottom":"0","left":"0","isLinked":false},"autoplay_speed":7000,"title_typography_font_weight":"600","dot_align_position_right_tablet":"center","dots_size_mobile":{"unit":"px","size":5,"sizes":[]},"button_background_hover_color":"#FFFFFF","hover_color":"#1C355E","button_hover_border_color":"#FFFFFF","autoplay":"yes"},"elements":[],"isInner":false,"widgetType":"ecomus-slides","elType":"widget"}],"isInner":false,"elType":"container"},{"id":"111eebda","settings":{"background_background":"classic","background_color":"#161D28","padding":{"unit":"px","top":"50","right":"0","bottom":"50","left":"0","isLinked":false}},"elements":[{"id":"7c3c011e","settings":{"content_width":"full","icons_box":[{"icon":{"value":{"url":"https:\/\/wpecomus.com\/paddle-boards\/wp-content\/uploads\/sites\/29\/2024\/12\/tested.svg","id":6938},"library":"svg"},"title":"TESTED + DURABLE","description":"Our boards last well above industry<br\/>\naverages","_id":"82d6a6a","image":{"id":"","url":"https:\/\/wpecomus.com\/paddle-boards\/wp-content\/plugins\/elementor\/assets\/images\/placeholder.png"}},{"icon":{"value":{"url":"https:\/\/wpecomus.com\/paddle-boards\/wp-content\/uploads\/sites\/29\/2024\/12\/experienced.svg","id":6939},"library":"svg"},"title":"EXPERIENCED","description":"With over 10 years producing boards, we know<br\/>\nwhat works\n\n","_id":"a15fb08","image":{"id":"","url":"https:\/\/wpecomus.com\/paddle-boards\/wp-content\/plugins\/elementor\/assets\/images\/placeholder.png"}},{"icon":{"value":{"url":"https:\/\/wpecomus.com\/paddle-boards\/wp-content\/uploads\/sites\/29\/2024\/12\/unparalleled.svg","id":6940},"library":"svg"},"title":"UNPARALLELED STABILITY","description":"Whether large or small, our boards offer<br\/>\nsmooth sailing","_id":"edf6df9","image":{"id":"","url":"https:\/\/wpecomus.com\/paddle-boards\/wp-content\/plugins\/elementor\/assets\/images\/placeholder.png"}}],"navigation_classes_tablet":"dots","navigation_classes_mobile":"dots","content_border_border":"none","content_border_width":{"unit":"px","top":"1","right":"1","bottom":"1","left":"1","isLinked":true},"content_border_color":"#EBEBEB","title_typography_typography":"custom","title_typography_font_size":{"unit":"px","size":18,"sizes":[]},"title_typography_font_weight":"500","description_color":"#FFFFFF","icon_color":"#FFFFFF","icon_size":{"unit":"px","size":30,"sizes":[]},"icon_border_border":"solid","icon_border_width":{"unit":"px","top":"1","right":"1","bottom":"1","left":"1","isLinked":true},"icon_border_color":"#FFFFFF","border_radius":{"unit":"%","top":"100","right":"100","bottom":"100","left":"100","isLinked":true},"position_mobile":"top","alignment_mobile":"center","vertical_alignment":"middle","title_spacing":{"unit":"px","size":10,"sizes":[]},"alignment":"center","slides_to_show_tablet":3,"icon_spacing_mobile":{"unit":"px","size":20,"sizes":[]},"dots_spacing_tablet":{"unit":"px","size":0,"sizes":[]},"dots_spacing_mobile":{"unit":"px","size":15,"sizes":[]},"title_color":"#FFFFFF","icon_padding":{"unit":"px","top":"20","right":"20","bottom":"20","left":"20","isLinked":true},"icon_spacing":{"unit":"px","size":32,"sizes":[]},"dot_item_color":"#FFFFFF33","dot_item_active_color":"#FFFFFF"},"elements":[],"isInner":false,"widgetType":"ecomus-icon-box-carousel","elType":"widget"}],"isInner":false,"elType":"container"},{"id":"3ab5428a","settings":{"flex_gap":{"column":"15","row":"15","isLinked":true,"unit":"px","size":15},"padding":{"unit":"px","top":"78","right":"0","bottom":"36","left":"0","isLinked":false},"padding_tablet":{"unit":"px","top":"63","right":"0","bottom":"36","left":"0","isLinked":false},"padding_mobile":{"unit":"px","top":"63","right":"0","bottom":"20","left":"0","isLinked":false}},"elements":[{"id":"6e43d359","settings":{"title":"Featured Paddle Boards","title_size":"h3","align":"center","typography_typography":"custom","typography_font_size":{"unit":"px","size":42,"sizes":[]},"typography_font_weight":"600","typography_font_size_tablet":{"unit":"px","size":32,"sizes":[]},"typography_font_size_mobile":{"unit":"px","size":24,"sizes":[]}},"elements":[],"isInner":false,"widgetType":"ecomus-heading","elType":"widget"},{"id":"9a96c1e","settings":{"editor":"We offer 3 series of inflatable paddle boards. Check out our comparison chart <a href=\"https:\/\/wpecomus.com\/paddle-boards\/product-category\/paddle-boards\/\" style=\"margin: 0 2px; color: inherit; text-decoration: underline;\">here<\/a> or use our <a href=\"https:\/\/wpecomus.com\/paddle-boards\/product-category\/paddle-boards\/\" style=\"margin: 0 2px; color: inherit; text-decoration: underline;\">board finder quiz<\/a>.","align":"center","text_color":"#606A7A","typography_typography":"custom","typography_font_size":{"unit":"px","size":14,"sizes":[]},"typography_font_size_mobile":{"unit":"px","size":14,"sizes":[]},"typography_font_weight":"400","typography_line_height_mobile":{"unit":"px","size":20,"sizes":[]},"_padding":{"unit":"px","top":"0","right":"0","bottom":"36","left":"0","isLinked":false},"_padding_tablet":{"unit":"px","top":"0","right":"0","bottom":"13","left":"0","isLinked":false}},"elements":[],"isInner":false,"widgetType":"text-editor","elType":"widget"},{"id":"6a64b0a1","settings":{"products":[{"_id":"366b3d6","ids":32,"product_id":546,"text":"<a href=\"#\">Ecomus X- Class<\/a>","description":"<ul class=\"no-style\">\n<li><svg xmlns=\"http:\/\/www.w3.org\/2000\/svg\" width=\"12\" height=\"10\" viewBox=\"0 0 12 10\" fill=\"none\"><path d=\"M4.59503 9.13837C4.48049 9.2536 4.32419 9.31788 4.16186 9.31788C3.99953 9.31788 3.84323 9.2536 3.72869 9.13837L0.26926 5.67837C-0.0897535 5.31935 -0.0897535 4.73718 0.26926 4.37885L0.702432 3.94556C1.06156 3.58655 1.64305 3.58655 2.00206 3.94556L4.16189 6.10548L9.99794 0.269261C10.3571 -0.0897535 10.9391 -0.0897535 11.2976 0.269261L11.7307 0.702547C12.0898 1.06156 12.0898 1.64362 11.7307 2.00206L4.59503 9.13837Z\" fill=\"CurrentColor\"><\/path><\/svg> Build: Inflatable<\/li>\n<li><svg xmlns=\"http:\/\/www.w3.org\/2000\/svg\" width=\"12\" height=\"10\" viewBox=\"0 0 12 10\" fill=\"none\"><path d=\"M4.59503 9.13837C4.48049 9.2536 4.32419 9.31788 4.16186 9.31788C3.99953 9.31788 3.84323 9.2536 3.72869 9.13837L0.26926 5.67837C-0.0897535 5.31935 -0.0897535 4.73718 0.26926 4.37885L0.702432 3.94556C1.06156 3.58655 1.64305 3.58655 2.00206 3.94556L4.16189 6.10548L9.99794 0.269261C10.3571 -0.0897535 10.9391 -0.0897535 11.2976 0.269261L11.7307 0.702547C12.0898 1.06156 12.0898 1.64362 11.7307 2.00206L4.59503 9.13837Z\" fill=\"CurrentColor\"><\/path><\/svg> Skill: Beginner-Advanced<\/li>\n<li><svg xmlns=\"http:\/\/www.w3.org\/2000\/svg\" width=\"12\" height=\"10\" viewBox=\"0 0 12 10\" fill=\"none\"><path d=\"M4.59503 9.13837C4.48049 9.2536 4.32419 9.31788 4.16186 9.31788C3.99953 9.31788 3.84323 9.2536 3.72869 9.13837L0.26926 5.67837C-0.0897535 5.31935 -0.0897535 4.73718 0.26926 4.37885L0.702432 3.94556C1.06156 3.58655 1.64305 3.58655 2.00206 3.94556L4.16189 6.10548L9.99794 0.269261C10.3571 -0.0897535 10.9391 -0.0897535 11.2976 0.269261L11.7307 0.702547C12.0898 1.06156 12.0898 1.64362 11.7307 2.00206L4.59503 9.13837Z\" fill=\"CurrentColor\"><\/path><\/svg> Use: All Around<\/li>\n<li><svg xmlns=\"http:\/\/www.w3.org\/2000\/svg\" width=\"12\" height=\"10\" viewBox=\"0 0 12 10\" fill=\"none\"><path d=\"M4.59503 9.13837C4.48049 9.2536 4.32419 9.31788 4.16186 9.31788C3.99953 9.31788 3.84323 9.2536 3.72869 9.13837L0.26926 5.67837C-0.0897535 5.31935 -0.0897535 4.73718 0.26926 4.37885L0.702432 3.94556C1.06156 3.58655 1.64305 3.58655 2.00206 3.94556L4.16189 6.10548L9.99794 0.269261C10.3571 -0.0897535 10.9391 -0.0897535 11.2976 0.269261L11.7307 0.702547C12.0898 1.06156 12.0898 1.64362 11.7307 2.00206L4.59503 9.13837Z\" fill=\"CurrentColor\"><\/path><\/svg> Weight: 19.8 lbs<\/li>\n<li><svg xmlns=\"http:\/\/www.w3.org\/2000\/svg\" width=\"12\" height=\"10\" viewBox=\"0 0 12 10\" fill=\"none\"><path d=\"M4.59503 9.13837C4.48049 9.2536 4.32419 9.31788 4.16186 9.31788C3.99953 9.31788 3.84323 9.2536 3.72869 9.13837L0.26926 5.67837C-0.0897535 5.31935 -0.0897535 4.73718 0.26926 4.37885L0.702432 3.94556C1.06156 3.58655 1.64305 3.58655 2.00206 3.94556L4.16189 6.10548L9.99794 0.269261C10.3571 -0.0897535 10.9391 -0.0897535 11.2976 0.269261L11.7307 0.702547C12.0898 1.06156 12.0898 1.64362 11.7307 2.00206L4.59503 9.13837Z\" fill=\"CurrentColor\"><\/path><\/svg> Sizes: 10\u20196\u2033x32\u2033x6\u2033<\/li>\n<li><svg xmlns=\"http:\/\/www.w3.org\/2000\/svg\" width=\"12\" height=\"10\" viewBox=\"0 0 12 10\" fill=\"none\"><path d=\"M4.59503 9.13837C4.48049 9.2536 4.32419 9.31788 4.16186 9.31788C3.99953 9.31788 3.84323 9.2536 3.72869 9.13837L0.26926 5.67837C-0.0897535 5.31935 -0.0897535 4.73718 0.26926 4.37885L0.702432 3.94556C1.06156 3.58655 1.64305 3.58655 2.00206 3.94556L4.16189 6.10548L9.99794 0.269261C10.3571 -0.0897535 10.9391 -0.0897535 11.2976 0.269261L11.7307 0.702547C12.0898 1.06156 12.0898 1.64362 11.7307 2.00206L4.59503 9.13837Z\" fill=\"CurrentColor\"><\/path><\/svg> Warranty : 1-year<\/li>\n<\/ul>","button_text":"Shop Now"},{"ids":32,"product_id":782,"text":"<a href=\"#\">Ecomus X- Class<\/a>","description":"<ul class=\"no-style\">\n<li><svg xmlns=\"http:\/\/www.w3.org\/2000\/svg\" width=\"12\" height=\"10\" viewBox=\"0 0 12 10\" fill=\"none\"><path d=\"M4.59503 9.13837C4.48049 9.2536 4.32419 9.31788 4.16186 9.31788C3.99953 9.31788 3.84323 9.2536 3.72869 9.13837L0.26926 5.67837C-0.0897535 5.31935 -0.0897535 4.73718 0.26926 4.37885L0.702432 3.94556C1.06156 3.58655 1.64305 3.58655 2.00206 3.94556L4.16189 6.10548L9.99794 0.269261C10.3571 -0.0897535 10.9391 -0.0897535 11.2976 0.269261L11.7307 0.702547C12.0898 1.06156 12.0898 1.64362 11.7307 2.00206L4.59503 9.13837Z\" fill=\"CurrentColor\"><\/path><\/svg> Build: Inflatable<\/li>\n<li><svg xmlns=\"http:\/\/www.w3.org\/2000\/svg\" width=\"12\" height=\"10\" viewBox=\"0 0 12 10\" fill=\"none\"><path d=\"M4.59503 9.13837C4.48049 9.2536 4.32419 9.31788 4.16186 9.31788C3.99953 9.31788 3.84323 9.2536 3.72869 9.13837L0.26926 5.67837C-0.0897535 5.31935 -0.0897535 4.73718 0.26926 4.37885L0.702432 3.94556C1.06156 3.58655 1.64305 3.58655 2.00206 3.94556L4.16189 6.10548L9.99794 0.269261C10.3571 -0.0897535 10.9391 -0.0897535 11.2976 0.269261L11.7307 0.702547C12.0898 1.06156 12.0898 1.64362 11.7307 2.00206L4.59503 9.13837Z\" fill=\"CurrentColor\"><\/path><\/svg> Skill: Beginner-Advanced<\/li>\n<li><svg xmlns=\"http:\/\/www.w3.org\/2000\/svg\" width=\"12\" height=\"10\" viewBox=\"0 0 12 10\" fill=\"none\"><path d=\"M4.59503 9.13837C4.48049 9.2536 4.32419 9.31788 4.16186 9.31788C3.99953 9.31788 3.84323 9.2536 3.72869 9.13837L0.26926 5.67837C-0.0897535 5.31935 -0.0897535 4.73718 0.26926 4.37885L0.702432 3.94556C1.06156 3.58655 1.64305 3.58655 2.00206 3.94556L4.16189 6.10548L9.99794 0.269261C10.3571 -0.0897535 10.9391 -0.0897535 11.2976 0.269261L11.7307 0.702547C12.0898 1.06156 12.0898 1.64362 11.7307 2.00206L4.59503 9.13837Z\" fill=\"CurrentColor\"><\/path><\/svg> Use: All Around<\/li>\n<li><svg xmlns=\"http:\/\/www.w3.org\/2000\/svg\" width=\"12\" height=\"10\" viewBox=\"0 0 12 10\" fill=\"none\"><path d=\"M4.59503 9.13837C4.48049 9.2536 4.32419 9.31788 4.16186 9.31788C3.99953 9.31788 3.84323 9.2536 3.72869 9.13837L0.26926 5.67837C-0.0897535 5.31935 -0.0897535 4.73718 0.26926 4.37885L0.702432 3.94556C1.06156 3.58655 1.64305 3.58655 2.00206 3.94556L4.16189 6.10548L9.99794 0.269261C10.3571 -0.0897535 10.9391 -0.0897535 11.2976 0.269261L11.7307 0.702547C12.0898 1.06156 12.0898 1.64362 11.7307 2.00206L4.59503 9.13837Z\" fill=\"CurrentColor\"><\/path><\/svg> Weight: 19.8 lbs<\/li>\n<li><svg xmlns=\"http:\/\/www.w3.org\/2000\/svg\" width=\"12\" height=\"10\" viewBox=\"0 0 12 10\" fill=\"none\"><path d=\"M4.59503 9.13837C4.48049 9.2536 4.32419 9.31788 4.16186 9.31788C3.99953 9.31788 3.84323 9.2536 3.72869 9.13837L0.26926 5.67837C-0.0897535 5.31935 -0.0897535 4.73718 0.26926 4.37885L0.702432 3.94556C1.06156 3.58655 1.64305 3.58655 2.00206 3.94556L4.16189 6.10548L9.99794 0.269261C10.3571 -0.0897535 10.9391 -0.0897535 11.2976 0.269261L11.7307 0.702547C12.0898 1.06156 12.0898 1.64362 11.7307 2.00206L4.59503 9.13837Z\" fill=\"CurrentColor\"><\/path><\/svg> Sizes: 10\u20196\u2033x32\u2033x6\u2033<\/li>\n<li><svg xmlns=\"http:\/\/www.w3.org\/2000\/svg\" width=\"12\" height=\"10\" viewBox=\"0 0 12 10\" fill=\"none\"><path d=\"M4.59503 9.13837C4.48049 9.2536 4.32419 9.31788 4.16186 9.31788C3.99953 9.31788 3.84323 9.2536 3.72869 9.13837L0.26926 5.67837C-0.0897535 5.31935 -0.0897535 4.73718 0.26926 4.37885L0.702432 3.94556C1.06156 3.58655 1.64305 3.58655 2.00206 3.94556L4.16189 6.10548L9.99794 0.269261C10.3571 -0.0897535 10.9391 -0.0897535 11.2976 0.269261L11.7307 0.702547C12.0898 1.06156 12.0898 1.64362 11.7307 2.00206L4.59503 9.13837Z\" fill=\"CurrentColor\"><\/path><\/svg> Warranty : 2-year<\/li>\n<\/ul>","_id":"b96b101","button_text":"Shop Now","highlights":"yes","highlight":"yes"},{"ids":32,"product_id":871,"text":"<a href=\"#\">Ecomus X- Class<\/a>","description":"<ul class=\"no-style\">\n<li><svg xmlns=\"http:\/\/www.w3.org\/2000\/svg\" width=\"12\" height=\"10\" viewBox=\"0 0 12 10\" fill=\"none\"><path d=\"M4.59503 9.13837C4.48049 9.2536 4.32419 9.31788 4.16186 9.31788C3.99953 9.31788 3.84323 9.2536 3.72869 9.13837L0.26926 5.67837C-0.0897535 5.31935 -0.0897535 4.73718 0.26926 4.37885L0.702432 3.94556C1.06156 3.58655 1.64305 3.58655 2.00206 3.94556L4.16189 6.10548L9.99794 0.269261C10.3571 -0.0897535 10.9391 -0.0897535 11.2976 0.269261L11.7307 0.702547C12.0898 1.06156 12.0898 1.64362 11.7307 2.00206L4.59503 9.13837Z\" fill=\"CurrentColor\"><\/path><\/svg> Build: Inflatable<\/li>\n<li><svg xmlns=\"http:\/\/www.w3.org\/2000\/svg\" width=\"12\" height=\"10\" viewBox=\"0 0 12 10\" fill=\"none\"><path d=\"M4.59503 9.13837C4.48049 9.2536 4.32419 9.31788 4.16186 9.31788C3.99953 9.31788 3.84323 9.2536 3.72869 9.13837L0.26926 5.67837C-0.0897535 5.31935 -0.0897535 4.73718 0.26926 4.37885L0.702432 3.94556C1.06156 3.58655 1.64305 3.58655 2.00206 3.94556L4.16189 6.10548L9.99794 0.269261C10.3571 -0.0897535 10.9391 -0.0897535 11.2976 0.269261L11.7307 0.702547C12.0898 1.06156 12.0898 1.64362 11.7307 2.00206L4.59503 9.13837Z\" fill=\"CurrentColor\"><\/path><\/svg> Skill: Beginner-Advanced<\/li>\n<li><svg xmlns=\"http:\/\/www.w3.org\/2000\/svg\" width=\"12\" height=\"10\" viewBox=\"0 0 12 10\" fill=\"none\"><path d=\"M4.59503 9.13837C4.48049 9.2536 4.32419 9.31788 4.16186 9.31788C3.99953 9.31788 3.84323 9.2536 3.72869 9.13837L0.26926 5.67837C-0.0897535 5.31935 -0.0897535 4.73718 0.26926 4.37885L0.702432 3.94556C1.06156 3.58655 1.64305 3.58655 2.00206 3.94556L4.16189 6.10548L9.99794 0.269261C10.3571 -0.0897535 10.9391 -0.0897535 11.2976 0.269261L11.7307 0.702547C12.0898 1.06156 12.0898 1.64362 11.7307 2.00206L4.59503 9.13837Z\" fill=\"CurrentColor\"><\/path><\/svg> Use: All Around<\/li>\n<li><svg xmlns=\"http:\/\/www.w3.org\/2000\/svg\" width=\"12\" height=\"10\" viewBox=\"0 0 12 10\" fill=\"none\"><path d=\"M4.59503 9.13837C4.48049 9.2536 4.32419 9.31788 4.16186 9.31788C3.99953 9.31788 3.84323 9.2536 3.72869 9.13837L0.26926 5.67837C-0.0897535 5.31935 -0.0897535 4.73718 0.26926 4.37885L0.702432 3.94556C1.06156 3.58655 1.64305 3.58655 2.00206 3.94556L4.16189 6.10548L9.99794 0.269261C10.3571 -0.0897535 10.9391 -0.0897535 11.2976 0.269261L11.7307 0.702547C12.0898 1.06156 12.0898 1.64362 11.7307 2.00206L4.59503 9.13837Z\" fill=\"CurrentColor\"><\/path><\/svg> Weight: 19.8 lbs<\/li>\n<li><svg xmlns=\"http:\/\/www.w3.org\/2000\/svg\" width=\"12\" height=\"10\" viewBox=\"0 0 12 10\" fill=\"none\"><path d=\"M4.59503 9.13837C4.48049 9.2536 4.32419 9.31788 4.16186 9.31788C3.99953 9.31788 3.84323 9.2536 3.72869 9.13837L0.26926 5.67837C-0.0897535 5.31935 -0.0897535 4.73718 0.26926 4.37885L0.702432 3.94556C1.06156 3.58655 1.64305 3.58655 2.00206 3.94556L4.16189 6.10548L9.99794 0.269261C10.3571 -0.0897535 10.9391 -0.0897535 11.2976 0.269261L11.7307 0.702547C12.0898 1.06156 12.0898 1.64362 11.7307 2.00206L4.59503 9.13837Z\" fill=\"CurrentColor\"><\/path><\/svg> Sizes: 10\u20196\u2033x32\u2033x6\u2033<\/li>\n<li><svg xmlns=\"http:\/\/www.w3.org\/2000\/svg\" width=\"12\" height=\"10\" viewBox=\"0 0 12 10\" fill=\"none\"><path d=\"M4.59503 9.13837C4.48049 9.2536 4.32419 9.31788 4.16186 9.31788C3.99953 9.31788 3.84323 9.2536 3.72869 9.13837L0.26926 5.67837C-0.0897535 5.31935 -0.0897535 4.73718 0.26926 4.37885L0.702432 3.94556C1.06156 3.58655 1.64305 3.58655 2.00206 3.94556L4.16189 6.10548L9.99794 0.269261C10.3571 -0.0897535 10.9391 -0.0897535 11.2976 0.269261L11.7307 0.702547C12.0898 1.06156 12.0898 1.64362 11.7307 2.00206L4.59503 9.13837Z\" fill=\"CurrentColor\"><\/path><\/svg> Warranty : 3-year<\/li>\n<\/ul>","_id":"7f212ec","button_text":"Shop Now"}],"product_title_typography_typography":"custom","product_title_typography_font_size":{"unit":"px","size":20,"sizes":[]},"product_price_typography_typography":"custom","product_price_typography_font_size":{"unit":"px","size":20,"sizes":[]},"product_item_border_radius":{"unit":"px","top":"10","right":"10","bottom":"10","left":"10","isLinked":true},"product_price_spacing":{"unit":"px","size":18,"sizes":[]},"product_title_spacing":{"unit":"px","size":10,"sizes":[]},"hide_rating":"","slides_to_show_tablet":3,"slides_to_show_mobile":1,"slides_to_scroll_tablet":1,"slides_to_scroll_mobile":1,"navigation_classes":"none","navigation_classes_tablet":"none","navigation_classes_mobile":"dots","product_title_typography_font_size_tablet":{"unit":"px","size":16,"sizes":[]},"product_title_spacing_mobile":{"unit":"px","size":0,"sizes":[]},"product_attributes_spacing_mobile":{"unit":"px","size":6,"sizes":[]},"product_price_spacing_mobile":{"unit":"px","size":9,"sizes":[]},"dots_spacing_mobile":{"unit":"px","size":15,"sizes":[]},"product_item_background_color":"#F1F4F7","product_item_background_color_highlight":"#1C355E","product_description_border_hightlight_border":"solid","product_description_border_hightlight_width":{"unit":"px","top":"1","right":"0","bottom":"0","left":"0","isLinked":false},"product_description_border_hightlight_color":"#FFFFFF","button_padding":{"unit":"px","top":"16","right":"30","bottom":"14","left":"30","isLinked":false},"button_border_radius":{"unit":"px","top":"3","right":"3","bottom":"3","left":"3","isLinked":true},"button_typography_typography":"custom","button_typography_font_weight":"700","button_typography_text_transform":"uppercase","button_background_color":"#1C355E","button_border_color":"#1C355E","button_background_hover_color":"#1C355E","product_description_border_highlight_border":"solid","product_description_border_highlight_width":{"unit":"px","top":"1","right":"0","bottom":"0","left":"0","isLinked":false},"product_description_border_highlight_color":"#FFFFFF","product_button_color_highlight":"#1C355E","product_button_bg_color_highlight":"#FFFFFF","product_button_border_color_highlight":"#FFFFFF","product_button_color_hover_highlight":"#1C355E","product_button_bg_color_hover_highlight":"#FFFFFF","product_button_border_color_hover_highlight":"#FFFFFF","product_button_background_effect_hover_color_highlight":"#1C355E40","product_attributes_border_color_highlight":"#FFFFFF","product_attributes_border_hover_color_highlight":"#FFFFFF","product_featured_button_color":"#FFFFFF","product_featured_button_bg_color":"#1C355E","product_featured_button_color_highlight":"#1C355E","product_featured_button_bg_color_highlight":"#FFFFFF","product_featured_button_border_color_highlight":"#FFFFFF","product_featured_button_color_hover_highlight":"#FFFFFF","product_featured_button_bg_color_hover_highlight":"#1C355E","product_featured_button_border_color_hover_highlight":"#1C355E","button_padding_mobile":{"unit":"px","top":"12","right":"24","bottom":"10","left":"24","isLinked":false},"aspect_ratio_type":"custom","aspect_ratio":"1.3372093023255813","product_image_border_radius":{"unit":"px","top":"10","right":"10","bottom":"0","left":"0","isLinked":false}},"elements":[],"isInner":false,"widgetType":"ecomus-product-price-tables-carousel","elType":"widget"}],"isInner":false,"elType":"container"},{"id":"62d89d4d","settings":{"flex_direction":"row","flex_gap":{"unit":"px","size":30,"column":"30","row":"30","isLinked":true},"flex_gap_tablet":{"column":"15","row":"15","isLinked":true,"unit":"px","size":15},"margin":{"unit":"px","top":"0","right":"0","bottom":"63","left":"0","isLinked":false},"margin_tablet":{"unit":"px","top":"0","right":"0","bottom":"55","left":"0","isLinked":false},"margin_mobile":{"unit":"px","top":"0","right":"0","bottom":"45","left":"0","isLinked":false}},"elements":[{"id":"2dc88de7","settings":{"content_width":"full","width":{"unit":"%","size":"50"}},"elements":[{"id":"5c6d9469","settings":{"content_width":"full","image":{"id":6944,"url":"https:\/\/wpecomus.com\/paddle-boards\/wp-content\/uploads\/sites\/29\/2024\/12\/h-paddle-boards-banner-1.jpg","alt":"","source":"library","size":""},"title":"BLACK FRIDAY SALE","button_text":"Shop collection","height":{"unit":"px","size":800,"sizes":[]},"border_radius":{"unit":"px","top":"10","right":"10","bottom":"10","left":"10","isLinked":true},"height_tablet":{"unit":"px","size":785,"sizes":[]},"height_mobile":{"unit":"px","size":280,"sizes":[]},"button_type":"light","button_typography_typography":"custom","button_typography_font_size":{"unit":"px","size":14,"sizes":[]},"button_typography_font_weight":"600","button_margin_mobile":{"unit":"px","top":"0","right":"0","bottom":"0","left":"0","isLinked":true},"button_padding":{"unit":"px","top":"0","right":"0","bottom":"5","left":"0","isLinked":false},"show_button_icon":"alway","title_typography_typography":"custom","button_icon_size":{"unit":"px","size":10,"sizes":[]},"sub_title":"Because paddling is better together.","horizontal_position":"left","vertical_position":"top","button_style":"subtle","button_text_color":"#FFFFFF","banner_padding":{"unit":"px","top":"50","right":"50","bottom":"50","left":"50","isLinked":true},"title_typography_font_weight":"600","sub_title_typography_typography":"custom","sub_title_typography_font_weight":"400","button_typography_text_transform":"uppercase","banner_padding_tablet":{"unit":"px","top":"35","right":"35","bottom":"35","left":"35","isLinked":true},"vertical_position_mobile":"bottom","text_align_mobile":"center","banner_padding_mobile":{"unit":"px","top":"14","right":"14","bottom":"14","left":"14","isLinked":true},"sub_title_typography_font_size_mobile":{"unit":"px","size":16,"sizes":[]},"sub_title_margin_mobile":{"unit":"px","top":"-12","right":"0","bottom":"10","left":"0","isLinked":false},"button_link":{"url":"https:\/\/wpecomus.com\/paddle-boards\/product-tag\/black-friday-sale\/","is_external":"","nofollow":"","custom_attributes":""},"hover_color":"#DB1215"},"elements":[],"isInner":false,"widgetType":"ecomus-banner","elType":"widget"}],"isInner":true,"elType":"container"},{"id":"531726d6","settings":{"content_width":"full","width":{"unit":"%","size":"50"},"padding":{"unit":"px","top":0,"right":0,"bottom":0,"left":0,"isLinked":true},"flex_gap":{"unit":"px","size":0,"column":"0","row":"0","isLinked":true}},"elements":[{"id":"26551622","settings":{"content_width":"full","flex_gap":{"column":"30","row":"30","isLinked":true,"unit":"px","size":30},"flex_gap_tablet":{"column":"15","row":"15","isLinked":true,"unit":"px","size":15}},"elements":[{"id":"3e95750b","settings":{"content_width":"full","image":{"id":6945,"url":"https:\/\/wpecomus.com\/paddle-boards\/wp-content\/uploads\/sites\/29\/2024\/12\/h-paddle-boards-banner-2.jpg","alt":"","source":"library","size":""},"title":"PRO SUP-KAYAK BUNDLES","button_text":"Shop collection","height":{"unit":"px","size":385,"sizes":[]},"border_radius":{"unit":"px","top":"10","right":"10","bottom":"10","left":"10","isLinked":true},"height_mobile":{"unit":"px","size":280,"sizes":[]},"button_type":"light","button_typography_typography":"custom","button_typography_font_size":{"unit":"px","size":14,"sizes":[]},"button_typography_font_weight":"600","button_margin_mobile":{"unit":"px","top":"0","right":"0","bottom":"0","left":"0","isLinked":false},"button_padding":{"unit":"px","top":"0","right":"0","bottom":"5","left":"0","isLinked":false},"show_button_icon":"alway","title_typography_typography":"custom","button_icon_size":{"unit":"px","size":10,"sizes":[]},"horizontal_position":"left","vertical_position":"bottom","button_style":"subtle","button_text_color":"#FFFFFF","banner_padding":{"unit":"px","top":"40","right":"40","bottom":"40","left":"45","isLinked":false},"title_typography_font_weight":"600","title_margin":{"unit":"px","top":"0","right":"0","bottom":"17","left":"0","isLinked":false},"sub_title_typography_typography":"custom","sub_title_typography_font_weight":"400","button_margin":{"unit":"px","top":"0","right":"0","bottom":"0","left":"0","isLinked":true},"button_typography_text_transform":"uppercase","banner_padding_tablet":{"unit":"px","top":"30","right":"30","bottom":"30","left":"30","isLinked":true},"text_align_mobile":"center","banner_padding_mobile":{"unit":"px","top":"14","right":"14","bottom":"14","left":"14","isLinked":true},"title_margin_mobile":{"unit":"px","top":"0","right":"0","bottom":"10","left":"0","isLinked":false},"button_link":{"url":"https:\/\/wpecomus.com\/paddle-boards\/product-tag\/pro-sup-kayak-bundles\/","is_external":"","nofollow":"","custom_attributes":""},"hover_color":"#DB1215"},"elements":[],"isInner":false,"widgetType":"ecomus-banner","elType":"widget"},{"id":"6ae72546","settings":{"content_width":"full","image":{"id":6946,"url":"https:\/\/wpecomus.com\/paddle-boards\/wp-content\/uploads\/sites\/29\/2024\/12\/h-paddle-boards-banner-3.jpg","alt":"","source":"library","size":""},"title":"Season Collection","button_text":"Shop collection","height":{"unit":"px","size":385,"sizes":[]},"border_radius":{"unit":"px","top":"10","right":"10","bottom":"10","left":"10","isLinked":true},"button_typography_typography":"custom","button_typography_font_size":{"unit":"px","size":14,"sizes":[]},"button_typography_font_weight":"600","height_mobile":{"unit":"px","size":280,"sizes":[]},"button_type":"light","button_margin":{"unit":"px","top":"0","right":"0","bottom":"0","left":"0","isLinked":true},"button_padding":{"unit":"px","top":"0","right":"0","bottom":"5","left":"0","isLinked":false},"show_button_icon":"alway","button_icon_size":{"unit":"px","size":10,"sizes":[]},"horizontal_position":"left","vertical_position":"bottom","banner_padding":{"unit":"px","top":"40","right":"40","bottom":"40","left":"45","isLinked":false},"title_typography_typography":"custom","title_typography_font_weight":"600","title_typography_text_transform":"uppercase","title_margin":{"unit":"px","top":"0","right":"0","bottom":"17","left":"0","isLinked":false},"sub_title_typography_typography":"custom","sub_title_typography_font_weight":"400","button_style":"subtle","button_typography_text_transform":"uppercase","button_text_color":"#FFFFFF","banner_padding_tablet":{"unit":"px","top":"30","right":"30","bottom":"30","left":"30","isLinked":true},"text_align_mobile":"center","banner_padding_mobile":{"unit":"px","top":"14","right":"14","bottom":"14","left":"14","isLinked":true},"title_margin_mobile":{"unit":"px","top":"0","right":"0","bottom":"10","left":"0","isLinked":false},"button_link":{"url":"https:\/\/wpecomus.com\/paddle-boards\/product-tag\/season-collection\/","is_external":"","nofollow":"","custom_attributes":""},"hover_color":"#DB1215"},"elements":[],"isInner":false,"widgetType":"ecomus-banner","elType":"widget"}],"isInner":true,"elType":"container"}],"isInner":true,"elType":"container"}],"isInner":false,"elType":"container"},{"id":"4046c89c","settings":{"padding":{"unit":"px","top":"75","right":"0","bottom":"40","left":"0","isLinked":false},"padding_mobile":{"unit":"px","top":"42","right":"0","bottom":"40","left":"0","isLinked":false},"background_background":"classic","background_color":"#F1F4F7","padding_tablet":{"unit":"px","top":"65","right":"0","bottom":"50","left":"0","isLinked":false}},"elements":[{"id":"3dbafdb8","settings":{"content_width":"full","title":"Recommendations for you","title_size":"h4","typography_typography":"custom","typography_font_size_tablet":{"unit":"px","size":32,"sizes":[]},"typography_font_size_mobile":{"unit":"px","size":24,"sizes":[]},"typography_font_weight":"600","_padding":{"unit":"px","top":"0","right":"0","bottom":"54","left":"0","isLinked":false},"_padding_tablet":{"unit":"px","top":"0","right":"0","bottom":"24","left":"0","isLinked":false},"_padding_mobile":{"unit":"px","top":"0","right":"0","bottom":"8","left":"0","isLinked":false},"align":"center"},"elements":[],"isInner":false,"widgetType":"ecomus-heading","elType":"widget"},{"id":"59f909f1","settings":{"limit":4,"pagination":"","columns_tablet":"2","type":"featured_products","alignment":"center","product_title_typography_typography":"custom","product_title_typography_font_size":{"unit":"px","size":14,"sizes":[]},"product_title_color":"#1C355E","product_title_hover_color":"#DB1215","product_price_color":"#1C355E"},"elements":[],"isInner":false,"widgetType":"ecomus-product-grid","elType":"widget"}],"isInner":false,"elType":"container"},{"id":"22761fb4","settings":{"padding":{"unit":"px","top":"52","right":"0","bottom":"52","left":"0","isLinked":false},"padding_tablet":{"unit":"px","top":"42","right":"0","bottom":"42","left":"0","isLinked":false}},"elements":[{"id":"67f64ebe","settings":{"content_width":"full","min_height":{"unit":"px","size":334,"sizes":[]},"flex_justify_content":"center","flex_gap":{"column":"17","row":"17","isLinked":true,"unit":"px","size":17},"background_background":"classic","background_image":{"id":6950,"url":"https:\/\/wpecomus.com\/paddle-boards\/wp-content\/uploads\/sites\/29\/2024\/12\/h-paddle-boards-bg.jpg","alt":"","source":"library","size":""},"border_radius":{"unit":"px","top":"10","right":"10","bottom":"10","left":"10","isLinked":true},"min_height_tablet":{"unit":"px","size":220,"sizes":[]},"background_position":"center center","background_repeat":"no-repeat","background_size":"cover","min_height_mobile":{"unit":"px","size":280,"sizes":[]},"padding_mobile":{"unit":"px","top":"20","right":"20","bottom":"20","left":"20","isLinked":true}},"elements":[{"id":"c062b0b","settings":{"title":"Find the Perfect Paddle Board!","title_size":"h3","align":"center","title_color":"#FFFFFF","typography_typography":"custom","typography_font_size":{"unit":"px","size":42,"sizes":[]},"typography_font_weight":"600","typography_font_size_tablet":{"unit":"px","size":32,"sizes":[]},"typography_font_size_mobile":{"unit":"px","size":22,"sizes":[]}},"elements":[],"isInner":false,"widgetType":"ecomus-heading","elType":"widget"},{"id":"13fed2b0","settings":{"title":"Need help choosing?","title_size":"h5","align":"center","title_color":"#FFFFFF","typography_typography":"custom","typography_font_size":{"unit":"px","size":20,"sizes":[]},"typography_font_weight":"400","_padding":{"unit":"px","top":"0","right":"0","bottom":"16","left":"0","isLinked":false},"typography_font_size_mobile":{"unit":"px","size":16,"sizes":[]},"_padding_mobile":{"unit":"px","top":"0","right":"0","bottom":"0","left":"0","isLinked":false}},"elements":[],"isInner":false,"widgetType":"ecomus-heading","elType":"widget"},{"id":"7e0efe40","settings":{"button_text":"Take The Quiz","show_button_icon":"alway","align":"center","button_style":"subtle","button_text_color":"#FFFFFF","button_link":{"url":"https:\/\/wpecomus.com\/paddle-boards\/shop\/","is_external":"","nofollow":"","custom_attributes":""},"hover_color":"#DB1215"},"elements":[],"isInner":false,"widgetType":"ecomus-button","elType":"widget"}],"isInner":true,"elType":"container"}],"isInner":false,"elType":"container"},{"id":"2c7bee97","settings":[],"elements":[{"id":"433eae56","settings":{"heading":"Outdoor gear for those geared<br\/> to the outdoors.","heading_navigation_type":"dots","items":[{"button_text":"PADDLE BOARDS","_id":"e0207ca","image":{"id":6951,"url":"https:\/\/wpecomus.com\/paddle-boards\/wp-content\/uploads\/sites\/29\/2024\/12\/h-paddle-boards-collection-1.jpg","alt":"","source":"library","size":""},"button_link":{"url":"https:\/\/wpecomus.com\/paddle-boards\/product-category\/paddle-boards\/","is_external":"","nofollow":"","custom_attributes":""}},{"button_text":"KAYAKS","_id":"82866c3","image":{"id":6952,"url":"https:\/\/wpecomus.com\/paddle-boards\/wp-content\/uploads\/sites\/29\/2024\/12\/h-paddle-boards-collection-2.jpg","alt":"","source":"library","size":""},"button_link":{"url":"https:\/\/wpecomus.com\/paddle-boards\/product-category\/kayaks\/","is_external":"","nofollow":"","custom_attributes":""}},{"button_text":"FLOATS","_id":"70a5a02","image":{"id":6953,"url":"https:\/\/wpecomus.com\/paddle-boards\/wp-content\/uploads\/sites\/29\/2024\/12\/h-paddle-boards-collection-3.jpg","alt":"","source":"library","size":""},"button_link":{"url":"https:\/\/wpecomus.com\/paddle-boards\/product-category\/floats\/","is_external":"","nofollow":"","custom_attributes":""}},{"button_text":"SURFBOARDS","_id":"b82eae9","image":{"id":6954,"url":"https:\/\/wpecomus.com\/paddle-boards\/wp-content\/uploads\/sites\/29\/2024\/12\/h-paddle-boards-collection-4.jpg","alt":"","source":"library","size":""},"button_link":{"url":"https:\/\/wpecomus.com\/paddle-boards\/product-category\/surfboards\/","is_external":"","nofollow":"","custom_attributes":""}},{"_id":"cf257d7","image":{"id":6955,"url":"https:\/\/wpecomus.com\/paddle-boards\/wp-content\/uploads\/sites\/29\/2024\/12\/h-paddle-boards-collection-5.jpg","alt":"","source":"library","size":""},"button_text":"ACCESSORIES","button_link":{"url":"https:\/\/wpecomus.com\/paddle-boards\/product-category\/accessories\/","is_external":"","nofollow":"","custom_attributes":""}}],"aspect_ratio_type":"vertical","show_button_icon":"hover","navigation_classes":"none","slidesperview_auto":"yes","button_style":"light","content_horizontal_position":"center","image_border_radius":{"unit":"px","top":"10","right":"10","bottom":"10","left":"10","isLinked":true},"button_padding":{"unit":"px","top":"13","right":"16","bottom":"13","left":"16","isLinked":false},"button_typography_typography":"custom","button_typography_font_size":{"unit":"px","size":18,"sizes":[]},"button_typography_font_weight":"600","button_text_color":"#1C355E","button_background_hover_color":"#1C355E","slides_to_show":4,"image_spacing_custom":20,"heading_spacing":{"unit":"px","size":53,"sizes":[]},"heading_typography_typography":"custom","heading_typography_font_size":{"unit":"px","size":42,"sizes":[]},"heading_typography_font_weight":"600","heading_typography_text_transform":"none","heading_typography_line_height":{"unit":"px","size":50,"sizes":[]},"heading_color":"#1C355E","button_border_radius":{"unit":"px","top":"3","right":"3","bottom":"3","left":"3","isLinked":true},"dots_gap":{"unit":"px","size":5,"sizes":[]},"dots_size":{"unit":"px","size":20,"sizes":[]},"slides_to_show_tablet":3,"slides_to_scroll_tablet":2,"navigation_classes_tablet":"none","slidesperview_auto_tablet":"yes","heading_spacing_tablet":{"unit":"px","size":43,"sizes":[]},"heading_typography_font_size_tablet":{"unit":"px","size":32,"sizes":[]},"heading_typography_line_height_tablet":{"unit":"px","size":38,"sizes":[]},"heading_typography_line_height_mobile":{"unit":"px","size":26,"sizes":[]},"slides_to_show_mobile":1,"slides_to_scroll_mobile":1,"navigation_classes_mobile":"dots","slidesperview_auto_mobile":"yes","heading_spacing_mobile":{"unit":"px","size":30,"sizes":[]},"heading_typography_font_size_mobile":{"unit":"px","size":22,"sizes":[]},"button_margin_mobile":{"unit":"px","top":"0","right":"0","bottom":"15","left":"0","isLinked":false},"button_typography_font_size_mobile":{"unit":"px","size":16,"sizes":[]},"dots_gap_mobile":{"unit":"px","size":3,"sizes":[]},"dots_size_mobile":{"unit":"px","size":16,"sizes":[]},"dots_spacing_mobile":{"unit":"px","size":15,"sizes":[]},"view_all_btn_image":{"id":"","url":"https:\/\/wpecomus.com\/paddle-boards\/wp-content\/plugins\/elementor\/assets\/images\/placeholder.png"},"button_margin_tablet":{"unit":"px","top":"0","right":"0","bottom":"25","left":"0","isLinked":false},"button_typography_font_size_tablet":{"unit":"px","size":16,"sizes":[]}},"elements":[],"isInner":false,"widgetType":"ecomus-image-box-carousel","elType":"widget"}],"isInner":false,"elType":"container"},{"id":"5386ff2","settings":{"flex_direction":"row","flex_gap":{"unit":"px","size":null,"column":"","row":"","isLinked":true},"flex_gap_mobile":{"column":"27","row":"27","isLinked":true,"unit":"px","size":27},"padding":{"unit":"px","top":"100","right":"0","bottom":"100","left":"0","isLinked":false},"flex_wrap_tablet":"wrap","padding_tablet":{"unit":"px","top":"85","right":"0","bottom":"85","left":"0","isLinked":false},"padding_mobile":{"unit":"px","top":"50","right":"0","bottom":"50","left":"0","isLinked":false}},"elements":[{"id":"766970a7","settings":{"flex_direction":"column","content_width":"full","width":{"unit":"%","size":"50"},"width_tablet":{"unit":"%","size":100,"sizes":[]},"width_mobile":{"unit":"%","size":"","sizes":[]}},"elements":[{"id":"478f05c","settings":{"content_width":"full","image":{"id":6956,"url":"https:\/\/wpecomus.com\/paddle-boards\/wp-content\/uploads\/sites\/29\/2024\/12\/h-paddle-boards-img.jpg","alt":"","source":"library","size":""},"image_size":"full","image_border_radius":{"unit":"px","top":"10","right":"10","bottom":"10","left":"10","isLinked":true}},"elements":[],"isInner":false,"widgetType":"image","elType":"widget"}],"isInner":true,"elType":"container"},{"id":"28ff1ecd","settings":{"flex_direction":"column","content_width":"full","width":{"unit":"%","size":"50"},"flex_justify_content":"center","flex_gap":{"column":"10","row":"10","isLinked":true,"unit":"px","size":10},"padding":{"unit":"px","top":"0","right":"0","bottom":"0","left":"100","isLinked":false},"width_tablet":{"unit":"%","size":100,"sizes":[]},"width_mobile":{"unit":"%","size":"","sizes":[]},"flex_justify_content_tablet":"flex-start","flex_align_items_tablet":"flex-start","padding_tablet":{"unit":"px","top":"20","right":"20","bottom":"20","left":"20","isLinked":true},"padding_mobile":{"unit":"px","top":"0","right":"10","bottom":"0","left":"10","isLinked":false}},"elements":[{"id":"e062d35","settings":{"title":"Quality, Durability,<br class=\"hidden-xs hidden-sm hidden-md\"\/> Safety Focused.","typography_typography":"custom","typography_font_size":{"unit":"px","size":52,"sizes":[]},"typography_font_size_tablet":{"unit":"px","size":40,"sizes":[]},"typography_font_size_mobile":{"unit":"px","size":24,"sizes":[]},"_margin":{"unit":"px","top":"0","right":"0","bottom":"14","left":"0","isLinked":false},"_margin_tablet":{"unit":"px","top":"0","right":"0","bottom":"8","left":"0","isLinked":false},"_margin_mobile":{"unit":"px","top":"0","right":"0","bottom":"7","left":"0","isLinked":false},"content_width":"full","typography_font_weight":"600"},"elements":[],"isInner":false,"widgetType":"ecomus-heading","elType":"widget"},{"id":"19458598","settings":{"title":"When you\u2019re out there, you want gear you trust beneath your feet; gear that\u2019s reliable, and fun. Since we launched in 2013, that\u2019s been our mission. With paddles in our hands and adventure in our soul, we focus on top-quality manufacturing, design, and functionality.","title_size":"div","title_color":"#606A7A","typography_typography":"custom","typography_font_size":{"unit":"px","size":16,"sizes":[]},"typography_font_size_mobile":{"unit":"px","size":14,"sizes":[]},"_margin":{"unit":"px","top":"0","right":"0","bottom":"24","left":"0","isLinked":false},"_margin_tablet":{"unit":"px","top":"0","right":"0","bottom":"18","left":"0","isLinked":false},"_margin_mobile":{"unit":"px","top":"0","right":"0","bottom":"9","left":"0","isLinked":false},"content_width":"full","typography_font_weight":"400"},"elements":[],"isInner":false,"widgetType":"ecomus-heading","elType":"widget"},{"id":"16eb27f7","settings":{"text":"Shop collection","align_mobile":"center","typography_typography":"custom","typography_font_size_mobile":{"unit":"px","size":14,"sizes":[]},"typography_font_weight":"600","border_radius":{"unit":"px","top":"3","right":"3","bottom":"3","left":"3","isLinked":true},"text_padding":{"unit":"px","top":"14","right":"24","bottom":"14","left":"24","isLinked":false},"text_padding_mobile":{"unit":"px","top":"11","right":"25","bottom":"11","left":"25","isLinked":false},"content_width":"full","button_text":"About Us","button_padding":{"unit":"px","top":"16","right":"30","bottom":"14","left":"30","isLinked":false},"button_border_radius":{"unit":"px","top":"3","right":"3","bottom":"3","left":"3","isLinked":true},"button_typography_typography":"custom","button_typography_font_weight":"700","button_typography_text_transform":"uppercase","button_background_color":"#1C355E","button_border_color":"#1C355E","button_background_hover_color":"#1C355E","button_link":{"url":"https:\/\/wpecomus.com\/paddle-boards\/about-us\/","is_external":"","nofollow":"","custom_attributes":""},"button_padding_mobile":{"unit":"px","top":"12","right":"24","bottom":"10","left":"24","isLinked":false}},"elements":[],"isInner":false,"widgetType":"ecomus-button","elType":"widget"}],"isInner":true,"elType":"container"}],"isInner":false,"elType":"container"},{"id":"584f6877","settings":{"flex_gap":{"column":"50","row":"50","isLinked":true,"unit":"px","size":50},"border_border":"solid","border_width":{"unit":"px","top":"0","right":"0","bottom":"1","left":"0","isLinked":false},"border_color":"#EBEBEB","padding":{"unit":"px","top":"80","right":"0","bottom":"80","left":"0","isLinked":false},"background_background":"classic","background_color":"#F1F4F7","padding_mobile":{"unit":"px","top":"40","right":"0","bottom":"40","left":"0","isLinked":false}},"elements":[{"id":"5097e518","settings":{"testimonials":[{"testimonial_name":"Robert Smith","_id":"060ec67","testimonial_title":"Paddle Boarding Bliss","testimonial_content":"\u201cIt's more than just a board; it's a vessel of calm, and for that, I'm grateful.\u201d","testimonial_text":"Customer from USA","testimonial_product_id":775,"testimonial_image":{"id":"","url":"https:\/\/wpecomus.com\/paddle-boards\/wp-content\/plugins\/elementor\/assets\/images\/placeholder.png"}},{"testimonial_name":"Allen Lyn","testimonial_title":"Paddle Boarding Euphoria","testimonial_content":"\"The board's sleek design and smooth glide amplify the joy of every aquatic venture.\"","testimonial_text":"Customer from France","testimonial_product_id":766,"_id":"ecea334","testimonial_image":{"id":"","url":"https:\/\/wpecomus.com\/paddle-boards\/wp-content\/plugins\/elementor\/assets\/images\/placeholder.png"}},{"testimonial_name":"Peter Rope","testimonial_title":"Paddle Boarding Adventure","testimonial_content":"\"Grateful for the endless possibilities it brings to my aquatic explorations !\"","testimonial_text":"Customer from USA","testimonial_product_id":6996,"_id":"19e023e","testimonial_image":{"id":"","url":"https:\/\/wpecomus.com\/paddle-boards\/wp-content\/plugins\/elementor\/assets\/images\/placeholder.png"}},{"testimonial_name":"Hellen Ase","_id":"4c7dbb3","testimonial_title":"Great Selection and Quality","testimonial_content":"\"Thank you for bringing a touch of magic to my every paddle!\"","testimonial_text":"Customer from Japan","testimonial_product_id":7002,"testimonial_image":{"id":"","url":"https:\/\/wpecomus.com\/paddle-boards\/wp-content\/plugins\/elementor\/assets\/images\/placeholder.png"}}],"navigation_classes_tablet":"dots","navigation_classes_mobile":"dots","image_spacing_custom_mobile":15,"content_width":"full","slides_to_show_tablet":2,"slides_to_show_mobile":1,"slides_to_scroll_tablet":2,"slides_to_scroll_mobile":1,"item_background_color":"#FFFFFF","item_border_border":"solid","item_border_width":{"unit":"px","top":"1","right":"1","bottom":"1","left":"1","isLinked":true},"item_border_color":"#EBEBEB","item_border_radius":{"unit":"px","top":"10","right":"10","bottom":"10","left":"10","isLinked":true},"rating_color":"#1C355E","title_color":"#1C355E","content_color":"#1C355E","content_typography_typography":"custom","content_typography_font_weight":"400","name_color":"#1C355E","text_color":"#606A7A","text_typography_typography":"custom","text_typography_font_weight":"400","product_title_typography_typography":"custom","product_title_typography_font_weight":"400","product_title_typography_text_transform":"uppercase","product_title_color":"#1C355E","product_button_background_color_hover":"#1C355E","product_button_border_color_hover":"#1C355E","product_price_color":"#1C355E","content_typography_font_size_mobile":{"unit":"px","size":16,"sizes":[]},"content_typography_line_height_mobile":{"unit":"px","size":25,"sizes":[]},"product_button_color":"#1C355E","product_button_border_color":"#1C355E","product_button_color_hover":"#FFFFFF","arrows_show":"1","arrows_bgcolor":"#1C355E","arrows_color":"#FFFFFF","arrows_border_color":"#1C355E","arrows_hover_bgcolor":"#FFFFFF","arrows_hover_color":"#1C355E","arrows_hover_border_color":"#FFFFFF","arrows_disable_bgcolor":"#FFFFFF","arrows_disable_color":"#1C355E","arrows_disable_border_color":"#FFFFFF"},"elements":[],"isInner":false,"widgetType":"ecomus-testimonial-carousel-2","elType":"widget"}],"isInner":false,"elType":"container"},{"id":"173bcf3d","settings":{"padding":{"unit":"px","top":"67","right":"0","bottom":"67","left":"0","isLinked":false},"padding_mobile":{"unit":"px","top":"50","right":"0","bottom":"50","left":"0","isLinked":false}},"elements":[{"id":"2854f6c4","settings":{"content_width":"full","icons_box":[{"icon":{"value":{"url":"https:\/\/wpecomus.com\/paddle-boards\/wp-content\/uploads\/sites\/29\/2024\/06\/box.svg","id":1397},"library":"svg"},"title":"Free Shipping","description":"You will love at great low prices","_id":"82d6a6a","image":{"id":"","url":"https:\/\/wpecomus.com\/paddle-boards\/wp-content\/plugins\/elementor\/assets\/images\/placeholder.png"}},{"icon":{"value":{"url":"https:\/\/wpecomus.com\/paddle-boards\/wp-content\/uploads\/sites\/29\/2024\/06\/card.svg","id":1398},"library":"svg"},"title":"Flexible Payment","description":"Pay with Multiple Credit Cards","_id":"a15fb08","image":{"id":"","url":"https:\/\/wpecomus.com\/paddle-boards\/wp-content\/plugins\/elementor\/assets\/images\/placeholder.png"}},{"icon":{"value":{"url":"https:\/\/wpecomus.com\/paddle-boards\/wp-content\/uploads\/sites\/29\/2024\/06\/return.svg","id":1399},"library":"svg"},"title":"14 Day Returns","description":"Within 30 days for an exchange","_id":"edf6df9","image":{"id":"","url":"https:\/\/wpecomus.com\/paddle-boards\/wp-content\/plugins\/elementor\/assets\/images\/placeholder.png"}},{"_id":"1e7f2a4","icon":{"value":{"url":"https:\/\/wpecomus.com\/paddle-boards\/wp-content\/uploads\/sites\/29\/2024\/06\/support.svg","id":1400},"library":"svg"},"title":"Premium Support","description":"Outstanding premium support","image":{"id":"","url":"https:\/\/wpecomus.com\/paddle-boards\/wp-content\/plugins\/elementor\/assets\/images\/placeholder.png"}}],"slides_to_show":4,"navigation_classes_tablet":"dots","navigation_classes_mobile":"dots","content_border_border":"none","content_border_width":{"unit":"px","top":"1","right":"1","bottom":"1","left":"1","isLinked":true},"content_border_color":"#1C355E","title_typography_typography":"custom","title_typography_font_size":{"unit":"px","size":14,"sizes":[]},"title_typography_font_weight":"600","description_color":"#606A7A","icon_color":"#1C355E","icon_size":{"unit":"px","size":30,"sizes":[]},"position":"left","icon_border_border":"solid","icon_border_width":{"unit":"px","top":"1","right":"1","bottom":"1","left":"1","isLinked":true},"icon_border_color":"#1C355E","border_radius":{"unit":"%","top":"100","right":"100","bottom":"100","left":"100","isLinked":true},"icon_padding":{"unit":"px","top":"20","right":"20","bottom":"20","left":"20","isLinked":true},"position_mobile":"top","alignment_mobile":"center","vertical_alignment":"middle","title_spacing":{"unit":"px","size":10,"sizes":[]},"title_color":"#1C355E","title_typography_text_transform":"uppercase","description_typography_typography":"custom","description_typography_font_weight":"400","icon_padding_mobile":{"unit":"px","top":"14","right":"14","bottom":"14","left":"14","isLinked":true},"icon_spacing_mobile":{"unit":"px","size":25,"sizes":[]},"dots_spacing_mobile":{"unit":"px","size":15,"sizes":[]}},"elements":[],"isInner":false,"widgetType":"ecomus-icon-box-carousel","elType":"widget"}],"isInner":false,"elType":"container"}],"page_settings":{"hide_page_header":"yes","content_top_spacing":"custom","content_top_padding":{"unit":"px","size":0,"sizes":[]},"content_bottom_spacing":"custom","content_bottom_padding":{"unit":"px","size":0,"sizes":[]}},"version":"0.4","title":"Home","type":"page"}