{"content":[{"id":"cdce48e","settings":{"content_width":"full","margin":{"unit":"px","top":"0","right":"0","bottom":"45","left":"0","isLinked":false},"margin_tablet":{"unit":"px","top":"0","right":"0","bottom":"38","left":"0","isLinked":false},"margin_mobile":{"unit":"px","top":"0","right":"0","bottom":"33","left":"0","isLinked":false}},"elements":[{"id":"31dbec0a","settings":{"slides":[{"title":"PARADISE","description":"collections","button_text":"Shop Now","_id":"512b0c5","banner_background_img":{"id":5719,"url":"https:\/\/wpecomus.com\/pod\/wp-content\/uploads\/sites\/10\/2024\/12\/tee-sld-1-scaled.webp","alt":"","source":"library","size":""},"button_link":{"url":"https:\/\/wpecomus.com\/tee\/product-category\/outerwear\/","is_external":"","nofollow":"","custom_attributes":""},"background_position_mobile":"center center","background_position":"center center"},{"title":"Out Of Office","description":"collections","button_text":"Shop Now","banner_background_img":{"id":5721,"url":"https:\/\/wpecomus.com\/pod\/wp-content\/uploads\/sites\/10\/2024\/12\/tee-sld-2-scaled.webp","alt":"","source":"library","size":""},"_id":"9320654","button_link":{"url":"https:\/\/wpecomus.com\/tee\/product-category\/tees\/","is_external":"","nofollow":"","custom_attributes":""},"background_position_mobile":"center center","background_position":"center center"},{"title":"SALE","description":"End of Season Sale","button_text":"Shop Now","banner_background_img":{"id":5722,"url":"https:\/\/wpecomus.com\/pod\/wp-content\/uploads\/sites\/10\/2024\/12\/tee-sld-3-scaled.webp","alt":"","source":"library","size":""},"_id":"d4ea57e","button_link":{"url":"https:\/\/wpecomus.com\/tee\/product-category\/accessories\/","is_external":"","nofollow":"","custom_attributes":""},"background_position_mobile":"center center","background_position":"center center"}],"slides_height":{"unit":"px","size":840,"sizes":[]},"slides_horizontal_position":"center","slides_vertical_position":"middle","slides_text_align":"center","title_color":"#00000000","title_typography_typography":"custom","title_typography_font_family":"Caprasimo","title_typography_font_size":{"unit":"px","size":150,"sizes":[]},"title_typography_font_weight":"400","title_typography_line_height":{"unit":"px","size":180,"sizes":[]},"description_color":"#FFFFFF","description_typography_typography":"custom","description_typography_font_family":"Caprasimo","description_typography_font_size":{"unit":"px","size":80,"sizes":[]},"description_typography_font_weight":"400","description_typography_line_height":{"unit":"px","size":96,"sizes":[]},"description_spacing":{"unit":"px","size":38,"sizes":[]},"button_typography_typography":"custom","button_typography_font_family":"Caprasimo","button_typography_font_size":{"unit":"px","size":14,"sizes":[]},"button_typography_font_weight":"400","button_typography_text_transform":"uppercase","button_typography_letter_spacing":{"unit":"px","size":2,"sizes":[]},"title_color_text_shadow":{"horizontal":"","vertical":"","blur":"","color":"#FFFFFF"},"title_text_stroke_text_stroke_type":"yes","title_text_stroke_text_stroke":{"unit":"px","size":2,"sizes":[]},"title_text_stroke_stroke_color":"#FFFFFF","navigation_classes":"dots","autoplay":"yes","dots_type":"background","dot_item_color":"#FFFFFF","dot_item_active_color":"#FFFFFF","dot_item_active_background_color":"#FFFFFF29","dot_align":"center","slides_height_mobile":{"unit":"px","size":400,"sizes":[]},"navigation_classes_tablet":"dots","navigation_classes_mobile":"dots","title_typography_font_size_tablet":{"unit":"px","size":44,"sizes":[]},"title_typography_font_size_mobile":{"unit":"px","size":34,"sizes":[]},"title_typography_line_height_tablet":{"unit":"px","size":52,"sizes":[]},"title_typography_line_height_mobile":{"unit":"px","size":40,"sizes":[]},"title_spacing_tablet":{"unit":"px","size":0,"sizes":[]},"description_typography_font_size_tablet":{"unit":"px","size":44,"sizes":[]},"description_typography_font_size_mobile":{"unit":"px","size":34,"sizes":[]},"description_typography_line_height_tablet":{"unit":"px","size":52,"sizes":[]},"description_typography_line_height_mobile":{"unit":"px","size":40,"sizes":[]},"description_spacing_mobile":{"unit":"px","size":24,"sizes":[]},"button_background_color":"#FFFFFF","button_text_color":"#030303","button_border_color":"#FFFFFF","button_background_hover_color":"#FFFFFF","hover_color":"#000000","button_hover_border_color":"#FFFFFF","button_background_effect_hover_color":"#9696964A"},"elements":[],"isInner":false,"widgetType":"ecomus-slides","elType":"widget"}],"isInner":false,"elType":"container"},{"id":"21b19ae1","settings":{"boxed_width":{"unit":"px","size":1440,"sizes":[]},"margin":{"unit":"px","top":"0","right":"0","bottom":"65","left":"0","isLinked":false},"margin_tablet":{"unit":"px","top":"0","right":"0","bottom":"55","left":"0","isLinked":false},"margin_mobile":{"unit":"px","top":"0","right":"0","bottom":"48","left":"0","isLinked":false}},"elements":[{"id":"d59ca92","settings":{"content_width":"full","icons_box":[{"icon":{"value":{"url":"https:\/\/wpecomus.com\/pod\/wp-content\/uploads\/sites\/10\/2024\/06\/box.svg","id":1397},"library":"svg"},"title":"Free Shipping","description":"You will love at great low prices","_id":"24043c7","image":{"id":5701,"url":"https:\/\/wpecomus.com\/pod\/wp-content\/uploads\/sites\/10\/2024\/12\/placeholder.png"}},{"icon":{"value":{"url":"https:\/\/wpecomus.com\/pod\/wp-content\/uploads\/sites\/10\/2024\/06\/card.svg","id":1398},"library":"svg"},"title":"Flexible Payment","description":"Pay with Multiple Credit Cards","_id":"ab05b2c","image":{"id":5702,"url":"https:\/\/wpecomus.com\/pod\/wp-content\/uploads\/sites\/10\/2024\/12\/placeholder-1.png"}},{"icon":{"value":{"url":"https:\/\/wpecomus.com\/pod\/wp-content\/uploads\/sites\/10\/2024\/06\/return.svg","id":1399},"library":"svg"},"title":"14 Day Returns","description":"Within 30 days for an exchange","_id":"724d9ff","image":{"id":5703,"url":"https:\/\/wpecomus.com\/pod\/wp-content\/uploads\/sites\/10\/2024\/12\/placeholder-2.png"}},{"icon":{"value":{"url":"https:\/\/wpecomus.com\/pod\/wp-content\/uploads\/sites\/10\/2024\/06\/support.svg","id":1400},"library":"svg"},"title":"Premium Support","description":"Outstanding premium support","_id":"f1f11f7","image":{"id":5704,"url":"https:\/\/wpecomus.com\/pod\/wp-content\/uploads\/sites\/10\/2024\/12\/placeholder-3.png"}}],"position":"left","slides_to_show":4,"slides_to_show_tablet":2,"slides_to_show_mobile":1,"slides_to_scroll_tablet":1,"slides_to_scroll_mobile":1,"navigation_classes":"none","navigation_classes_tablet":"dots","navigation_classes_mobile":"dots","title_typography_typography":"custom","title_typography_font_size_mobile":{"unit":"px","size":18,"sizes":[]},"title_typography_font_weight":"400","title_spacing":{"unit":"px","size":10,"sizes":[]},"title_spacing_mobile":{"unit":"px","size":6,"sizes":[]},"icon_size":{"unit":"px","size":30,"sizes":[]},"icon_border_border":"solid","icon_border_width":{"unit":"px","top":"1","right":"1","bottom":"1","left":"1","isLinked":true},"icon_border_color":"#EEEEEE","border_radius":{"unit":"px","top":"100","right":"100","bottom":"100","left":"100","isLinked":true},"icon_padding":{"unit":"px","top":"20","right":"20.5","bottom":"20","left":"20.5","isLinked":false},"icon_spacing":{"unit":"px","size":20,"sizes":[]},"icon_spacing_mobile":{"unit":"px","size":20,"sizes":[]},"dots_spacing_tablet":{"unit":"px","size":15,"sizes":[]},"position_mobile":"top","alignment_mobile":"center","vertical_alignment":"middle","title_typography_font_size":{"unit":"px","size":18,"sizes":[]},"_padding":{"unit":"px","top":"0","right":"0","bottom":"57","left":"0","isLinked":false},"_padding_tablet":{"unit":"px","top":"0","right":"0","bottom":"48","left":"0","isLinked":false},"_padding_mobile":{"unit":"px","top":"0","right":"0","bottom":"42","left":"0","isLinked":false},"_border_border":"solid","_border_width":{"unit":"px","top":"0","right":"0","bottom":"1","left":"0","isLinked":false},"_border_color":"#EBEBEB","title_typography_font_family":"Caprasimo","icon_color":"#000000"},"elements":[],"isInner":false,"widgetType":"ecomus-icon-box-carousel","elType":"widget"}],"isInner":false,"elType":"container"},{"id":"7fc54dc5","settings":{"flex_gap":{"column":"70","row":"70","isLinked":true,"unit":"px","size":70},"flex_gap_tablet":{"column":"50","row":"50","isLinked":true,"unit":"px","size":50},"flex_gap_mobile":{"column":"30","row":"30","isLinked":true,"unit":"px","size":30},"margin":{"unit":"px","top":"0","right":"0","bottom":"89","left":"0","isLinked":false},"margin_tablet":{"unit":"px","top":"0","right":"0","bottom":"75","left":"0","isLinked":false},"margin_mobile":{"unit":"px","top":"0","right":"0","bottom":"66","left":"0","isLinked":false}},"elements":[{"id":"71bf66f2","settings":{"title":"Shop by categories","title_size":"h4","align":"center","typography_typography":"custom","typography_font_family":"Caprasimo","typography_font_size_tablet":{"unit":"px","size":32,"sizes":[]},"typography_font_size_mobile":{"unit":"px","size":22,"sizes":[]},"typography_font_weight":"400"},"elements":[],"isInner":false,"widgetType":"ecomus-heading","elType":"widget"},{"id":"5ba85201","settings":{"show_heading":"","heading":"This is heading","items":[{"button_text":"OuterWear","button_link":{"url":"https:\/\/wpecomus.com\/tee\/product-category\/outerwear\/","is_external":"","nofollow":"","custom_attributes":""},"_id":"64ecb2e","image":{"id":5723,"url":"https:\/\/wpecomus.com\/pod\/wp-content\/uploads\/sites\/10\/2024\/12\/tee-bn-1.webp","alt":"","source":"library","size":""}},{"button_text":"Tees","button_link":{"url":"https:\/\/wpecomus.com\/tee\/product-category\/tees\/","is_external":"","nofollow":"","custom_attributes":""},"image":{"id":5724,"url":"https:\/\/wpecomus.com\/pod\/wp-content\/uploads\/sites\/10\/2024\/12\/tee-bn-2.webp","alt":"","source":"library","size":""},"_id":"8d8b55a"},{"button_text":"Accessories","button_link":{"url":"https:\/\/wpecomus.com\/tee\/product-category\/accessories\/","is_external":"","nofollow":"","custom_attributes":""},"image":{"id":5725,"url":"https:\/\/wpecomus.com\/pod\/wp-content\/uploads\/sites\/10\/2024\/12\/tee-bn-3.webp","alt":"","source":"library","size":""},"_id":"1640f2a"}],"aspect_ratio_type":"custom","aspect_ratio":"470:487","show_button_icon":"hover","slides_to_show_tablet":2,"slides_to_scroll_tablet":2,"image_spacing_custom_tablet":30,"navigation_classes":"none","navigation_classes_tablet":"dots","content_horizontal_position":"center","content_vertical_position":"middle","button_margin":{"unit":"px","top":"0","right":"0","bottom":"0","left":"0","isLinked":true},"button_style":"light","button_typography_typography":"custom","button_typography_font_family":"Caprasimo","button_typography_font_weight":"400","button_typography_text_transform":"uppercase","dots_size_tablet":{"unit":"px","size":20,"sizes":[]},"dots_size_mobile":{"unit":"px","size":16,"sizes":[]},"dots_spacing_mobile":{"unit":"px","size":15,"sizes":[]},"view_all_btn_image":{"id":"","url":"https:\/\/wpecomus.com\/pod\/wp-content\/plugins\/elementor\/assets\/images\/placeholder.png"}},"elements":[],"isInner":false,"widgetType":"ecomus-image-box-carousel","elType":"widget"}],"isInner":false,"elType":"container"},{"id":"40b54689","settings":{"flex_direction":"row","background_background":"classic","background_image":{"id":5726,"url":"https:\/\/wpecomus.com\/pod\/wp-content\/uploads\/sites\/10\/2024\/12\/tee-bn-4-scaled.webp","alt":"","source":"library","size":""},"background_attachment":"fixed","margin":{"unit":"px","top":"0","right":"0","bottom":"82","left":"0","isLinked":false},"margin_tablet":{"unit":"px","top":"0","right":"0","bottom":"69","left":"0","isLinked":false},"margin_mobile":{"unit":"px","top":"0","right":"0","bottom":"61","left":"0","isLinked":false},"padding":{"unit":"px","top":"198","right":"0","bottom":"198","left":"0","isLinked":false},"padding_tablet":{"unit":"px","top":"39","right":"0","bottom":"39","left":"0","isLinked":false},"padding_mobile":{"unit":"px","top":"67","right":"0","bottom":"68","left":"0","isLinked":false}},"elements":[{"id":"4e558f40","settings":{"content_width":"full","flex_gap":{"column":"25","row":"25","isLinked":true,"unit":"px","size":25},"flex_gap_mobile":{"column":"20","row":"20","isLinked":true,"unit":"px","size":20},"background_background":"classic","background_color":"#FFFFFF","padding":{"unit":"px","top":"80","right":"44","bottom":"80","left":"44","isLinked":false},"padding_tablet":{"unit":"px","top":"40","right":"20","bottom":"40","left":"20","isLinked":false},"padding_mobile":{"unit":"px","top":"20","right":"15","bottom":"20","left":"15","isLinked":false}},"elements":[{"id":"3f16b9cd","settings":{"title":"Big Sur Collection","title_size":"h3","align_mobile":"center","typography_typography":"custom","typography_font_family":"Caprasimo","typography_font_size_tablet":{"unit":"px","size":40,"sizes":[]},"typography_font_size_mobile":{"unit":"px","size":24,"sizes":[]},"typography_font_weight":"400"},"elements":[],"isInner":false,"widgetType":"ecomus-heading","elType":"widget"},{"id":"626a6da4","settings":{"title":"Introducing the Crafted Collection, an exquisite expansion of our renowned Crafted Heavyweight t-shirt range","title_size":"div","align_mobile":"center","typography_typography":"custom","typography_font_size":{"unit":"px","size":16,"sizes":[]},"typography_font_size_mobile":{"unit":"px","size":14,"sizes":[]}},"elements":[],"isInner":false,"widgetType":"ecomus-heading","elType":"widget"},{"id":"54049040","settings":{"button_text":"Shop Now","align_mobile":"center","button_padding":{"unit":"px","top":"15","right":"30","bottom":"14","left":"30","isLinked":false},"button_padding_mobile":{"unit":"px","top":"11","right":"24","bottom":"10","left":"24","isLinked":false},"button_typography_typography":"custom","button_typography_font_family":"Caprasimo","button_typography_font_weight":"400","button_typography_text_transform":"uppercase","button_typography_letter_spacing":{"unit":"px","size":2,"sizes":[]},"_margin":{"unit":"px","top":"11","right":"0","bottom":"0","left":"0","isLinked":false},"_margin_mobile":{"unit":"px","top":"0","right":"0","bottom":"0","left":"0","isLinked":false},"button_link":{"url":"https:\/\/wpecomus.com\/tee\/shop","is_external":"","nofollow":"","custom_attributes":""}},"elements":[],"isInner":false,"widgetType":"ecomus-button","elType":"widget"}],"isInner":true,"elType":"container"},{"id":"23263f5f","settings":{"content_width":"full","hide_tablet":"hidden-tablet","hide_mobile":"hidden-mobile"},"elements":[],"isInner":true,"elType":"container"}],"isInner":false,"elType":"container"},{"id":"dc7c35f","settings":{"margin":{"unit":"px","top":"0","right":"0","bottom":"80","left":"0","isLinked":false},"margin_tablet":{"unit":"px","top":"0","right":"0","bottom":"68","left":"0","isLinked":false},"margin_mobile":{"unit":"px","top":"0","right":"0","bottom":"60","left":"0","isLinked":false}},"elements":[{"id":"729e5428","settings":{"show_heading":"yes","heading":"Featured Products","hide_rating":"none","hide_attributes":"none","slides_to_show_tablet":3,"slides_to_show_mobile":2,"slides_to_scroll_tablet":1,"slides_to_scroll_mobile":1,"image_spacing_custom_tablet":30,"image_spacing_custom_mobile":15,"navigation_classes":"none","navigation_classes_tablet":"none","navigation_classes_mobile":"none","slidesperview_auto":"yes","slidesperview_auto_tablet":"yes","slidesperview_auto_mobile":"yes","heading_typography_typography":"custom","heading_typography_font_family":"Caprasimo","heading_typography_font_weight":"400","heading_spacing":{"unit":"px","size":60,"sizes":[]},"heading_spacing_tablet":{"unit":"px","size":50,"sizes":[]},"heading_spacing_mobile":{"unit":"px","size":30,"sizes":[]},"arrows_heading_size":{"unit":"px","size":11,"sizes":[]},"tag":"tees","product_title_typography_typography":"custom","product_title_typography_font_family":"Caprasimo","product_title_typography_font_weight":"400"},"elements":[],"isInner":false,"widgetType":"ecomus-products-carousel","elType":"widget"}],"isInner":false,"elType":"container"},{"id":"26dcfc77","settings":{"margin":{"unit":"px","top":"0","right":"0","bottom":"80","left":"0","isLinked":false},"margin_tablet":{"unit":"px","top":"0","right":"0","bottom":"68","left":"0","isLinked":false},"margin_mobile":{"unit":"px","top":"0","right":"0","bottom":"60","left":"0","isLinked":false}},"elements":[{"id":"7fc24a65","settings":{"show_heading":"yes","heading":"Trending Products","type":"custom_products","hide_rating":"none","hide_attributes":"none","slides_to_show_tablet":3,"slides_to_show_mobile":2,"slides_to_scroll_tablet":1,"slides_to_scroll_mobile":1,"image_spacing_custom_tablet":30,"image_spacing_custom_mobile":15,"navigation_classes":"none","navigation_classes_tablet":"none","navigation_classes_mobile":"none","slidesperview_auto":"yes","slidesperview_auto_tablet":"yes","slidesperview_auto_mobile":"yes","heading_typography_typography":"custom","heading_typography_font_family":"Caprasimo","heading_typography_font_weight":"400","heading_spacing":{"unit":"px","size":60,"sizes":[]},"heading_spacing_tablet":{"unit":"px","size":50,"sizes":[]},"heading_spacing_mobile":{"unit":"px","size":30,"sizes":[]},"arrows_heading_size":{"unit":"px","size":11,"sizes":[]},"product_title_typography_typography":"custom","product_title_typography_font_family":"Caprasimo","product_title_typography_font_weight":"400"},"elements":[],"isInner":false,"widgetType":"ecomus-products-carousel","elType":"widget"}],"isInner":false,"elType":"container"},{"id":"52d5a387","settings":{"flex_direction":"row","flex_gap":{"unit":"px","size":30,"column":"30","row":"30","isLinked":true},"flex_direction_tablet":"column","overflow":"hidden","background_background":"classic","background_image":{"id":5727,"url":"https:\/\/wpecomus.com\/pod\/wp-content\/uploads\/sites\/10\/2024\/12\/tee-bn-5-scaled.webp","alt":"","source":"library","size":""},"background_position":"center center","background_repeat":"no-repeat","background_size":"cover","margin":{"unit":"px","top":"0","right":"0","bottom":"100","left":"0","isLinked":false},"margin_tablet":{"unit":"px","top":"0","right":"0","bottom":"85","left":"0","isLinked":false},"margin_mobile":{"unit":"px","top":"0","right":"0","bottom":"75","left":"0","isLinked":false},"padding":{"unit":"px","top":"106","right":"0","bottom":"106","left":"0","isLinked":false},"padding_tablet":{"unit":"px","top":"90","right":"0","bottom":"90","left":"0","isLinked":false},"padding_mobile":{"unit":"px","top":"36","right":"0","bottom":"36","left":"0","isLinked":false}},"elements":[{"id":"70cf100","settings":{"flex_direction":"column","content_width":"full","width":{"unit":"%","size":40},"width_tablet":{"unit":"%","size":100,"sizes":[]},"width_mobile":{"unit":"%","size":"","sizes":[]}},"elements":[{"id":"7c5c2961","settings":{"title":"Hear from Our Happy<br class=\"hidden-xs hidden-sm\"> Customers","title_size":"h4","title_color":"#FFFFFF","typography_typography":"custom","typography_font_family":"Caprasimo","typography_font_size_tablet":{"unit":"px","size":32,"sizes":[]},"typography_font_size_mobile":{"unit":"px","size":22,"sizes":[]},"_margin":{"unit":"px","top":"0","right":"0","bottom":"16","left":"0","isLinked":false},"_margin_mobile":{"unit":"px","top":"0","right":"0","bottom":"20","left":"0","isLinked":false}},"elements":[],"isInner":false,"widgetType":"ecomus-heading","elType":"widget"},{"id":"74e7ef1f","settings":{"rating_icon":{"value":{"url":"https:\/\/wpecomus.com\/pod\/wp-content\/uploads\/sites\/10\/2024\/12\/star.svg","id":5728},"library":"svg"},"icon_size":{"unit":"px","size":14,"sizes":[]},"icon_gap":{"unit":"px","size":4,"sizes":[]},"icon_color":"#FF7B54"},"elements":[],"isInner":false,"widgetType":"rating","elType":"widget"},{"id":"fac8d41","settings":{"title":"More than 1368 review on Ecomus","title_size":"div","title_color":"#FFFFFF","typography_typography":"custom","typography_font_size":{"unit":"px","size":20,"sizes":[]},"typography_font_size_mobile":{"unit":"px","size":16,"sizes":[]}},"elements":[],"isInner":false,"widgetType":"ecomus-heading","elType":"widget"}],"isInner":true,"elType":"container"},{"id":"5eb40d6","settings":{"flex_direction":"column","content_width":"full","width":{"unit":"%","size":60},"width_tablet":{"unit":"%","size":100,"sizes":[]},"width_mobile":{"unit":"%","size":"","sizes":[]}},"elements":[{"id":"123097ae","settings":{"testimonials":[{"testimonial_name":"Robert Smith","_id":"23886d6","testimonial_title":"Perfect meals for Mums.","testimonial_content":"Really good service. Everything is sent out on Thursdays, comes packed neatly alongside ice packs so the food is always kept cold even if no one is home to collect it.","testimonial_text":"Verify customer","testimonial_icon":{"value":{"url":"https:\/\/wpecomus.com\/pod\/wp-content\/uploads\/sites\/10\/2024\/12\/verify.svg","id":5729},"library":"svg"},"testimonial_image":{"id":5705,"url":"https:\/\/wpecomus.com\/pod\/wp-content\/uploads\/sites\/10\/2024\/12\/placeholder-4.png"}},{"testimonial_name":"Jesicca  A.","testimonial_title":"Delicious and filling","testimonial_content":"I love the incredibly diverse range of meals that Soulara offers! You can filter the list of meals by ingredients (e.g. no chilli or no nuts) and there's still heaps of options. ","testimonial_text":"Verify customer","_id":"bfbd784","testimonial_icon":{"value":{"url":"https:\/\/wpecomus.com\/pod\/wp-content\/uploads\/sites\/10\/2024\/12\/verify.svg","id":5729},"library":"svg"},"testimonial_image":{"id":5706,"url":"https:\/\/wpecomus.com\/pod\/wp-content\/uploads\/sites\/10\/2024\/12\/placeholder-5.png"}},{"testimonial_name":"Taylor  A","testimonial_title":"Majority and fantastic!","testimonial_content":"Meals are delicious and great selection to choose from. I like the large portion option & info showing nutritional value. A little pricey but worth it if you can afford.","testimonial_text":"Verify customer","_id":"1c1a06f","testimonial_icon":{"value":{"url":"https:\/\/wpecomus.com\/pod\/wp-content\/uploads\/sites\/10\/2024\/12\/verify.svg","id":5729},"library":"svg"},"testimonial_image":{"id":5707,"url":"https:\/\/wpecomus.com\/pod\/wp-content\/uploads\/sites\/10\/2024\/12\/placeholder-6.png"}},{"testimonial_name":"Jenifer S","testimonial_title":"Best Online Fashion Site","testimonial_content":"I am so happy to find a web fashion site that offers a great selection of stylish and affordable plus size clothing.","testimonial_text":"Verify customer","_id":"20df290","testimonial_icon":{"value":{"url":"https:\/\/wpecomus.com\/pod\/wp-content\/uploads\/sites\/10\/2024\/12\/verify.svg","id":5729},"library":"svg"},"testimonial_image":{"id":5708,"url":"https:\/\/wpecomus.com\/pod\/wp-content\/uploads\/sites\/10\/2024\/12\/placeholder-7.png"}}],"item_background_color":"#FFFFFF","title_typography_typography":"custom","title_typography_font_family":"Caprasimo","title_typography_font_size":{"unit":"px","size":18,"sizes":[]},"title_typography_font_weight":"400","content_typography_typography":"custom","content_typography_font_size":{"unit":"px","size":16,"sizes":[]},"name_typography_typography":"custom","name_typography_font_family":"Caprasimo","name_typography_font_size":{"unit":"px","size":14,"sizes":[]},"name_typography_font_weight":"400","slidesperview_auto":"yes","slides_to_show":2,"slides_to_show_mobile":1,"slides_to_scroll_mobile":1,"navigation_classes_mobile":"dots","dot_item_color":"#FFFFFF","dot_item_active_color":"#FFFFFF","arrows_size":{"unit":"px","size":11,"sizes":[]},"arrows_width":{"unit":"px","size":30,"sizes":[]},"arrows_height":{"unit":"px","size":30,"sizes":[]},"arrows_color":"#FFFFFF","arrows_border_color":"#FFFFFF","arrows_hover_bgcolor":"#FFFFFF","arrows_hover_color":"#000000","arrows_disable_color":"#FFFFFF24","arrows_disable_border_color":"#FFFFFF24","arrows_position":"bottom","item_padding":{"unit":"px","top":"36","right":"32","bottom":"0","left":"32","isLinked":false},"item_padding_mobile":{"unit":"px","top":"20","right":"20","bottom":"20","left":"20","isLinked":true},"rating_margin":{"unit":"px","top":"0","right":"0","bottom":"18","left":"0","isLinked":false},"rating_margin_mobile":{"unit":"px","top":"0","right":"0","bottom":"12","left":"0","isLinked":false},"title_spacing":{"unit":"px","size":8,"sizes":[]},"content_spacing":{"unit":"px","size":70,"sizes":[]},"content_spacing_tablet":{"unit":"px","size":20,"sizes":[]},"content_spacing_mobile":{"unit":"px","size":10,"sizes":[]},"text_color":"#545454","slides_to_show_tablet":2},"elements":[],"isInner":false,"widgetType":"ecomus-testimonial-carousel-2","elType":"widget"}],"isInner":true,"elType":"container"}],"isInner":false,"elType":"container"},{"id":"2c5e8f85","settings":{"flex_gap":{"column":"18","row":"18","isLinked":true,"unit":"px","size":18},"margin":{"unit":"px","top":"0","right":"0","bottom":"90","left":"0","isLinked":false},"margin_tablet":{"unit":"px","top":"0","right":"0","bottom":"76","left":"0","isLinked":false}},"elements":[{"id":"48bb510a","settings":{"title":"Join our Community","title_size":"h4","align":"center","alignment":"center","typography_typography":"custom","typography_font_family":"Caprasimo","typography_font_size_tablet":{"unit":"px","size":32,"sizes":[]},"typography_font_size_mobile":{"unit":"px","size":22,"sizes":[]}},"elements":[],"isInner":false,"widgetType":"ecomus-heading","elType":"widget"},{"id":"6311a14d","settings":{"title":"Tag @deependofficial and #deependclothing for a chance to be featured!","title_size":"div","align":"center","alignment":"center","title_color":"#545454","typography_typography":"custom","typography_font_size":{"unit":"px","size":16,"sizes":[]},"typography_font_size_mobile":{"unit":"px","size":14,"sizes":[]},"_margin":{"unit":"px","top":"0","right":"0","bottom":"37","left":"0","isLinked":false},"_margin_tablet":{"unit":"px","top":"0","right":"0","bottom":"32","left":"0","isLinked":false},"_margin_mobile":{"unit":"px","top":"0","right":"0","bottom":"12","left":"0","isLinked":false}},"elements":[],"isInner":false,"widgetType":"ecomus-heading","elType":"widget"},{"id":"73cb22da","settings":{"instagram_type":"custom","instagrams":[{"_id":"ecc8c5f","image":{"id":5730,"url":"https:\/\/wpecomus.com\/pod\/wp-content\/uploads\/sites\/10\/2024\/12\/tee-ins-1.webp","alt":"","source":"library","size":""},"product_id":5747},{"image":{"id":5731,"url":"https:\/\/wpecomus.com\/pod\/wp-content\/uploads\/sites\/10\/2024\/12\/tee-ins-2.webp","alt":"","source":"library","size":""},"product_id":5756,"_id":"cb68a57"},{"image":{"id":5732,"url":"https:\/\/wpecomus.com\/pod\/wp-content\/uploads\/sites\/10\/2024\/12\/tee-ins-3.webp","alt":"","source":"library","size":""},"product_id":5761,"_id":"d8b592a"},{"image":{"id":5733,"url":"https:\/\/wpecomus.com\/pod\/wp-content\/uploads\/sites\/10\/2024\/12\/tee-ins-4.webp","alt":"","source":"library","size":""},"product_id":5785,"_id":"ee4793f"},{"image":{"id":5734,"url":"https:\/\/wpecomus.com\/pod\/wp-content\/uploads\/sites\/10\/2024\/12\/tee-ins-5.webp","alt":"","source":"library","size":""},"product_id":5790,"_id":"98db036"}],"aspect_ratio_type":"square","slides_to_show_tablet":3,"slides_to_show_mobile":2,"slides_to_scroll_tablet":3,"slides_to_scroll_mobile":2,"navigation_classes":"none","navigation_classes_tablet":"dots","navigation_classes_mobile":"dots","dots_type":"background","dots_gap_mobile":{"unit":"px","size":2,"sizes":[]}},"elements":[],"isInner":false,"widgetType":"ecomus-instagram","elType":"widget"}],"isInner":false,"elType":"container"}],"page_settings":{"header_layout":"v1","hide_page_header":"yes","content_top_spacing":"custom","content_top_padding":{"unit":"px","size":0,"sizes":[]},"content_bottom_spacing":"custom","content_bottom_padding":{"unit":"px","size":0,"sizes":[]}},"version":"0.4","title":"Home","type":"page"}