{"content":[{"id":"3086153c","settings":{"content_width":"full"},"elements":[{"id":"2ec01e11","settings":{"content_width":"full","slides":[{"title":"Strolling<br class=\"hidden-xs\"\/> into Parenthood","description":"Effortless comfort and style for your little one","button_text":"Shop collection","_id":"c9ed258","image":{"id":6933,"url":"https:\/\/wpecomus.com\/strollers\/wp-content\/uploads\/sites\/28\/2024\/12\/h-stroller-slide-1.jpg","alt":"","source":"library","size":""},"button_link":{"url":"https:\/\/wpecomus.com\/strollers\/product-category\/newborn-strollers\/","is_external":"","nofollow":"","custom_attributes":""}},{"title":"Effortless Elegance<br class=\"hidden-xs\"\/> on Wheels","description":"Transform every outing into an adventure","button_text":"Shop collection","image":{"id":6934,"url":"https:\/\/wpecomus.com\/strollers\/wp-content\/uploads\/sites\/28\/2024\/12\/h-stroller-slide-2.jpg","alt":"","source":"library","size":""},"_id":"36675ba","button_link":{"url":"https:\/\/wpecomus.com\/strollers\/product-category\/compact-strollers\/","is_external":"","nofollow":"","custom_attributes":""}},{"title":"Simply<br class=\"hidden-xs\"\/> Chic Strolls","description":"Experience the convenience of intelligent design","button_text":"Shop collection","image":{"id":6935,"url":"https:\/\/wpecomus.com\/strollers\/wp-content\/uploads\/sites\/28\/2024\/12\/h-stroller-slide-3.jpg","alt":"","source":"library","size":""},"_id":"5f5c0f1","button_link":{"url":"https:\/\/wpecomus.com\/strollers\/product-category\/double-strollers\/","is_external":"","nofollow":"","custom_attributes":""}}],"navigation_classes":"dots","navigation_classes_tablet":"dots","navigation_classes_mobile":"dots","dots_type":"background","dot_align_mobile":"center","content_align_mobile":"left","show_button_icon":"alway","button_style":"outline","button_icon_padding":{"unit":"px","top":"02","right":"0","bottom":"0","left":"0","isLinked":false},"button_icon_indent_mobile":{"unit":"px","size":5,"sizes":[]},"button_icon_padding_mobile":{"unit":"px","top":"03","right":"0","bottom":"0","left":"0","isLinked":false},"button_typography_typography":"custom","button_typography_font_weight":"500","image_height_tablet":{"unit":"px","size":600,"sizes":[]},"image_height_mobile":{"unit":"px","size":300,"sizes":[]},"description_typography_typography":"custom","description_typography_line_height_tablet":{"unit":"px","size":24,"sizes":[]},"description_typography_line_height_mobile":{"unit":"px","size":"","sizes":[]},"content_padding_tablet":{"unit":"px","top":"0","right":"50","bottom":"0","left":"30","isLinked":false},"content_padding_mobile":{"unit":"px","top":"40","right":"10","bottom":"50","left":"10","isLinked":false},"title_typography_typography":"custom","title_typography_font_size_tablet":{"unit":"px","size":40,"sizes":[]},"title_typography_font_size_mobile":{"unit":"px","size":32,"sizes":[]},"button_min_height_mobile":{"unit":"px","size":41,"sizes":[]},"content_align":"","image_height":{"unit":"px","size":770,"sizes":[]},"content_background_color":"#6A7369","title_typography_font_size":{"unit":"px","size":68,"sizes":[]},"title_typography_font_weight":"400","title_color":"#FFFFFF","description_typography_font_size":{"unit":"px","size":20,"sizes":[]},"description_typography_font_weight":"500","description_color":"#FFFFFF","button_text_color":"#FFFFFF","button_background_hover_color":"#FFFFFF","hover_color":"#000000","button_hover_border_color":"#FFFFFF","dots_gap":{"unit":"px","size":3,"sizes":[]},"dots_size":{"unit":"px","size":8,"sizes":[]},"dot_item_color":"#FFFFFF","dot_item_active_color":"#FFFFFF","dot_item_active_background_color":"#FFFFFF29","description_typography_font_size_mobile":{"unit":"px","size":16,"sizes":[]},"dots_spacing_tablet":{"unit":"px","size":20,"sizes":[]},"dots_spacing_mobile":{"unit":"px","size":10,"sizes":[]},"autoplay":"yes","autoplay_speed":7000},"elements":[],"isInner":false,"widgetType":"ecomus-image-content-slider","elType":"widget"}],"isInner":false,"elType":"container"},{"id":"6f7c5e67","settings":{"flex_direction":"row","flex_gap":{"unit":"px","size":0,"column":"0","row":"0","isLinked":true},"border_border":"solid","border_width":{"unit":"px","top":"0","right":"0","bottom":"1","left":"0","isLinked":false},"border_color":"#EBEBEB","padding":{"unit":"px","top":"33","right":"0","bottom":"33","left":"0","isLinked":false},"flex_wrap_tablet":"wrap","padding_mobile":{"unit":"px","top":"33","right":"0","bottom":"27","left":"0","isLinked":false}},"elements":[{"id":"5100969f","settings":{"flex_direction":"column","content_width":"full","width":{"unit":"%","size":100},"width_tablet":{"unit":"%","size":100,"sizes":[]},"width_mobile":{"unit":"%","size":"","sizes":[]}},"elements":[{"id":"1a88a5aa","settings":{"content_width":"full","icons_box":[{"icon":{"value":{"url":"https:\/\/wpecomus.com\/strollers\/wp-content\/uploads\/sites\/28\/2024\/06\/box.svg","id":1397},"library":"svg"},"title":"Free Shipping on Orders Over $120","description":"","_id":"82d6a6a","image":{"id":"","url":"https:\/\/wpecomus.com\/strollers\/wp-content\/plugins\/elementor\/assets\/images\/placeholder.png"},"items_alignment":"flex-end"},{"icon":{"value":{"url":"https:\/\/wpecomus.com\/strollers\/wp-content\/uploads\/sites\/28\/2024\/12\/check.svg","id":6936},"library":"svg"},"title":"100-days risk-free trial","description":"","_id":"a15fb08","image":{"id":"","url":"https:\/\/wpecomus.com\/strollers\/wp-content\/plugins\/elementor\/assets\/images\/placeholder.png"}},{"icon":{"value":{"url":"https:\/\/wpecomus.com\/strollers\/wp-content\/uploads\/sites\/28\/2024\/12\/warranty2.svg","id":6937},"library":"svg"},"title":"Free 4-years warranty","description":"","_id":"edf6df9","image":{"id":"","url":"https:\/\/wpecomus.com\/strollers\/wp-content\/plugins\/elementor\/assets\/images\/placeholder.png"},"items_alignment":"flex-start"}],"navigation_classes_tablet":"dots","navigation_classes_mobile":"dots","content_border_border":"none","content_border_width":{"unit":"px","top":"1","right":"1","bottom":"1","left":"1","isLinked":true},"content_border_color":"#EBEBEB","title_typography_typography":"custom","title_typography_font_size":{"unit":"px","size":18,"sizes":[]},"title_typography_font_weight":"500","description_color":"#545454","icon_color":"#000000","icon_size":{"unit":"px","size":30,"sizes":[]},"position":"left","icon_border_border":"none","icon_border_width":{"unit":"px","top":"1","right":"1","bottom":"1","left":"1","isLinked":true},"icon_border_color":"#ECECEC","border_radius":{"unit":"%","top":"","right":"","bottom":"","left":"","isLinked":true},"position_mobile":"top","alignment_mobile":"center","vertical_alignment":"middle","title_spacing":{"unit":"px","size":0,"sizes":[]},"alignment":"center","slides_to_show_tablet":3,"icon_spacing_mobile":{"unit":"px","size":20,"sizes":[]},"dots_spacing_tablet":{"unit":"px","size":0,"sizes":[]},"dots_spacing_mobile":{"unit":"px","size":15,"sizes":[]}},"elements":[],"isInner":false,"widgetType":"ecomus-icon-box-carousel","elType":"widget"}],"isInner":true,"elType":"container"}],"isInner":false,"elType":"container"},{"id":"77b8e06f","settings":{"padding":{"unit":"px","top":"68","right":"0","bottom":"70","left":"0","isLinked":false},"padding_mobile":{"unit":"px","top":"27","right":"0","bottom":"40","left":"0","isLinked":false},"padding_tablet":{"unit":"px","top":"50","right":"0","bottom":"70","left":"0","isLinked":false}},"elements":[{"id":"4a952195","settings":{"content_width":"full","Heading":"This is the heading","items":[{"image":{"id":"","url":"https:\/\/wpecomus.com\/strollers\/wp-content\/plugins\/elementor\/assets\/images\/placeholder.png"},"_id":"76a282c","product_cat":"blazers"},{"image":{"id":"","url":"https:\/\/wpecomus.com\/strollers\/wp-content\/plugins\/elementor\/assets\/images\/placeholder.png"},"_id":"7ef89f5","product_cat":"sweaters"},{"image":{"id":"","url":"https:\/\/wpecomus.com\/strollers\/wp-content\/plugins\/elementor\/assets\/images\/placeholder.png"},"_id":"83c0d71","product_cat":"sneakers"},{"image":{"id":"","url":"https:\/\/wpecomus.com\/strollers\/wp-content\/plugins\/elementor\/assets\/images\/placeholder.png"},"_id":"aa5d62a","product_cat":"sunglasses"},{"image":{"id":"","url":"https:\/\/wpecomus.com\/strollers\/wp-content\/plugins\/elementor\/assets\/images\/placeholder.png"},"_id":"6a52808","product_cat":"accessories"},{"image":{"id":"","url":"https:\/\/wpecomus.com\/strollers\/wp-content\/plugins\/elementor\/assets\/images\/placeholder.png"},"product_cat":"men","_id":"260c36f"},{"image":{"id":"","url":"https:\/\/wpecomus.com\/strollers\/wp-content\/plugins\/elementor\/assets\/images\/placeholder.png"},"product_cat":"shoes","_id":"d8b6a3c"}],"heading":"Shop by categories","slides_to_show_tablet":2,"slides_to_show_mobile":1,"space_between_tablet":{"unit":"px","size":15,"sizes":[]},"aspect_ratio_type":"vertical","aspect_ratio":"11:13","button_text":"","slides_to_scroll_tablet":2,"navigation_classes_tablet":"none","navigation_classes_mobile":"none","button_border_radius":{"unit":"%","top":"100","right":"100","bottom":"100","left":"100","isLinked":true},"show_heading":"yes","button_padding":{"unit":"px","top":"0","right":"0","bottom":"0","left":"0","isLinked":true},"arrows_vertical_spacing":{"unit":"%","size":45,"sizes":[]},"arrows_vertical_spacing_tablet":{"unit":"%","size":"","sizes":[]},"arrows_vertical_spacing_mobile":{"unit":"%","size":"","sizes":[]},"show_button_icon":"alway","button_min_width":{"unit":"px","size":45,"sizes":[]},"button_min_height":{"unit":"px","size":45,"sizes":[]},"button_icon_indent":{"unit":"px","size":0,"sizes":[]},"button_icon_size":{"unit":"px","size":10,"sizes":[]},"image_spacing_custom_mobile":15,"slidesperview_auto":"yes","slidesperview_auto_tablet":"yes","slidesperview_auto_mobile":"yes","title_spacing_mobile":{"unit":"px","size":16,"sizes":[]},"count_spacing_mobile":{"unit":"px","size":5,"sizes":[]},"button_min_width_mobile":{"unit":"px","size":35,"sizes":[]},"button_min_height_mobile":{"unit":"px","size":35,"sizes":[]},"heading_typography_typography":"custom","heading_typography_font_size_tablet":{"unit":"px","size":32,"sizes":[]},"heading_typography_font_size_mobile":{"unit":"px","size":22,"sizes":[]},"navigation_classes":"none","slides_to_scroll_mobile":1,"heading_spacing_mobile":{"unit":"px","size":25,"sizes":[]},"orderby":"menu_order","heading_padding":{"unit":"px","top":"0","right":"0","bottom":"0","left":"0","isLinked":true},"arrows_heading_width_mobile":{"unit":"px","size":24,"sizes":[]},"arrows_heading_height_mobile":{"unit":"px","size":24,"sizes":[]},"image_border_radius":{"unit":"px","top":"10","right":"10","bottom":"10","left":"10","isLinked":true},"view_all_btn_title":"View All","view_all_btn_text":"Click here"},"elements":[],"isInner":false,"widgetType":"ecomus-categories-carousel","elType":"widget"}],"isInner":false,"elType":"container"},{"id":"1b90a463","settings":{"flex_direction":"row","flex_gap":{"unit":"px","size":30,"column":"30","row":"30","isLinked":true},"flex_gap_tablet":{"column":"15","row":"15","isLinked":true,"unit":"px","size":15},"mobile_column_alignment":"column_md","margin":{"unit":"px","top":"0","right":"0","bottom":"79","left":"0","isLinked":false},"margin_tablet":{"unit":"px","top":"0","right":"0","bottom":"60","left":"0","isLinked":false},"margin_mobile":{"unit":"px","top":"0","right":"0","bottom":"30","left":"0","isLinked":false},"padding_tablet":{"unit":"px","top":"0","right":"0","bottom":"0","left":"0","isLinked":true},"padding_mobile":{"unit":"px","top":"0","right":"15","bottom":"0","left":"0","isLinked":false}},"elements":[{"id":"737f9799","settings":{"flex_direction":"column","content_width":"full","width":{"unit":"%","size":"50"}},"elements":[{"id":"68c58a9d","settings":{"content_width":"full","title":"NEW COLLECTION","title_size":"div","sub_title":"Find your<br\/> perfect stroller","description":"New timeless colors, here to stay","button_text":"Shop now","image":{"id":6941,"url":"https:\/\/wpecomus.com\/strollers\/wp-content\/uploads\/sites\/28\/2024\/12\/h-stroller-banner-1.jpg","alt":"","source":"library","size":""},"height":{"unit":"px","size":740,"sizes":[]},"height_tablet":{"unit":"px","size":450,"sizes":[]},"height_mobile":{"unit":"px","size":300,"sizes":[]},"horizontal_position":"left","vertical_position_mobile":"middle","text_align_mobile":"left","banner_padding":{"unit":"px","top":"50","right":"50","bottom":"50","left":"50","isLinked":true},"banner_padding_tablet":{"unit":"px","top":"30","right":"30","bottom":"30","left":"30","isLinked":true},"title_typography_typography":"custom","title_typography_font_size":{"unit":"px","size":14,"sizes":[]},"title_typography_font_weight":"700","title_typography_text_transform":"uppercase","title_typography_line_height_mobile":{"unit":"px","size":26.4,"sizes":[]},"title_margin_mobile":{"unit":"px","top":"0","right":"0","bottom":"6","left":"0","isLinked":false},"sub_title_typography_typography":"custom","sub_title_typography_font_size":{"unit":"px","size":42,"sizes":[]},"sub_title_typography_font_size_tablet":{"unit":"px","size":32,"sizes":[]},"sub_title_typography_font_size_mobile":{"unit":"px","size":22,"sizes":[]},"sub_title_typography_font_weight":"400","sub_title_typography_line_height_tablet":{"unit":"px","size":38.4,"sizes":[]},"sub_title_typography_line_height_mobile":{"unit":"px","size":26.4,"sizes":[]},"sub_title_margin_mobile":{"unit":"px","top":"0","right":"0","bottom":"9","left":"0","isLinked":false},"description_margin_mobile":{"unit":"px","top":"0","right":"0","bottom":"14","left":"0","isLinked":false},"button_margin":{"unit":"px","top":"0","right":"0","bottom":"8","left":"0","isLinked":false},"button_link":{"url":"https:\/\/wpecomus.com\/strollers\/product-category\/newborn-strollers\/","is_external":"","nofollow":"","custom_attributes":""},"text_align":"","border_radius":{"unit":"px","top":"10","right":"10","bottom":"10","left":"10","isLinked":true},"title_margin":{"unit":"px","top":"0","right":"0","bottom":"22","left":"0","isLinked":false},"sub_title_typography_line_height":{"unit":"px","size":50,"sizes":[]},"description_typography_typography":"custom","description_typography_font_weight":"400","button_style":"","button_padding":{"unit":"px","top":"14","right":"25","bottom":"14","left":"25","isLinked":false},"button_typography_typography":"custom","button_typography_font_weight":"700","button_background_color":"#FFFFFF","button_text_color":"#000000","button_background_hover_color":"#FFFFFF","hover_color":"#000000","button_background_effect_hover_color":"#00000040","banner_padding_mobile":{"unit":"px","top":"20","right":"20","bottom":"20","left":"20","isLinked":true},"button_border_color":"#FFFFFF","button_hover_border_color":"#FFFFFF"},"elements":[],"isInner":false,"widgetType":"ecomus-banner","elType":"widget"}],"isInner":true,"elType":"container"},{"id":"50327fba","settings":{"flex_direction":"column","content_width":"full","width":{"unit":"%","size":"50"}},"elements":[{"id":"41c21b0f","settings":{"content_width":"full","title":"30% OFF STROLLER","title_size":"div","sub_title":"Embrace <br\/> the season","description":"From footmuffs to seat liners, be ready for any weather.","button_text":"Shop now","image":{"id":6942,"url":"https:\/\/wpecomus.com\/strollers\/wp-content\/uploads\/sites\/28\/2024\/12\/h-stroller-banner-2.jpg","alt":"","source":"library","size":""},"height":{"unit":"px","size":740,"sizes":[]},"height_tablet":{"unit":"px","size":450,"sizes":[]},"height_mobile":{"unit":"px","size":300,"sizes":[]},"horizontal_position":"left","vertical_position_mobile":"middle","text_align_mobile":"left","banner_padding":{"unit":"px","top":"50","right":"50","bottom":"50","left":"50","isLinked":true},"banner_padding_tablet":{"unit":"px","top":"30","right":"30","bottom":"30","left":"30","isLinked":true},"title_typography_typography":"custom","title_typography_font_size":{"unit":"px","size":14,"sizes":[]},"title_typography_font_weight":"700","title_typography_text_transform":"uppercase","title_typography_line_height_mobile":{"unit":"px","size":26.4,"sizes":[]},"title_margin_mobile":{"unit":"px","top":"0","right":"0","bottom":"6","left":"0","isLinked":false},"sub_title_typography_typography":"custom","sub_title_typography_font_size":{"unit":"px","size":42,"sizes":[]},"sub_title_typography_font_size_tablet":{"unit":"px","size":32,"sizes":[]},"sub_title_typography_font_size_mobile":{"unit":"px","size":22,"sizes":[]},"sub_title_typography_font_weight":"400","sub_title_typography_line_height_tablet":{"unit":"px","size":38.4,"sizes":[]},"sub_title_typography_line_height_mobile":{"unit":"px","size":26.4,"sizes":[]},"sub_title_margin_mobile":{"unit":"px","top":"0","right":"0","bottom":"9","left":"0","isLinked":false},"description_margin_mobile":{"unit":"px","top":"0","right":"0","bottom":"14","left":"0","isLinked":false},"button_margin":{"unit":"px","top":"0","right":"0","bottom":"8","left":"0","isLinked":false},"button_link":{"url":"https:\/\/wpecomus.com\/strollers\/product-category\/compact-strollers\/","is_external":"","nofollow":"","custom_attributes":""},"text_align":"","border_radius":{"unit":"px","top":"10","right":"10","bottom":"10","left":"10","isLinked":true},"title_margin":{"unit":"px","top":"0","right":"0","bottom":"22","left":"0","isLinked":false},"sub_title_typography_line_height":{"unit":"px","size":50,"sizes":[]},"description_typography_typography":"custom","description_typography_font_weight":"400","button_style":"","button_padding":{"unit":"px","top":"14","right":"25","bottom":"14","left":"25","isLinked":false},"button_typography_typography":"custom","button_typography_font_weight":"700","button_background_color":"#FFFFFF","button_text_color":"#000000","button_background_hover_color":"#FFFFFF","hover_color":"#000000","button_background_effect_hover_color":"#00000040","banner_padding_mobile":{"unit":"px","top":"20","right":"20","bottom":"20","left":"20","isLinked":true},"button_border_color":"#FFFFFF","button_hover_border_color":"#FFFFFF"},"elements":[],"isInner":false,"widgetType":"ecomus-banner","elType":"widget"}],"isInner":true,"elType":"container"}],"isInner":false,"elType":"container"},{"id":"27c5af60","settings":{"boxed_width":{"unit":"px","size":1440,"sizes":[]},"background_background":"classic","background_color":"#F1F3F1","padding":{"unit":"px","top":"70","right":"0","bottom":"83","left":"0","isLinked":false},"padding_tablet":{"unit":"px","top":"55","right":"0","bottom":"63","left":"0","isLinked":false},"padding_mobile":{"unit":"px","top":"45","right":"0","bottom":"45","left":"0","isLinked":false}},"elements":[{"id":"7da52abd","settings":{"title":"Shop by brands","title_size":"h3","align":"center","typography_typography":"custom","typography_font_size":{"unit":"px","size":42,"sizes":[]},"typography_font_weight":"400","typography_font_size_tablet":{"unit":"px","size":32,"sizes":[]},"typography_font_size_mobile":{"unit":"px","size":24,"sizes":[]},"_padding":{"unit":"px","top":"0","right":"0","bottom":"44","left":"0","isLinked":false},"_padding_tablet":{"unit":"px","top":"0","right":"0","bottom":"30","left":"0","isLinked":false},"_padding_mobile":{"unit":"px","top":"0","right":"0","bottom":"10","left":"0","isLinked":false}},"elements":[],"isInner":false,"widgetType":"ecomus-heading","elType":"widget"},{"id":"5b28ac2f","settings":{"items":[{"_id":"59005f5","image":{"id":6961,"url":"https:\/\/wpecomus.com\/strollers\/wp-content\/uploads\/sites\/28\/2024\/12\/h-stroller-brand-1.png","alt":"","source":"library","size":""},"link":{"url":"","is_external":"","nofollow":"","custom_attributes":""}},{"_id":"af02832","image":{"id":6962,"url":"https:\/\/wpecomus.com\/strollers\/wp-content\/uploads\/sites\/28\/2024\/12\/h-stroller-brand-2.png","alt":"","source":"library","size":""},"link":{"url":"","is_external":"","nofollow":"","custom_attributes":""}},{"_id":"dba0e9f","image":{"id":6963,"url":"https:\/\/wpecomus.com\/strollers\/wp-content\/uploads\/sites\/28\/2024\/12\/h-stroller-brand-3.png","alt":"","source":"library","size":""},"link":{"url":"","is_external":"","nofollow":"","custom_attributes":""}},{"_id":"f52b6c1","image":{"id":6964,"url":"https:\/\/wpecomus.com\/strollers\/wp-content\/uploads\/sites\/28\/2024\/12\/h-stroller-brand-4.png","alt":"","source":"library","size":""},"link":{"url":"","is_external":"","nofollow":"","custom_attributes":""}},{"_id":"e0d4224","image":{"id":6965,"url":"https:\/\/wpecomus.com\/strollers\/wp-content\/uploads\/sites\/28\/2024\/12\/h-stroller-brand-5.png","alt":"","source":"library","size":""},"link":{"url":"","is_external":"","nofollow":"","custom_attributes":""}},{"_id":"78a5e89","image":{"id":6966,"url":"https:\/\/wpecomus.com\/strollers\/wp-content\/uploads\/sites\/28\/2024\/12\/h-stroller-brand-6.png","alt":"","source":"library","size":""},"link":{"url":"","is_external":"","nofollow":"","custom_attributes":""}}],"slides_to_show_tablet":3,"slides_to_show_mobile":2,"navigation_classes_tablet":"dots","navigation_classes_mobile":"dots","border_radius":{"unit":"px","top":"10","right":"10","bottom":"10","left":"10","isLinked":true},"_background_background":"classic","slides_to_scroll_mobile":2,"background_color":"#FFFFFF"},"elements":[],"isInner":false,"widgetType":"ecomus-image-carousel","elType":"widget"}],"isInner":false,"elType":"container"},{"id":"d38e4a9","settings":{"flex_direction":"column","flex_gap":{"column":"0","row":"0","isLinked":true,"unit":"px","size":0},"padding":{"unit":"px","top":"78","right":"0","bottom":"78","left":"0","isLinked":false},"padding_tablet":{"unit":"px","top":"58","right":"0","bottom":"58","left":"0","isLinked":false},"padding_mobile":{"unit":"px","top":"53","right":"0","bottom":"50","left":"0","isLinked":false}},"elements":[{"id":"196ba9d7","settings":{"content_width":"full","slides_to_show_tablet":3,"slides_to_show_mobile":2,"image_spacing_custom_tablet":30,"image_spacing_custom_mobile":15,"navigation_classes_tablet":"dots","navigation_classes_mobile":"dots","product_border_radius":{"unit":"px","top":"0","right":"0","bottom":"0","left":"0","isLinked":true},"slides_to_scroll_tablet":3,"slides_to_scroll_mobile":2,"dots_gap_mobile":{"unit":"px","size":3,"sizes":[]},"dots_size_tablet":{"unit":"px","size":6,"sizes":[]},"dot_item_color":"#D4D4D4","dot_item_active_color":"#111111","heading":"Best selling strollers","show_heading":"yes","arrows_heading_size":{"unit":"px","size":12,"sizes":[]},"heading_spacing":{"unit":"px","size":60,"sizes":[]},"heading_spacing_mobile":{"unit":"px","size":25,"sizes":[]},"heading_typography_typography":"custom","heading_typography_font_size_tablet":{"unit":"px","size":32,"sizes":[]},"heading_typography_font_size_mobile":{"unit":"px","size":22,"sizes":[]},"heading_spacing_tablet":{"unit":"px","size":40,"sizes":[]},"dots_type":"","arrows_prev_icon":{"value":{"url":"https:\/\/wpecomus.com\/strollers\/wp-content\/uploads\/sites\/28\/2024\/07\/arrow-left-1.svg","id":3940},"library":"svg"},"arrows_next_icon":{"value":{"url":"https:\/\/wpecomus.com\/strollers\/wp-content\/uploads\/sites\/28\/2024\/07\/arrow-right-1.svg","id":3941},"library":"svg"}},"elements":[],"isInner":false,"widgetType":"ecomus-products-carousel","elType":"widget"}],"isInner":false,"elType":"container"},{"id":"368a084c","settings":{"margin":{"unit":"px","top":"0","right":"0","bottom":"70","left":"0","isLinked":false},"margin_tablet":{"unit":"px","top":"0","right":"0","bottom":"59","left":"0","isLinked":false},"margin_mobile":{"unit":"px","top":"0","right":"0","bottom":"52","left":"0","isLinked":false}},"elements":[{"id":"61570c5e","settings":{"content_width":"full","stores":[{"heading":"Durability","image":{"id":6944,"url":"https:\/\/wpecomus.com\/strollers\/wp-content\/uploads\/sites\/28\/2024\/12\/h-stroller-img-1.jpg","alt":"","source":"library","size":""},"title":"Unrivalled engineering","_id":"0d558ab","description":"<p>Award-winning designs, engineered and tested to keep going for<br class=\"hidden-xs\" \/>generations.<\/p>","button_text":"Discover more","button_link":{"url":"https:\/\/wpecomus.com\/strollers\/product-brand\/durability\/","is_external":"","nofollow":"","custom_attributes":""}},{"heading":"Innovation","image":{"id":6945,"url":"https:\/\/wpecomus.com\/strollers\/wp-content\/uploads\/sites\/28\/2024\/12\/h-stroller-img-2.jpg","alt":"","source":"library","size":""},"title":"Where Fresh Ideas<br\/> come to Life","description":"<p>Immerse yourself in a creative space where every step<br class=\"hidden-xs\" \/>is an adventure of innovation.<\/p>","button_text":"Discover more","button_link":{"url":"https:\/\/wpecomus.com\/strollers\/product-brand\/innovation\/","is_external":"","nofollow":"","custom_attributes":""},"_id":"2b429ae"},{"heading":"Responsibility","image":{"id":6946,"url":"https:\/\/wpecomus.com\/strollers\/wp-content\/uploads\/sites\/28\/2024\/12\/h-stroller-img-3.jpg","alt":"","source":"library","size":""},"title":"Shaping a Better<br\/> Tomorrow Together.","description":"<p>In a world where every action matters, let's embrace the <br class=\"hidden-xs\" \/>power of responsibility<\/p>","button_text":"Discover more","button_link":{"url":"https:\/\/wpecomus.com\/strollers\/product-brand\/radrunner\/","is_external":"","nofollow":"","custom_attributes":""},"_id":"80306ae"}],"content_background_color":"#FAF7F2","title_typography_typography":"custom","title_typography_font_size":{"unit":"px","size":42,"sizes":[]},"title_spacing":{"unit":"px","size":0,"sizes":[]},"title_typography_font_size_tablet":{"unit":"px","size":32,"sizes":[]},"title_typography_font_size_mobile":{"unit":"px","size":22,"sizes":[]},"title_typography_font_weight":"400","content_border_radius":{"unit":"px","top":"10","right":"0","bottom":"0","left":"10","isLinked":false},"image_border_radius":{"unit":"px","top":"0","right":"10","bottom":"10","left":"0","isLinked":false},"content_border_radius_mobile":{"unit":"px","top":"10","right":"10","bottom":"0","left":"0","isLinked":false},"image_border_radius_mobile":{"unit":"px","top":"0","right":"0","bottom":"10","left":"10","isLinked":false}},"elements":[],"isInner":false,"widgetType":"ecomus-stores-tab","elType":"widget"}],"isInner":false,"elType":"container"},{"id":"4607f8e5","settings":{"flex_direction":"row","flex_gap":{"unit":"px","size":0,"column":"0","row":"0","isLinked":true},"flex_wrap_tablet":"wrap"},"elements":[{"id":"651cb2a3","settings":{"flex_direction":"column","content_width":"full","width":{"unit":"%","size":"33.3333"},"width_tablet":{"unit":"%","size":100,"sizes":[]},"width_mobile":{"unit":"%","size":"","sizes":[]}},"elements":[{"id":"77ee792e","settings":{"title":"Frequently asked questions\n","title_size":"h3","align":"flex-start","typography_typography":"custom","typography_font_size":{"unit":"px","size":42,"sizes":[]},"typography_font_weight":"400","typography_font_size_tablet":{"unit":"px","size":32,"sizes":[]},"typography_font_size_mobile":{"unit":"px","size":24,"sizes":[]},"_padding":{"unit":"px","top":"0","right":"0","bottom":"44","left":"0","isLinked":false},"_padding_tablet":{"unit":"px","top":"0","right":"0","bottom":"24","left":"0","isLinked":false},"_padding_mobile":{"unit":"px","top":"0","right":"0","bottom":"10","left":"0","isLinked":false}},"elements":[],"isInner":false,"widgetType":"ecomus-heading","elType":"widget"}],"isInner":true,"elType":"container"},{"id":"4e08ab0a","settings":{"flex_direction":"column","content_width":"full","width":{"unit":"%","size":"66.6666"},"width_tablet":{"unit":"%","size":100,"sizes":[]},"width_mobile":{"unit":"%","size":"","sizes":[]}},"elements":[{"id":"4091a438","settings":{"tabs":[{"tab_title":"How do I choose the perfect stroller for my family?","tab_content":"<p>Cestibulum ante ipsum primis in faucibus orci luctus et ultrices posuere cubilia Curae; Sed aliquam, nisi quis porttitor congue, elit erat euismod orci, ac placerat dolor lectus quis orci. Aenean ut eros et nisl sagittis vestibulum. Phasellus dolor. Sed libero. Phasellus ullamcorper ipsum rutrum nunc.Curabitur ullamcorper ultricies nisi. Suspendisse potenti. Suspendisse faucibus, nunc et pellentesque egestas, lacus ante convallis tellus, vitae iaculis lacus elit id tortor.<\/p>","_id":"6e9330e"},{"tab_title":"How much is shipping and how long will it take?","tab_content":"<p>To provide specific details about shipping costs and delivery times, I would need more information such as the origin and destination locations, the shipping method, and the item being shipped. Once I have those details, I can accurately estimate the shipping cost and delivery time for you.<\/p>","_id":"b10b339"},{"tab_title":"How long will it take to get my package?","tab_content":"<p>The delivery time for a package depends on the shipping method, origin and destination, carrier workload, and whether it's a domestic or international shipment. Generally, domestic packages can take 3-7 business days, while international can range from 10-20 days. For the most accurate estimate, it's best to consult the carrier with your tracking number.<\/p>","_id":"6195ad3"},{"tab_title":"Branding is simply a more efficient way to sell things?","tab_content":"<p>Branding is about building trust, loyalty, and emotional connection with customers. It helps companies stand out, establish a reputation, and create a lasting legacy. While it can make it easier to sell products, it's important to recognize the broader benefits of building a strong brand.<\/p>","_id":"83bc02f"}],"content_width":"full","items_first_item":"yes","title_typography_typography":"custom","title_typography_font_size":{"unit":"px","size":18,"sizes":[]},"title_typography_font_size_tablet":{"unit":"px","size":16,"sizes":[]}},"elements":[],"isInner":false,"widgetType":"ecomus-accordion","elType":"widget"}],"isInner":true,"elType":"container"}],"isInner":false,"elType":"container"},{"id":"679e56a5","settings":{"flex_direction":"column","padding":{"unit":"px","top":"60","right":"0","bottom":"70","left":"0","isLinked":false},"padding_mobile":{"unit":"px","top":"40","right":"0","bottom":"50","left":"0","isLinked":false}},"elements":[{"id":"7a9aa4bb","settings":{"testimonials":[{"testimonial_name":"Robert Smith","testimonial_company":"Racing Tricycle Baby Stroller","_id":"711aecc","testimonial_title":"","testimonial_subtitle":"OUR CUSTOMER'S RAVE REVIEWS","testimonial_content":"I'm impressed with the durability of the furniture collection. Even after years of use, the pieces still look and feel as good as new","testimonial_image":{"id":6947,"url":"https:\/\/wpecomus.com\/strollers\/wp-content\/uploads\/sites\/28\/2024\/12\/h-stroller-testimonial-1.jpg","alt":"","source":"library","size":""},"testimonial_link":{"url":"https:\/\/wpecomus.com\/strollers\/product\/racing-tricycle-baby-stroller\/","is_external":"","nofollow":"","custom_attributes":""}},{"testimonial_name":"Alexander Song","testimonial_company":"Baby Stroller with Ride-Along Board","testimonial_title":"","testimonial_subtitle":"OUR CUSTOMER'S RAVE REVIEWS","testimonial_content":"Exceptional quality at a fraction of the price you would pay for big brands. Very elegant, discreet and beautiful materials.","testimonial_image":{"id":6948,"url":"https:\/\/wpecomus.com\/strollers\/wp-content\/uploads\/sites\/28\/2024\/12\/h-stroller-testimonial-2.jpg","alt":"","source":"library","size":""},"testimonial_link":{"url":"https:\/\/wpecomus.com\/strollers\/product\/baby-stroller-with-ride-along-board\/","is_external":"","nofollow":"","custom_attributes":""},"_id":"65636fd","testimonial_image_2":{"url":"","id":"","size":"","alt":"","source":"library"}}],"thumbnail_width":{"unit":"%","size":33,"sizes":[]},"thumbnail_width_tablet":{"unit":"%","size":"","sizes":[]},"thumbnail_width_mobile":{"unit":"%","size":"","sizes":[]},"content_width_tablet":{"unit":"%","size":"","sizes":[]},"content_width_mobile":{"unit":"%","size":100,"sizes":[]},"navigation_classes_tablet":"arrows","navigation_classes_mobile":"arrows","content_width":{"unit":"%","size":66,"sizes":[]},"image_item_border_radius":{"unit":"px","top":"10","right":"10","bottom":"10","left":"10","isLinked":true},"content_item_title_color":"#FFFFFF","content_item_subtitle_color":"#FFFFFF","content_item_content_color":"#FFFFFF","content_item_content_typo_typography":"custom","content_item_content_typo_font_size":{"unit":"px","size":28,"sizes":[]},"content_item_content_typo_font_size_tablet":{"unit":"px","size":16,"sizes":[]},"content_item_content_typo_font_weight":"400","content_item_content_typo_line_height":{"unit":"px","size":44,"sizes":[]},"content_item_content_typo_line_height_tablet":{"unit":"px","size":25,"sizes":[]},"content_item_content_typo_line_height_mobile":{"unit":"px","size":"","sizes":[]},"content_item_name_color":"#FFFFFF","content_item_company_color":"#FFFFFF","content_item_company_color_hover":"#D53A3D","content_item_rating_size":{"unit":"px","size":18,"sizes":[]},"content_item_rating_color":"#FFFFFF","arrows_color":"#FFFFFF","arrows_border_color":"#FFFFFF","arrows_hover_bgcolor":"#FFFFFF","arrows_hover_color":"#000000","arrows_hover_border_color":"#FFFFFF","arrows_disable_color":"#FFFFFF24","arrows_disable_border_color":"#FFFFFF24","_padding":{"unit":"px","top":"62","right":"122","bottom":"62","left":"122","isLinked":false},"_padding_tablet":{"unit":"px","top":"70","right":"80","bottom":"70","left":"80","isLinked":false},"_padding_mobile":{"unit":"px","top":"15","right":"15","bottom":"15","left":"15","isLinked":false},"_background_background":"gradient","_background_color":"#3D354B","_background_color_stop":{"unit":"%","size":0.54,"sizes":[]},"_background_color_b":"#3D354B8F","_background_gradient_angle":{"unit":"deg","size":104,"sizes":[]},"_border_radius":{"unit":"px","top":"10","right":"10","bottom":"10","left":"10","isLinked":true}},"elements":[],"isInner":false,"widgetType":"ecomus-testimonial-carousel","elType":"widget"}],"isInner":false,"elType":"container"}],"page_settings":{"hide_page_header":"yes","content_top_spacing":"custom","content_top_padding":{"unit":"px","size":0,"sizes":[]},"content_bottom_spacing":"custom","content_bottom_padding":{"unit":"px","size":0,"sizes":[]}},"version":"0.4","title":"Home","type":"page"}