{"content":[{"id":"29a896f8","settings":{"content_width":"full"},"elements":[{"id":"517658fb","settings":{"content_width":"full","slides":[{"title":"Kiddo Chic Corner","description":"Elevate your child's style with our curated collection","button_text":"Shop Collection","_id":"0c1a54e","banner_background_img":{"id":5121,"url":"https:\/\/wpecomus.com\/kids\/wp-content\/uploads\/sites\/5\/2024\/07\/homekid_slideshow_1.jpg","alt":"","source":"library","size":""},"button_link":{"url":"https:\/\/wpecomus.com\/kids\/product-category\/boys\/","is_external":"","nofollow":"","custom_attributes":""}},{"title":"Lil' Dream Wardrobe","description":"Elevate your child's style with our curated collection","button_text":"Shop Collection","banner_background_img":{"id":5122,"url":"https:\/\/wpecomus.com\/kids\/wp-content\/uploads\/sites\/5\/2024\/07\/homekid_slideshow_2.jpg","alt":"","source":"library","size":""},"_id":"7b4d967","button_link":{"url":"https:\/\/wpecomus.com\/kids\/product-category\/accessories\/","is_external":"","nofollow":"","custom_attributes":""}},{"title":"Kinder Couturiers","description":"Elevate your child's style with our curated collection","button_text":"Shop Collection","banner_background_img":{"id":5123,"url":"https:\/\/wpecomus.com\/kids\/wp-content\/uploads\/sites\/5\/2024\/07\/homekid_slideshow_3.jpg","alt":"","source":"library","size":""},"_id":"70db697","button_link":{"url":"https:\/\/wpecomus.com\/kids\/product-category\/girls\/","is_external":"","nofollow":"","custom_attributes":""}}],"slides_height":{"unit":"px","size":740,"sizes":[]},"navigation_classes":"dots","slides_horizontal_position":"center","slides_vertical_position":"middle","slides_text_align":"center","title_color":"#FFFFFF","description_color":"#FFFFFF","button_text_color":"#FFFFFF","button_background_color":"#DB1215","button_border_radius":{"unit":"px","top":"60","right":"60","bottom":"60","left":"60","isLinked":true},"dots_type":"","dot_item_color":"#FFFFFF33","dot_item_active_color":"#FFFFFF","slides_height_mobile":{"unit":"px","size":400,"sizes":[]},"button_border_color":"#DB1215","button_background_hover_color":"#DB1215","button_hover_border_color":"#DB1215","show_button_icon":"alway","button_icon":{"value":{"url":"https:\/\/wpecomus.com\/kids\/wp-content\/uploads\/sites\/5\/2024\/07\/arrow-right.svg","id":3886},"library":"svg"},"button_icon_padding":{"unit":"px","top":"2","right":"0","bottom":"0","left":"0","isLinked":false},"navigation_classes_tablet":"dots","dots_size_mobile":{"unit":"px","size":5,"sizes":[]}},"elements":[],"isInner":false,"widgetType":"ecomus-slides","elType":"widget"}],"isInner":false,"elType":"container"},{"id":"797216c0","settings":{"padding":{"unit":"px","top":"68","right":"0","bottom":"40","left":"0","isLinked":false}},"elements":[{"id":"4ad3d864","settings":{"content_width":"full","type":"deals","title":"Flash Sale","item_border_radius":{"unit":"px","top":"10","right":"10","bottom":"10","left":"10","isLinked":true},"aspect_ratio":"5:6","navigation_classes_mobile":"dots","dots_spacing_mobile":{"unit":"px","size":15,"sizes":[]},"slides_to_show_mobile":1,"slides_to_scroll_mobile":1,"slides_to_show_tablet":3,"slides_to_scroll_tablet":3,"navigation_classes_tablet":"dots","content_padding_tablet":{"unit":"px","top":"50","right":"20","bottom":"20","left":"20","isLinked":false},"product_title_spacing":{"unit":"px","size":20,"sizes":[]},"product_title_spacing_tablet":{"unit":"px","size":15,"sizes":[]},"product_title_spacing_mobile":{"unit":"px","size":10,"sizes":[]}},"elements":[],"isInner":false,"widgetType":"ecomus-flash-sale","elType":"widget"}],"isInner":false,"elType":"container"},{"id":"1c68de6c","settings":{"flex_direction":"row","flex_gap":{"unit":"px","size":30,"column":"30","row":"30","isLinked":true},"flex_gap_tablet":{"column":"15","row":"15","isLinked":true,"unit":"px","size":15},"mobile_column_alignment":"column_md"},"elements":[{"id":"245587de","settings":{"flex_direction":"column","content_width":"full","width":{"unit":"%","size":33.333}},"elements":[{"id":"7fb02d1c","settings":{"content_width":"full","image":{"id":5116,"url":"https:\/\/wpecomus.com\/kids\/wp-content\/uploads\/sites\/5\/2024\/07\/homekid_bn1.webp","alt":"","source":"library","size":""},"title":"Girls","sub_title":"Up to 60% off clothes","button_text":"Shop Now","height":{"unit":"px","size":510,"sizes":[]},"height_tablet":{"unit":"px","size":350,"sizes":[]},"content_align":"stretch","banner_padding":{"unit":"px","top":"40","right":"30","bottom":"30","left":"30","isLinked":false},"banner_padding_tablet":{"unit":"px","top":"15","right":"15","bottom":"15","left":"15","isLinked":true},"title_typography_typography":"custom","title_color":"#000000","title_margin":{"unit":"px","top":"0","right":"0","bottom":"18","left":"0","isLinked":false},"title_margin_tablet":{"unit":"px","top":"0","right":"0","bottom":"22","left":"0","isLinked":false},"sub_title_typography_typography":"custom","sub_title_typography_font_size_tablet":{"unit":"px","size":16,"sizes":[]},"sub_title_typography_line_height_tablet":{"unit":"px","size":19,"sizes":[]},"sub_title_typography_line_height_mobile":{"unit":"px","size":"","sizes":[]},"sub_title_color":"#000000","button_type":"subtle","show_button_icon":"alway","button_style":"subtle","button_link":{"url":"https:\/\/wpecomus.com\/kids\/product-category\/girls\/","is_external":"","nofollow":"","custom_attributes":""}},"elements":[],"isInner":false,"widgetType":"ecomus-banner","elType":"widget"}],"isInner":true,"elType":"container"},{"id":"4e6b969c","settings":{"flex_direction":"column","content_width":"full","width":{"unit":"%","size":33.333}},"elements":[{"id":"68b05a7d","settings":{"content_width":"full","image":{"id":5117,"url":"https:\/\/wpecomus.com\/kids\/wp-content\/uploads\/sites\/5\/2024\/07\/homekid_bn2.webp","alt":"","source":"library","size":""},"title":"Baby and Mom","sub_title":"Baby and mom accessories","button_text":"Shop Now","height":{"unit":"px","size":510,"sizes":[]},"height_tablet":{"unit":"px","size":350,"sizes":[]},"content_align":"stretch","banner_padding":{"unit":"px","top":"40","right":"30","bottom":"30","left":"30","isLinked":false},"banner_padding_tablet":{"unit":"px","top":"15","right":"15","bottom":"15","left":"15","isLinked":true},"title_typography_typography":"custom","title_color":"#000000","title_margin":{"unit":"px","top":"0","right":"0","bottom":"18","left":"0","isLinked":false},"title_margin_tablet":{"unit":"px","top":"0","right":"0","bottom":"22","left":"0","isLinked":false},"sub_title_typography_typography":"custom","sub_title_typography_font_size_tablet":{"unit":"px","size":16,"sizes":[]},"sub_title_typography_line_height_tablet":{"unit":"px","size":19,"sizes":[]},"sub_title_typography_line_height_mobile":{"unit":"px","size":"","sizes":[]},"sub_title_color":"#000000","button_type":"subtle","show_button_icon":"alway","button_style":"subtle","button_link":{"url":"https:\/\/wpecomus.com\/kids\/product-category\/baby\/","is_external":"","nofollow":"","custom_attributes":""}},"elements":[],"isInner":false,"widgetType":"ecomus-banner","elType":"widget"}],"isInner":true,"elType":"container"},{"id":"78563b35","settings":{"content_width":"full","width":{"unit":"%","size":33.333,"sizes":[]}},"elements":[{"id":"692942e4","settings":{"content_width":"full","image":{"id":5118,"url":"https:\/\/wpecomus.com\/kids\/wp-content\/uploads\/sites\/5\/2024\/07\/homekid_bn4.webp","alt":"","source":"library","size":""},"title":"Boys","sub_title":"Free shipping","button_text":"Shop Now","height":{"unit":"px","size":510,"sizes":[]},"height_tablet":{"unit":"px","size":350,"sizes":[]},"content_align":"stretch","banner_padding":{"unit":"px","top":"40","right":"30","bottom":"30","left":"30","isLinked":false},"banner_padding_tablet":{"unit":"px","top":"15","right":"15","bottom":"15","left":"15","isLinked":true},"title_typography_typography":"custom","title_color":"#000000","title_margin":{"unit":"px","top":"0","right":"0","bottom":"18","left":"0","isLinked":false},"title_margin_tablet":{"unit":"px","top":"0","right":"0","bottom":"22","left":"0","isLinked":false},"sub_title_typography_typography":"custom","sub_title_typography_font_size_tablet":{"unit":"px","size":16,"sizes":[]},"sub_title_typography_line_height_tablet":{"unit":"px","size":19,"sizes":[]},"sub_title_typography_line_height_mobile":{"unit":"px","size":"","sizes":[]},"sub_title_color":"#000000","button_type":"subtle","show_button_icon":"alway","button_style":"subtle","button_link":{"url":"https:\/\/wpecomus.com\/kids\/product-category\/boys\/","is_external":"","nofollow":"","custom_attributes":""}},"elements":[],"isInner":false,"widgetType":"ecomus-banner","elType":"widget"}],"isInner":true,"elType":"container"}],"isInner":false,"elType":"container"},{"id":"33a62837","settings":{"padding":{"unit":"px","top":"70","right":"0","bottom":"75","left":"0","isLinked":false},"padding_mobile":{"unit":"px","top":"45","right":"0","bottom":"30","left":"0","isLinked":false}},"elements":[{"id":"1eebb90","settings":{"content_width":"full","limit":6,"heading":"Current Favorite Styles","link":{"url":"","is_external":"on","nofollow":"on","custom_attributes":""},"arrows_icon":{"value":{"url":"http:\/\/localhost\/ecomus\/wp-content\/uploads\/sites\/29\/2024\/06\/arrow-top.svg","id":1326},"library":"svg"},"show_heading":"yes","arrows_size":{"unit":"px","size":14,"sizes":[]},"slides_to_show_tablet":3,"slides_to_show_mobile":2,"slides_to_scroll_tablet":3,"slides_to_scroll_mobile":2,"image_spacing_custom_mobile":15,"tag":"favorite","arrows_prev_icon":{"value":{"url":"https:\/\/wpecomus.com\/kids\/wp-content\/uploads\/sites\/5\/2024\/07\/arrow-left-1.svg","id":3940},"library":"svg"},"arrows_next_icon":{"value":{"url":"https:\/\/wpecomus.com\/kids\/wp-content\/uploads\/sites\/5\/2024\/07\/arrow-right-1.svg","id":3941},"library":"svg"},"arrows_heading_size":{"unit":"px","size":12,"sizes":[]},"navigation_classes_tablet":"none","navigation_classes_mobile":"none"},"elements":[],"isInner":false,"widgetType":"ecomus-products-carousel","elType":"widget"}],"isInner":false,"elType":"container"},{"id":"66b6608a","settings":{"flex_direction":"row","flex_gap":{"unit":"px","size":0,"column":"0","row":"0","isLinked":true},"flex_gap_tablet":{"column":"","row":"","isLinked":true,"unit":"px","size":null},"flex_direction_mobile":"row-reverse"},"elements":[{"id":"54cc8ca5","settings":{"flex_direction":"column","content_width":"full","width":{"unit":"%","size":"50"},"flex_justify_content":"center","flex_align_items":"center","flex_align_items_tablet":"flex-start","flex_align_items_mobile":"center","flex_gap":{"column":"10","row":"10","isLinked":true,"unit":"px","size":10},"background_background":"classic","background_color":"#EAF7F9","padding_tablet":{"unit":"px","top":"0","right":"0","bottom":"0","left":"20","isLinked":false},"padding_mobile":{"unit":"px","top":"23","right":"15","bottom":"30","left":"15","isLinked":false},"flex_gap_mobile":{"column":"0","row":"0","isLinked":true,"unit":"px","size":0},"border_radius":{"unit":"px","top":"10","right":"0","bottom":"0","left":"10","isLinked":false}},"elements":[{"id":"451addc7","settings":{"content_width":"full","editor":"<p>SUMMER SALE 30% OFF<\/p>","text_color":"#000000","typography_typography":"custom","typography_font_weight":"700"},"elements":[],"isInner":false,"widgetType":"text-editor","elType":"widget"},{"id":"19bc3aba","settings":{"content_width":"full","title":"Winter-to-Spring","title_color":"#000000","typography_typography":"custom","typography_font_size_mobile":{"unit":"px","size":24,"sizes":[]},"_margin":{"unit":"px","top":"0","right":"0","bottom":"12","left":"0","isLinked":false},"title_size":"h3","align_mobile":"center","typography_font_size_tablet":{"unit":"px","size":40,"sizes":[]},"typography_line_height_tablet":{"unit":"px","size":48,"sizes":[]},"typography_line_height_mobile":{"unit":"px","size":"","sizes":[]},"_margin_mobile":{"unit":"px","top":"0","right":"0","bottom":"6","left":"0","isLinked":false}},"elements":[],"isInner":false,"widgetType":"ecomus-heading","elType":"widget"},{"id":"34e9bd68","settings":{"content_width":"full","editor":"Shop our luxury silk button-up blouses made with ultra-soft, <br class=\"hidden-xs hidden-sm hidden-md\" \/>washable silk.","text_color":"#000000","typography_typography":"custom","typography_font_size":{"unit":"px","size":16,"sizes":[]},"typography_font_weight":"400","typography_line_height":{"unit":"px","size":24,"sizes":[]},"align_mobile":"center","typography_font_size_mobile":{"unit":"px","size":14,"sizes":[]},"typography_line_height_mobile":{"unit":"px","size":20,"sizes":[]},"_margin":{"unit":"px","top":"0","right":"0","bottom":"25","left":"0","isLinked":false},"_margin_mobile":{"unit":"px","top":"0","right":"0","bottom":"15","left":"0","isLinked":false},"align":"center","align_tablet":"left","_margin_tablet":{"unit":"px","top":"0","right":"0","bottom":"15","left":"0","isLinked":false}},"elements":[],"isInner":false,"widgetType":"text-editor","elType":"widget"},{"id":"53988803","settings":{"content_width":"full","text":"Shop Collection","typography_typography":"custom","typography_font_weight":"500","border_radius":{"unit":"px","top":"60","right":"60","bottom":"60","left":"60","isLinked":true},"button_text":"Shop Collection","button_link":{"url":"https:\/\/wpecomus.com\/kids\/shop\/","is_external":"","nofollow":"","custom_attributes":""},"button_padding":{"unit":"px","top":"14","right":"24","bottom":"14","left":"24","isLinked":false}},"elements":[],"isInner":false,"widgetType":"ecomus-button","elType":"widget"}],"isInner":true,"elType":"container"},{"id":"480b1acd","settings":{"flex_direction":"column","content_width":"full","width":{"unit":"%","size":"50"}},"elements":[{"id":"144d0498","settings":{"content_width":"full","image":{"id":5119,"url":"https:\/\/wpecomus.com\/kids\/wp-content\/uploads\/sites\/5\/2024\/07\/homekid_img_1.webp","alt":"","source":"library","size":""},"image_size":"full","image_border_radius":{"unit":"px","top":"0","right":"10","bottom":"10","left":"0","isLinked":false}},"elements":[],"isInner":false,"widgetType":"image","elType":"widget"}],"isInner":true,"elType":"container"}],"isInner":false,"elType":"container"},{"id":"33983043","settings":{"content_width":"full","padding":{"unit":"px","top":"43","right":"0","bottom":"43","left":"0","isLinked":false},"padding_mobile":{"unit":"px","top":"13","right":"0","bottom":"13","left":"0","isLinked":false}},"elements":[{"id":"75361830","settings":{"content_width":"full","items":[{"text":"Shop the look","_id":"3cba4b8","icon":{"value":{"url":"https:\/\/wpecomus.com\/kids\/wp-content\/uploads\/sites\/5\/2024\/08\/Vector.svg","id":5351},"library":"svg"},"image":{"id":"","url":"https:\/\/wpecomus.com\/kids\/wp-content\/plugins\/elementor\/assets\/images\/placeholder.png"}}],"background_color":"#02010100","text_typography_typography":"custom","text_typography_font_size":{"unit":"px","size":68,"sizes":[]},"text_typography_line_height":{"unit":"px","size":85,"sizes":[]},"text_typography_font_size_tablet":{"unit":"px","size":60,"sizes":[]},"text_typography_font_size_mobile":{"unit":"px","size":32,"sizes":[]},"text_typography_line_height_tablet":{"unit":"px","size":65,"sizes":[]},"text_typography_line_height_mobile":{"unit":"px","size":40,"sizes":[]},"hover_pause":"","gap":{"unit":"px","size":50,"sizes":[]},"icon_size":{"unit":"px","size":43,"sizes":[]},"spacing":{"unit":"px","size":50,"sizes":[]},"speed":0.2,"gap_mobile":{"unit":"px","size":40,"sizes":[]},"spacing_mobile":{"unit":"px","size":40,"sizes":[]}},"elements":[],"isInner":false,"widgetType":"ecomus-marquee","elType":"widget"}],"isInner":false,"elType":"container"},{"id":"53b69e80","settings":{"flex_wrap_mobile":"nowrap"},"elements":[{"id":"174e55b9","settings":{"content_width":"full","image":{"id":5120,"url":"https:\/\/wpecomus.com\/kids\/wp-content\/uploads\/sites\/5\/2024\/07\/homekid_lb1.jpg","alt":"","source":"library","size":""},"items":[{"_id":"6ecf69e","product_items_ids":871,"product_items_position_x":{"unit":"%","size":24,"sizes":[]},"product_items_position_y":{"unit":"%","size":31,"sizes":[]},"product_content_items_position_y":{"unit":"px","size":-104,"sizes":[]}},{"_id":"f36a0ca","product_items_ids":766,"product_items_position_x":{"unit":"%","size":49,"sizes":[]},"product_items_position_y":{"unit":"%","size":70,"sizes":[]},"product_content_items_position_y":{"unit":"px","size":-104,"sizes":[]}},{"_id":"d4f31b6","product_items_ids":798,"product_items_position_x":{"unit":"%","size":24,"sizes":[]},"product_items_position_y":{"unit":"%","size":78,"sizes":[]},"product_content_items_position_y":{"unit":"px","size":-104,"sizes":[]}}],"aspect_ratio_type":"custom","aspect_ratio":"2880:1412","item_price_typography_font_size":{"unit":"px","size":33,"sizes":[]}},"elements":[],"isInner":false,"widgetType":"ecomus-image-hotspot","elType":"widget"}],"isInner":false,"elType":"container"},{"id":"15367ea1","settings":{"padding":{"unit":"px","top":"60","right":"0","bottom":"0","left":"0","isLinked":false},"padding_mobile":{"unit":"px","top":"30","right":"0","bottom":"0","left":"0","isLinked":false}},"elements":[{"id":"74dda722","settings":{"content_width":"full","icons_box":[{"icon":{"value":{"url":"https:\/\/wpecomus.com\/kids\/wp-content\/uploads\/sites\/5\/2024\/07\/shipping.svg","id":5133},"library":"svg"},"title":"Free Shipping","description":"Free shipping over orders $120","_id":"90c5178","title_size":"h6","image":{"id":5104,"url":"https:\/\/wpecomus.com\/kids\/wp-content\/uploads\/sites\/5\/2024\/08\/placeholder.png"}},{"icon":{"value":{"url":"https:\/\/wpecomus.com\/kids\/wp-content\/uploads\/sites\/5\/2024\/07\/payment-1.svg","id":5131},"library":"svg"},"title":"Flexible Payment","description":"Pay with Multiple Credit Cards","_id":"a97836f","title_size":"h6","image":{"id":5105,"url":"https:\/\/wpecomus.com\/kids\/wp-content\/uploads\/sites\/5\/2024\/08\/placeholder-1.png"}},{"icon":{"value":{"url":"https:\/\/wpecomus.com\/kids\/wp-content\/uploads\/sites\/5\/2024\/07\/return-1.svg","id":5132},"library":"svg"},"title":"14 Day Returns","description":"Within 30 days for an exchange.","_id":"e17d85b","title_size":"h6","image":{"id":5106,"url":"https:\/\/wpecomus.com\/kids\/wp-content\/uploads\/sites\/5\/2024\/08\/placeholder-2.png"}}],"icon_size":{"unit":"px","size":50,"sizes":[]},"icon_border_color":"#ECECEC","navigation_classes_tablet":"dots","navigation_classes_mobile":"dots","content_border_color":"#ECECEC","dots_spacing_mobile":{"unit":"px","size":10,"sizes":[]},"title_spacing":{"unit":"px","size":8,"sizes":[]},"icon_box_carousel_padding":{"unit":"px","top":"50","right":"0","bottom":"50","left":"0","isLinked":false},"icon_box_carousel_border_border":"solid","icon_box_carousel_border_width":{"unit":"px","top":"1","right":"1","bottom":"1","left":"1","isLinked":true},"icon_box_carousel_border_color":"#ECECEC","icon_box_carousel_border_between":"yes","icon_box_item_border_color_mobile":"#02010100","icon_box_carousel_padding_mobile":{"unit":"px","top":"35","right":"0","bottom":"35","left":"0","isLinked":false},"icon_box_carousel_border_width_tablet":{"unit":"px","top":"1","right":"1","bottom":"1","left":"1","isLinked":true},"icon_box_carousel_border_radius":{"unit":"px","top":"10","right":"10","bottom":"10","left":"10","isLinked":true},"icon_box_carousel_border_radius_mobile":{"unit":"px","top":"10","right":"10","bottom":"10","left":"10","isLinked":true},"alignment":"center","icon_spacing":{"unit":"px","size":21,"sizes":[]},"navigation_classes":"dots","title_typography_typography":"custom","title_typography_font_size_mobile":{"unit":"px","size":18,"sizes":[]},"icon_spacing_mobile":{"unit":"px","size":17,"sizes":[]},"dots_spacing":{"unit":"px","size":0,"sizes":[]},"dots_spacing_tablet":{"unit":"px","size":15,"sizes":[]}},"elements":[],"isInner":false,"widgetType":"ecomus-icon-box-carousel","elType":"widget"}],"isInner":false,"elType":"container"},{"id":"4e5663a6","settings":{"flex_direction":"column","boxed_width":{"unit":"px","size":1440,"sizes":[]},"flex_gap":{"column":"15","row":"15","isLinked":true,"unit":"px","size":15},"flex_gap_mobile":{"column":"5","row":"5","isLinked":true,"unit":"px","size":5},"padding":{"unit":"px","top":"54","right":"0","bottom":"054","left":"0","isLinked":false}},"elements":[{"id":"491e6a11","settings":{"title":"Shop Gram","title_size":"h4","align":"center","typography_typography":"custom","typography_font_size_tablet":{"unit":"px","size":32,"sizes":[]},"typography_font_size_mobile":{"unit":"px","size":22,"sizes":[]}},"elements":[],"isInner":false,"widgetType":"ecomus-heading","elType":"widget"},{"id":"432eb4d3","settings":{"editor":"<p>Inspire and let yourself be inspired, from one unique fashion to another.<\/p>","align":"center","text_color":"#545454","typography_typography":"custom","typography_font_family":"Albert Sans","typography_font_size":{"unit":"px","size":16,"sizes":[]},"typography_font_weight":"400","typography_line_height":{"unit":"px","size":22,"sizes":[]},"_margin":{"unit":"px","top":"0","right":"0","bottom":"26","left":"0","isLinked":false},"_margin_mobile":{"unit":"px","top":"0","right":"0","bottom":"10","left":"0","isLinked":false},"typography_font_size_mobile":{"unit":"px","size":14,"sizes":[]},"typography_line_height_mobile":{"unit":"px","size":20,"sizes":[]}},"elements":[],"isInner":false,"widgetType":"text-editor","elType":"widget"},{"id":"4891e10a","settings":{"content_width":"full","instagrams":[{"_id":"c129601","image":{"url":"https:\/\/wpecomus.com\/kids\/wp-content\/uploads\/sites\/5\/2024\/07\/kid_gallery_1.jpg","id":5124,"size":"","alt":"","source":"library"},"product_id":871},{"_id":"81f5025","image":{"url":"https:\/\/wpecomus.com\/kids\/wp-content\/uploads\/sites\/5\/2024\/07\/kid_gallery_2.jpg","id":5125,"size":"","alt":"","source":"library"},"product_id":798},{"_id":"3c1572e","image":{"url":"https:\/\/wpecomus.com\/kids\/wp-content\/uploads\/sites\/5\/2024\/07\/kid_gallery_3.jpg","id":5126,"size":"","alt":"","source":"library"},"product_id":782},{"_id":"ea69da4","image":{"url":"https:\/\/wpecomus.com\/kids\/wp-content\/uploads\/sites\/5\/2024\/07\/kid_gallery_4.jpg","id":5127,"size":"","alt":"","source":"library"},"product_id":775},{"_id":"7789cdf","image":{"url":"https:\/\/wpecomus.com\/kids\/wp-content\/uploads\/sites\/5\/2024\/07\/kid_gallery_5.jpg","id":5128,"size":"","alt":"","source":"library"},"product_id":766},{"_id":"23e28ce","image":{"url":"https:\/\/wpecomus.com\/kids\/wp-content\/uploads\/sites\/5\/2024\/07\/kid_gallery_6.jpg","id":5129,"size":"","alt":"","source":"library"},"product_id":754}],"slides_to_show_tablet":3,"slides_to_show_mobile":2,"slides_to_scroll_tablet":2,"slides_to_scroll_mobile":2,"image_spacing_custom_tablet":7,"navigation_classes":"none","navigation_classes_mobile":"dots","navigation_classes_tablet":"dots","dots_spacing_inside_tablet":{"unit":"px","size":25,"sizes":[]},"image_shape":"original","instagram_type":"custom","aspect_ratio_type":"square","image_spacing_custom_mobile":7},"elements":[],"isInner":false,"widgetType":"ecomus-instagram","elType":"widget"}],"isInner":false,"elType":"container"}],"page_settings":{"hide_page_header":"yes","content_top_spacing":"custom","content_top_padding":{"unit":"px","size":0,"sizes":[]},"content_bottom_spacing":"custom","content_bottom_padding":{"unit":"px","size":0,"sizes":[]}},"version":"0.4","title":"Home Multi Brand(Kids)","type":"page"}