{"content":[{"id":"1f56e4a0","settings":{"content_width":"full"},"elements":[{"id":"1b2ca3a4","settings":{"slides":[{"title":"Yow Surfskates Christenson Hole Shot<br\/> Surfskate","description":"$279.99","button_text":"Shop now","_id":"a36b6b2","before_title":"Multi-faceted Beauty","banner_background_img":{"id":6877,"url":"https:\/\/wpecomus.com\/skateboard\/wp-content\/uploads\/sites\/30\/2024\/12\/skate-sld-1.webp","alt":"","source":"library","size":""},"banner_background_img_mobile":{"url":"https:\/\/wpecomus.com\/skateboard\/wp-content\/uploads\/sites\/30\/2024\/12\/skate-sld-mb-1.webp","id":6880,"size":"","alt":"","source":"library"},"button_link":{"url":"https:\/\/wpecomus.com\/skateboard\/product\/yow-surfskates-christenson-hole-shot-surfskate\/","is_external":"","nofollow":"","custom_attributes":""}},{"title":"Element Skateboards Section Complete<br\/> Surfskate","description":"$71.99","button_text":"Shop now","before_title":"Multi-faceted Beauty","banner_background_img":{"id":6878,"url":"https:\/\/wpecomus.com\/skateboard\/wp-content\/uploads\/sites\/30\/2024\/12\/skate-sld-2.webp","alt":"","source":"library","size":""},"_id":"c3b3576","background_position_mobile":"center center","button_link":{"url":"https:\/\/wpecomus.com\/skateboard\/product\/element-skateboards-section-complete-skateboard\/","is_external":"","nofollow":"","custom_attributes":""}},{"title":"Foundation Skateboards Star & Moon White Complete<br\/> Surfskate","description":"$89.99","button_text":"Shop now","before_title":"Multi-faceted Beauty","banner_background_img":{"id":6879,"url":"https:\/\/wpecomus.com\/skateboard\/wp-content\/uploads\/sites\/30\/2024\/12\/skate-sld-3.webp","alt":"","source":"library","size":""},"_id":"efad158","banner_background_img_mobile":{"url":"https:\/\/wpecomus.com\/skateboard\/wp-content\/uploads\/sites\/30\/2024\/12\/skate-sld-mb-3.webp","id":6881,"size":"","alt":"","source":"library"},"button_link":{"url":"https:\/\/wpecomus.com\/skateboard\/product\/foundation-skateboards-star-moon-white-complete-skateboard\/","is_external":"","nofollow":"","custom_attributes":""}}],"slides_height":{"unit":"px","size":1070,"sizes":[]},"show_button_icon":"alway","slides_padding":{"unit":"px","top":"0","right":"0","bottom":"99","left":"0","isLinked":false},"slides_vertical_position":"bottom","button_style":"subtle","navigation_classes":"dots","title_typography_typography":"custom","title_typography_font_size":{"unit":"px","size":20,"sizes":[]},"title_typography_font_weight":"500","title_spacing":{"unit":"px","size":10,"sizes":[]},"before_title_typography_typography":"custom","before_title_typography_font_size":{"unit":"px","size":14,"sizes":[]},"before_title_typography_font_weight":"400","before_title_typography_text_transform":"none","before_title_spacing":{"unit":"px","size":0,"sizes":[]},"description_typography_typography":"custom","description_typography_font_size":{"unit":"px","size":20,"sizes":[]},"description_typography_font_weight":"500","description_spacing":{"unit":"px","size":30,"sizes":[]},"button_typography_typography":"custom","button_typography_font_size":{"unit":"px","size":14,"sizes":[]},"button_typography_font_weight":"600","dots_type":"","dots_position":"right","dot_align_position_right":"center","slides_height_tablet":{"unit":"px","size":432,"sizes":[]},"slides_height_mobile":{"unit":"px","size":350,"sizes":[]},"navigation_classes_tablet":"dots","slides_padding_tablet":{"unit":"px","top":"0","right":"0","bottom":"0","left":"0","isLinked":true},"slides_content_padding_tablet":{"unit":"px","top":"0","right":"0","bottom":"50","left":"40","isLinked":false},"slides_content_padding_mobile":{"unit":"px","top":"0","right":"0","bottom":"50","left":"19","isLinked":false},"title_typography_font_size_mobile":{"unit":"px","size":16,"sizes":[]},"description_spacing_mobile":{"unit":"px","size":20,"sizes":[]},"dots_gap_tablet":{"unit":"px","size":4,"sizes":[]},"dots_size_tablet":{"unit":"px","size":4,"sizes":[]},"dots_spacing_tablet":{"unit":"px","size":20,"sizes":[]},"button_icon_size":{"unit":"px","size":9,"sizes":[]},"autoplay":"yes","autoplay_speed":7000,"dot_position_right_spacing":{"unit":"px","size":30,"sizes":[]}},"elements":[],"isInner":false,"widgetType":"ecomus-slides","elType":"widget"}],"isInner":false,"elType":"container"},{"id":"283995f3","settings":{"content_width":"full","margin":{"unit":"px","top":"0","right":"0","bottom":"100","left":"0","isLinked":false},"margin_tablet":{"unit":"px","top":"0","right":"0","bottom":"85","left":"0","isLinked":false},"margin_mobile":{"unit":"px","top":"0","right":"0","bottom":"44","left":"0","isLinked":false}},"elements":[{"id":"32c9d570","settings":{"items":[{"text":"BUY NOW, PAY LATER WITH KLARNA","_id":"0543ede","icon":{"value":{"url":"https:\/\/wpecomus.com\/skateboard\/wp-content\/uploads\/sites\/30\/2024\/12\/Vector-star.svg","id":6882},"library":"svg"},"image":{"id":"","url":"https:\/\/wpecomus.com\/skateboard\/wp-content\/plugins\/elementor\/assets\/images\/placeholder.png"}},{"text":"FREE UK DELIVERY AND RETURNS ON ALL ORDERS","icon":{"value":{"url":"https:\/\/wpecomus.com\/skateboard\/wp-content\/uploads\/sites\/30\/2024\/12\/Vector-star.svg","id":6882},"library":"svg"},"_id":"de2891d","image":{"id":"","url":"https:\/\/wpecomus.com\/skateboard\/wp-content\/plugins\/elementor\/assets\/images\/placeholder.png"}}],"speed":0.1,"padding":{"unit":"px","top":"60","right":"0","bottom":"60","left":"0","isLinked":false},"padding_tablet":{"unit":"px","top":"50","right":"0","bottom":"50","left":"0","isLinked":false},"padding_mobile":{"unit":"px","top":"40","right":"0","bottom":"40","left":"0","isLinked":false},"gap":{"unit":"px","size":55,"sizes":[]},"gap_tablet":{"unit":"px","size":46,"sizes":[]},"gap_mobile":{"unit":"px","size":40,"sizes":[]},"background_color":"#FFFFFF","icon_size":{"unit":"px","size":43,"sizes":[]},"icon_size_mobile":{"unit":"px","size":20,"sizes":[]},"icon_color":"#000000","spacing":{"unit":"px","size":55,"sizes":[]},"spacing_tablet":{"unit":"px","size":46,"sizes":[]},"spacing_mobile":{"unit":"px","size":40,"sizes":[]},"text_typography_typography":"custom","text_typography_font_size":{"unit":"px","size":80,"sizes":[]},"text_typography_font_size_tablet":{"unit":"px","size":60,"sizes":[]},"text_typography_font_size_mobile":{"unit":"px","size":40,"sizes":[]},"text_typography_font_weight":"800","text_typography_text_transform":"uppercase","text_typography_line_height_tablet":{"unit":"custom","size":"","sizes":[]},"text_typography_line_height_mobile":{"unit":"custom","size":"","sizes":[]},"text_color":"#000000","_border_border":"solid","_border_width":{"unit":"px","top":"0","right":"0","bottom":"1","left":"0","isLinked":false},"_border_color":"#EBEBEB"},"elements":[],"isInner":false,"widgetType":"ecomus-marquee","elType":"widget"}],"isInner":false,"elType":"container"},{"id":"1f126b43","settings":{"flex_direction":"row","flex_gap":{"column":"30","row":"30","isLinked":true,"unit":"px","size":30},"flex_gap_mobile":{"column":"15","row":"15","isLinked":true,"unit":"px","size":15},"margin":{"unit":"px","top":"0","right":"0","bottom":"63","left":"0","isLinked":false},"margin_tablet":{"unit":"px","top":"0","right":"0","bottom":"53","left":"0","isLinked":false},"margin_mobile":{"unit":"px","top":"0","right":"0","bottom":"31","left":"0","isLinked":false}},"elements":[{"id":"5753eb73","settings":{"content_width":"full"},"elements":[{"id":"4d8a1bd2","settings":{"image":{"id":6883,"url":"https:\/\/wpecomus.com\/skateboard\/wp-content\/uploads\/sites\/30\/2024\/12\/skate-bn-1.webp","alt":"","source":"library","size":""},"title":"UP TO 30% OFF","title_size":"div","sub_title":"NEW SKATE DECKS","height":{"unit":"px","size":500,"sizes":[]},"height_tablet":{"unit":"px","size":300,"sizes":[]},"height_mobile":{"unit":"px","size":315,"sizes":[]},"button_text":"Shop now","text_align":"center","title_typography_typography":"custom","title_typography_font_size":{"unit":"px","size":14,"sizes":[]},"title_typography_font_weight":"700","title_typography_text_transform":"uppercase","title_margin":{"unit":"px","top":"0","right":"0","bottom":"5","left":"0","isLinked":false},"title_margin_tablet":{"unit":"px","top":"0","right":"0","bottom":"3","left":"0","isLinked":false},"title_margin_mobile":{"unit":"px","top":"0","right":"0","bottom":"2","left":"0","isLinked":false},"sub_title_typography_typography":"custom","sub_title_typography_font_size":{"unit":"px","size":28,"sizes":[]},"sub_title_typography_font_size_tablet":{"unit":"px","size":20,"sizes":[]},"sub_title_typography_font_size_mobile":{"unit":"px","size":18,"sizes":[]},"sub_title_typography_font_weight":"800","sub_title_typography_text_transform":"uppercase","sub_title_typography_line_height":{"unit":"px","size":33,"sizes":[]},"sub_title_typography_line_height_tablet":{"unit":"px","size":24,"sizes":[]},"sub_title_typography_line_height_mobile":{"unit":"px","size":21,"sizes":[]},"sub_title_margin":{"unit":"px","top":"0","right":"0","bottom":"22","left":"0","isLinked":false},"sub_title_margin_tablet":{"unit":"px","top":"0","right":"0","bottom":"16","left":"0","isLinked":false},"sub_title_margin_mobile":{"unit":"px","top":"0","right":"0","bottom":"11","left":"0","isLinked":false},"button_margin_mobile":{"unit":"px","top":"0","right":"0","bottom":"15","left":"0","isLinked":false},"button_style":"","button_padding_mobile":{"unit":"px","top":"10","right":"25","bottom":"9","left":"25","isLinked":false},"_border_border":"solid","_border_width":{"unit":"px","top":"1","right":"1","bottom":"1","left":"1","isLinked":true},"_border_color":"#000000","button_link":{"url":"https:\/\/wpecomus.com\/skateboard\/shop\/","is_external":"","nofollow":"","custom_attributes":""}},"elements":[],"isInner":false,"widgetType":"ecomus-banner","elType":"widget"}],"isInner":true,"elType":"container"},{"id":"192d43bc","settings":{"content_width":"full"},"elements":[{"id":"7fa61b3a","settings":{"image":{"id":6884,"url":"https:\/\/wpecomus.com\/skateboard\/wp-content\/uploads\/sites\/30\/2024\/12\/skate-bn-2.webp","alt":"","source":"library","size":""},"title":"UP TO 30% OFF","title_size":"div","sub_title":"Season Collection","height":{"unit":"px","size":500,"sizes":[]},"height_tablet":{"unit":"px","size":300,"sizes":[]},"height_mobile":{"unit":"px","size":315,"sizes":[]},"button_text":"Shop now","text_align":"center","title_typography_typography":"custom","title_typography_font_size":{"unit":"px","size":14,"sizes":[]},"title_typography_font_weight":"700","title_typography_text_transform":"uppercase","title_margin":{"unit":"px","top":"0","right":"0","bottom":"5","left":"0","isLinked":false},"title_margin_tablet":{"unit":"px","top":"0","right":"0","bottom":"3","left":"0","isLinked":false},"title_margin_mobile":{"unit":"px","top":"0","right":"0","bottom":"2","left":"0","isLinked":false},"sub_title_typography_typography":"custom","sub_title_typography_font_size":{"unit":"px","size":28,"sizes":[]},"sub_title_typography_font_size_tablet":{"unit":"px","size":20,"sizes":[]},"sub_title_typography_font_size_mobile":{"unit":"px","size":18,"sizes":[]},"sub_title_typography_font_weight":"800","sub_title_typography_text_transform":"uppercase","sub_title_typography_line_height":{"unit":"px","size":33,"sizes":[]},"sub_title_typography_line_height_tablet":{"unit":"px","size":24,"sizes":[]},"sub_title_typography_line_height_mobile":{"unit":"px","size":21,"sizes":[]},"sub_title_margin":{"unit":"px","top":"0","right":"0","bottom":"22","left":"0","isLinked":false},"sub_title_margin_tablet":{"unit":"px","top":"0","right":"0","bottom":"16","left":"0","isLinked":false},"sub_title_margin_mobile":{"unit":"px","top":"0","right":"0","bottom":"11","left":"0","isLinked":false},"button_margin_mobile":{"unit":"px","top":"0","right":"0","bottom":"15","left":"0","isLinked":false},"button_style":"","button_padding_mobile":{"unit":"px","top":"10","right":"25","bottom":"9","left":"25","isLinked":false},"_border_border":"solid","_border_width":{"unit":"px","top":"1","right":"1","bottom":"1","left":"1","isLinked":true},"_border_color":"#000000","button_link":{"url":"https:\/\/wpecomus.com\/skateboard\/shop\/","is_external":"","nofollow":"","custom_attributes":""}},"elements":[],"isInner":false,"widgetType":"ecomus-banner","elType":"widget"}],"isInner":true,"elType":"container"},{"id":"35f36a4a","settings":{"content_width":"full"},"elements":[{"id":"3be2c224","settings":{"image":{"id":6885,"url":"https:\/\/wpecomus.com\/skateboard\/wp-content\/uploads\/sites\/30\/2024\/12\/skate-bn-3.webp","alt":"","source":"library","size":""},"title":"UP TO 30% OFF","title_size":"div","sub_title":"Accessories","height":{"unit":"px","size":500,"sizes":[]},"height_tablet":{"unit":"px","size":300,"sizes":[]},"height_mobile":{"unit":"px","size":315,"sizes":[]},"button_text":"Shop now","text_align":"center","title_typography_typography":"custom","title_typography_font_size":{"unit":"px","size":14,"sizes":[]},"title_typography_font_weight":"700","title_typography_text_transform":"uppercase","title_color":"#000000","title_margin":{"unit":"px","top":"0","right":"0","bottom":"5","left":"0","isLinked":false},"title_margin_tablet":{"unit":"px","top":"0","right":"0","bottom":"3","left":"0","isLinked":false},"title_margin_mobile":{"unit":"px","top":"0","right":"0","bottom":"2","left":"0","isLinked":false},"sub_title_typography_typography":"custom","sub_title_typography_font_size":{"unit":"px","size":28,"sizes":[]},"sub_title_typography_font_size_tablet":{"unit":"px","size":20,"sizes":[]},"sub_title_typography_font_size_mobile":{"unit":"px","size":18,"sizes":[]},"sub_title_typography_font_weight":"800","sub_title_typography_text_transform":"uppercase","sub_title_typography_line_height":{"unit":"px","size":33,"sizes":[]},"sub_title_typography_line_height_tablet":{"unit":"px","size":24,"sizes":[]},"sub_title_typography_line_height_mobile":{"unit":"px","size":21,"sizes":[]},"sub_title_color":"#000000","sub_title_margin":{"unit":"px","top":"0","right":"0","bottom":"22","left":"0","isLinked":false},"sub_title_margin_tablet":{"unit":"px","top":"0","right":"0","bottom":"16","left":"0","isLinked":false},"sub_title_margin_mobile":{"unit":"px","top":"0","right":"0","bottom":"11","left":"0","isLinked":false},"button_margin_mobile":{"unit":"px","top":"0","right":"0","bottom":"15","left":"0","isLinked":false},"button_style":"","button_padding_mobile":{"unit":"px","top":"10","right":"25","bottom":"9","left":"25","isLinked":false},"_border_border":"solid","_border_width":{"unit":"px","top":"1","right":"1","bottom":"1","left":"1","isLinked":true},"_border_color":"#000000","button_link":{"url":"https:\/\/wpecomus.com\/skateboard\/shop\/","is_external":"","nofollow":"","custom_attributes":""}},"elements":[],"isInner":false,"widgetType":"ecomus-banner","elType":"widget"}],"isInner":true,"elType":"container"}],"isInner":false,"elType":"container"},{"id":"4b35f7d5","settings":{"margin":{"unit":"px","top":"0","right":"0","bottom":"66","left":"0","isLinked":false},"margin_tablet":{"unit":"px","top":"0","right":"0","bottom":"56","left":"0","isLinked":false},"margin_mobile":{"unit":"px","top":"0","right":"0","bottom":"49","left":"0","isLinked":false},"flex_gap":{"column":"0","row":"0","isLinked":true,"unit":"px","size":0}},"elements":[{"id":"39d84e71","settings":{"items":[{"_id":"59005f5","image":{"id":6886,"url":"https:\/\/wpecomus.com\/skateboard\/wp-content\/uploads\/sites\/30\/2024\/12\/brand-1.png","alt":"","source":"library","size":""},"link":{"url":"","is_external":"","nofollow":"","custom_attributes":""}},{"_id":"af02832","image":{"id":6887,"url":"https:\/\/wpecomus.com\/skateboard\/wp-content\/uploads\/sites\/30\/2024\/12\/Brand-2.png","alt":"","source":"library","size":""},"link":{"url":"","is_external":"","nofollow":"","custom_attributes":""}},{"_id":"dba0e9f","image":{"id":6888,"url":"https:\/\/wpecomus.com\/skateboard\/wp-content\/uploads\/sites\/30\/2024\/12\/brand-3.png","alt":"","source":"library","size":""},"link":{"url":"","is_external":"","nofollow":"","custom_attributes":""}},{"_id":"f52b6c1","image":{"id":6889,"url":"https:\/\/wpecomus.com\/skateboard\/wp-content\/uploads\/sites\/30\/2024\/12\/brand-4.png","alt":"","source":"library","size":""},"link":{"url":"","is_external":"","nofollow":"","custom_attributes":""}},{"_id":"e0d4224","image":{"id":6890,"url":"https:\/\/wpecomus.com\/skateboard\/wp-content\/uploads\/sites\/30\/2024\/12\/brand-5.png","alt":"","source":"library","size":""},"link":{"url":"","is_external":"","nofollow":"","custom_attributes":""}},{"_id":"78a5e89","image":{"id":6891,"url":"https:\/\/wpecomus.com\/skateboard\/wp-content\/uploads\/sites\/30\/2024\/12\/brand-6.png","alt":"","source":"library","size":""},"link":{"url":"","is_external":"","nofollow":"","custom_attributes":""}}],"slides_to_show_tablet":3,"slides_to_show_mobile":2,"navigation_classes_mobile":"dots","navigation_classes":"none","navigation_classes_tablet":"dots"},"elements":[],"isInner":false,"widgetType":"ecomus-image-carousel","elType":"widget"}],"isInner":false,"elType":"container"},{"id":"36f79cd8","settings":{"margin":{"unit":"px","top":"0","right":"0","bottom":"78","left":"0","isLinked":false},"margin_tablet":{"unit":"px","top":"0","right":"0","bottom":"66","left":"0","isLinked":false},"margin_mobile":{"unit":"px","top":"0","right":"0","bottom":"39","left":"0","isLinked":false}},"elements":[{"id":"75b419c3","settings":{"show_heading":"yes","heading":"Shop by categories","source":"custom","items":[{"image":{"id":6810,"url":"https:\/\/wpecomus.com\/skateboard\/wp-content\/uploads\/sites\/30\/2024\/12\/skate-cat-1.webp","alt":"","source":"library","size":""},"_id":"bbaa461","product_cat":"skateboards"},{"image":{"id":6811,"url":"https:\/\/wpecomus.com\/skateboard\/wp-content\/uploads\/sites\/30\/2024\/12\/skate-cat-2.webp","alt":"","source":"library","size":""},"product_cat":"accessories","_id":"173a05e"},{"image":{"id":6812,"url":"https:\/\/wpecomus.com\/skateboard\/wp-content\/uploads\/sites\/30\/2024\/12\/skate-cat-3.webp","alt":"","source":"library","size":""},"product_cat":"clothing","_id":"94c8fe8"},{"image":{"id":6813,"url":"https:\/\/wpecomus.com\/skateboard\/wp-content\/uploads\/sites\/30\/2024\/12\/skate-cat-4.webp","alt":"","source":"library","size":""},"product_cat":"safety","_id":"dbb3a20"},{"image":{"id":6809,"url":"https:\/\/wpecomus.com\/skateboard\/wp-content\/uploads\/sites\/30\/2024\/12\/skate-cat-5.webp","alt":"","source":"library","size":""},"product_cat":"surf","_id":"68f4846"}],"button_text":"","show_button_icon":"alway","aspect_ratio_type":"vertical","slidesperview_auto":"yes","image_spacing":{"unit":"px","size":19,"sizes":[]},"title_typography_typography":"custom","title_typography_font_size":{"unit":"px","size":16,"sizes":[]},"title_typography_font_weight":"800","title_typography_text_transform":"uppercase","title_typography_letter_spacing":{"unit":"px","size":0.7,"sizes":[]},"title_spacing":{"unit":"px","size":0,"sizes":[]},"count_spacing":{"unit":"px","size":5,"sizes":[]},"button_padding":{"unit":"px","top":"0","right":"0","bottom":"0","left":"0","isLinked":true},"button_border_radius":{"unit":"px","top":"100","right":"100","bottom":"100","left":"100","isLinked":true},"button_min_width":{"unit":"px","size":45,"sizes":[]},"button_min_height":{"unit":"px","size":45,"sizes":[]},"button_icon_indent":{"unit":"px","size":0,"sizes":[]},"button_icon_size":{"unit":"px","size":10,"sizes":[]},"slides_to_show_tablet":3,"slides_to_show_mobile":1,"slides_to_scroll_tablet":1,"slides_to_scroll_mobile":1,"image_spacing_custom_mobile":15,"navigation_classes":"none","navigation_classes_tablet":"none","navigation_classes_mobile":"none","slidesperview_auto_tablet":"yes","slidesperview_auto_mobile":"yes","heading_typography_typography":"custom","heading_typography_font_size":{"unit":"px","size":28,"sizes":[]},"heading_typography_font_size_mobile":{"unit":"px","size":18,"sizes":[]},"heading_typography_font_weight":"800","heading_typography_text_transform":"uppercase","heading_padding":{"unit":"px","top":"0","right":"0","bottom":"0","left":"0","isLinked":false},"image_spacing_mobile":{"unit":"px","size":15,"sizes":[]},"arrows_heading_width_mobile":{"unit":"px","size":24,"sizes":[]},"arrows_heading_height_mobile":{"unit":"px","size":24,"sizes":[]},"orderby":"menu_order","arrows_heading_size":{"unit":"px","size":11,"sizes":[]},"view_all_btn_title":"View All","view_all_btn_text":"Click here"},"elements":[],"isInner":false,"widgetType":"ecomus-categories-carousel","elType":"widget"}],"isInner":false,"elType":"container"},{"id":"2cec4edc","settings":{"background_background":"classic","background_color":"#F6F6F6","padding":{"unit":"px","top":"91","right":"0","bottom":"100","left":"0","isLinked":false},"padding_tablet":{"unit":"px","top":"77","right":"0","bottom":"85","left":"0","isLinked":false},"padding_mobile":{"unit":"px","top":"68","right":"0","bottom":"75","left":"0","isLinked":false}},"elements":[{"id":"1966c677","settings":{"show_heading":"yes","heading":"SKATEBOARDS","hide_rating":"none","slides_to_show_tablet":3,"slides_to_show_mobile":1,"slides_to_scroll_tablet":1,"image_spacing_custom_mobile":15,"navigation_classes":"none","navigation_classes_tablet":"none","navigation_classes_mobile":"none","slidesperview_auto":"yes","slidesperview_auto_tablet":"yes","slidesperview_auto_mobile":"yes","heading_typography_typography":"custom","heading_typography_font_size":{"unit":"px","size":28,"sizes":[]},"heading_typography_font_size_mobile":{"unit":"px","size":18,"sizes":[]},"heading_typography_font_weight":"700","heading_typography_text_transform":"uppercase","heading_spacing":{"unit":"px","size":60,"sizes":[]},"heading_spacing_tablet":{"unit":"px","size":50,"sizes":[]},"heading_spacing_mobile":{"unit":"px","size":30,"sizes":[]},"product_image_border_border":"solid","product_image_border_width":{"unit":"px","top":"1","right":"1","bottom":"1","left":"1","isLinked":true},"product_image_border_color":"#000000","product_summary_padding":{"unit":"px","top":"11","right":"0","bottom":"0","left":"0","isLinked":false},"product_title_typography_typography":"custom","product_title_typography_font_size":{"unit":"px","size":14,"sizes":[]},"product_title_typography_font_weight":"700","product_title_typography_text_transform":"uppercase","product_title_typography_line_height":{"unit":"px","size":16.8,"sizes":[]},"button_style":"light","button_icon_indent":{"unit":"px","size":0,"sizes":[]},"button_icon_size":{"unit":"px","size":10,"sizes":[]},"category":"skateboards","arrows_heading_size":{"unit":"px","size":11,"sizes":[]},"product_image_border":"yes"},"elements":[],"isInner":false,"widgetType":"ecomus-products-carousel","elType":"widget"}],"isInner":false,"elType":"container"},{"id":"65dbf30a","settings":{"flex_direction":"column","flex_direction_tablet":"column","padding":{"unit":"px","top":"100","right":"0","bottom":"100","left":"0","isLinked":false},"padding_tablet":{"unit":"px","top":"45","right":"0","bottom":"45","left":"0","isLinked":false},"padding_mobile":{"unit":"px","top":"50","right":"0","bottom":"50","left":"0","isLinked":false}},"elements":[{"id":"6d59ad91","settings":{"content_width":"full","flex_direction":"row-reverse","flex_direction_tablet":"column-reverse","flex_gap":{"column":"0","row":"0","isLinked":false,"unit":"px","size":0},"overflow":"hidden","flex_direction_mobile":"column","flex_gap_tablet":{"column":"","row":"","isLinked":true,"unit":"px","size":null}},"elements":[{"id":"d1d0990","settings":{"flex_direction":"column","content_width":"full","width":{"unit":"%","size":"50"},"width_tablet":{"unit":"%","size":100,"sizes":[]},"width_mobile":{"unit":"%","size":"","sizes":[]}},"elements":[{"id":"632aa80d","settings":{"content_width":"full","image":{"id":6892,"url":"https:\/\/wpecomus.com\/skateboard\/wp-content\/uploads\/sites\/30\/2024\/12\/skate-bn-4.webp","alt":"","source":"library","size":""},"image_size":"full","height_tablet":{"unit":"%","size":100,"sizes":[]},"height_mobile":{"unit":"%","size":"","sizes":[]},"object-fit_tablet":"cover","image_border_radius":{"unit":"px","top":"0","right":"0","bottom":"0","left":"0","isLinked":true},"_flex_size_tablet":"grow","width":{"unit":"%","size":100,"sizes":[]}},"elements":[],"isInner":false,"widgetType":"image","elType":"widget"}],"isInner":true,"elType":"container"},{"id":"5c02ea1e","settings":{"flex_direction":"column","content_width":"full","width":{"unit":"%","size":"50"},"flex_gap":{"column":"0","row":"0","isLinked":true,"unit":"px","size":0},"background_background":"classic","background_color":"#E6FE5E","padding":{"unit":"px","top":"20","right":"20","bottom":"20","left":"86","isLinked":false},"padding_tablet":{"unit":"px","top":"20","right":"20","bottom":"50","left":"20","isLinked":false},"padding_mobile":{"unit":"px","top":"29","right":"14","bottom":"24","left":"14","isLinked":false},"width_tablet":{"unit":"%","size":100,"sizes":[]},"width_mobile":{"unit":"%","size":"","sizes":[]},"flex_justify_content":"center","flex_justify_content_tablet":"center","flex_direction_mobile":"column","flex_justify_content_mobile":"center"},"elements":[{"id":"5295c431","settings":{"content_width":"full","title":"CUSTOM<br \/> SKATEBOARD","typography_typography":"custom","typography_font_size":{"unit":"px","size":52,"sizes":[]},"typography_font_size_tablet":{"unit":"px","size":40,"sizes":[]},"typography_font_size_mobile":{"unit":"px","size":24,"sizes":[]},"typography_font_weight":"800","_margin":{"unit":"px","top":"0","right":"0","bottom":"24","left":"0","isLinked":false},"_margin_mobile":{"unit":"px","top":"0","right":"0","bottom":"16","left":"0","isLinked":false},"_margin_tablet":{"unit":"px","top":"0","right":"0","bottom":"18","left":"0","isLinked":false},"typography_text_transform":"uppercase"},"elements":[],"isInner":false,"widgetType":"ecomus-heading","elType":"widget"},{"id":"7b3b67e8","settings":{"content_width":"full","title":"Shop our luxury silk button-up blouses made with ultra-soft, washable silk.","title_size":"p","title_color":"#000000","typography_typography":"custom","typography_font_size":{"unit":"px","size":16,"sizes":[]},"typography_font_weight":"400","_margin":{"unit":"px","top":"0","right":"0","bottom":"34","left":"0","isLinked":false},"_margin_mobile":{"unit":"px","top":"0","right":"0","bottom":"18","left":"0","isLinked":false},"typography_font_size_mobile":{"unit":"px","size":14,"sizes":[]},"_margin_tablet":{"unit":"px","top":"0","right":"0","bottom":"24","left":"0","isLinked":false},"alignment_mobile":"center"},"elements":[],"isInner":false,"widgetType":"ecomus-heading","elType":"widget"},{"id":"68c0eb09","settings":{"content_width":"full","text":"Shop Collection","typography_typography":"custom","typography_font_size":{"unit":"px","size":14,"sizes":[]},"typography_font_weight":"600","border_radius":{"unit":"px","top":"60","right":"60","bottom":"60","left":"60","isLinked":true},"text_padding":{"unit":"px","top":"15","right":"31","bottom":"15","left":"31","isLinked":false},"text_padding_mobile":{"unit":"px","top":"11","right":"26","bottom":"11","left":"26","isLinked":false},"button_text":"Shop Collection","button_style":"subtle","show_button_icon":"alway","button_link":{"url":"https:\/\/wpecomus.com\/skateboard\/shop\/","is_external":"","nofollow":"","custom_attributes":""}},"elements":[],"isInner":false,"widgetType":"ecomus-button","elType":"widget"}],"isInner":true,"elType":"container"}],"isInner":true,"elType":"container"}],"isInner":false,"elType":"container"},{"id":"3ef118b5","settings":{"background_background":"classic","background_color":"#F6F6F6","padding":{"unit":"px","top":"91","right":"0","bottom":"100","left":"0","isLinked":false},"padding_tablet":{"unit":"px","top":"77","right":"0","bottom":"85","left":"0","isLinked":false},"padding_mobile":{"unit":"px","top":"68","right":"0","bottom":"75","left":"0","isLinked":false}},"elements":[{"id":"4a27da5a","settings":{"show_heading":"yes","heading":"Accessories","hide_rating":"none","slides_to_show_tablet":3,"slides_to_show_mobile":1,"slides_to_scroll_tablet":1,"image_spacing_custom_mobile":15,"navigation_classes":"none","navigation_classes_tablet":"none","navigation_classes_mobile":"none","slidesperview_auto":"yes","slidesperview_auto_tablet":"yes","slidesperview_auto_mobile":"yes","heading_typography_typography":"custom","heading_typography_font_size":{"unit":"px","size":28,"sizes":[]},"heading_typography_font_size_mobile":{"unit":"px","size":18,"sizes":[]},"heading_typography_font_weight":"700","heading_typography_text_transform":"uppercase","heading_spacing":{"unit":"px","size":60,"sizes":[]},"heading_spacing_tablet":{"unit":"px","size":50,"sizes":[]},"heading_spacing_mobile":{"unit":"px","size":30,"sizes":[]},"product_image_border_border":"solid","product_image_border_width":{"unit":"px","top":"1","right":"1","bottom":"1","left":"1","isLinked":true},"product_image_border_color":"#000000","product_summary_padding":{"unit":"px","top":"11","right":"0","bottom":"0","left":"0","isLinked":false},"product_title_typography_typography":"custom","product_title_typography_font_size":{"unit":"px","size":14,"sizes":[]},"product_title_typography_font_weight":"700","product_title_typography_text_transform":"uppercase","product_title_typography_line_height":{"unit":"px","size":16.8,"sizes":[]},"button_style":"light","button_icon_indent":{"unit":"px","size":0,"sizes":[]},"button_icon_size":{"unit":"px","size":10,"sizes":[]},"category":"accessories","arrows_heading_size":{"unit":"px","size":11,"sizes":[]},"_padding":{"unit":"px","top":"0","right":"3","bottom":"0","left":"0","isLinked":false},"product_image_border":"yes"},"elements":[],"isInner":false,"widgetType":"ecomus-products-carousel","elType":"widget"}],"isInner":false,"elType":"container"},{"id":"5effcf5f","settings":{"flex_direction":"column","background_background":"classic","background_image":{"id":6893,"url":"https:\/\/wpecomus.com\/skateboard\/wp-content\/uploads\/sites\/30\/2024\/12\/skate-bn-5.webp","alt":"","source":"library","size":""},"background_position":"center center","background_size":"cover","padding":{"unit":"px","top":"100","right":"0","bottom":"68","left":"0","isLinked":false},"padding_tablet":{"unit":"px","top":"85","right":"0","bottom":"57","left":"0","isLinked":false},"padding_mobile":{"unit":"px","top":"40","right":"0","bottom":"27","left":"0","isLinked":false}},"elements":[{"id":"4822eff7","settings":{"content_width":"full","flex_gap":{"column":"0","row":"0","isLinked":true,"unit":"px","size":0}},"elements":[{"id":"7d16a756","settings":{"title":"TESTIMONIALS","title_size":"h4","align":"center","title_color":"#FFFFFF","typography_typography":"custom","typography_font_size_tablet":{"unit":"px","size":32,"sizes":[]},"typography_font_size_mobile":{"unit":"px","size":22,"sizes":[]},"typography_font_weight":"800","typography_text_transform":"uppercase","_margin":{"unit":"px","top":"0","right":"0","bottom":"18","left":"0","isLinked":false}},"elements":[],"isInner":false,"widgetType":"ecomus-heading","elType":"widget"},{"id":"769d6b15","settings":{"title":"Where wishlists come true. Discover the pieces of their (or your) dreams.","title_size":"div","align":"center","title_color":"#FFFFFF","_margin":{"unit":"px","top":"0","right":"0","bottom":"30","left":"0","isLinked":false}},"elements":[],"isInner":false,"widgetType":"ecomus-heading","elType":"widget"},{"id":"321f1294","settings":{"content_width":"full","testimonials":[{"testimonial_name":"Loretta","_id":"8e4b731","testimonial_text":"Verify customer","testimonial_title":"A minimalist dream","testimonial_content":"Exceptional quality at a fraction of the price you would pay for big brands. Very elegant, discreet and beautiful materials."},{"testimonial_name":"Sandra","_id":"704b911","testimonial_text":"Verify customer","testimonial_title":"Perfect meals for Mums.","testimonial_content":"Meals are delicious and great selection to choose from. I like the large portion option & info showing nutritional value."},{"testimonial_name":"Loretta","_id":"ddd8c44","testimonial_text":"Verify customer","testimonial_title":"Majority of meals are fantastic!","testimonial_content":"Everything is sent out on Thursdays, comes packed neatly alongside ice packs so the food is always kept cold even."},{"testimonial_name":"Sandra","_id":"8f97f84","testimonial_text":"Verify customer","testimonial_title":"Best Online Fashion Site","testimonial_content":"I'm impressed with the durability of the furniture collection. Even after years of use, the pieces still look."},{"testimonial_name":"Loretta","_id":"f6c7894","testimonial_text":"Verify customer","testimonial_title":"Best Customer Service","testimonial_content":"The user-friendly interface and excellent customer service make shopping a breeze. Highly recommended."}],"navigation_classes":"dots","navigation_classes_tablet":"dots","navigation_classes_mobile":"dots","item_padding_mobile":{"unit":"px","top":"20","right":"23","bottom":"30","left":"23","isLinked":false},"item_border_radius":{"unit":"px","top":"0","right":"0","bottom":"0","left":"0","isLinked":true},"dots_size":{"unit":"px","size":20,"sizes":[]},"dots_size_mobile":{"unit":"px","size":16,"sizes":[]},"dots_spacing":{"unit":"px","size":59,"sizes":[]},"dots_spacing_tablet":{"unit":"px","size":44,"sizes":[]},"dots_spacing_mobile":{"unit":"px","size":15,"sizes":[]},"dot_item_color":"#FFFFFF33","dot_item_active_color":"#FFFFFF"},"elements":[],"isInner":false,"widgetType":"ecomus-testimonial-carousel-3","elType":"widget"}],"isInner":true,"elType":"container"}],"isInner":false,"elType":"container"},{"id":"1ca068e","settings":{"padding":{"unit":"px","top":"65","right":"0","bottom":"69","left":"0","isLinked":false},"padding_tablet":{"unit":"px","top":"55","right":"0","bottom":"58","left":"0","isLinked":false},"padding_mobile":{"unit":"px","top":"48","right":"0","bottom":"51","left":"0","isLinked":false}},"elements":[{"id":"30c5d8c4","settings":{"icons_box":[{"icon":{"value":{"url":"https:\/\/wpecomus.com\/skateboard\/wp-content\/uploads\/sites\/30\/2024\/06\/box.svg","id":1397},"library":"svg"},"title":"Free Shipping","description":"You will love at great low prices","_id":"de4ff24","image":{"id":6869,"url":"https:\/\/wpecomus.com\/skateboard\/wp-content\/uploads\/sites\/30\/2024\/12\/placeholder.png"}},{"icon":{"value":{"url":"https:\/\/wpecomus.com\/skateboard\/wp-content\/uploads\/sites\/30\/2024\/06\/card.svg","id":1398},"library":"svg"},"title":"Flexible Payment","description":"Pay with Multiple Credit Cards","_id":"88ea46c","image":{"id":6870,"url":"https:\/\/wpecomus.com\/skateboard\/wp-content\/uploads\/sites\/30\/2024\/12\/placeholder-1.png"}},{"icon":{"value":{"url":"https:\/\/wpecomus.com\/skateboard\/wp-content\/uploads\/sites\/30\/2024\/06\/return.svg","id":1399},"library":"svg"},"title":"14 Day Returns","description":"Within 30 days for an exchange","_id":"de1c343","image":{"id":6871,"url":"https:\/\/wpecomus.com\/skateboard\/wp-content\/uploads\/sites\/30\/2024\/12\/placeholder-2.png"}},{"icon":{"value":{"url":"https:\/\/wpecomus.com\/skateboard\/wp-content\/uploads\/sites\/30\/2024\/06\/support.svg","id":1400},"library":"svg"},"title":"Premium Support","description":"Outstanding premium support","_id":"12b5313","image":{"id":6872,"url":"https:\/\/wpecomus.com\/skateboard\/wp-content\/uploads\/sites\/30\/2024\/12\/placeholder-3.png"}}],"slides_to_show":4,"slides_to_show_tablet":2,"slides_to_show_mobile":1,"slides_to_scroll_tablet":2,"slides_to_scroll_mobile":1,"navigation_classes":"none","navigation_classes_tablet":"dots","position":"left","position_mobile":"top","vertical_alignment":"middle","alignment_mobile":"center","title_color":"#000000","title_typography_typography":"custom","title_typography_font_size":{"unit":"px","size":14,"sizes":[]},"title_spacing":{"unit":"px","size":10,"sizes":[]},"description_color":"#545454","description_typography_typography":"custom","description_typography_font_size":{"unit":"px","size":14,"sizes":[]},"icon_color":"#000000","icon_size":{"unit":"px","size":30,"sizes":[]},"icon_size_mobile":{"unit":"px","size":29,"sizes":[]},"icon_border_border":"solid","icon_border_width":{"unit":"px","top":"1","right":"1","bottom":"1","left":"1","isLinked":true},"icon_border_color":"#EBEBEB","border_radius":{"unit":"px","top":"100","right":"100","bottom":"100","left":"100","isLinked":true},"icon_padding":{"unit":"px","top":"20","right":"20","bottom":"20","left":"20","isLinked":true},"icon_padding_mobile":{"unit":"px","top":"14","right":"14","bottom":"14","left":"14","isLinked":true},"icon_spacing":{"unit":"px","size":30,"sizes":[]},"dots_spacing_mobile":{"unit":"px","size":15,"sizes":[]},"title_typography_font_weight":"800","title_typography_text_transform":"uppercase","title_spacing_tablet":{"unit":"px","size":8,"sizes":[]},"icon_spacing_mobile":{"unit":"px","size":28,"sizes":[]}},"elements":[],"isInner":false,"widgetType":"ecomus-icon-box-carousel","elType":"widget"}],"isInner":false,"elType":"container"}],"page_settings":{"hide_page_header":"yes","content_top_spacing":"custom","content_top_padding":{"unit":"px","size":0,"sizes":[]},"content_bottom_spacing":"custom","content_bottom_padding":{"unit":"px","size":0,"sizes":[]},"header_background":"transparent"},"version":"0.4","title":"Home","type":"page"}