{"content":[{"id":"124d500a","settings":{"margin":{"unit":"px","top":"37","right":"0","bottom":"30","left":"0","isLinked":false},"margin_tablet":{"unit":"px","top":"31","right":"0","bottom":"25","left":"0","isLinked":false},"margin_mobile":{"unit":"px","top":"27","right":"0","bottom":"22","left":"0","isLinked":false}},"elements":[{"id":"11a84653","settings":{"slides":[{"title":"Further Reductions","button_text":"Shop now","_id":"9622784","before_title":"Summer Fashion","banner_background_img":{"id":5533,"url":"https:\/\/wpecomus.com\/kids\/wp-content\/uploads\/sites\/5\/2024\/12\/baby-sld-1.webp","alt":"","source":"library","size":""},"button_link":{"url":"https:\/\/wpecomus.com\/baby\/product-category\/baby-clothing\/","is_external":"","nofollow":"","custom_attributes":""}},{"title":"Discover the latest items","button_text":"Shop now","_id":"25759f1","before_title":"Winter Fashion","banner_background_img":{"id":5534,"url":"https:\/\/wpecomus.com\/kids\/wp-content\/uploads\/sites\/5\/2024\/12\/baby-sld-2.webp","alt":"","source":"library","size":""},"button_link":{"url":"https:\/\/wpecomus.com\/baby\/product-category\/baby-health\/","is_external":"","nofollow":"","custom_attributes":""}},{"title":"Special Editions","button_text":"Shop now","_id":"1ca6015","before_title":"Spring Fashion","banner_background_img":{"id":5535,"url":"https:\/\/wpecomus.com\/kids\/wp-content\/uploads\/sites\/5\/2024\/12\/baby-sld-3.webp","alt":"","source":"library","size":""},"button_link":{"url":"https:\/\/wpecomus.com\/baby\/product-category\/baby-toys\/","is_external":"","nofollow":"","custom_attributes":""}}],"slides_height":{"unit":"px","size":686,"sizes":[]},"show_button_icon":"alway","navigation_classes":"dots","slides_border_radius":{"unit":"px","top":"10","right":"10","bottom":"10","left":"10","isLinked":true},"slides_content_padding":{"unit":"px","top":"0","right":"0","bottom":"0","left":"40","isLinked":false},"title_color":"#FFFFFF","title_typography_typography":"custom","title_typography_font_size":{"unit":"px","size":70,"sizes":[]},"title_typography_font_weight":"600","title_spacing":{"unit":"px","size":38,"sizes":[]},"before_title_color":"#FFFFFF","before_title_typography_typography":"custom","before_title_typography_font_size":{"unit":"px","size":30,"sizes":[]},"before_title_typography_font_weight":"600","before_title_typography_text_transform":"capitalize","before_title_spacing":{"unit":"px","size":14,"sizes":[]},"button_style":"light","dots_type":"background","dot_align":"center","slides_height_tablet":{"unit":"px","size":337,"sizes":[]},"slides_height_mobile":{"unit":"px","size":300,"sizes":[]},"navigation_classes_tablet":"dots","slides_content_padding_tablet":{"unit":"px","top":"0","right":"0","bottom":"0","left":"8","isLinked":false},"slides_content_padding_mobile":{"unit":"px","top":"0","right":"0","bottom":"0","left":"4","isLinked":false},"title_typography_font_size_tablet":{"unit":"px","size":50,"sizes":[]},"title_typography_font_size_mobile":{"unit":"px","size":32,"sizes":[]},"title_spacing_mobile":{"unit":"px","size":24,"sizes":[]},"before_title_typography_font_size_tablet":{"unit":"px","size":28,"sizes":[]},"before_title_typography_font_size_mobile":{"unit":"px","size":18,"sizes":[]},"dots_gap_mobile":{"unit":"px","size":2,"sizes":[]},"dots_size_mobile":{"unit":"px","size":6,"sizes":[]},"dots_spacing_mobile":{"unit":"px","size":20,"sizes":[]},"button_border_radius":{"unit":"px","top":"3","right":"3","bottom":"3","left":"3","isLinked":true},"button_icon":{"value":{"url":"https:\/\/wpecomus.com\/kids\/wp-content\/uploads\/sites\/5\/2024\/07\/arrow-right.svg","id":3886},"library":"svg"},"button_icon_padding":{"unit":"px","top":"2","right":"0","bottom":"0","left":"0","isLinked":false}},"elements":[],"isInner":false,"widgetType":"ecomus-slides","elType":"widget"}],"isInner":false,"elType":"container"},{"id":"64b48cb7","settings":{"margin":{"unit":"px","top":"0","right":"0","bottom":"80","left":"0","isLinked":false},"margin_tablet":{"unit":"px","top":"0","right":"0","bottom":"68","left":"0","isLinked":false},"margin_mobile":{"unit":"px","top":"0","right":"0","bottom":"60","left":"0","isLinked":false}},"elements":[{"id":"37e7e347","settings":{"items":[{"image":{"id":5536,"url":"https:\/\/wpecomus.com\/kids\/wp-content\/uploads\/sites\/5\/2024\/12\/baby-bn-1.webp","alt":"","source":"library","size":""},"title":"Hot Deals","link":{"url":"https:\/\/wpecomus.com\/baby\/shop\/?product_status=on_sale&filter=1","is_external":"","nofollow":"","custom_attributes":""},"_id":"d7cd632","description":"100s of styles to keep cool.","item_style_bg":"#FD8484","item_style_color":"#FFFFFF"},{"image":{"id":5537,"url":"https:\/\/wpecomus.com\/kids\/wp-content\/uploads\/sites\/5\/2024\/12\/baby-bn-2.webp","alt":"","source":"library","size":""},"title":"Tees Sale","link":{"url":"https:\/\/wpecomus.com\/baby\/shop\/?product_cat=strollers&product_status=on_sale&filter=1","is_external":"","nofollow":"","custom_attributes":""},"_id":"886bdb1","description":"Bright bodysuits, too.","item_style_bg":"#FD8484","item_style_color":"#FFFFFF"},{"image":{"id":5538,"url":"https:\/\/wpecomus.com\/kids\/wp-content\/uploads\/sites\/5\/2024\/12\/baby-bn-3.webp","alt":"","source":"library","size":""},"title":"Baby Specials","link":{"url":"https:\/\/wpecomus.com\/baby\/product-category\/baby-toys\/","is_external":"","nofollow":"","custom_attributes":""},"_id":"56c5ce1","description":"Save on 1-piece loves.","item_style_bg":"#FD8484","item_style_color":"#FFFFFF"}],"horizontal_scrollable":"yes","columns":3,"column_gap":{"unit":"px","size":30,"sizes":[]},"row_gap":{"unit":"px","size":30,"sizes":[]},"aspect_ratio_type":"","max_width":{"unit":"%","size":100,"sizes":[]},"max_width_tablet":{"unit":"%","size":"","sizes":[]},"max_width_mobile":{"unit":"%","size":"","sizes":[]},"border_radius":{"unit":"px","top":"10","right":"10","bottom":"0","left":"0","isLinked":false},"item_padding":{"unit":"px","top":"24","right":"20","bottom":"26","left":"20","isLinked":false},"title_typography_typography":"custom","title_typography_font_size":{"unit":"px","size":28,"sizes":[]},"title_typography_font_weight":"600","description_typography_typography":"custom","description_typography_font_size":{"unit":"px","size":20,"sizes":[]},"columns_tablet":3,"item_width_tablet":{"unit":"%","size":38,"sizes":[]},"item_width_mobile":{"unit":"px","size":238,"sizes":[]},"column_gap_tablet":{"unit":"px","size":15,"sizes":[]},"row_gap_tablet":{"unit":"px","size":15,"sizes":[]},"item_padding_tablet":{"unit":"px","top":"14","right":"14","bottom":"14","left":"14","isLinked":true},"item_padding_mobile":{"unit":"px","top":"14","right":"14","bottom":"14","left":"14","isLinked":true},"item_border_radius":{"unit":"px","top":"0","right":"0","bottom":"10","left":"10","isLinked":false},"title_typography_font_size_tablet":{"unit":"px","size":20,"sizes":[]},"title_typography_font_size_mobile":{"unit":"px","size":18,"sizes":[]},"title_typography_line_height":{"unit":"px","size":40,"sizes":[]},"title_typography_line_height_tablet":{"unit":"px","size":26,"sizes":[]},"title_typography_line_height_mobile":{"unit":"px","size":26,"sizes":[]},"description_typography_font_size_tablet":{"unit":"px","size":16,"sizes":[]},"description_typography_line_height":{"unit":"px","size":24,"sizes":[]},"description_typography_line_height_tablet":{"unit":"px","size":20,"sizes":[]},"description_typography_line_height_mobile":{"unit":"px","size":"","sizes":[]}},"elements":[],"isInner":false,"widgetType":"ecomus-image-box-grid","elType":"widget"}],"isInner":false,"elType":"container"},{"id":"15fc972","settings":{"margin":{"unit":"px","top":"0","right":"0","bottom":"80","left":"0","isLinked":false},"margin_tablet":{"unit":"px","top":"0","right":"0","bottom":"68","left":"0","isLinked":false},"margin_mobile":{"unit":"px","top":"0","right":"0","bottom":"40","left":"0","isLinked":false}},"elements":[{"id":"142a43f2","settings":{"title":"Flash Sale","slides_to_show_tablet":3,"slides_to_show_mobile":2,"slides_to_scroll_tablet":3,"slides_to_scroll_mobile":2,"image_spacing_custom_tablet":30,"image_spacing_custom_mobile":15,"navigation_classes_tablet":"dots","navigation_classes_mobile":"dots","content_border_border":"solid","content_border_width":{"unit":"px","top":"1","right":"1","bottom":"1","left":"1","isLinked":true},"content_border_color":"#FD8484","content_title_typography_typography":"custom","content_title_typography_font_size_tablet":{"unit":"px","size":32,"sizes":[]},"content_title_typography_font_size_mobile":{"unit":"px","size":22,"sizes":[]},"content_title_typography_font_weight":"600","content_title_color":"#FD8484","dots_spacing_mobile":{"unit":"px","size":15,"sizes":[]},"type":"recent_products","item_border_radius":{"unit":"px","top":"10","right":"10","bottom":"10","left":"10","isLinked":true},"product_price_typography_typography":"custom","product_price_sale_typography_typography":"custom","product_price_sale_typography_font_size":{"unit":"px","size":20,"sizes":[]},"product_price_sale_typography_font_weight":"600","product_price_spacing":{"unit":"px","size":14,"sizes":[]},"product_price_sale_margin":{"unit":"px","top":"-2","right":"0","bottom":"0","left":"0","isLinked":false}},"elements":[],"isInner":false,"widgetType":"ecomus-flash-sale","elType":"widget"}],"isInner":false,"elType":"container"},{"id":"41cb1d5c","settings":{"flex_gap":{"column":"56","row":"56","isLinked":true,"unit":"px","size":56},"flex_gap_tablet":{"column":"50","row":"50","isLinked":true,"unit":"px","size":50},"flex_gap_mobile":{"column":"30","row":"30","isLinked":true,"unit":"px","size":30},"margin":{"unit":"px","top":"0","right":"0","bottom":"87","left":"0","isLinked":false},"margin_tablet":{"unit":"px","top":"0","right":"0","bottom":"73","left":"0","isLinked":false},"margin_mobile":{"unit":"px","top":"0","right":"0","bottom":"43","left":"0","isLinked":false}},"elements":[{"id":"2e44787a","settings":{"title":"Selected Categories","title_size":"h4","align":"center","title_color":"#212529","typography_typography":"custom","typography_font_size_tablet":{"unit":"px","size":32,"sizes":[]},"typography_font_size_mobile":{"unit":"px","size":22,"sizes":[]},"typography_font_weight":"600","typography_line_height_tablet":{"unit":"custom","size":"","sizes":[]},"typography_line_height_mobile":{"unit":"custom","size":"","sizes":[]}},"elements":[],"isInner":false,"widgetType":"ecomus-heading","elType":"widget"},{"id":"99b347b","settings":{"show_heading":"","heading":"This is heading","items":[{"button_text":"Baby Clothing","button_link":{"url":"https:\/\/wpecomus.com\/baby\/product-category\/baby-clothing\/","is_external":"","nofollow":"","custom_attributes":""},"_id":"c4b91f3","image":{"id":5518,"url":"https:\/\/wpecomus.com\/kids\/wp-content\/uploads\/sites\/5\/2024\/12\/baby-cat-1.webp","alt":"","source":"library","size":""}},{"button_text":"Baby Toys","button_link":{"url":"https:\/\/wpecomus.com\/baby\/product-category\/baby-toys\/","is_external":"","nofollow":"","custom_attributes":""},"image":{"id":5519,"url":"https:\/\/wpecomus.com\/kids\/wp-content\/uploads\/sites\/5\/2024\/12\/baby-cat-2.webp","alt":"","source":"library","size":""},"_id":"ac654d7"},{"button_text":"Car Seats","button_link":{"url":"https:\/\/wpecomus.com\/baby\/product-category\/car-seats\/","is_external":"","nofollow":"","custom_attributes":""},"image":{"id":5520,"url":"https:\/\/wpecomus.com\/kids\/wp-content\/uploads\/sites\/5\/2024\/12\/baby-cat-3.webp","alt":"","source":"library","size":""},"_id":"f4c92aa"},{"button_text":"Strollers","button_link":{"url":"https:\/\/wpecomus.com\/baby\/product-category\/strollers\/","is_external":"","nofollow":"","custom_attributes":""},"image":{"id":5521,"url":"https:\/\/wpecomus.com\/kids\/wp-content\/uploads\/sites\/5\/2024\/12\/baby-cat-4.webp","alt":"","source":"library","size":""},"_id":"c9d1bf2"},{"button_text":"Baby Health","button_link":{"url":"https:\/\/wpecomus.com\/baby\/product-category\/baby-health\/","is_external":"","nofollow":"","custom_attributes":""},"image":{"id":5522,"url":"https:\/\/wpecomus.com\/kids\/wp-content\/uploads\/sites\/5\/2024\/12\/baby-cat-5.webp","alt":"","source":"library","size":""},"_id":"783bf7d"}],"aspect_ratio_type":"","content_horizontal_position":"center","content_vertical_position":"middle","content_text_align":"center","content_position":"below","image_border_radius":{"unit":"px","top":"300","right":"300","bottom":"300","left":"300","isLinked":true},"button_style":"text","image_border_border":"solid","image_border_width":{"unit":"px","top":"1","right":"1","bottom":"1","left":"1","isLinked":true},"image_border_color":"#FD8484","image_padding":{"unit":"px","top":"17","right":"17","bottom":"17","left":"17","isLinked":true},"slides_to_show":5,"navigation_classes":"none","image_spacing_custom":64,"slides_to_show_tablet":3,"slides_to_show_mobile":2,"slides_to_scroll_tablet":3,"slides_to_scroll_mobile":2,"image_spacing_custom_tablet":30,"image_spacing_custom_mobile":15,"navigation_classes_tablet":"dots","navigation_classes_mobile":"dots","image_padding_mobile":{"unit":"px","top":"15","right":"15","bottom":"15","left":"15","isLinked":true},"button_typography_typography":"custom","button_typography_font_size":{"unit":"px","size":18,"sizes":[]},"button_typography_font_size_mobile":{"unit":"px","size":15,"sizes":[]},"button_typography_font_weight":"500","button_text_color":"#212529","dots_size_tablet":{"unit":"px","size":20,"sizes":[]},"dots_size_mobile":{"unit":"px","size":16,"sizes":[]},"dots_spacing_mobile":{"unit":"px","size":15,"sizes":[]},"dot_item_color":"#212529","dot_item_active_color":"#212529","view_all_btn_image":{"id":"","url":"https:\/\/wpecomus.com\/kids\/wp-content\/plugins\/elementor\/assets\/images\/placeholder.png"}},"elements":[],"isInner":false,"widgetType":"ecomus-image-box-carousel","elType":"widget"}],"isInner":false,"elType":"container"},{"id":"74733b67","settings":{"flex_direction":"row","flex_gap":{"unit":"px","size":30,"column":"30","row":"30","isLinked":true},"flex_direction_tablet":"row","flex_direction_mobile":"row","flex_gap_tablet":{"column":"15","row":"15","isLinked":true,"unit":"px","size":15},"flex_wrap_mobile":"nowrap","mobile_column_alignment":"column_md","margin":{"unit":"px","top":"0","right":"0","bottom":"102","left":"0","isLinked":false},"margin_tablet":{"unit":"px","top":"0","right":"0","bottom":"64","left":"0","isLinked":false},"margin_mobile":{"unit":"px","top":"0","right":"0","bottom":"46","left":"0","isLinked":false},"tablet_column_alignment":"column_md"},"elements":[{"id":"61595abc","settings":{"flex_direction":"column","content_width":"full","width":{"unit":"%","size":"50"},"width_tablet":{"unit":"%","size":100,"sizes":[]},"width_mobile":{"unit":"%","size":"","sizes":[]}},"elements":[{"id":"2401a1c3","settings":{"image":{"id":5539,"url":"https:\/\/wpecomus.com\/kids\/wp-content\/uploads\/sites\/5\/2024\/12\/baby-bn-4.webp","alt":"","source":"library","size":""},"title":"Smiley<br> Baseball Cap","description":"Cute and Breathable","height":{"unit":"px","size":380,"sizes":[]},"height_mobile":{"unit":"px","size":250,"sizes":[]},"button_text":"Shop now","horizontal_position":"left","vertical_position":"middle","banner_padding":{"unit":"px","top":"0","right":"0","bottom":"0","left":"72","isLinked":false},"banner_padding_tablet":{"unit":"px","top":"0","right":"0","bottom":"0","left":"29","isLinked":false},"banner_padding_mobile":{"unit":"px","top":"0","right":"0","bottom":"0","left":"19","isLinked":false},"title_typography_typography":"custom","title_typography_font_size":{"unit":"px","size":42,"sizes":[]},"title_typography_font_size_tablet":{"unit":"px","size":32,"sizes":[]},"title_typography_font_size_mobile":{"unit":"px","size":22,"sizes":[]},"title_typography_font_weight":"600","title_color":"#212529","title_margin":{"unit":"px","top":"0","right":"0","bottom":"15","left":"0","isLinked":false},"title_margin_tablet":{"unit":"px","top":"0","right":"0","bottom":"11","left":"0","isLinked":false},"title_margin_mobile":{"unit":"px","top":"0","right":"0","bottom":"7","left":"0","isLinked":false},"description_typography_typography":"custom","description_typography_font_size":{"unit":"px","size":18,"sizes":[]},"description_color":"#212529","description_margin":{"unit":"px","top":"0","right":"0","bottom":"22","left":"0","isLinked":false},"description_margin_tablet":{"unit":"px","top":"0","right":"0","bottom":"16","left":"0","isLinked":false},"description_margin_mobile":{"unit":"px","top":"0","right":"0","bottom":"11","left":"0","isLinked":false},"button_margin":{"unit":"px","top":"0","right":"0","bottom":"0","left":"0","isLinked":false},"button_style":"","button_padding_mobile":{"unit":"px","top":"11","right":"24","bottom":"10","left":"24","isLinked":false},"button_background_color":"#FD8484","button_border_color":"#FD8484","button_background_hover_color":"#FD8484","button_hover_border_color":"#FD8484","button_link":{"url":"https:\/\/wpecomus.com\/baby\/product-category\/car-seats\/","is_external":"","nofollow":"","custom_attributes":""},"button_border_radius":{"unit":"px","top":"3","right":"3","bottom":"3","left":"3","isLinked":true},"text_align":"","_css_classes":"ecomus-rtl-image"},"elements":[],"isInner":false,"widgetType":"ecomus-banner","elType":"widget"}],"isInner":true,"elType":"container"},{"id":"2a733e77","settings":{"flex_direction":"column","content_width":"full","width":{"unit":"%","size":"50"},"width_tablet":{"unit":"%","size":100,"sizes":[]},"width_mobile":{"unit":"%","size":"","sizes":[]}},"elements":[{"id":"40d19faf","settings":{"image":{"id":5540,"url":"https:\/\/wpecomus.com\/kids\/wp-content\/uploads\/sites\/5\/2024\/12\/baby-bn-5.webp","alt":"","source":"library","size":""},"title":"Bear<br> Blanket","description":"Soft and adorable","height":{"unit":"px","size":380,"sizes":[]},"height_mobile":{"unit":"px","size":250,"sizes":[]},"button_text":"Shop now","horizontal_position":"left","vertical_position":"middle","banner_padding":{"unit":"px","top":"0","right":"0","bottom":"0","left":"72","isLinked":false},"banner_padding_tablet":{"unit":"px","top":"0","right":"0","bottom":"0","left":"29","isLinked":false},"banner_padding_mobile":{"unit":"px","top":"0","right":"0","bottom":"0","left":"19","isLinked":false},"title_typography_typography":"custom","title_typography_font_size":{"unit":"px","size":42,"sizes":[]},"title_typography_font_size_tablet":{"unit":"px","size":32,"sizes":[]},"title_typography_font_size_mobile":{"unit":"px","size":22,"sizes":[]},"title_typography_font_weight":"600","title_color":"#212529","title_margin":{"unit":"px","top":"0","right":"0","bottom":"15","left":"0","isLinked":false},"title_margin_tablet":{"unit":"px","top":"0","right":"0","bottom":"11","left":"0","isLinked":false},"title_margin_mobile":{"unit":"px","top":"0","right":"0","bottom":"7","left":"0","isLinked":false},"description_typography_typography":"custom","description_typography_font_size":{"unit":"px","size":18,"sizes":[]},"description_color":"#212529","description_margin":{"unit":"px","top":"0","right":"0","bottom":"22","left":"0","isLinked":false},"description_margin_tablet":{"unit":"px","top":"0","right":"0","bottom":"16","left":"0","isLinked":false},"description_margin_mobile":{"unit":"px","top":"0","right":"0","bottom":"11","left":"0","isLinked":false},"button_margin":{"unit":"px","top":"0","right":"0","bottom":"0","left":"0","isLinked":false},"button_style":"","button_padding_mobile":{"unit":"px","top":"11","right":"24","bottom":"10","left":"24","isLinked":false},"button_background_color":"#FD8484","button_border_color":"#FD8484","button_background_hover_color":"#FD8484","button_hover_border_color":"#FD8484","button_link":{"url":"https:\/\/wpecomus.com\/baby\/product-category\/strollers\/","is_external":"","nofollow":"","custom_attributes":""},"button_border_radius":{"unit":"px","top":"3","right":"3","bottom":"3","left":"3","isLinked":true},"text_align":"","_css_classes":"ecomus-rtl-image"},"elements":[],"isInner":false,"widgetType":"ecomus-banner","elType":"widget"}],"isInner":true,"elType":"container"}],"isInner":false,"elType":"container"},{"id":"74b3ea80","settings":{"flex_gap":{"column":"67","row":"67","isLinked":true,"unit":"px","size":67},"flex_gap_tablet":{"column":"50","row":"50","isLinked":true,"unit":"px","size":50},"flex_gap_mobile":{"column":"30","row":"30","isLinked":true,"unit":"px","size":30},"margin":{"unit":"px","top":"0","right":"0","bottom":"53","left":"0","isLinked":false},"margin_tablet":{"unit":"px","top":"0","right":"0","bottom":"40","left":"0","isLinked":false},"margin_mobile":{"unit":"px","top":"0","right":"0","bottom":"24","left":"0","isLinked":false}},"elements":[{"id":"16d08819","settings":{"title":"June Top Picks","title_size":"h4","align":"center","title_color":"#212529","typography_typography":"custom","typography_font_size_tablet":{"unit":"px","size":32,"sizes":[]},"typography_font_size_mobile":{"unit":"px","size":22,"sizes":[]},"typography_font_weight":"600","typography_line_height_tablet":{"unit":"custom","size":"","sizes":[]},"typography_line_height_mobile":{"unit":"custom","size":"","sizes":[]}},"elements":[],"isInner":false,"widgetType":"ecomus-heading","elType":"widget"},{"id":"b24ea47","settings":{"heading":"This is the text","product_card_layout":"8","hide_rating":"none","hide_attributes":"none","slides_to_show_tablet":3,"slides_to_show_mobile":2,"slides_to_scroll_tablet":3,"slides_to_scroll_mobile":2,"image_spacing_custom_tablet":30,"image_spacing_custom_mobile":15,"navigation_classes_mobile":"dots","product_title_typography_typography":"custom","product_title_typography_font_weight":"600","product_title_color":"#212529","product_title_hover_color":"#FD8484","button_border_radius":{"unit":"px","top":"150","right":"150","bottom":"150","left":"150","isLinked":true},"button_background_color":"#FD8484","button_border_color":"#FD8484","button_background_hover_color":"#212529","button_hover_border_color":"#212529","arrows_show":"1","arrows_type":"outline-dark","arrows_horizontal_spacing":{"unit":"px","size":-82,"sizes":[]},"dots_spacing_mobile":{"unit":"px","size":15,"sizes":[]},"navigation_classes_tablet":"dots","arrows_vertical_spacing":{"unit":"%","size":50,"sizes":[]},"arrows_vertical_spacing_tablet":{"unit":"%","size":"","sizes":[]},"arrows_vertical_spacing_mobile":{"unit":"%","size":"","sizes":[]},"dots_spacing_tablet":{"unit":"px","size":0,"sizes":[]}},"elements":[],"isInner":false,"widgetType":"ecomus-products-carousel","elType":"widget"}],"isInner":false,"elType":"container"},{"id":"4c992483","settings":{"margin":{"unit":"px","top":"0","right":"0","bottom":"104","left":"0","isLinked":false},"margin_mobile":{"unit":"px","top":"0","right":"0","bottom":"14","left":"0","isLinked":false},"margin_tablet":{"unit":"px","top":"0","right":"0","bottom":"24","left":"0","isLinked":false}},"elements":[{"id":"9e99c32","settings":{"icons_box":[{"icon":{"value":{"url":"https:\/\/wpecomus.com\/baby\/wp-content\/uploads\/sites\/36\/2024\/12\/brand-1.svg","id":5541},"library":"svg"},"title":"","description":"","_id":"3521bf5","icon_type":"external","icon_url":"https:\/\/wpecomus.com\/kids\/wp-content\/uploads\/sites\/5\/2024\/12\/brand-1.svg","image":{"id":5523,"url":"https:\/\/wpecomus.com\/kids\/wp-content\/uploads\/sites\/5\/2024\/12\/placeholder.png"}},{"icon":{"value":{"url":"https:\/\/wpecomus.com\/baby\/wp-content\/uploads\/sites\/36\/2024\/12\/brand-2.svg","id":5542},"library":"svg"},"title":"","description":"","icon_type":"external","icon_url":"https:\/\/wpecomus.com\/kids\/wp-content\/uploads\/sites\/5\/2024\/12\/brand-2.svg","_id":"049ee9b","image":{"id":5524,"url":"https:\/\/wpecomus.com\/kids\/wp-content\/uploads\/sites\/5\/2024\/12\/placeholder-1.png"}},{"icon":{"value":{"url":"https:\/\/wpecomus.com\/baby\/wp-content\/uploads\/sites\/36\/2024\/12\/brand-3.svg","id":5543},"library":"svg"},"title":"","description":"","icon_type":"external","icon_url":"https:\/\/wpecomus.com\/kids\/wp-content\/uploads\/sites\/5\/2024\/12\/brand-3.svg","_id":"cc2514b","image":{"id":5525,"url":"https:\/\/wpecomus.com\/kids\/wp-content\/uploads\/sites\/5\/2024\/12\/placeholder-2.png"}},{"icon":{"value":{"url":"https:\/\/wpecomus.com\/baby\/wp-content\/uploads\/sites\/36\/2024\/12\/brand-4.svg","id":5544},"library":"svg"},"title":"","description":"","icon_type":"external","icon_url":"https:\/\/wpecomus.com\/kids\/wp-content\/uploads\/sites\/5\/2024\/12\/brand-4.svg","_id":"0aa2c0e","image":{"id":5526,"url":"https:\/\/wpecomus.com\/kids\/wp-content\/uploads\/sites\/5\/2024\/12\/placeholder-3.png"}},{"icon":{"value":{"url":"https:\/\/wpecomus.com\/baby\/wp-content\/uploads\/sites\/36\/2024\/12\/brand-5.svg","id":5545},"library":"svg"},"title":"","description":"","icon_type":"external","icon_url":"https:\/\/wpecomus.com\/kids\/wp-content\/uploads\/sites\/5\/2024\/12\/brand-5.svg","_id":"1c34d18","image":{"id":5527,"url":"https:\/\/wpecomus.com\/kids\/wp-content\/uploads\/sites\/5\/2024\/12\/placeholder-4.png"}},{"icon":{"value":{"url":"https:\/\/wpecomus.com\/baby\/wp-content\/uploads\/sites\/36\/2024\/12\/brand-6.svg","id":5546},"library":"svg"},"title":"","description":"","icon_type":"external","icon_url":"https:\/\/wpecomus.com\/kids\/wp-content\/uploads\/sites\/5\/2024\/12\/brand-6.svg","_id":"922bf64","image":{"id":5528,"url":"https:\/\/wpecomus.com\/kids\/wp-content\/uploads\/sites\/5\/2024\/12\/placeholder-5.png"}}],"slides_to_show":6,"slides_to_show_tablet":3,"slides_to_show_mobile":2,"slides_to_scroll_tablet":3,"slides_to_scroll_mobile":2,"image_spacing_custom":55,"image_spacing_custom_tablet":20,"image_spacing_custom_mobile":15,"navigation_classes":"none","navigation_classes_tablet":"dots","navigation_classes_mobile":"dots","icon_box_carousel_padding":{"unit":"px","top":"0","right":"0","bottom":"0","left":"0","isLinked":true},"icon_box_carousel_border_radius":{"unit":"px","top":"0","right":"0","bottom":"0","left":"0","isLinked":true},"position":"left","vertical_alignment":"middle","alignment":"center","content_padding":{"unit":"px","top":"0","right":"0","bottom":"0","left":"0","isLinked":true},"content_border_radius":{"unit":"px","top":"0","right":"0","bottom":"0","left":"0","isLinked":true},"title_spacing":{"unit":"px","size":0,"sizes":[]},"border_radius":{"unit":"px","size":0,"sizes":[],"left":"0","top":"0","right":"0","bottom":"0","isLinked":false},"icon_padding":{"unit":"px","top":"0","right":"0","bottom":"0","left":"0","isLinked":true},"icon_spacing":{"unit":"px","size":0,"sizes":[]},"dots_size_tablet":{"unit":"px","size":20,"sizes":[]},"dots_size_mobile":{"unit":"px","size":16,"sizes":[]},"dots_spacing_tablet":{"unit":"px","size":35,"sizes":[]},"_margin_tablet":{"unit":"px","top":"0","right":"0","bottom":"59","left":"0","isLinked":false}},"elements":[],"isInner":false,"widgetType":"ecomus-icon-box-carousel","elType":"widget"}],"isInner":false,"elType":"container"}],"page_settings":{"hide_page_header":"yes","content_top_spacing":"custom","content_top_padding":{"unit":"px","size":0,"sizes":[]},"content_bottom_spacing":"custom","content_bottom_padding":{"unit":"px","size":0,"sizes":[]}},"version":"0.4","title":"Home Baby","type":"page"}