{"content":[{"id":"2cafd5c7","settings":{"content_width":"full","padding":{"unit":"px","top":"0","right":"0","bottom":"5","left":"0","isLinked":false},"padding_tablet":{"unit":"px","top":"0","right":"0","bottom":"0","left":"0","isLinked":false}},"elements":[{"id":"21ca3ca2","settings":{"content_width":"full","heading":"","items":[{"button_text":"Bestselling Beauty","_id":"2e1b8e1","image":{"id":6650,"url":"https:\/\/wpecomus.com\/cosmetic\/wp-content\/uploads\/sites\/24\/2024\/12\/home-cosmetic-banner1.webp","alt":"","source":"library","size":""},"button_link":{"url":"https:\/\/wpecomus.com\/cosmetic\/product-category\/bestselling-beauty\/","is_external":"","nofollow":"","custom_attributes":""}},{"button_text":"Pink on Pink","_id":"8eb5386","image":{"id":6653,"url":"https:\/\/wpecomus.com\/cosmetic\/wp-content\/uploads\/sites\/24\/2024\/12\/home-cosmetic-banner2.webp","alt":"","source":"library","size":""},"button_link":{"url":"https:\/\/wpecomus.com\/cosmetic\/product-category\/pink-on-pink\/","is_external":"","nofollow":"","custom_attributes":""}},{"button_text":"Mauve on Mauve","_id":"060f31d","image":{"id":6651,"url":"https:\/\/wpecomus.com\/cosmetic\/wp-content\/uploads\/sites\/24\/2024\/12\/home-cosmetic-banner3.webp","alt":"","source":"library","size":""},"button_link":{"url":"https:\/\/wpecomus.com\/cosmetic\/product-category\/mauve-on-mauve\/","is_external":"","nofollow":"","custom_attributes":""}},{"button_text":"New from Saie","_id":"eb79582","image":{"id":6652,"url":"https:\/\/wpecomus.com\/cosmetic\/wp-content\/uploads\/sites\/24\/2024\/12\/home-cosmetic-banner4.webp","alt":"","source":"library","size":""},"button_link":{"url":"https:\/\/wpecomus.com\/cosmetic\/product-category\/new-from-saie\/","is_external":"","nofollow":"","custom_attributes":""}}],"slides_to_scroll":2,"image_spacing_custom":5,"slides_to_scroll_mobile":1,"content_horizontal_position":"center","dots_spacing_tablet":{"unit":"px","size":30,"sizes":[]},"content_border_radius":{"unit":"px","top":"0","right":"0","bottom":"0","left":"0","isLinked":true},"button_typography_typography":"custom","button_typography_font_size":{"unit":"px","size":20,"sizes":[]},"button_width":{"unit":"px","size":297,"sizes":[]},"button_border_radius":{"unit":"px","top":"0","right":"0","bottom":"0","left":"0","isLinked":true},"button_width_mobile":{"unit":"px","size":200,"sizes":[]},"button_padding_mobile":{"unit":"px","top":"14","right":"40","bottom":"14","left":"40","isLinked":false},"aspect_ratio_type":"vertical","button_min_width":{"unit":"px","size":297,"sizes":[]},"show_button_icon":"alway","button_icon_size":{"unit":"px","size":12,"sizes":[]},"heading_typography_typography":"custom","button_style":"light","slides_to_show_tablet":2,"slides_to_show_mobile":1,"image_border_radius":{"unit":"px","top":"0","right":"0","bottom":"0","left":"0","isLinked":true},"button_min_width_mobile":{"unit":"px","size":150,"sizes":[]},"button_min_height_mobile":{"unit":"px","size":46,"sizes":[]},"button_icon_padding":{"unit":"px","top":"4","right":"0","bottom":"0","left":"0","isLinked":false},"button_icon_padding_mobile":{"unit":"px","top":"2","right":"0","bottom":"0","left":"0","isLinked":false},"button_padding":{"unit":"px","top":"22","right":"10","bottom":"22","left":"10","isLinked":false},"button_typography_font_weight":"500","navigation_classes_tablet":"dots","_margin_tablet":{"unit":"px","top":"0","right":"0","bottom":"30","left":"0","isLinked":false},"_margin_mobile":{"unit":"px","top":"0","right":"0","bottom":"10","left":"0","isLinked":false},"dots_spacing_mobile":{"unit":"px","size":15,"sizes":[]},"view_all_btn_image":{"id":"","url":"https:\/\/wpecomus.com\/cosmetic\/wp-content\/plugins\/elementor\/assets\/images\/placeholder.png"}},"elements":[],"isInner":false,"widgetType":"ecomus-image-box-carousel","elType":"widget"}],"isInner":false,"elType":"container"},{"id":"70fe0f9f","settings":{"content_width":"full","padding":{"unit":"px","top":"0","right":"0","bottom":"0","left":"0","isLinked":false}},"elements":[{"id":"46d1bb28","settings":{"items":[{"text":"Free express shipping worldwide","_id":"dda73cf","icon":{"value":{"url":"https:\/\/wpecomus.com\/cosmetic\/wp-content\/uploads\/sites\/24\/2024\/12\/star-marquee.svg","id":6695},"library":"svg"},"image":{"id":"","url":"https:\/\/wpecomus.com\/cosmetic\/wp-content\/plugins\/elementor\/assets\/images\/placeholder.png"}}],"speed":0.3,"icon_color":"#000000","padding":{"unit":"px","top":"31","right":"0","bottom":"26","left":"0","isLinked":false},"gap":{"unit":"px","size":30,"sizes":[]},"background_color":"#FCFFB2","icon_size":{"unit":"px","size":21,"sizes":[]},"spacing":{"unit":"px","size":30,"sizes":[]},"text_typography_typography":"custom","text_typography_font_size":{"unit":"px","size":20,"sizes":[]},"padding_mobile":{"unit":"px","top":"26","right":"0","bottom":"20","left":"0","isLinked":false},"gap_mobile":{"unit":"px","size":20,"sizes":[]},"icon_size_mobile":{"unit":"px","size":16,"sizes":[]},"spacing_mobile":{"unit":"px","size":20,"sizes":[]},"text_typography_font_size_mobile":{"unit":"px","size":14,"sizes":[]}},"elements":[],"isInner":false,"widgetType":"ecomus-marquee","elType":"widget"}],"isInner":false,"elType":"container"},{"id":"1e955f07","settings":{"padding":{"unit":"px","top":"55","right":"0","bottom":"55","left":"0","isLinked":false},"padding_tablet":{"unit":"px","top":"38","right":"0","bottom":"50","left":"0","isLinked":false},"padding_mobile":{"unit":"px","top":"36","right":"0","bottom":"28","left":"0","isLinked":false}},"elements":[{"id":"40489aee","settings":{"content_width":"full","title":"Featured Categories","title_size":"h5","typography_typography":"custom","typography_font_weight":"600","typography_font_size_mobile":{"unit":"px","size":22,"sizes":[]}},"elements":[],"isInner":false,"widgetType":"ecomus-heading","elType":"widget"}],"isInner":false,"elType":"container"},{"id":"5f947e91","settings":{"flex_direction":"column","padding":{"unit":"px","top":"0","right":"0","bottom":"70","left":"0","isLinked":false},"padding_tablet":{"unit":"px","top":"0","right":"0","bottom":"55","left":"0","isLinked":false},"padding_mobile":{"unit":"px","top":"0","right":"0","bottom":"45","left":"0","isLinked":false}},"elements":[{"id":"29724bb8","settings":{"content_width":"full","show_heading":"","heading":"This is heading","items":[{"button_text":"New Arrivals","_id":"ba87bf2","image":{"id":6927,"url":"https:\/\/wpecomus.com\/cosmetic\/wp-content\/uploads\/sites\/24\/2024\/12\/home-cosmetic-img-1-new-png.webp","alt":"","source":"library","size":""},"sale_text":"10% off","button_link":{"url":"https:\/\/wpecomus.com\/cosmetic\/shop\/?orderby=date","is_external":"","nofollow":"","custom_attributes":""}},{"button_text":"Best Sellers","image":{"id":6928,"url":"https:\/\/wpecomus.com\/cosmetic\/wp-content\/uploads\/sites\/24\/2024\/12\/home-cosmetic-img-2-new-png.webp","alt":"","source":"library","size":""},"_id":"fdbfb8e","button_link":{"url":"https:\/\/wpecomus.com\/cosmetic\/shop\/?orderby=popularity","is_external":"","nofollow":"","custom_attributes":""}},{"button_text":"Foundation","image":{"id":6977,"url":"https:\/\/wpecomus.com\/cosmetic\/wp-content\/uploads\/sites\/24\/2024\/12\/home-cosmetic-img-3-1-new-png.webp","alt":"","source":"library","size":""},"_id":"7718403","sale_text":"Trending","button_link":{"url":"https:\/\/wpecomus.com\/cosmetic\/product-category\/foundation\/","is_external":"","nofollow":"","custom_attributes":""}},{"_id":"2ad446b","image":{"id":6973,"url":"https:\/\/wpecomus.com\/cosmetic\/wp-content\/uploads\/sites\/24\/2024\/12\/home-cosmetic-img-4-1-new-png.webp","alt":"","source":"library","size":""},"button_text":"Moisturizers","button_link":{"url":"https:\/\/wpecomus.com\/cosmetic\/product-category\/moisturizers\/","is_external":"","nofollow":"","custom_attributes":""}},{"_id":"9632c7c","image":{"id":6931,"url":"https:\/\/wpecomus.com\/cosmetic\/wp-content\/uploads\/sites\/24\/2024\/12\/home-cosmetic-img-5-new-png.webp","alt":"","source":"library","size":""},"button_text":"Perfume","button_link":{"url":"https:\/\/wpecomus.com\/cosmetic\/product-category\/perfume\/","is_external":"","nofollow":"","custom_attributes":""}},{"_id":"b1d32a4","image":{"id":6932,"url":"https:\/\/wpecomus.com\/cosmetic\/wp-content\/uploads\/sites\/24\/2024\/12\/home-cosmetic-img-6-new-png.webp","alt":"","source":"library","size":""},"button_text":"Minis","button_link":{"url":"https:\/\/wpecomus.com\/cosmetic\/product-category\/minis\/","is_external":"","nofollow":"","custom_attributes":""}},{"_id":"e31b83a","image":{"id":6933,"url":"https:\/\/wpecomus.com\/cosmetic\/wp-content\/uploads\/sites\/24\/2024\/12\/home-cosmetic-img-7-new-png.webp","alt":"","source":"library","size":""},"button_text":"Sale","sale_text":"30% off","button_link":{"url":"https:\/\/wpecomus.com\/cosmetic\/shop\/","is_external":"","nofollow":"","custom_attributes":""}},{"_id":"22f2869","image":{"id":6940,"url":"https:\/\/wpecomus.com\/cosmetic\/wp-content\/uploads\/sites\/24\/2024\/12\/home-cosmetic-img-8-1-new-png.webp","alt":"","source":"library","size":""},"button_text":"Gift Cards","button_link":{"url":"https:\/\/wpecomus.com\/cosmetic\/product-category\/gift-cards\/","is_external":"","nofollow":"","custom_attributes":""}},{"_id":"81023cc","image":{"id":6935,"url":"https:\/\/wpecomus.com\/cosmetic\/wp-content\/uploads\/sites\/24\/2024\/12\/home-cosmetic-img-9-new-png.webp","alt":"","source":"library","size":""},"button_text":"Under $20","button_link":{"url":"https:\/\/wpecomus.com\/cosmetic\/shop\/","is_external":"","nofollow":"","custom_attributes":""}}],"aspect_ratio_type":"square","slides_to_show":7,"image_spacing_custom":40,"navigation_classes":"none","slidesperview_auto":"yes","width":{"unit":"%","size":7,"sizes":[]},"width_tablet":{"unit":"%","size":"","sizes":[]},"width_mobile":{"unit":"%","size":23,"sizes":[]},"slide_spacing_right":{"unit":"px","size":0,"sizes":[]},"content_horizontal_position":"center","content_vertical_position":"middle","content_text_align":"center","content_position":"below","button_style":"text","show_view_all_btn":"yes","view_all_btn_icon":{"value":{"url":"https:\/\/wpecomus.com\/cosmetic\/wp-content\/uploads\/sites\/24\/2024\/06\/arrow-top-right.svg","id":1340},"library":"svg"},"view_all_btn_title":"Shop All","slides_to_show_mobile":4,"image_spacing_custom_mobile":20,"slides_free_mode":"yes","sale_text_typography_font_size":{"unit":"px","size":39,"sizes":[]},"sale_text_typography_line_height":{"unit":"px","size":55,"sizes":[]},"slides_to_show_tablet":7,"navigation_classes_tablet":"none","slidesperview_auto_tablet":"yes","view_all_btn_image":{"id":"","url":"https:\/\/wpecomus.com\/cosmetic\/wp-content\/plugins\/elementor\/assets\/images\/placeholder.png"},"view_all_btn_link":{"url":"https:\/\/wpecomus.com\/cosmetic\/shop\/","is_external":"","nofollow":"","custom_attributes":""},"button_margin_mobile":{"unit":"px","top":"10","right":"0","bottom":"0","left":"0","isLinked":false},"button_typography_typography":"custom","button_typography_font_size_mobile":{"unit":"px","size":12,"sizes":[]},"image_spacing_custom_tablet":30,"slidesperview_auto_mobile":"yes","slidesperview_width":{"unit":"px","size":104,"sizes":[]},"slidesperview_width_mobile":{"unit":"px","size":70,"sizes":[]}},"elements":[],"isInner":false,"widgetType":"ecomus-image-box-carousel","elType":"widget"}],"isInner":false,"elType":"container"},{"id":"25423aa0","settings":{"background_background":"classic","background_color":"#F3F5F6","padding":{"unit":"px","top":"63","right":"0","bottom":"44","left":"0","isLinked":false},"padding_tablet":{"unit":"px","top":"53","right":"0","bottom":"58","left":"0","isLinked":false},"padding_mobile":{"unit":"px","top":"37","right":"0","bottom":"55","left":"0","isLinked":false}},"elements":[{"id":"3532548","settings":{"content_width":"full","title":"Most Popular","title_size":"h4","align":"center","typography_typography":"custom","typography_font_size_mobile":{"unit":"px","size":22,"sizes":[]},"typography_font_weight":"600","typography_font_size_tablet":{"unit":"px","size":32,"sizes":[]},"_padding":{"unit":"px","top":"0","right":"0","bottom":"30","left":"0","isLinked":false},"_padding_tablet":{"unit":"px","top":"0","right":"0","bottom":"25","left":"0","isLinked":false},"_padding_mobile":{"unit":"px","top":"0","right":"0","bottom":"10","left":"0","isLinked":false}},"elements":[],"isInner":false,"widgetType":"ecomus-heading","elType":"widget"},{"id":"178bd882","settings":{"content_width":"full","slides_to_scroll":4,"slides_to_show_tablet":3,"slides_to_show_mobile":2,"slides_to_scroll_tablet":3,"slides_to_scroll_mobile":2,"image_spacing_custom_mobile":15,"heading":"This is the heading","arrows_vertical_spacing":{"unit":"%","size":46,"sizes":[]},"arrows_vertical_spacing_tablet":{"unit":"%","size":"","sizes":[]},"arrows_vertical_spacing_mobile":{"unit":"%","size":"","sizes":[]},"navigation_classes_tablet":"dots","arrows_show":"1","arrows_horizontal_spacing":{"unit":"px","size":-82,"sizes":[]},"show_addtocart_button":"yes","product_item_background_color":"#FFFFFF","product_item_padding":{"unit":"px","top":"15","right":"15","bottom":"15","left":"15","isLinked":true},"product_summary_padding":{"unit":"px","top":"15","right":"15","bottom":"15","left":"15","isLinked":true},"product_summary_padding_mobile":{"unit":"px","top":"0","right":"0","bottom":"0","left":"0","isLinked":true},"dots_spacing_mobile":{"unit":"px","size":-10,"sizes":[]}},"elements":[],"isInner":false,"widgetType":"ecomus-products-carousel","elType":"widget"}],"isInner":false,"elType":"container"},{"id":"c973be3","settings":{"padding":{"unit":"px","top":"72","right":"0","bottom":"72","left":"0","isLinked":false},"padding_tablet":{"unit":"px","top":"60","right":"0","bottom":"60","left":"0","isLinked":false},"padding_mobile":{"unit":"px","top":"45","right":"0","bottom":"45","left":"0","isLinked":false}},"elements":[{"id":"6fa15246","settings":{"columns":3,"items":[{"image":{"id":6669,"url":"https:\/\/wpecomus.com\/cosmetic\/wp-content\/uploads\/sites\/24\/2024\/12\/home-cosmetic-banner5.webp","alt":"","source":"library","size":""},"title":"Charlotte Tilbury","_id":"520f829","text":"aaaa","description":"Swipe on matte reds and satin-finish pinks","item_style_bg":"#F26982","item_style_color":"#FFFFFF","link":{"url":"https:\/\/wpecomus.com\/cosmetic\/product-category\/pink-on-pink\/","is_external":"","nofollow":"","custom_attributes":""}},{"image":{"id":6670,"url":"https:\/\/wpecomus.com\/cosmetic\/wp-content\/uploads\/sites\/24\/2024\/12\/home-cosmetic-banner6.webp","alt":"","source":"library","size":""},"title":"Beautiful skin","_id":"7a7985d","description":"On-point picks for every skin type.","item_style_bg":"#FF9738","item_style_color":"#FFFFFF","link":{"url":"https:\/\/wpecomus.com\/cosmetic\/product-category\/foundation\/","is_external":"","nofollow":"","custom_attributes":""}},{"image":{"id":6671,"url":"https:\/\/wpecomus.com\/cosmetic\/wp-content\/uploads\/sites\/24\/2024\/12\/home-cosmetic-banner7.webp","alt":"","source":"library","size":""},"title":"Eco Beauty exclusives","_id":"de25cbe","description":"Can\u2019t-miss picks from your fave brands","item_style_bg":"#CF76EF","item_style_color":"#FFFFFF","link":{"url":"https:\/\/wpecomus.com\/cosmetic\/product-category\/new-from-saie\/","is_external":"","nofollow":"","custom_attributes":""}}],"column_gap":{"unit":"px","size":30,"sizes":[]},"aspect_ratio_type":"","max_width":{"unit":"%","size":100,"sizes":[]},"max_width_tablet":{"unit":"%","size":"","sizes":[]},"max_width_mobile":{"unit":"%","size":"","sizes":[]},"border_radius":{"unit":"px","top":"0","right":"0","bottom":"0","left":"0","isLinked":true},"columns_tablet":2,"columns_mobile":1,"item_padding":{"unit":"px","top":"25","right":"5","bottom":"26","left":"5","isLinked":false},"title_typography_typography":"custom","title_typography_font_size":{"unit":"px","size":28,"sizes":[]},"title_typography_font_weight":"600","title_typography_line_height":{"unit":"px","size":33,"sizes":[]},"description_typography_typography":"custom","description_typography_font_size":{"unit":"px","size":20,"sizes":[]},"description_typography_font_weight":"400","row_gap_mobile":{"unit":"px","size":30,"sizes":[]},"title_typography_font_size_tablet":{"unit":"px","size":24,"sizes":[]},"description_typography_font_size_tablet":{"unit":"px","size":16,"sizes":[]},"column_gap_tablet":{"unit":"px","size":20,"sizes":[]},"row_gap_tablet":{"unit":"px","size":20,"sizes":[]}},"elements":[],"isInner":false,"widgetType":"ecomus-image-box-grid","elType":"widget"}],"isInner":false,"elType":"container"},{"id":"41ef481e","settings":{"background_background":"classic","background_color":"#F3F5F6","padding":{"unit":"px","top":"87","right":"0","bottom":"90","left":"0","isLinked":false},"padding_tablet":{"unit":"px","top":"75","right":"0","bottom":"65","left":"0","isLinked":false},"padding_mobile":{"unit":"px","top":"55","right":"0","bottom":"37","left":"0","isLinked":false}},"elements":[{"id":"54e3e3f8","settings":{"content_width":"full","title":"Shoppable videos","title_size":"h4","align":"center","typography_typography":"custom","typography_font_size_mobile":{"unit":"px","size":22,"sizes":[]},"typography_font_weight":"600","typography_font_size_tablet":{"unit":"px","size":32,"sizes":[]},"_padding":{"unit":"px","top":"0","right":"0","bottom":"37","left":"0","isLinked":false},"_padding_tablet":{"unit":"px","top":"0","right":"0","bottom":"27","left":"0","isLinked":false},"_padding_mobile":{"unit":"px","top":"0","right":"0","bottom":"10","left":"0","isLinked":false}},"elements":[],"isInner":false,"widgetType":"ecomus-heading","elType":"widget"},{"id":"358ac988","settings":{"items":[{"video_thumbnail":{"id":"","url":"https:\/\/wpecomus.com\/cosmetic\/wp-content\/plugins\/elementor\/assets\/images\/placeholder.png"},"_id":"6ee76d0","youtube_url":"https:\/\/www.youtube.com\/watch?v=K4TOrB7at0Y","image_source":"hosted","hosted_url":{"url":"https:\/\/wpecomus.com\/cosmetic\/wp-content\/uploads\/sites\/24\/2024\/12\/home-cosmetic-video1.mp4","is_external":"","nofollow":"","custom_attributes":""},"product_id":754},{"video_thumbnail":{"id":"","url":"https:\/\/wpecomus.com\/cosmetic\/wp-content\/plugins\/elementor\/assets\/images\/placeholder.png"},"_id":"d99740a","youtube_url":"https:\/\/www.youtube.com\/watch?v=K4TOrB7at0Y","image_source":"hosted","hosted_url":{"url":"https:\/\/wpecomus.com\/cosmetic\/wp-content\/uploads\/sites\/24\/2024\/12\/home-cosmetic-video2.mp4","is_external":"","nofollow":"","custom_attributes":""},"product_id":743},{"video_thumbnail":{"id":"","url":"https:\/\/wpecomus.com\/cosmetic\/wp-content\/plugins\/elementor\/assets\/images\/placeholder.png"},"_id":"23ce852","youtube_url":"https:\/\/www.youtube.com\/watch?v=K4TOrB7at0Y","image_source":"hosted","hosted_url":{"url":"https:\/\/wpecomus.com\/cosmetic\/wp-content\/uploads\/sites\/24\/2024\/12\/home-cosmetic-video3.mp4","is_external":"","nofollow":"","custom_attributes":""},"product_id":738},{"video_thumbnail":{"id":"","url":"https:\/\/wpecomus.com\/cosmetic\/wp-content\/plugins\/elementor\/assets\/images\/placeholder.png"},"_id":"a0904ab","youtube_url":"https:\/\/www.youtube.com\/watch?v=K4TOrB7at0Y","image_source":"hosted","hosted_url":{"url":"https:\/\/wpecomus.com\/cosmetic\/wp-content\/uploads\/sites\/24\/2024\/12\/home-cosmetic-video4.mp4","is_external":"","nofollow":"","custom_attributes":""},"product_id":782}],"height_tablet":{"unit":"px","size":450,"sizes":[]},"height_mobile":{"unit":"px","size":400,"sizes":[]},"slides_to_show_tablet":2,"slides_to_show_mobile":1,"slides_to_scroll_tablet":1,"slides_to_scroll_mobile":1,"arrows_show":"1","arrows_horizontal_spacing":{"unit":"px","size":-82,"sizes":[]},"navigation_classes_tablet":"dots","navigation_classes_mobile":"dots","dots_spacing_tablet":{"unit":"px","size":30,"sizes":[]},"dots_spacing_mobile":{"unit":"px","size":15,"sizes":[]}},"elements":[],"isInner":false,"widgetType":"ecomus-shoppable-video","elType":"widget"}],"isInner":false,"elType":"container"},{"id":"519a9307","settings":{"background_background":"classic","padding":{"unit":"px","top":"63","right":"0","bottom":"90","left":"0","isLinked":false},"padding_tablet":{"unit":"px","top":"63","right":"0","bottom":"80","left":"0","isLinked":false},"padding_mobile":{"unit":"px","top":"48","right":"0","bottom":"60","left":"0","isLinked":false}},"elements":[{"id":"d83d6ed","settings":{"content_width":"full","title":"Accessories","title_size":"h4","align":"center","typography_typography":"custom","typography_font_size_mobile":{"unit":"px","size":22,"sizes":[]},"typography_font_weight":"600","typography_font_size_tablet":{"unit":"px","size":32,"sizes":[]},"_padding":{"unit":"px","top":"0","right":"0","bottom":"34","left":"0","isLinked":false},"_padding_mobile":{"unit":"px","top":"0","right":"0","bottom":"10","left":"0","isLinked":false}},"elements":[],"isInner":false,"widgetType":"ecomus-heading","elType":"widget"},{"id":"675bbad","settings":{"content_width":"full","slides_to_scroll":4,"slides_to_show_tablet":3,"slides_to_show_mobile":2,"slides_to_scroll_tablet":3,"slides_to_scroll_mobile":2,"image_spacing_custom_mobile":15,"heading":"This is the heading","arrows_vertical_spacing":{"unit":"%","size":"","sizes":[]},"arrows_vertical_spacing_tablet":{"unit":"%","size":"","sizes":[]},"arrows_vertical_spacing_mobile":{"unit":"%","size":"","sizes":[]},"navigation_classes_tablet":"dots","arrows_show":"1","arrows_horizontal_spacing":{"unit":"px","size":-82,"sizes":[]},"product_item_border_color":"#EBEBEB","product_image_border_border":"solid","product_image_border_width":{"unit":"px","top":"1","right":"1","bottom":"1","left":"1","isLinked":true},"product_image_border_color":"#EBEBEB","product_summary_padding":{"unit":"px","top":"20","right":"30","bottom":"0","left":"30","isLinked":false},"product_image_padding":{"unit":"px","top":"15","right":"15","bottom":"15","left":"15","isLinked":true},"product_card_layout":"1","arrows_type":"outline-dark","arrows_bgcolor":"#FFFEFE","arrows_hover_bgcolor":"#FCFCFC","arrows_disable_bgcolor":"#FFFFFF"},"elements":[],"isInner":false,"widgetType":"ecomus-products-carousel","elType":"widget"}],"isInner":false,"elType":"container"},{"id":"c557307","settings":{"background_background":"classic","background_color":"#F3F5F6","padding":{"unit":"px","top":"87","right":"0","bottom":"90","left":"0","isLinked":false},"padding_tablet":{"unit":"px","top":"75","right":"0","bottom":"70","left":"0","isLinked":false},"padding_mobile":{"unit":"px","top":"60","right":"0","bottom":"0","left":"0","isLinked":false}},"elements":[{"id":"13f71ff2","settings":{"content_width":"full","title":"See Results in 1 Week!","title_size":"h4","align":"center","typography_typography":"custom","typography_font_size_mobile":{"unit":"px","size":22,"sizes":[]},"typography_font_weight":"600","typography_font_size_tablet":{"unit":"px","size":32,"sizes":[]},"_padding":{"unit":"px","top":"0","right":"0","bottom":"43","left":"0","isLinked":false},"_padding_tablet":{"unit":"px","top":"0","right":"0","bottom":"33","left":"0","isLinked":false},"_padding_mobile":{"unit":"px","top":"0","right":"0","bottom":"10","left":"0","isLinked":false}},"elements":[],"isInner":false,"widgetType":"ecomus-heading","elType":"widget"},{"id":"7f0231ef","settings":{"content_width":"full","before_image":{"id":6684,"url":"https:\/\/wpecomus.com\/cosmetic\/wp-content\/uploads\/sites\/24\/2024\/12\/home-cosmetic-before-scaled.webp","alt":"","source":"library","size":""},"after_image":{"id":6683,"url":"https:\/\/wpecomus.com\/cosmetic\/wp-content\/uploads\/sites\/24\/2024\/12\/home-cosmetic-after-scaled.webp","alt":"","source":"library","size":""},"before_text":"Before","after_text":"After"},"elements":[],"isInner":false,"widgetType":"ecomus-image-before-after","elType":"widget"}],"isInner":false,"elType":"container"},{"id":"e1ef89e","settings":{"background_background":"classic","padding":{"unit":"px","top":"93","right":"0","bottom":"68","left":"0","isLinked":false},"padding_tablet":{"unit":"px","top":"78","right":"0","bottom":"58","left":"0","isLinked":false},"padding_mobile":{"unit":"px","top":"60","right":"0","bottom":"50","left":"0","isLinked":false}},"elements":[{"id":"5d72ba0b","settings":{"content_width":"full","title":"Customer Reviews","title_size":"h4","align":"center","typography_typography":"custom","typography_font_size_mobile":{"unit":"px","size":22,"sizes":[]},"typography_font_weight":"600","typography_font_size_tablet":{"unit":"px","size":32,"sizes":[]},"_padding":{"unit":"px","top":"0","right":"0","bottom":"55","left":"0","isLinked":false},"_padding_tablet":{"unit":"px","top":"0","right":"0","bottom":"25","left":"0","isLinked":false},"_padding_mobile":{"unit":"px","top":"0","right":"0","bottom":"10","left":"0","isLinked":false}},"elements":[],"isInner":false,"widgetType":"ecomus-heading","elType":"widget"},{"id":"2b9c0bdb","settings":{"testimonials":[{"testimonial_name":"Robert Smith","_id":"060ec67","testimonial_title":"Incredibly Soft Skin","testimonial_content":"\u201cAfter using this skincare set, my skin has become incredibly soft and radiant. I feel more confident stepping out without heavy makeup.\u201d","testimonial_text":"Customer from USA","testimonial_product_id":775,"testimonial_image":{"id":6639,"url":"https:\/\/wpecomus.com\/cosmetic\/wp-content\/uploads\/sites\/24\/2024\/12\/placeholder.png"}},{"testimonial_name":"Allen Lyn","testimonial_title":"Ideal for All Skins","testimonial_content":"\"These cosmetics truly suit all skin types, from oily to dry. I no longer worry about finding the right products as they are gentle, effective, and perfect for everyday use.\"","testimonial_text":"Customer from Fance","testimonial_product_id":871,"_id":"ecea334","testimonial_image":{"id":6640,"url":"https:\/\/wpecomus.com\/cosmetic\/wp-content\/uploads\/sites\/24\/2024\/12\/placeholder-1.png"}},{"testimonial_name":"Peter Rope","testimonial_title":"Noticeable Change in Week","testimonial_content":"\"I noticed a remarkable change in my skin after just one week of use. It became brighter, smoother, and the fine lines significantly diminished. Truly surprising!\"","testimonial_text":"Customer from USA","testimonial_product_id":782,"_id":"19e023e","testimonial_image":{"id":6641,"url":"https:\/\/wpecomus.com\/cosmetic\/wp-content\/uploads\/sites\/24\/2024\/12\/placeholder-2.png"}},{"testimonial_name":"Hellen Ase","_id":"4c7dbb3","testimonial_title":"Perfect Skincare Solution","testimonial_content":"\"This set provides everything I need for my daily skincare routine. From cleanser to toner and moisturizer, all products are amazing and deliver noticeable results.\"","testimonial_text":"Customer from Japan","testimonial_product_id":766,"testimonial_image":{"id":6642,"url":"https:\/\/wpecomus.com\/cosmetic\/wp-content\/uploads\/sites\/24\/2024\/12\/placeholder-3.png"}}],"navigation_classes_tablet":"dots","navigation_classes_mobile":"dots","text_typography_font_size":{"unit":"px","size":103,"sizes":[]},"image_spacing_custom_mobile":15,"slides_to_show_tablet":2,"slides_to_show_mobile":1,"slides_to_scroll_tablet":2,"slides_to_scroll_mobile":1,"content_typography_typography":"custom","content_typography_font_size_mobile":{"unit":"px","size":16,"sizes":[]},"item_border_radius":{"unit":"px","top":"0","right":"0","bottom":"0","left":"0","isLinked":true},"arrows_show":"1","arrows_type":"outline-dark","arrows_bgcolor":"#FFFFFF","arrows_vertical_spacing":{"unit":"%","size":"","sizes":[]},"arrows_vertical_spacing_tablet":{"unit":"%","size":"","sizes":[]},"arrows_vertical_spacing_mobile":{"unit":"%","size":"","sizes":[]},"dots_spacing_mobile":{"unit":"px","size":20,"sizes":[]}},"elements":[],"isInner":false,"widgetType":"ecomus-testimonial-carousel-2","elType":"widget"}],"isInner":false,"elType":"container"},{"id":"585ff8d7","settings":{"background_background":"classic","background_color":"#F3F5F6","padding":{"unit":"px","top":"45","right":"0","bottom":"56","left":"0","isLinked":false},"padding_tablet":{"unit":"px","top":"40","right":"0","bottom":"40","left":"0","isLinked":false}},"elements":[{"id":"24c8d7b3","settings":{"content_width":"full","icons_box":[{"icon":{"value":{"url":"https:\/\/wpecomus.com\/cosmetic\/wp-content\/uploads\/sites\/24\/2024\/06\/box.svg","id":1397},"library":"svg"},"title":"Free Shipping","description":"You will love at great low prices","_id":"82d6a6a","image":{"id":"","url":"https:\/\/wpecomus.com\/cosmetic\/wp-content\/plugins\/elementor\/assets\/images\/placeholder.png"}},{"icon":{"value":{"url":"https:\/\/wpecomus.com\/cosmetic\/wp-content\/uploads\/sites\/24\/2024\/06\/card.svg","id":1398},"library":"svg"},"title":"Flexible Payment","description":"Pay with Multiple Credit Cards","_id":"a15fb08","image":{"id":"","url":"https:\/\/wpecomus.com\/cosmetic\/wp-content\/plugins\/elementor\/assets\/images\/placeholder.png"}},{"icon":{"value":{"url":"https:\/\/wpecomus.com\/cosmetic\/wp-content\/uploads\/sites\/24\/2024\/06\/return.svg","id":1399},"library":"svg"},"title":"14 Day Returns","description":"Within 30 days for an exchange","_id":"edf6df9","image":{"id":"","url":"https:\/\/wpecomus.com\/cosmetic\/wp-content\/plugins\/elementor\/assets\/images\/placeholder.png"}},{"_id":"1e7f2a4","icon":{"value":{"url":"https:\/\/wpecomus.com\/cosmetic\/wp-content\/uploads\/sites\/24\/2024\/06\/support.svg","id":1400},"library":"svg"},"title":"Premium Support","description":"Outstanding premium support","image":{"id":"","url":"https:\/\/wpecomus.com\/cosmetic\/wp-content\/plugins\/elementor\/assets\/images\/placeholder.png"}}],"slides_to_show":4,"navigation_classes_tablet":"dots","navigation_classes_mobile":"dots","content_border_border":"none","content_border_width":{"unit":"px","top":"1","right":"1","bottom":"1","left":"1","isLinked":true},"content_border_color":"#EBEBEB","title_typography_typography":"custom","title_typography_font_size":{"unit":"px","size":18,"sizes":[]},"title_typography_font_weight":"500","description_color":"#545454","icon_color":"#000000","icon_size":{"unit":"px","size":30,"sizes":[]},"position":"left","icon_border_border":"solid","icon_border_width":{"unit":"px","top":"1","right":"1","bottom":"1","left":"1","isLinked":true},"icon_border_color":"#ECECEC","border_radius":{"unit":"%","top":"100","right":"100","bottom":"100","left":"100","isLinked":true},"icon_padding":{"unit":"px","top":"20","right":"20","bottom":"20","left":"20","isLinked":true},"position_mobile":"top","alignment_mobile":"center","vertical_alignment":"middle","title_spacing":{"unit":"px","size":10,"sizes":[]},"icon_background_color":"#FFFFFF","navigation_classes":"none"},"elements":[],"isInner":false,"widgetType":"ecomus-icon-box-carousel","elType":"widget"}],"isInner":false,"elType":"container"}],"page_settings":{"hide_page_header":"yes","content_top_spacing":"custom","content_top_padding":{"unit":"px","size":0,"sizes":[]},"content_bottom_spacing":"custom","content_bottom_padding":{"unit":"px","size":0,"sizes":[]}},"version":"0.4","title":"Home Cosmetic Library","type":"page"}