{"content":[{"id":"2b900c45","settings":{"content_width":"full","margin":{"unit":"px","top":"0","right":"0","bottom":"100","left":"0","isLinked":false},"margin_tablet":{"unit":"px","top":"0","right":"0","bottom":"85","left":"0","isLinked":false},"margin_mobile":{"unit":"px","top":"0","right":"0","bottom":"30","left":"0","isLinked":false}},"elements":[{"id":"2400bf52","settings":{"content_width":"full","slides":[{"title":"Express Your Style","description":"Summer is the time of celebrations.","button_text":"Shop collection","_id":"e828f91","image":{"id":5153,"url":"https:\/\/wpecomus.com\/decor\/wp-content\/uploads\/sites\/6\/2024\/08\/homedecor_slide01.webp","alt":"","source":"library","size":""},"content_background_color_custom":"#383240","button_link":{"url":"https:\/\/wpecomus.com\/decor\/product-category\/plants\/","is_external":"","nofollow":"","custom_attributes":""},"button_link_type":"only"},{"title":"Home Elegance","description":"Elevate your living spaces with our exquisite decorations","button_text":"Shop collection","image":{"id":5154,"url":"https:\/\/wpecomus.com\/decor\/wp-content\/uploads\/sites\/6\/2024\/08\/homedecor_slide02.webp","alt":"","source":"library","size":""},"_id":"73f16d8","content_background_color_custom":"#2C3728","button_link":{"url":"https:\/\/wpecomus.com\/decor\/product-category\/lighting\/","is_external":"","nofollow":"","custom_attributes":""},"button_link_type":"only"},{"title":"Charm Every Corner","description":"Add a touch of magic to every room","button_text":"Shop collection","image":{"id":5155,"url":"https:\/\/wpecomus.com\/decor\/wp-content\/uploads\/sites\/6\/2024\/08\/homedecor_slide03.webp","alt":"","source":"library","size":""},"_id":"bef9bd8","content_background_color_custom":"#402C1F","button_link":{"url":"https:\/\/wpecomus.com\/decor\/product-category\/wall-decor\/","is_external":"","nofollow":"","custom_attributes":""},"button_link_type":"only"}],"content_padding":{"unit":"px","top":"0","right":"0","bottom":"0","left":"154","isLinked":false},"image_height":{"unit":"px","size":710,"sizes":[]},"title_color":"#FFFFFF","description_color":"#FFFFFF","button_style":"outline-dark","button_text_color":"#FFFFFF","button_hover_color":"#814037","title_typography_typography":"custom","title_typography_font_size":{"unit":"px","size":68,"sizes":[]},"title_margin":{"unit":"px","top":"0","right":"0","bottom":"18","left":"0","isLinked":false},"description_typography_typography":"custom","description_typography_font_size":{"unit":"px","size":20,"sizes":[]},"description_typography_font_weight":"500","description_margin":{"unit":"px","top":"0","right":"0","bottom":"45","left":"0","isLinked":false},"navigation_classes":"dots","dots_type":"background","dot_item_color":"#FFFFFF","dot_item_active_color":"#FFFFFF","dots_spacing_left":{"unit":"px","size":0,"sizes":[]},"dots_spacing_right":{"unit":"px","size":45,"sizes":[]},"dot_align":"right","dot_item_active_background_color":"#FFFFFF29","navigation_classes_tablet":"dots","navigation_classes_mobile":"dots","content_direction":"row-reverse","content_direction_mobile":"column-reverse","content_align_mobile":"center","content_padding_tablet":{"unit":"px","top":"0","right":"15","bottom":"0","left":"15","isLinked":false},"content_padding_mobile":{"unit":"px","top":"50","right":"15","bottom":"57","left":"15","isLinked":false},"image_height_mobile":{"unit":"px","size":400,"sizes":[]},"title_typography_font_size_tablet":{"unit":"px","size":50,"sizes":[]},"title_margin_tablet":{"unit":"px","top":"0","right":"0","bottom":"14","left":"0","isLinked":false},"description_margin_tablet":{"unit":"px","top":"0","right":"0","bottom":"28","left":"0","isLinked":false},"dots_spacing_tablet":{"unit":"px","size":45,"sizes":[]},"dots_spacing_mobile":{"unit":"px","size":12,"sizes":[]},"dots_spacing_right_mobile":{"unit":"px","size":0,"sizes":[]},"dot_align_mobile":"center","title_typography_font_size_mobile":{"unit":"px","size":32,"sizes":[]},"description_typography_font_size_mobile":{"unit":"px","size":16,"sizes":[]},"description_margin_mobile":{"unit":"px","top":"0","right":"0","bottom":"19","left":"0","isLinked":false},"button_typography_typography":"custom","button_typography_font_weight":"400","dots_gap_mobile":{"unit":"px","size":2,"sizes":[]},"button_icon":{"value":{"url":"https:\/\/wpecomus.com\/decor\/wp-content\/uploads\/sites\/6\/2024\/07\/arrow-right.svg","id":3886},"library":"svg"},"show_button_icon":"alway","button_border_color":"#FFFFFF","button_icon_padding":{"unit":"px","top":"2","right":"0","bottom":"0","left":"0","isLinked":false},"dots_gap":{"unit":"px","size":4,"sizes":[]},"dots_spacing":{"unit":"px","size":45,"sizes":[]}},"elements":[],"isInner":false,"widgetType":"ecomus-image-content-slider","elType":"widget"}],"isInner":false,"elType":"container"},{"id":"50d88a3a","settings":{"margin":{"unit":"px","top":"0","right":"0","bottom":"65","left":"0","isLinked":false},"margin_tablet":{"unit":"px","top":"0","right":"0","bottom":"80","left":"0","isLinked":false},"margin_mobile":{"unit":"px","top":"0","right":"0","bottom":"050","left":"0","isLinked":false}},"elements":[{"id":"70b7a15a","settings":{"content_width":"full","title":"Our most beloved collections","title_size":"h3","align":"center","typography_typography":"custom","typography_font_size":{"unit":"px","size":42,"sizes":[]},"typography_font_size_tablet":{"unit":"px","size":32,"sizes":[]},"typography_font_size_mobile":{"unit":"px","size":22,"sizes":[]},"_margin":{"unit":"px","top":"0","right":"0","bottom":"50","left":"0","isLinked":false},"_margin_tablet":{"unit":"px","top":"0","right":"0","bottom":"50","left":"0","isLinked":false},"_margin_mobile":{"unit":"px","top":"0","right":"0","bottom":"00","left":"0","isLinked":false}},"elements":[],"isInner":false,"widgetType":"ecomus-heading","elType":"widget"},{"id":"2d2d4f01","settings":{"content_width":"full","heading":"","items":[{"button_text":"Shop Collection","_id":"b312819","image":{"id":5160,"url":"https:\/\/wpecomus.com\/decor\/wp-content\/uploads\/sites\/6\/2024\/08\/homedecor_cat01.webp","alt":"","source":"library","size":""},"title":"Alvar Aalto Collection","button_link":{"url":"https:\/\/wpecomus.com\/decor\/product-category\/decor-objects\/","is_external":"","nofollow":"","custom_attributes":""}},{"button_text":"Shop Collection","_id":"3fd7d2c","image":{"id":5161,"url":"https:\/\/wpecomus.com\/decor\/wp-content\/uploads\/sites\/6\/2024\/08\/homedecor_cat02.webp","alt":"","source":"library","size":""},"title":"Kastehelmi Collection","button_link":{"url":"https:\/\/wpecomus.com\/decor\/product-category\/lighting\/","is_external":"","nofollow":"","custom_attributes":""}}],"slides_to_show":2,"navigation_classes":"dots","navigation_classes_tablet":"dots","navigation_classes_mobile":"dots","content_horizontal_position":"left","content_vertical_position":"top","content_border_radius":{"unit":"px","top":"0","right":"0","bottom":"0","left":"0","isLinked":true},"content_position":"below","button_show_icon":"yes","slides_to_show_mobile":1,"slides_to_scroll_mobile":1,"title_margin":{"unit":"px","top":"40","right":"0","bottom":"0","left":"0","isLinked":false},"title_margin_tablet":{"unit":"px","top":"30","right":"0","bottom":"0","left":"0","isLinked":false},"title_margin_mobile":{"unit":"px","top":"15","right":"0","bottom":"0","left":"0","isLinked":false},"button_margin":{"unit":"px","top":"18","right":"0","bottom":"0","left":"0","isLinked":false},"button_margin_tablet":{"unit":"px","top":"14","right":"0","bottom":"0","left":"0","isLinked":false},"button_margin_mobile":{"unit":"px","top":"10","right":"0","bottom":"0","left":"0","isLinked":false},"show_heading":"","show_button_icon":"alway","button_style":"subtle","content_vertical_position_mobile":"middle"},"elements":[],"isInner":false,"widgetType":"ecomus-image-box-carousel","elType":"widget"}],"isInner":false,"elType":"container"},{"id":"6e8d106b","settings":{"flex_gap":{"column":"18","row":"18","isLinked":true,"unit":"px","size":18},"flex_gap_mobile":{"column":"","row":"","isLinked":true,"unit":"px","size":null},"margin":{"unit":"px","top":"0","right":"0","bottom":"66","left":"0","isLinked":false},"margin_tablet":{"unit":"px","top":"0","right":"0","bottom":"50","left":"0","isLinked":false},"margin_mobile":{"unit":"px","top":"0","right":"0","bottom":"30","left":"0","isLinked":false}},"elements":[{"id":"68ca97fa","settings":{"content_width":"full","title":"Treding Products","title_size":"h4","typography_typography":"custom","typography_font_size_tablet":{"unit":"px","size":32,"sizes":[]},"typography_font_size_mobile":{"unit":"px","size":22,"sizes":[]}},"elements":[],"isInner":false,"widgetType":"ecomus-heading","elType":"widget"},{"id":"72af154b","settings":{"content_width":"full","title":"Find beautiful interior decor objects that create impact in any room","title_size":"p","typography_typography":"custom","typography_font_size":{"unit":"px","size":16,"sizes":[]},"typography_font_size_mobile":{"unit":"px","size":14,"sizes":[]}},"elements":[],"isInner":false,"widgetType":"ecomus-heading","elType":"widget"}],"isInner":false,"elType":"container"},{"id":"1a30d811","settings":{"margin":{"unit":"px","top":"0","right":"0","bottom":"100","left":"0","isLinked":false},"margin_tablet":{"unit":"px","top":"0","right":"0","bottom":"85","left":"0","isLinked":false},"margin_mobile":{"unit":"px","top":"0","right":"0","bottom":"50","left":"0","isLinked":false}},"elements":[{"id":"6cb454b9","settings":{"content_width":"full","limit":8,"slides_to_show_tablet":3,"slides_to_show_mobile":2,"slides_to_scroll_tablet":3,"slides_to_scroll_mobile":2,"navigation_classes_tablet":"dots","navigation_classes_mobile":"dots","heading":"This is the text","arrows_vertical_spacing":{"unit":"%","size":40,"sizes":[]},"arrows_vertical_spacing_tablet":{"unit":"%","size":"","sizes":[]},"arrows_vertical_spacing_mobile":{"unit":"%","size":"","sizes":[]},"tag":""},"elements":[],"isInner":false,"widgetType":"ecomus-products-carousel","elType":"widget"}],"isInner":false,"elType":"container"},{"id":"4aad4a6c","settings":{"container_type":"grid","grid_columns_grid":{"unit":"fr","size":"2"},"grid_rows_grid":{"unit":"fr","size":"1"},"grid_rows_grid_mobile":{"unit":"fr","size":"1"},"grid_gaps":{"column":"8","row":"8","isLinked":true,"unit":"px"},"grid_justify_items_mobile":"center","grid_align_items":"center","margin":{"unit":"px","top":"0","right":"0","bottom":"66","left":"0","isLinked":false},"margin_tablet":{"unit":"px","top":"0","right":"0","bottom":"50","left":"0","isLinked":false},"margin_mobile":{"unit":"px","top":"0","right":"0","bottom":"30","left":"0","isLinked":false}},"elements":[{"id":"6314b98e","settings":{"content_width":"full","title":"Season Collection","title_size":"h4","typography_typography":"custom","typography_font_size_tablet":{"unit":"px","size":32,"sizes":[]},"typography_font_size_mobile":{"unit":"px","size":22,"sizes":[]}},"elements":[],"isInner":false,"widgetType":"ecomus-heading","elType":"widget"},{"id":"1c33aa16","settings":{"content_width":"full","button_style":"subtle","text":"View all categories","align":"right","icon_align":"right","typography_typography":"custom","typography_font_weight":"600","hover_color":"#814037","selected_icon":{"value":{"url":"http:\/\/localhost\/dev\/ecomusv3\/wp-content\/uploads\/sites\/30\/2024\/06\/arrow-top-right.svg","id":1340},"library":"svg"},"button_text":" View all categories","button_link":{"url":"https:\/\/wpecomus.com\/decor\/categories\/","is_external":"","nofollow":"","custom_attributes":""},"show_button_icon":"alway"},"elements":[],"isInner":false,"widgetType":"ecomus-button","elType":"widget"}],"isInner":false,"elType":"container"},{"id":"5cdc9f8d","settings":{"margin":{"unit":"px","top":"0","right":"0","bottom":"100","left":"0","isLinked":false},"margin_tablet":{"unit":"px","top":"0","right":"0","bottom":"85","left":"0","isLinked":false},"margin_mobile":{"unit":"px","top":"0","right":"0","bottom":"050","left":"0","isLinked":false}},"elements":[{"id":"6bd35588","settings":{"content_width":"full","heading":"This is the heading","items":[{"image":{"id":5169,"url":"https:\/\/wpecomus.com\/decor\/wp-content\/uploads\/sites\/6\/2024\/08\/homedecor_cat11.webp","alt":"","source":"library","size":""},"_id":"05df23d","product_cat":"men"},{"image":{"id":"","url":"https:\/\/wpecomus.com\/decor\/wp-content\/plugins\/elementor\/assets\/images\/placeholder.png"},"_id":"2293ea0","product_cat":"women"},{"image":{"id":"","url":"https:\/\/wpecomus.com\/decor\/wp-content\/plugins\/elementor\/assets\/images\/placeholder.png"},"_id":"0bffd65","product_cat":"shoes"},{"image":{"id":"","url":"https:\/\/wpecomus.com\/decor\/wp-content\/plugins\/elementor\/assets\/images\/placeholder.png"},"_id":"24890e1","product_cat":"sunglasses"},{"image":{"id":"","url":"https:\/\/wpecomus.com\/decor\/wp-content\/plugins\/elementor\/assets\/images\/placeholder.png"},"_id":"432d38d","product_cat":"accessories"},{"image":{"id":"","url":"https:\/\/wpecomus.com\/decor\/wp-content\/plugins\/elementor\/assets\/images\/placeholder.png"},"product_cat":"tops","_id":"6cc7929"}],"slides_to_show":6,"slides_to_show_tablet":3,"slides_to_show_mobile":2,"slides_to_scroll_tablet":2,"slides_to_scroll_mobile":2,"navigation_classes_tablet":"dots","navigation_classes_mobile":"dots","button_text":"","content_align":"center","aspect_ratio_type":"square","image_max_width":{"unit":"px","size":200,"sizes":[]},"image_border_radius":{"unit":"px","top":"100","right":"100","bottom":"100","left":"100","isLinked":true}},"elements":[],"isInner":false,"widgetType":"ecomus-categories-carousel","elType":"widget"}],"isInner":false,"elType":"container"},{"id":"2c13af59","settings":{"flex_gap":{"column":"18","row":"18","isLinked":true,"unit":"px","size":18},"flex_gap_mobile":{"column":"","row":"","isLinked":true,"unit":"px","size":null},"margin":{"unit":"px","top":"0","right":"0","bottom":"66","left":"0","isLinked":false},"margin_tablet":{"unit":"px","top":"0","right":"0","bottom":"50","left":"0","isLinked":false},"margin_mobile":{"unit":"px","top":"0","right":"0","bottom":"30","left":"0","isLinked":false}},"elements":[{"id":"2522acdf","settings":{"content_width":"full","title":"Best Seller","title_size":"h4","typography_typography":"custom","typography_font_size_tablet":{"unit":"px","size":32,"sizes":[]},"typography_font_size_mobile":{"unit":"px","size":22,"sizes":[]}},"elements":[],"isInner":false,"widgetType":"ecomus-heading","elType":"widget"},{"id":"53263294","settings":{"content_width":"full","title":"Find beautiful interior decor objects that create impact in any room","title_size":"p","typography_typography":"custom","typography_font_size":{"unit":"px","size":16,"sizes":[]},"typography_font_size_mobile":{"unit":"px","size":14,"sizes":[]}},"elements":[],"isInner":false,"widgetType":"ecomus-heading","elType":"widget"}],"isInner":false,"elType":"container"},{"id":"6c04356c","settings":{"margin":{"unit":"px","top":"0","right":"0","bottom":"100","left":"0","isLinked":false},"margin_tablet":{"unit":"px","top":"0","right":"0","bottom":"85","left":"0","isLinked":false},"margin_mobile":{"unit":"px","top":"0","right":"0","bottom":"50","left":"0","isLinked":false}},"elements":[{"id":"27b7b67a","settings":{"content_width":"full","limit":8,"slides_to_show_tablet":3,"slides_to_show_mobile":2,"slides_to_scroll_tablet":3,"slides_to_scroll_mobile":2,"navigation_classes_tablet":"dots","navigation_classes_mobile":"dots","heading":"This is the text","arrows_vertical_spacing":{"unit":"%","size":40,"sizes":[]},"arrows_vertical_spacing_tablet":{"unit":"%","size":"","sizes":[]},"arrows_vertical_spacing_mobile":{"unit":"%","size":"","sizes":[]},"tag":""},"elements":[],"isInner":false,"widgetType":"ecomus-products-carousel","elType":"widget"}],"isInner":false,"elType":"container"},{"id":"131a6814","settings":{"flex_direction":"row","flex_gap":{"unit":"px","size":0,"column":"0","row":"0","isLinked":true},"boxed_width":{"unit":"px","size":1440,"sizes":[]},"flex_gap_mobile":{"column":"20","row":"20","isLinked":true,"unit":"px","size":20}},"elements":[{"id":"4e6e5a6","settings":{"flex_direction":"row-reverse","content_width":"full","width":{"unit":"%","size":""},"overflow":"hidden","background_background":"classic","background_color":"#FCF8F3","padding":{"unit":"px","top":"0","right":"0","bottom":"0","left":"0","isLinked":false},"flex_direction_mobile":"column","flex_gap":{"column":"0","row":"0","isLinked":true,"unit":"px","size":0}},"elements":[{"id":"37f75207","settings":{"content_width":"full","width":{"unit":"%","size":50,"sizes":[]},"boxed_width":{"unit":"%","size":50,"sizes":[]},"boxed_width_tablet":{"unit":"%","size":"","sizes":[]},"boxed_width_mobile":{"unit":"%","size":"","sizes":[]},"flex_justify_content":"flex-end","flex_justify_content_tablet":"flex-start","_flex_size_tablet":"grow"},"elements":[{"id":"28c20320","settings":{"image":{"id":5179,"url":"https:\/\/wpecomus.com\/decor\/wp-content\/uploads\/sites\/6\/2024\/08\/homedecor_banner01.webp","alt":"","source":"library","size":""},"image_size":"full","height_tablet":{"unit":"%","size":100,"sizes":[]},"height_mobile":{"unit":"%","size":"","sizes":[]},"width":{"unit":"%","size":100,"sizes":[]},"height":{"unit":"%","size":100,"sizes":[]},"object-fit":"cover","object-fit_tablet":"cover","_flex_size_tablet":"grow"},"elements":[],"isInner":false,"widgetType":"image","elType":"widget"}],"isInner":true,"elType":"container"},{"id":"30cf36cc","settings":{"content_width":"full","width":{"unit":"%","size":50,"sizes":[]},"flex_gap":{"column":"0","row":"0","isLinked":true,"unit":"px","size":0},"flex_gap_mobile":{"column":"","row":"","isLinked":true,"unit":"px","size":null},"padding_mobile":{"unit":"px","top":"14","right":"14","bottom":"24","left":"14","isLinked":false},"_flex_align_self":"center","padding":{"unit":"px","top":"0","right":"74","bottom":"0","left":"145","isLinked":false},"padding_tablet":{"unit":"px","top":"37","right":"26","bottom":"38","left":"22","isLinked":false}},"elements":[{"id":"509b20f5","settings":{"title":"Gift ideas for summer","align_mobile":"center","typography_typography":"custom","typography_font_size":{"unit":"px","size":42,"sizes":[]},"typography_font_size_tablet":{"unit":"px","size":32,"sizes":[]},"typography_font_size_mobile":{"unit":"px","size":22,"sizes":[]},"_margin":{"unit":"px","top":"0","right":"0","bottom":"24","left":"0","isLinked":false},"_margin_tablet":{"unit":"px","top":"0","right":"0","bottom":"18","left":"0","isLinked":false},"_margin_mobile":{"unit":"px","top":"0","right":"0","bottom":"16","left":"0","isLinked":false}},"elements":[],"isInner":false,"widgetType":"ecomus-heading","elType":"widget"},{"id":"4bc3a7c9","settings":{"title":"Summer carries with it festivities, reunions, journeys and unforgettable moments in time","title_size":"div","align_mobile":"center","title_color":"#545454","typography_typography":"custom","typography_font_size":{"unit":"px","size":16,"sizes":[]},"typography_font_size_mobile":{"unit":"px","size":14,"sizes":[]},"_margin":{"unit":"px","top":"0","right":"0","bottom":"34","left":"0","isLinked":false},"_margin_tablet":{"unit":"px","top":"0","right":"0","bottom":"24","left":"0","isLinked":false},"_margin_mobile":{"unit":"px","top":"0","right":"0","bottom":"18","left":"0","isLinked":false}},"elements":[],"isInner":false,"widgetType":"ecomus-heading","elType":"widget"},{"id":"6116c850","settings":{"text":"Shop Collection","align_mobile":"center","typography_typography":"custom","typography_font_weight":"600","button_style":"subtle","icon_align":"right","hover_color":"#814037","button_text":"Shop Collection","show_button_icon":"alway","button_icon_size":{"unit":"px","size":9,"sizes":[]},"button_link":{"url":"https:\/\/wpecomus.com\/decor\/product-category\/clocks\/","is_external":"","nofollow":"","custom_attributes":""}},"elements":[],"isInner":false,"widgetType":"ecomus-button","elType":"widget"}],"isInner":true,"elType":"container"}],"isInner":true,"elType":"container"}],"isInner":false,"elType":"container"},{"id":"6f7538d2","settings":{"flex_direction":"row","flex_gap":{"unit":"px","size":0,"column":"0","row":"0","isLinked":true},"boxed_width":{"unit":"px","size":1440,"sizes":[]},"flex_gap_mobile":{"column":"20","row":"20","isLinked":true,"unit":"px","size":20},"margin":{"unit":"px","top":"0","right":"0","bottom":"80","left":"0","isLinked":false},"margin_tablet":{"unit":"px","top":"0","right":"0","bottom":"68","left":"0","isLinked":false},"margin_mobile":{"unit":"px","top":"0","right":"0","bottom":"60","left":"0","isLinked":false}},"elements":[{"id":"3ad8c2bd","settings":{"flex_direction":"row","content_width":"full","width":{"unit":"%","size":""},"overflow":"hidden","background_background":"classic","background_color":"#F5FBFD","padding":{"unit":"px","top":"0","right":"0","bottom":"0","left":"0","isLinked":false},"flex_gap":{"column":"0","row":"0","isLinked":true,"unit":"px","size":0}},"elements":[{"id":"2bd3efe8","settings":{"content_width":"full","width":{"unit":"%","size":50,"sizes":[]},"boxed_width":{"unit":"%","size":50,"sizes":[]},"boxed_width_tablet":{"unit":"%","size":"","sizes":[]},"boxed_width_mobile":{"unit":"%","size":"","sizes":[]},"flex_justify_content":"flex-end","flex_justify_content_tablet":"flex-start","_flex_size_tablet":"grow"},"elements":[{"id":"4d6c61b8","settings":{"image":{"id":5180,"url":"https:\/\/wpecomus.com\/decor\/wp-content\/uploads\/sites\/6\/2024\/08\/homedecor_banner02.webp","alt":"","source":"library","size":""},"image_size":"full","height_tablet":{"unit":"%","size":100,"sizes":[]},"height_mobile":{"unit":"%","size":"","sizes":[]},"width":{"unit":"%","size":100,"sizes":[]},"height":{"unit":"%","size":100,"sizes":[]},"object-fit":"cover","object-fit_tablet":"cover","_flex_size_tablet":"grow"},"elements":[],"isInner":false,"widgetType":"image","elType":"widget"}],"isInner":true,"elType":"container"},{"id":"1c827934","settings":{"content_width":"full","width":{"unit":"%","size":50,"sizes":[]},"flex_gap":{"column":"0","row":"0","isLinked":true,"unit":"px","size":0},"flex_gap_mobile":{"column":"","row":"","isLinked":true,"unit":"px","size":null},"padding_mobile":{"unit":"px","top":"14","right":"14","bottom":"24","left":"14","isLinked":false},"_flex_align_self":"center","padding":{"unit":"px","top":"0","right":"157","bottom":"0","left":"153","isLinked":false},"padding_tablet":{"unit":"px","top":"37","right":"26","bottom":"38","left":"22","isLinked":false}},"elements":[{"id":"aa7c8ab","settings":{"title":"Renovate your room","align_mobile":"center","typography_typography":"custom","typography_font_size":{"unit":"px","size":42,"sizes":[]},"typography_font_size_tablet":{"unit":"px","size":32,"sizes":[]},"typography_font_size_mobile":{"unit":"px","size":22,"sizes":[]},"_margin":{"unit":"px","top":"0","right":"0","bottom":"24","left":"0","isLinked":false},"_margin_tablet":{"unit":"px","top":"0","right":"0","bottom":"18","left":"0","isLinked":false},"_margin_mobile":{"unit":"px","top":"0","right":"0","bottom":"16","left":"0","isLinked":false}},"elements":[],"isInner":false,"widgetType":"ecomus-heading","elType":"widget"},{"id":"3630fdcb","settings":{"title":"Summer carries with it festivities, reunions, journeys and unforgettable moments in time","title_size":"div","align_mobile":"center","title_color":"#545454","typography_typography":"custom","typography_font_size":{"unit":"px","size":16,"sizes":[]},"typography_font_size_mobile":{"unit":"px","size":14,"sizes":[]},"_margin":{"unit":"px","top":"0","right":"0","bottom":"34","left":"0","isLinked":false},"_margin_tablet":{"unit":"px","top":"0","right":"0","bottom":"24","left":"0","isLinked":false},"_margin_mobile":{"unit":"px","top":"0","right":"0","bottom":"18","left":"0","isLinked":false}},"elements":[],"isInner":false,"widgetType":"ecomus-heading","elType":"widget"},{"id":"101d6e56","settings":{"text":"Shop Collection","align_mobile":"center","typography_typography":"custom","typography_font_weight":"600","button_style":"subtle","icon_align":"right","hover_color":"#814037","button_text":"Shop Collection","show_button_icon":"alway","button_icon_size":{"unit":"px","size":9,"sizes":[]},"button_link":{"url":"https:\/\/wpecomus.com\/decor\/product-category\/wall-decor\/","is_external":"","nofollow":"","custom_attributes":""}},"elements":[],"isInner":false,"widgetType":"ecomus-button","elType":"widget"}],"isInner":true,"elType":"container"}],"isInner":true,"elType":"container"}],"isInner":false,"elType":"container"},{"id":"4cf44afb","settings":{"flex_gap":{"column":"8","row":"8","isLinked":true,"unit":"px","size":8},"boxed_width":{"unit":"px","size":1440,"sizes":[]},"margin":{"unit":"px","top":"0","right":"0","bottom":"54","left":"0","isLinked":false},"margin_tablet":{"unit":"px","top":"0","right":"0","bottom":"51","left":"0","isLinked":false},"margin_mobile":{"unit":"px","top":"0","right":"0","bottom":"30","left":"0","isLinked":false}},"elements":[{"id":"118713fa","settings":{"title":"Happy Customers","title_size":"h4","align":"center","typography_typography":"custom","typography_font_size_tablet":{"unit":"px","size":32,"sizes":[]},"typography_font_size_mobile":{"unit":"px","size":22,"sizes":[]}},"elements":[],"isInner":false,"widgetType":"ecomus-heading","elType":"widget"},{"id":"71baf17","settings":{"title":"Hear what they say about us","title_size":"p","align":"center","title_color":"#545454","typography_typography":"custom","typography_font_size":{"unit":"px","size":16,"sizes":[]},"typography_font_size_mobile":{"unit":"px","size":14,"sizes":[]},"typography_line_height_mobile":{"unit":"px","size":20,"sizes":[]}},"elements":[],"isInner":false,"widgetType":"ecomus-heading","elType":"widget"}],"isInner":false,"elType":"container"},{"id":"54d8f450","settings":{"boxed_width":{"unit":"px","size":1440,"sizes":[]},"margin":{"unit":"px","top":"0","right":"0","bottom":"100","left":"0","isLinked":false},"margin_tablet":{"unit":"px","top":"0","right":"0","bottom":"85","left":"0","isLinked":false},"margin_mobile":{"unit":"px","top":"0","right":"0","bottom":"50","left":"0","isLinked":false}},"elements":[{"id":"5d9ace25","settings":{"testimonials":[{"testimonial_name":"Robert smith","_id":"060ec67","testimonial_title":"Best Online Fashion Site","testimonial_content":"\u201cI always find something stylish and affordable on this web fashion site\u201d","testimonial_text":"Customer from USA","testimonial_product_id":871},{"testimonial_name":"Allen Lyn","testimonial_title":"Great Selection and Quality","testimonial_content":"\"I love the variety of styles and the high-quality clothing on this web fashion site.\"","testimonial_text":"Customer from Fance","testimonial_product_id":798,"_id":"ecea334"},{"testimonial_name":"Peter Rope","testimonial_title":"Best Customer Service","testimonial_content":"\"I finally found a web fashion site with stylish and flattering options in my size.\"","testimonial_text":"Customer from USA","testimonial_product_id":782,"_id":"19e023e"},{"testimonial_name":"Hellen Ase","_id":"4c7dbb3","testimonial_title":"Great Selection and Quality","testimonial_content":"\"I love the variety of styles and the high-quality clothing on this web fashion site.\"","testimonial_text":"Customer from Japan","testimonial_product_id":766}],"navigation_classes_tablet":"arrows","navigation_classes_mobile":"dots","text_typography_font_size":{"unit":"px","size":103,"sizes":[]},"image_spacing_custom_mobile":15,"slides_to_show_tablet":2,"slides_to_show_mobile":1,"slides_to_scroll_tablet":2,"slides_to_scroll_mobile":1,"content_typography_typography":"custom","content_typography_font_size_mobile":{"unit":"px","size":16,"sizes":[]},"item_border_radius":{"unit":"px","top":"0","right":"0","bottom":"0","left":"0","isLinked":true},"arrows_show":"1","arrows_type":"outline-dark","arrows_bgcolor":"#FFFFFF"},"elements":[],"isInner":false,"widgetType":"ecomus-testimonial-carousel-2","elType":"widget"}],"isInner":false,"elType":"container"}],"page_settings":{"hide_page_header":"yes","content_top_spacing":"custom","content_top_padding":{"unit":"px","size":0,"sizes":[]},"content_bottom_spacing":"custom","content_bottom_padding":{"unit":"px","size":0,"sizes":[]}},"version":"0.4","title":"Home Decor","type":"page"}