{"content":[{"id":"60f5de06","settings":{"content_width":"full"},"elements":[{"id":"785959f8","settings":{"content_width":"full","slides":[{"title":"Savings for <br class=\"hidden-xs\" \/>dads and grads.","button_text":"Shop collection","_id":"7bae8aa","before_title":"UP TO 40% OFF CHARGERS AND MORE.","banner_background_img":{"id":5558,"url":"https:\/\/wpecomus.com\/electronic\/wp-content\/uploads\/sites\/12\/2024\/08\/electronic-slider-1-scaled.webp","alt":"","source":"library","size":""},"banner_background_img_mobile":{"url":"https:\/\/wpecomus.com\/electronic\/wp-content\/uploads\/sites\/12\/2024\/08\/electronic-slider-1-1.webp","id":5559,"size":"","alt":"","source":"library"},"background_position_tablet":"center center","background_position_mobile":"right center","button_link":{"url":"https:\/\/wpecomus.com\/electronic\/product\/3-in-1-wireless-charger-with-official-magsafe-charging-15w\/","is_external":"","nofollow":"","custom_attributes":""}},{"title":"Modern design","button_text":"Shop collection","before_title":"UP TO 40% OFF CHARGERS AND MORE.","banner_background_img":{"id":5560,"url":"https:\/\/wpecomus.com\/electronic\/wp-content\/uploads\/sites\/12\/2024\/08\/electronic-slider-2.webp","alt":"","source":"library","size":""},"background_position_tablet":"initial","background_position_mobile":"initial","background_position_x_tablet":{"unit":"%","size":65,"sizes":[]},"background_position_x_mobile":{"unit":"%","size":53,"sizes":[]},"_id":"cf1e68d","button_link":{"url":"https:\/\/wpecomus.com\/electronic\/shop\/","is_external":"","nofollow":"","custom_attributes":""}},{"title":"Fast charging","button_text":"Shop collection","before_title":"UP TO 40% OFF CHARGERS AND MORE.","banner_background_img":{"id":5562,"url":"https:\/\/wpecomus.com\/electronic\/wp-content\/uploads\/sites\/12\/2024\/08\/electronic-slider-3-1-scaled.webp","alt":"","source":"library","size":""},"background_position_tablet":"initial","background_position_mobile":"initial","background_position_x_tablet":{"unit":"%","size":72,"sizes":[]},"background_position_x_mobile":{"unit":"%","size":53,"sizes":[]},"_id":"295c43a","button_link":{"url":"https:\/\/wpecomus.com\/electronic\/product\/wireless-on-ear-headphones-for-kids\/","is_external":"","nofollow":"","custom_attributes":""}}],"slides_height":{"unit":"px","size":800,"sizes":[]},"slides_height_mobile":{"unit":"px","size":350,"sizes":[]},"show_button_icon":"alway","navigation_classes":"dots","navigation_classes_tablet":"dots","navigation_classes_mobile":"dots","slides_horizontal_position_mobile":"center","slides_text_align_mobile":"center","title_spacing":{"unit":"px","size":35,"sizes":[]},"title_spacing_mobile":{"unit":"px","size":19,"sizes":[]},"before_title_typography_typography":"custom","before_title_typography_font_size_mobile":{"unit":"px","size":0,"sizes":[]},"before_title_spacing":{"unit":"px","size":10,"sizes":[]},"before_title_spacing_mobile":{"unit":"px","size":0,"sizes":[]},"dots_type":"background","dots_gap_mobile":{"unit":"px","size":2,"sizes":[]},"button_icon":{"value":{"url":"https:\/\/wpecomus.com\/electronic\/wp-content\/uploads\/sites\/12\/2024\/07\/arrow-right.svg","id":3886},"library":"svg"},"button_icon_padding":{"unit":"px","top":"02","right":"0","bottom":"0","left":"0","isLinked":false},"dot_align_mobile":"center","title_typography_typography":"custom","title_typography_font_size":{"unit":"px","size":68,"sizes":[]},"title_typography_font_size_tablet":{"unit":"px","size":50,"sizes":[]},"title_typography_font_size_mobile":{"unit":"px","size":32,"sizes":[]},"before_title_color":"#545454"},"elements":[],"isInner":false,"widgetType":"ecomus-slides","elType":"widget"}],"isInner":false,"elType":"container"},{"id":"68e6b01b","settings":{"content_width":"full","margin":{"unit":"px","top":"0","right":"0","bottom":"70","left":"0","isLinked":false},"margin_tablet":{"unit":"px","top":"0","right":"0","bottom":"59","left":"0","isLinked":false},"margin_mobile":{"unit":"px","top":"0","right":"0","bottom":"41","left":"0","isLinked":false}},"elements":[{"id":"1e6e7f97","settings":{"content_width":"full","items":[{"text":"LIMITED TIME OFFER: FASHION SALE YOU CAN'T RESIST","_id":"6158519","icon":{"value":{"url":"https:\/\/wpecomus.com\/electronic\/wp-content\/uploads\/sites\/12\/2024\/09\/polygon.svg","id":5776},"library":"svg"},"image":{"id":"","url":"https:\/\/wpecomus.com\/electronic\/wp-content\/plugins\/elementor\/assets\/images\/placeholder.png"}},{"text":"FREE SHIPPING AND RETURNS","_id":"30564e3","icon":{"value":{"url":"https:\/\/wpecomus.com\/electronic\/wp-content\/uploads\/sites\/12\/2024\/09\/polygon.svg","id":5776},"library":"svg"},"image":{"id":"","url":"https:\/\/wpecomus.com\/electronic\/wp-content\/plugins\/elementor\/assets\/images\/placeholder.png"}},{"text":"NEW SEASON, NEW STYLES: FASHION SALE YOU CAN'T MISS","_id":"08fd0ab","icon":{"value":{"url":"https:\/\/wpecomus.com\/electronic\/wp-content\/uploads\/sites\/12\/2024\/09\/polygon.svg","id":5776},"library":"svg"},"image":{"id":"","url":"https:\/\/wpecomus.com\/electronic\/wp-content\/plugins\/elementor\/assets\/images\/placeholder.png"}}],"padding":{"unit":"px","top":"20","right":"0","bottom":"20","left":"0","isLinked":false},"gap":{"unit":"px","size":30,"sizes":[]},"background_color":"#93F859","icon_size":{"unit":"px","size":7,"sizes":[]},"spacing":{"unit":"px","size":30,"sizes":[]},"text_typography_typography":"custom","text_typography_font_size":{"unit":"px","size":12,"sizes":[]},"text_typography_font_weight":"700","text_color":"#0E0E0E"},"elements":[],"isInner":false,"widgetType":"ecomus-marquee","elType":"widget"}],"isInner":false,"elType":"container"},{"id":"2a616f54","settings":{"margin":{"unit":"px","top":"0","right":"0","bottom":"39","left":"0","isLinked":false},"margin_tablet":{"unit":"px","top":"0","right":"0","bottom":"33","left":"0","isLinked":false},"margin_mobile":{"unit":"px","top":"0","right":"0","bottom":"31","left":"0","isLinked":false}},"elements":[{"id":"5f4fe347","settings":{"content_width":"full","heading":"Shop by category.","heading_navigation_type":"dots","items":[{"button_text":"Shop now","button_link":{"url":"https:\/\/wpecomus.com\/electronic\/product-category\/screen-protection\/","is_external":"","nofollow":"","custom_attributes":""},"_id":"fc484ac","image":{"id":5527,"url":"https:\/\/wpecomus.com\/electronic\/wp-content\/uploads\/sites\/12\/2024\/08\/electronic-cat-1.webp","alt":"","source":"library","size":""},"title":"Screen protection","description":"3 items"},{"button_text":"Shop now","button_link":{"url":"https:\/\/wpecomus.com\/electronic\/product-category\/headphone\/","is_external":"","nofollow":"","custom_attributes":""},"image":{"id":5528,"url":"https:\/\/wpecomus.com\/electronic\/wp-content\/uploads\/sites\/12\/2024\/08\/electronic-cat-2.webp","alt":"","source":"library","size":""},"title":"Headphone","description":"3 items","_id":"d275ed7"},{"button_text":"Shop now","button_link":{"url":"https:\/\/wpecomus.com\/electronic\/product-category\/cables\/","is_external":"","nofollow":"","custom_attributes":""},"image":{"id":5529,"url":"https:\/\/wpecomus.com\/electronic\/wp-content\/uploads\/sites\/12\/2024\/08\/electronic-cat-3.webp","alt":"","source":"library","size":""},"title":"Cables","description":"3 items","_id":"3abf736"},{"button_text":"Shop now","button_link":{"url":"https:\/\/wpecomus.com\/electronic\/product-category\/adapters\/","is_external":"","nofollow":"","custom_attributes":""},"image":{"id":5530,"url":"https:\/\/wpecomus.com\/electronic\/wp-content\/uploads\/sites\/12\/2024\/08\/electronic-cat-4.webp","alt":"","source":"library","size":""},"title":"Adapters","description":"3 items","_id":"71eec8c"},{"button_text":"Shop now","button_link":{"url":"https:\/\/wpecomus.com\/electronic\/product-category\/docks-and-hubs\/","is_external":"","nofollow":"","custom_attributes":""},"image":{"id":5531,"url":"https:\/\/wpecomus.com\/electronic\/wp-content\/uploads\/sites\/12\/2024\/08\/electronic-cat-5.webp","alt":"","source":"library","size":""},"title":"Docks and hubs.","description":"4 items","_id":"5409779"}],"aspect_ratio_type":"custom","aspect_ratio":"16:17","show_button_icon":"hover","slides_to_show":4,"navigation_classes":"none","heading_spacing":{"unit":"px","size":59,"sizes":[]},"heading_typography_typography":"custom","heading_typography_font_size":{"unit":"px","size":42,"sizes":[]},"heading_typography_font_weight":"400","heading_typography_text_transform":"none","title_typography_typography":"custom","title_typography_font_size":{"unit":"px","size":22,"sizes":[]},"title_typography_font_weight":"500","button_style":"light","slides_to_show_tablet":3,"slides_to_show_mobile":1,"slides_to_scroll_tablet":2,"slides_to_scroll_mobile":1,"navigation_classes_tablet":"none","navigation_classes_mobile":"dots","heading_spacing_tablet":{"unit":"px","size":49,"sizes":[]},"heading_spacing_mobile":{"unit":"px","size":30,"sizes":[]},"heading_typography_font_size_tablet":{"unit":"px","size":32,"sizes":[]},"heading_typography_font_size_mobile":{"unit":"px","size":28,"sizes":[]},"title_typography_font_size_mobile":{"unit":"px","size":18,"sizes":[]},"title_margin":{"unit":"px","top":"0","right":"0","bottom":"0","left":"14","isLinked":false},"title_margin_tablet":{"unit":"px","top":"0","right":"0","bottom":"0","left":"0","isLinked":false},"title_margin_mobile":{"unit":"px","top":"-20","right":"0","bottom":"0","left":"-20","isLinked":false},"description_margin":{"unit":"px","top":"0","right":"0","bottom":"0","left":"15","isLinked":false},"description_margin_tablet":{"unit":"px","top":"0","right":"0","bottom":"0","left":"0","isLinked":false},"description_margin_mobile":{"unit":"px","top":"0","right":"0","bottom":"0","left":"-20","isLinked":false},"button_margin":{"unit":"px","top":"0","right":"0","bottom":"30","left":"30","isLinked":false},"button_margin_tablet":{"unit":"px","top":"0","right":"0","bottom":"30","left":"15","isLinked":false},"button_margin_mobile":{"unit":"px","top":"0","right":"0","bottom":"15","left":"10","isLinked":false},"button_padding":{"unit":"px","top":"13","right":"24","bottom":"13","left":"24","isLinked":false},"dots_spacing_mobile":{"unit":"px","size":15,"sizes":[]},"dots_gap":{"unit":"px","size":5,"sizes":[]},"dots_gap_mobile":{"unit":"px","size":2,"sizes":[]},"dots_size":{"unit":"px","size":20,"sizes":[]},"dots_size_mobile":{"unit":"px","size":16,"sizes":[]}},"elements":[],"isInner":false,"widgetType":"ecomus-image-box-carousel","elType":"widget"}],"isInner":false,"elType":"container"},{"id":"32e9ec0","settings":{"margin":{"unit":"px","top":"0","right":"0","bottom":"30","left":"0","isLinked":false},"margin_tablet":{"unit":"px","top":"0","right":"0","bottom":"25","left":"0","isLinked":false},"margin_mobile":{"unit":"px","top":"0","right":"0","bottom":"15","left":"0","isLinked":false},"flex_gap_tablet":{"column":"0","row":"0","isLinked":true,"unit":"px","size":0}},"elements":[{"id":"3d7e1e9a","settings":{"content_width":"full","image":{"id":5563,"url":"https:\/\/wpecomus.com\/electronic\/wp-content\/uploads\/sites\/12\/2024\/08\/electronic-bn-1.webp","alt":"","source":"library","size":""},"title":"SALE UP TO 30% OFF TODAY","title_size":"div","sub_title":"Best Deals Discounts","description":"Fast wireless charging on-the-go.","height":{"unit":"px","size":580,"sizes":[]},"height_mobile":{"unit":"px","size":315,"sizes":[]},"button_text":"Shop Collection","horizontal_position":"left","vertical_position":"middle","banner_padding":{"unit":"px","top":"15","right":"92","bottom":"15","left":"92","isLinked":false},"banner_padding_tablet":{"unit":"px","top":"15","right":"71","bottom":"15","left":"71","isLinked":false},"banner_padding_mobile":{"unit":"px","top":"14","right":"14","bottom":"14","left":"14","isLinked":true},"title_typography_typography":"custom","title_typography_font_size":{"unit":"px","size":14,"sizes":[]},"title_typography_font_weight":"700","title_margin":{"unit":"px","top":"0","right":"0","bottom":"0","left":"0","isLinked":false},"sub_title_typography_typography":"custom","sub_title_typography_font_size":{"unit":"px","size":42,"sizes":[]},"sub_title_typography_font_size_mobile":{"unit":"px","size":28,"sizes":[]},"sub_title_margin":{"unit":"px","top":"-5","right":"0","bottom":"4","left":"0","isLinked":false},"description_typography_typography":"custom","description_typography_font_size_mobile":{"unit":"px","size":20,"sizes":[]},"button_margin":{"unit":"px","top":"0","right":"0","bottom":"0","left":"0","isLinked":false},"button_style":"","button_padding_mobile":{"unit":"px","top":"11","right":"24","bottom":"10","left":"24","isLinked":false},"button_background_color":"#93F859","button_text_color":"#000000","button_border_color":"#93F859","button_background_hover_color":"#93F859","hover_color":"#000000","button_hover_border_color":"#93F859","button_background_effect_hover_color":"#00000040","button_link":{"url":"https:\/\/wpecomus.com\/electronic\/product\/3-in-1-wireless-charger-for-apple-devices\/","is_external":"","nofollow":"","custom_attributes":""}},"elements":[],"isInner":false,"widgetType":"ecomus-banner","elType":"widget"}],"isInner":false,"elType":"container"},{"id":"349bf409","settings":{"flex_direction":"row","flex_gap":{"unit":"px","size":30,"column":"30","row":"30","isLinked":true},"flex_gap_tablet":{"column":"25","row":"25","isLinked":true,"unit":"px","size":25},"flex_gap_mobile":{"column":"15","row":"15","isLinked":true,"unit":"px","size":15},"margin":{"unit":"px","top":"0","right":"0","bottom":"30","left":"0","isLinked":false},"margin_tablet":{"unit":"px","top":"0","right":"0","bottom":"25","left":"0","isLinked":false},"margin_mobile":{"unit":"px","top":"0","right":"0","bottom":"15","left":"0","isLinked":false}},"elements":[{"id":"69c12750","settings":{"flex_direction":"column","content_width":"full","width":{"unit":"%","size":"50"}},"elements":[{"id":"5e1b8f91","settings":{"content_width":"full","image":{"id":5564,"url":"https:\/\/wpecomus.com\/electronic\/wp-content\/uploads\/sites\/12\/2024\/08\/electronic-bn-2.webp","alt":"","source":"library","size":""},"title":"HOT ACCESSORIES","title_size":"div","sub_title":"Smart Assistant","height":{"unit":"px","size":700,"sizes":[]},"height_mobile":{"unit":"px","size":315,"sizes":[]},"button_text":"Shop now","horizontal_position":"center","text_align":"center","banner_padding":{"unit":"px","top":"0","right":"0","bottom":"54","left":"0","isLinked":false},"banner_padding_tablet":{"unit":"px","top":"0","right":"0","bottom":"40","left":"0","isLinked":false},"banner_padding_mobile":{"unit":"px","top":"0","right":"0","bottom":"14","left":"0","isLinked":false},"title_typography_typography":"custom","title_typography_font_size":{"unit":"px","size":14,"sizes":[]},"title_typography_font_weight":"700","title_typography_text_transform":"uppercase","title_color":"#000000","title_margin":{"unit":"px","top":"0","right":"0","bottom":"0","left":"0","isLinked":false},"sub_title_typography_typography":"custom","sub_title_typography_font_size":{"unit":"px","size":42,"sizes":[]},"sub_title_typography_font_size_tablet":{"unit":"px","size":32,"sizes":[]},"sub_title_typography_font_size_mobile":{"unit":"px","size":28,"sizes":[]},"sub_title_typography_font_weight":"400","sub_title_color":"#000000","sub_title_margin":{"unit":"px","top":"-2","right":"0","bottom":"13","left":"0","isLinked":false},"sub_title_margin_mobile":{"unit":"px","top":"-2","right":"0","bottom":"5","left":"0","isLinked":false},"button_margin":{"unit":"px","top":"0","right":"0","bottom":"0","left":"0","isLinked":false},"button_style":"","button_padding_mobile":{"unit":"px","top":"11","right":"24","bottom":"10","left":"24","isLinked":false},"button_background_color":"#93F859","button_text_color":"#000000","button_border_color":"#93F859","button_background_hover_color":"#93F859","hover_color":"#000000","button_hover_border_color":"#93F859","button_background_effect_hover_color":"#00000040","button_link":{"url":"https:\/\/wpecomus.com\/electronic\/product\/smart-light-switch-with-thread\/","is_external":"","nofollow":"","custom_attributes":""}},"elements":[],"isInner":false,"widgetType":"ecomus-banner","elType":"widget"}],"isInner":true,"elType":"container"},{"id":"170c4fc1","settings":{"flex_direction":"column","content_width":"full","width":{"unit":"%","size":"50"}},"elements":[{"id":"5a7abb60","settings":{"content_width":"full","image":{"id":5565,"url":"https:\/\/wpecomus.com\/electronic\/wp-content\/uploads\/sites\/12\/2024\/08\/electronic-bn-3.webp","alt":"","source":"library","size":""},"title":"FAST AND FREE SHIPPING","title_size":"div","sub_title":"True Earbuds","height":{"unit":"px","size":700,"sizes":[]},"height_mobile":{"unit":"px","size":315,"sizes":[]},"button_text":"Shop now","horizontal_position":"center","text_align":"center","banner_padding":{"unit":"px","top":"0","right":"0","bottom":"54","left":"0","isLinked":false},"banner_padding_tablet":{"unit":"px","top":"0","right":"0","bottom":"40","left":"0","isLinked":false},"banner_padding_mobile":{"unit":"px","top":"0","right":"0","bottom":"14","left":"0","isLinked":false},"title_typography_typography":"custom","title_typography_font_size":{"unit":"px","size":14,"sizes":[]},"title_typography_font_weight":"700","title_typography_text_transform":"uppercase","title_color":"#000000","title_margin":{"unit":"px","top":"0","right":"0","bottom":"0","left":"0","isLinked":false},"sub_title_typography_typography":"custom","sub_title_typography_font_size":{"unit":"px","size":42,"sizes":[]},"sub_title_typography_font_size_tablet":{"unit":"px","size":32,"sizes":[]},"sub_title_typography_font_size_mobile":{"unit":"px","size":28,"sizes":[]},"sub_title_typography_font_weight":"400","sub_title_color":"#000000","sub_title_margin":{"unit":"px","top":"-2","right":"0","bottom":"13","left":"0","isLinked":false},"sub_title_margin_mobile":{"unit":"px","top":"-2","right":"0","bottom":"5","left":"0","isLinked":false},"button_margin":{"unit":"px","top":"0","right":"0","bottom":"0","left":"0","isLinked":false},"button_style":"","button_padding_mobile":{"unit":"px","top":"11","right":"24","bottom":"10","left":"24","isLinked":false},"button_background_color":"#93F859","button_text_color":"#000000","button_border_color":"#93F859","button_background_hover_color":"#93F859","hover_color":"#000000","button_hover_border_color":"#93F859","button_background_effect_hover_color":"#00000040","button_link":{"url":"https:\/\/wpecomus.com\/electronic\/product\/soundform-rise\/","is_external":"","nofollow":"","custom_attributes":""}},"elements":[],"isInner":false,"widgetType":"ecomus-banner","elType":"widget"}],"isInner":true,"elType":"container"}],"isInner":false,"elType":"container"},{"id":"5bd6bbc8","settings":{"flex_direction":"row","flex_gap":{"unit":"px","size":0,"column":"0","row":"0","isLinked":true},"margin":{"unit":"px","top":"0","right":"0","bottom":"79","left":"0","isLinked":false},"margin_tablet":{"unit":"px","top":"0","right":"0","bottom":"67","left":"0","isLinked":false},"margin_mobile":{"unit":"px","top":"0","right":"0","bottom":"42","left":"0","isLinked":false}},"elements":[{"id":"2868a361","settings":{"flex_direction":"column","content_width":"full","width":{"unit":"%","size":"50"}},"elements":[{"id":"211afb5a","settings":{"content_width":"full","image":{"id":5566,"url":"https:\/\/wpecomus.com\/electronic\/wp-content\/uploads\/sites\/12\/2024\/08\/electronic-bn-4.webp","alt":"","source":"library","size":""},"image_size":"full","height_tablet":{"unit":"%","size":100,"sizes":[]},"height_mobile":{"unit":"%","size":"","sizes":[]},"object-fit_tablet":"cover","image_border_radius":{"unit":"px","top":"10","right":"0","bottom":"0","left":"10","isLinked":false},"image_border_radius_mobile":{"unit":"px","top":"10","right":"10","bottom":"0","left":"0","isLinked":false},"_flex_size_tablet":"grow"},"elements":[],"isInner":false,"widgetType":"image","elType":"widget"}],"isInner":true,"elType":"container"},{"id":"506d7622","settings":{"flex_direction":"column","content_width":"full","width":{"unit":"%","size":"50"},"flex_gap":{"column":"0","row":"0","isLinked":true,"unit":"px","size":0},"background_background":"classic","background_color":"#93F859","border_radius":{"unit":"px","top":"0","right":"10","bottom":"10","left":"0","isLinked":false},"border_radius_mobile":{"unit":"px","top":"0","right":"0","bottom":"10","left":"10","isLinked":false},"padding":{"unit":"px","top":"88","right":"0","bottom":"0","left":"101","isLinked":false},"padding_tablet":{"unit":"px","top":"22","right":"0","bottom":"20","left":"22","isLinked":false},"padding_mobile":{"unit":"px","top":"29","right":"14","bottom":"24","left":"14","isLinked":false},"flex_align_items":"flex-start"},"elements":[{"id":"5900e087","settings":{"content_width":"full","title":"ULTIMATE APPLE ACCESSORY.","title_size":"div","align_mobile":"flex-start","title_color":"#000000","typography_typography":"custom","typography_font_size":{"unit":"px","size":14,"sizes":[]},"typography_font_weight":"700","typography_text_transform":"uppercase","_margin":{"unit":"px","top":"0","right":"0","bottom":"11","left":"0","isLinked":false}},"elements":[],"isInner":false,"widgetType":"ecomus-heading","elType":"widget"},{"id":"5109bf1d","settings":{"content_width":"full","title":"60% Discount","align_mobile":"flex-start","typography_typography":"custom","typography_font_size":{"unit":"px","size":52,"sizes":[]},"typography_font_size_tablet":{"unit":"px","size":40,"sizes":[]},"typography_font_size_mobile":{"unit":"px","size":24,"sizes":[]},"typography_font_weight":"400","_margin":{"unit":"px","top":"0","right":"0","bottom":"24","left":"0","isLinked":false},"_margin_mobile":{"unit":"px","top":"0","right":"0","bottom":"20","left":"0","isLinked":false}},"elements":[],"isInner":false,"widgetType":"ecomus-heading","elType":"widget"},{"id":"71a28e64","settings":{"content_width":"full","title":"Find the latest and greatest gadgets to enhance your electronic devices.","title_size":"p","align_mobile":"flex-start","title_color":"#545454","typography_typography":"custom","typography_font_size":{"unit":"px","size":16,"sizes":[]},"typography_font_weight":"400","_margin":{"unit":"px","top":"0","right":"0","bottom":"15","left":"0","isLinked":false},"_margin_mobile":{"unit":"px","top":"0","right":"0","bottom":"20","left":"0","isLinked":false},"typography_font_size_mobile":{"unit":"px","size":14,"sizes":[]}},"elements":[],"isInner":false,"widgetType":"ecomus-heading","elType":"widget"},{"id":"9ef7335","settings":{"content_width":"full","title":"<b>Hungry up!<\/b> Deals end in:","title_size":"p","align_mobile":"flex-start","title_color":"#000000","typography_typography":"custom","typography_font_size":{"unit":"px","size":16,"sizes":[]},"typography_font_weight":"400","_margin":{"unit":"px","top":"0","right":"0","bottom":"20","left":"0","isLinked":false},"_margin_mobile":{"unit":"px","top":"0","right":"0","bottom":"20","left":"0","isLinked":false}},"elements":[],"isInner":false,"widgetType":"ecomus-heading","elType":"widget"},{"id":"4439a2fa","settings":{"content_width":"full","due_date":"2024-11-15 00:00","form_align_mobile":"flex-start","timer_width":{"unit":"px","size":60,"sizes":[]},"timer_padding":{"unit":"px","top":"11","right":"10","bottom":"9","left":"10","isLinked":false},"timer_background_color":"#FFFFFF","timer_border_border":"none","digit_typography_typography":"custom","digit_typography_font_size":{"unit":"px","size":30,"sizes":[]},"digit_typography_font_weight":"400","text_typography_typography":"custom","text_typography_font_size":{"unit":"px","size":10,"sizes":[]},"text_typography_font_weight":"700","_margin":{"unit":"px","top":"0","right":"0","bottom":"34","left":"0","isLinked":false},"_margin_mobile":{"unit":"px","top":"0","right":"0","bottom":"18","left":"0","isLinked":false},"timer_padding_mobile":{"unit":"px","top":"10","right":"10","bottom":"6","left":"10","isLinked":false},"digit_typography_font_size_mobile":{"unit":"px","size":14,"sizes":[]},"text_typography_text_transform":"uppercase","timer_border_radius":{"unit":"px","top":"3","right":"3","bottom":"3","left":"3","isLinked":true}},"elements":[],"isInner":false,"widgetType":"ecomus-countdown","elType":"widget"},{"id":"54257142","settings":{"content_width":"full","text":"Shop Collection","align_mobile":"left","typography_typography":"custom","typography_font_size":{"unit":"px","size":14,"sizes":[]},"typography_font_weight":"600","border_radius":{"unit":"px","top":"60","right":"60","bottom":"60","left":"60","isLinked":true},"text_padding":{"unit":"px","top":"15","right":"31","bottom":"15","left":"31","isLinked":false},"text_padding_mobile":{"unit":"px","top":"11","right":"26","bottom":"11","left":"26","isLinked":false},"button_text":"Shop now","button_padding_mobile":{"unit":"px","top":"11","right":"24","bottom":"10","left":"24","isLinked":false},"button_link":{"url":"https:\/\/wpecomus.com\/electronic\/shop\/","is_external":"","nofollow":"","custom_attributes":""},"button_padding":{"unit":"px","top":"15","right":"24","bottom":"14","left":"24","isLinked":false}},"elements":[],"isInner":false,"widgetType":"ecomus-button","elType":"widget"}],"isInner":true,"elType":"container"}],"isInner":false,"elType":"container"},{"id":"7d2dcffc","settings":{"margin":{"unit":"px","top":"0","right":"0","bottom":"94","left":"0","isLinked":false},"margin_tablet":{"unit":"px","top":"0","right":"0","bottom":"79","left":"0","isLinked":false},"margin_mobile":{"unit":"px","top":"0","right":"0","bottom":"48","left":"0","isLinked":false}},"elements":[{"id":"47f3e3b0","settings":{"content_width":"full","show_heading":"yes","heading":"Trending Products","hide_rating":"none","hide_attributes":"none","slides_to_show_tablet":3,"slides_to_show_mobile":2,"slides_to_scroll_tablet":1,"slides_to_scroll_mobile":2,"image_spacing_custom_mobile":15,"navigation_classes":"none","navigation_classes_tablet":"none","navigation_classes_mobile":"none","heading_spacing":{"unit":"px","size":73,"sizes":[]},"heading_spacing_tablet":{"unit":"px","size":49,"sizes":[]},"heading_spacing_mobile":{"unit":"px","size":26,"sizes":[]},"arrows_heading_size":{"unit":"px","size":14,"sizes":[]},"product_item_border_border":"solid","product_item_border_width":{"unit":"px","top":"1","right":"1","bottom":"1","left":"1","isLinked":true},"product_item_border_color":"#ECECEC","product_item_padding":{"unit":"px","top":"10","right":"10","bottom":"10","left":"10","isLinked":true},"product_item_padding_mobile":{"unit":"px","top":"5","right":"5","bottom":"5","left":"5","isLinked":true},"product_item_border_radius":{"unit":"px","top":"10","right":"10","bottom":"10","left":"10","isLinked":true},"product_image_border_radius":{"unit":"px","top":"10","right":"10","bottom":"10","left":"10","isLinked":true},"product_summary_padding":{"unit":"px","top":"8","right":"0","bottom":"14","left":"0","isLinked":false},"arrows_prev_icon":{"value":{"url":"https:\/\/wpecomus.com\/electronic\/wp-content\/uploads\/sites\/12\/2024\/07\/arrow-left-1.svg","id":3940},"library":"svg"},"arrows_next_icon":{"value":{"url":"https:\/\/wpecomus.com\/electronic\/wp-content\/uploads\/sites\/12\/2024\/07\/arrow-right-1.svg","id":3941},"library":"svg"},"heading_typography_typography":"custom","heading_typography_font_size_mobile":{"unit":"px","size":28,"sizes":[]}},"elements":[],"isInner":false,"widgetType":"ecomus-products-carousel","elType":"widget"}],"isInner":false,"elType":"container"},{"id":"2467ae7c","settings":{"flex_gap":{"column":"11","row":"11","isLinked":true,"unit":"px","size":11},"boxed_width":{"unit":"px","size":1440,"sizes":[]},"background_background":"classic","background_color":"#F5F5F5","padding":{"unit":"px","top":"92","right":"0","bottom":"106","left":"0","isLinked":false},"padding_tablet":{"unit":"px","top":"78","right":"0","bottom":"90","left":"0","isLinked":false},"padding_mobile":{"unit":"px","top":"27","right":"0","bottom":"31","left":"0","isLinked":false}},"elements":[{"id":"54e93fa","settings":{"title":"Happy Clients","title_size":"h4","align":"center","typography_typography":"custom","typography_font_weight":"400","typography_font_size_tablet":{"unit":"px","size":32,"sizes":[]},"typography_font_size_mobile":{"unit":"px","size":28,"sizes":[]},"typography_font_size":{"unit":"px","size":42,"sizes":[]}},"elements":[],"isInner":false,"widgetType":"ecomus-heading","elType":"widget"},{"id":"7b0a8da0","settings":{"title":"See what our satisfied customers have to say about our electronic accessories.","title_size":"div","align":"center","typography_typography":"custom","typography_font_size":{"unit":"px","size":16,"sizes":[]},"typography_font_size_mobile":{"unit":"px","size":14,"sizes":[]},"typography_line_height_mobile":{"unit":"px","size":20,"sizes":[]},"_margin":{"unit":"px","top":"0","right":"0","bottom":"45","left":"0","isLinked":false},"content_width":"full","_margin_tablet":{"unit":"px","top":"0","right":"0","bottom":"39","left":"0","isLinked":false},"_margin_mobile":{"unit":"px","top":"0","right":"0","bottom":"13","left":"0","isLinked":false}},"elements":[],"isInner":false,"widgetType":"ecomus-heading","elType":"widget"},{"id":"7787be0d","settings":{"testimonials":[{"testimonial_name":"Robert smith","_id":"060ec67","testimonial_title":"Best Online Fashion Site","testimonial_content":"\u201cI always find something stylish and affordable on this web fashion site\u201d","testimonial_text":"Customer from USA","testimonial_product_id":766},{"testimonial_name":"Allen Lyn","testimonial_title":"Great Selection and Quality","testimonial_content":"\"I love the variety of styles and the high-quality clothing on this web fashion site.\"","testimonial_text":"Customer from Fance","testimonial_product_id":782,"_id":"ecea334"},{"testimonial_name":"Peter Rope","testimonial_title":"Best Customer Service","testimonial_content":"\"I finally found a web fashion site with stylish and flattering options in my size.\"","testimonial_text":"Customer from USA","testimonial_product_id":871,"_id":"19e023e"},{"testimonial_name":"Hellen Ase","_id":"4c7dbb3","testimonial_title":"Great Selection and Quality","testimonial_content":"\"I love the variety of styles and the high-quality clothing on this web fashion site.\"","testimonial_text":"Customer from Japan","testimonial_product_id":766}],"navigation_classes_tablet":"arrows","navigation_classes_mobile":"dots","text_typography_font_size":{"unit":"px","size":103,"sizes":[]},"image_spacing_custom_mobile":15,"content_width":"full","item_background_color":"#FFFFFF","item_border_radius":{"unit":"px","top":"10","right":"10","bottom":"10","left":"10","isLinked":true},"content_typography_typography":"custom","content_typography_font_size_mobile":{"unit":"px","size":16,"sizes":[]},"dots_spacing_mobile":{"unit":"px","size":15,"sizes":[]},"rating_color":"#89D25C","arrows_show":"1","arrows_type":"outline-dark","arrows_bgcolor":"#F5F5F5","text_color":"#545454"},"elements":[],"isInner":false,"widgetType":"ecomus-testimonial-carousel-2","elType":"widget"}],"isInner":false,"elType":"container"},{"id":"75beec73","settings":{"margin":{"unit":"px","top":"80","right":"0","bottom":"80","left":"0","isLinked":false},"margin_tablet":{"unit":"px","top":"68","right":"0","bottom":"68","left":"0","isLinked":false},"margin_mobile":{"unit":"px","top":"44","right":"0","bottom":"44","left":"0","isLinked":false},"flex_gap":{"column":"30","row":"30","isLinked":true,"unit":"px","size":30}},"elements":[{"id":"3ab071a1","settings":{"content_width":"full","title":"Blogs post","title_size":"h4","align":"center","typography_typography":"custom","typography_font_size_tablet":{"unit":"px","size":32,"sizes":[]},"typography_font_size_mobile":{"unit":"px","size":28,"sizes":[]}},"elements":[],"isInner":false,"widgetType":"ecomus-heading","elType":"widget"},{"id":"63b74c09","settings":{"content_width":"full","slides_to_show_tablet":3,"slides_to_show_mobile":2,"slides_to_scroll_tablet":1,"image_spacing_custom_tablet":30,"navigation_classes_tablet":"dots","navigation_classes_mobile":"dots","slides_to_scroll_mobile":2,"image_spacing_custom_mobile":15,"post_image_spacing":{"unit":"px","size":30,"sizes":[]},"post_image_spacing_tablet":{"unit":"px","size":24,"sizes":[]},"post_image_spacing_mobile":{"unit":"px","size":15,"sizes":[]},"post_carousel_padding":{"unit":"px","top":"11","right":"15","bottom":"10","left":"15","isLinked":false},"post_title_typography_typography":"custom","post_title_typography_font_size_mobile":{"unit":"px","size":16,"sizes":[]},"post_title_spacing":{"unit":"px","size":32,"sizes":[]},"post_title_spacing_mobile":{"unit":"px","size":26,"sizes":[]},"dots_spacing_mobile":{"unit":"px","size":15,"sizes":[]},"dots_spacing_tablet":{"unit":"px","size":15,"sizes":[]},"post_title_line":"2"},"elements":[],"isInner":false,"widgetType":"ecomus-posts-carousel","elType":"widget"}],"isInner":false,"elType":"container"},{"id":"5f404db2","settings":{"boxed_width":{"unit":"px","size":1440,"sizes":[]},"background_background":"classic","background_color":"#F5F5F5","padding":{"unit":"px","top":"45","right":"0","bottom":"56","left":"0","isLinked":false},"padding_tablet":{"unit":"px","top":"38","right":"0","bottom":"47","left":"0","isLinked":false},"padding_mobile":{"unit":"px","top":"13","right":"0","bottom":"16","left":"0","isLinked":false}},"elements":[{"id":"2ee39f6","settings":{"content_width":"full","icons_box":[{"icon":{"value":{"url":"https:\/\/wpecomus.com\/electronic\/wp-content\/uploads\/sites\/12\/2024\/06\/box.svg","id":1397},"library":"svg"},"title":"Free Shipping","description":"You will love at great low prices","_id":"24043c7","image":{"id":5550,"url":"https:\/\/wpecomus.com\/electronic\/wp-content\/uploads\/sites\/12\/2024\/08\/placeholder-1.png"}},{"icon":{"value":{"url":"https:\/\/wpecomus.com\/electronic\/wp-content\/uploads\/sites\/12\/2024\/06\/card.svg","id":1398},"library":"svg"},"title":"Flexible Payment","description":"Pay with Multiple Credit Cards","_id":"ab05b2c","image":{"id":5551,"url":"https:\/\/wpecomus.com\/electronic\/wp-content\/uploads\/sites\/12\/2024\/08\/placeholder-2.png"}},{"icon":{"value":{"url":"https:\/\/wpecomus.com\/electronic\/wp-content\/uploads\/sites\/12\/2024\/06\/return.svg","id":1399},"library":"svg"},"title":"14 Day Returns","description":"Within 30 days for an exchange","_id":"724d9ff","image":{"id":5552,"url":"https:\/\/wpecomus.com\/electronic\/wp-content\/uploads\/sites\/12\/2024\/08\/placeholder-3.png"}},{"icon":{"value":{"url":"https:\/\/wpecomus.com\/electronic\/wp-content\/uploads\/sites\/12\/2024\/06\/support.svg","id":1400},"library":"svg"},"title":"Premium Support","description":"Outstanding premium support","_id":"f1f11f7","image":{"id":5553,"url":"https:\/\/wpecomus.com\/electronic\/wp-content\/uploads\/sites\/12\/2024\/08\/placeholder-4.png"}}],"position":"left","slides_to_show":4,"slides_to_show_tablet":2,"slides_to_show_mobile":1,"slides_to_scroll_tablet":1,"slides_to_scroll_mobile":1,"navigation_classes":"none","navigation_classes_tablet":"dots","navigation_classes_mobile":"dots","title_typography_typography":"custom","title_typography_font_size_mobile":{"unit":"px","size":18,"sizes":[]},"title_spacing":{"unit":"px","size":10,"sizes":[]},"title_spacing_mobile":{"unit":"px","size":6,"sizes":[]},"icon_size":{"unit":"px","size":30,"sizes":[]},"icon_border_border":"solid","icon_border_width":{"unit":"px","top":"1","right":"1","bottom":"1","left":"1","isLinked":true},"icon_border_color":"#EEEEEE","border_radius":{"unit":"px","top":"100","right":"100","bottom":"100","left":"100","isLinked":true},"icon_padding":{"unit":"px","top":"20","right":"20.5","bottom":"20","left":"20.5","isLinked":false},"icon_spacing":{"unit":"px","size":30,"sizes":[]},"icon_spacing_mobile":{"unit":"px","size":28,"sizes":[]},"dots_spacing_tablet":{"unit":"px","size":15,"sizes":[]},"position_mobile":"top","alignment_mobile":"center","vertical_alignment":"middle","title_typography_font_size":{"unit":"px","size":18,"sizes":[]},"_border_width":{"unit":"px","top":"0","right":"0","bottom":"1","left":"0","isLinked":false},"_border_color":"#EBEBEB","title_color":"#000000","icon_background_color":"#FFFFFF","icon_padding_mobile":{"unit":"px","top":"13.5","right":"14","bottom":"13.5","left":"14","isLinked":false},"icon_color":"#000000"},"elements":[],"isInner":false,"widgetType":"ecomus-icon-box-carousel","elType":"widget"}],"isInner":false,"elType":"container"}],"page_settings":{"hide_page_header":"yes","content_top_spacing":"custom","content_top_padding":{"unit":"px","size":0,"sizes":[]},"content_bottom_spacing":"custom","content_bottom_padding":{"unit":"px","size":0,"sizes":[]}},"version":"0.4","title":"Home Electronic","type":"page"}