{"content":[{"id":"fccfc69","settings":{"flex_direction":"row-reverse","flex_gap":{"unit":"px","size":30,"column":"30","row":"30","isLinked":true},"flex_direction_tablet":"column-reverse","flex_gap_tablet":{"column":"15","row":"15","isLinked":true,"unit":"px","size":15},"flex_gap_mobile":{"column":"15","row":"15","isLinked":true,"unit":"px","size":15},"margin":{"unit":"px","top":"0","right":"0","bottom":"69","left":"0","isLinked":false},"margin_tablet":{"unit":"px","top":"0","right":"0","bottom":"58","left":"0","isLinked":false},"margin_mobile":{"unit":"px","top":"0","right":"0","bottom":"34","left":"0","isLinked":false}},"elements":[{"id":"36c0e387","settings":{"flex_direction":"column","content_width":"full","width":{"unit":"%","size":"33.3333"},"width_tablet":{"unit":"%","size":100,"sizes":[]},"width_mobile":{"unit":"%","size":"","sizes":[]},"flex_direction_tablet":"row","flex_gap":{"column":"30","row":"30","isLinked":true,"unit":"px","size":30},"flex_gap_tablet":{"column":"15","row":"15","isLinked":true,"unit":"px","size":15}},"elements":[{"id":"41b55383","settings":{"image":{"id":7058,"url":"https:\/\/wpecomus.com\/footwear\/wp-content\/uploads\/sites\/34\/2024\/12\/footwear-bn-1.webp","alt":"","source":"library","size":""},"title":"Footwear Collection","sub_title":"Start from $199","height":{"unit":"px","size":410,"sizes":[]},"height_tablet":{"unit":"px","size":228,"sizes":[]},"height_mobile":{"unit":"px","size":240,"sizes":[]},"content_align":"stretch","button_text":"Shop now","show_button_icon":"alway","banner_padding":{"unit":"px","top":"35","right":"40","bottom":"35","left":"40","isLinked":false},"banner_padding_tablet":{"unit":"px","top":"15","right":"20","bottom":"15","left":"20","isLinked":false},"title_typography_typography":"custom","title_typography_font_size_tablet":{"unit":"px","size":28,"sizes":[]},"title_typography_font_size_mobile":{"unit":"px","size":18,"sizes":[]},"title_color":"#000000","title_margin":{"unit":"px","top":"0","right":"0","bottom":"13","left":"0","isLinked":false},"title_margin_tablet":{"unit":"px","top":"105","right":"0","bottom":"13","left":"0","isLinked":false},"title_margin_mobile":{"unit":"px","top":"135","right":"0","bottom":"13","left":"0","isLinked":false},"sub_title_typography_typography":"custom","sub_title_typography_font_size_mobile":{"unit":"px","size":16,"sizes":[]},"sub_title_typography_line_height":{"unit":"custom","size":"1","sizes":[]},"sub_title_typography_line_height_tablet":{"unit":"custom","size":"","sizes":[]},"sub_title_typography_line_height_mobile":{"unit":"custom","size":"","sizes":[]},"sub_title_color":"#000000","sub_title_margin":{"unit":"px","top":"0","right":"0","bottom":"0","left":"0","isLinked":false},"button_style":"subtle","_element_width_tablet":"initial","_element_width_mobile":"inherit","_element_custom_width_tablet":{"unit":"%","size":50,"sizes":[]},"_element_custom_width_mobile":{"unit":"%","size":"","sizes":[]},"button_link":{"url":"https:\/\/wpecomus.com\/footwear\/product\/kids-voyageur-sparrow\/","is_external":"","nofollow":"","custom_attributes":""}},"elements":[],"isInner":false,"widgetType":"ecomus-banner","elType":"widget"},{"id":"1e084b14","settings":{"image":{"id":7059,"url":"https:\/\/wpecomus.com\/footwear\/wp-content\/uploads\/sites\/34\/2024\/12\/footwear-bn-2.webp","alt":"","source":"library","size":""},"title":"Shoes Collection","sub_title":"Start from $88","height":{"unit":"px","size":410,"sizes":[]},"height_tablet":{"unit":"px","size":228,"sizes":[]},"height_mobile":{"unit":"px","size":240,"sizes":[]},"content_align":"stretch","button_text":"Shop now","show_button_icon":"alway","banner_padding":{"unit":"px","top":"35","right":"40","bottom":"35","left":"40","isLinked":false},"banner_padding_tablet":{"unit":"px","top":"15","right":"20","bottom":"15","left":"20","isLinked":false},"title_typography_typography":"custom","title_typography_font_size_tablet":{"unit":"px","size":28,"sizes":[]},"title_typography_font_size_mobile":{"unit":"px","size":18,"sizes":[]},"title_color":"#FFFFFF","title_margin":{"unit":"px","top":"0","right":"0","bottom":"13","left":"0","isLinked":false},"title_margin_tablet":{"unit":"px","top":"105","right":"0","bottom":"13","left":"0","isLinked":false},"title_margin_mobile":{"unit":"px","top":"135","right":"0","bottom":"13","left":"0","isLinked":false},"sub_title_typography_typography":"custom","sub_title_typography_font_size_tablet":{"unit":"px","size":20,"sizes":[]},"sub_title_typography_font_size_mobile":{"unit":"px","size":16,"sizes":[]},"sub_title_typography_line_height":{"unit":"custom","size":"1","sizes":[]},"sub_title_typography_line_height_tablet":{"unit":"custom","size":"","sizes":[]},"sub_title_typography_line_height_mobile":{"unit":"custom","size":"","sizes":[]},"sub_title_color":"#FFFFFF","sub_title_margin":{"unit":"px","top":"0","right":"0","bottom":"0","left":"0","isLinked":false},"button_style":"subtle","button_text_color":"#FFFFFF","_element_width_tablet":"initial","_element_width_mobile":"inherit","_element_custom_width_tablet":{"unit":"%","size":50,"sizes":[]},"_element_custom_width_mobile":{"unit":"%","size":"","sizes":[]},"button_link":{"url":"https:\/\/wpecomus.com\/footwear\/product\/kid-breeze-sneaker\/","is_external":"","nofollow":"","custom_attributes":""}},"elements":[],"isInner":false,"widgetType":"ecomus-banner","elType":"widget"}],"isInner":true,"elType":"container"},{"id":"6a4db4bd","settings":{"flex_direction":"column","content_width":"full","width":{"unit":"%","size":"66.6666"},"width_tablet":{"unit":"%","size":100,"sizes":[]},"width_mobile":{"unit":"%","size":"","sizes":[]}},"elements":[{"id":"5510f3b9","settings":{"slides":[{"title":"Sale-30% Off <br>Footwear","description":"Conscious Comfort Shoes","button_text":"Shop collection","_id":"cdb7d7c","banner_background_img":{"id":7055,"url":"https:\/\/wpecomus.com\/footwear\/wp-content\/uploads\/sites\/34\/2024\/12\/footwear-sld-1.webp","alt":"","source":"library","size":""},"background_position_tablet":"center center","button_link":{"url":"https:\/\/wpecomus.com\/footwear\/shop\/","is_external":"","nofollow":"","custom_attributes":""}},{"title":"End of<br> Season Sale","description":"Conscious Comfort Shoes","button_text":"Shop collection","banner_background_img":{"id":7056,"url":"https:\/\/wpecomus.com\/footwear\/wp-content\/uploads\/sites\/34\/2024\/12\/footwear-sld-2.webp","alt":"","source":"library","size":""},"background_position_tablet":"center center","_id":"dc33dae","button_link":{"url":"https:\/\/wpecomus.com\/footwear\/shop\/","is_external":"","nofollow":"","custom_attributes":""}},{"title":"Breeze<br> Beachcomber","description":"Conscious Comfort Shoes","button_text":"Shop collection","banner_background_img":{"id":7057,"url":"https:\/\/wpecomus.com\/footwear\/wp-content\/uploads\/sites\/34\/2024\/12\/footwear-sld-3.webp","alt":"","source":"library","size":""},"background_position_tablet":"center center","_id":"6a1c1cb","button_link":{"url":"https:\/\/wpecomus.com\/footwear\/shop\/","is_external":"","nofollow":"","custom_attributes":""}}],"slides_height":{"unit":"px","size":850,"sizes":[]},"slides_height_tablet":{"unit":"px","size":470,"sizes":[]},"slides_height_mobile":{"unit":"px","size":300,"sizes":[]},"show_button_icon":"alway","button_icon":{"value":{"url":"https:\/\/wpecomus.com\/footwear\/wp-content\/uploads\/sites\/34\/2024\/07\/arrow-right.svg","id":3886},"library":"svg"},"navigation_classes":"dots","navigation_classes_tablet":"dots","slides_padding":{"unit":"px","top":"0","right":"177","bottom":"0","left":"90","isLinked":false},"slides_padding_tablet":{"unit":"px","top":"0","right":"0","bottom":"0","left":"0","isLinked":true},"slides_vertical_position":"bottom","slides_vertical_position_tablet":"bottom","slides_content_padding":{"unit":"px","top":"0","right":"0","bottom":"130","left":"0","isLinked":false},"slides_content_padding_tablet":{"unit":"px","top":"38","right":"38","bottom":"38","left":"38","isLinked":true},"slides_content_padding_mobile":{"unit":"px","top":"19","right":"19","bottom":"38","left":"19","isLinked":false},"title_color":"#FFFFFF","title_typography_typography":"custom","title_typography_font_size":{"unit":"px","size":68,"sizes":[]},"title_typography_font_size_tablet":{"unit":"px","size":50,"sizes":[]},"title_typography_font_size_mobile":{"unit":"px","size":32,"sizes":[]},"title_spacing":{"unit":"px","size":14,"sizes":[]},"description_color":"#FFFFFF","description_typography_typography":"custom","description_typography_font_size":{"unit":"px","size":20,"sizes":[]},"description_typography_font_size_mobile":{"unit":"px","size":16,"sizes":[]},"description_spacing":{"unit":"px","size":38,"sizes":[]},"description_spacing_mobile":{"unit":"px","size":24,"sizes":[]},"button_style":"outline-dark","button_text_color":"#FFFFFF","button_border_color":"#FFFFFF","dots_type":"long","dots_spacing_tablet":{"unit":"px","size":20,"sizes":[]},"dots_spacing_mobile":{"unit":"px","size":15,"sizes":[]},"dot_item_color":"#FFFFFF66","dot_item_active_color":"#FFFFFF","dot_align":"right","dot_align_tablet":"center","autoplay":"yes","autoplay_speed":7000},"elements":[],"isInner":false,"widgetType":"ecomus-slides","elType":"widget"}],"isInner":true,"elType":"container"}],"isInner":false,"elType":"container"},{"id":"769ee792","settings":{"margin":{"unit":"px","top":"0","right":"0","bottom":"85","left":"0","isLinked":false},"margin_tablet":{"unit":"px","top":"0","right":"0","bottom":"72","left":"0","isLinked":false},"margin_mobile":{"unit":"px","top":"0","right":"0","bottom":"42","left":"0","isLinked":false}},"elements":[{"id":"fcab390","settings":{"tabs":[{"heading":"Best seller","products":"best_selling_products","_id":"e537a98","product_cat":"women,men,kid"},{"heading":"New arrivals","_id":"d8bc22d","product_cat":"men,women,kid"},{"heading":"On Sale","products":"sale_products","_id":"3c5a600","order":"desc"}],"slides_to_show_tablet":3,"slides_to_show_mobile":2,"slides_to_scroll_tablet":1,"slides_to_scroll_mobile":2,"image_spacing_custom_mobile":15,"navigation_classes_tablet":"arrows","navigation_classes_mobile":"dots","heading_typography_typography":"custom","heading_typography_font_weight":"400","heading_color":"#545454","heading_hover_color":"#000000","heading_active_typography_typography":"custom","heading_active_typography_font_weight":"500","heading_active_color":"#000000","arrows_show":"1","arrows_type":"outline-dark","arrows_horizontal_spacing":{"unit":"px","size":-82,"sizes":[]},"arrows_horizontal_spacing_tablet":{"unit":"px","size":-23,"sizes":[]},"arrows_bgcolor":"#FFFFFF","dots_spacing_mobile":{"unit":"px","size":15,"sizes":[]}},"elements":[],"isInner":false,"widgetType":"ecomus-product-tabs-carousel","elType":"widget"}],"isInner":false,"elType":"container"},{"id":"4351b4ed","settings":{"flex_direction":"column","flex_gap_tablet":{"column":"","row":"","isLinked":true,"unit":"px","size":null}},"elements":[{"id":"3f95cb33","settings":{"content_width":"full","flex_direction":"row-reverse","flex_direction_tablet":"column-reverse","flex_gap":{"column":"0","row":"0","isLinked":false,"unit":"px","size":0},"overflow":"hidden","flex_direction_mobile":"column","flex_gap_tablet":{"column":"","row":"","isLinked":true,"unit":"px","size":null}},"elements":[{"id":"5cee9e0a","settings":{"flex_direction":"column","content_width":"full","width":{"unit":"%","size":"50"},"width_tablet":{"unit":"%","size":100,"sizes":[]},"width_mobile":{"unit":"%","size":"","sizes":[]}},"elements":[{"id":"2a03f2c8","settings":{"content_width":"full","image":{"id":7060,"url":"https:\/\/wpecomus.com\/footwear\/wp-content\/uploads\/sites\/34\/2024\/12\/footwear-bn-3.webp","alt":"","source":"library","size":""},"image_size":"full","height_tablet":{"unit":"%","size":100,"sizes":[]},"height_mobile":{"unit":"%","size":"","sizes":[]},"object-fit_tablet":"cover","image_border_radius":{"unit":"px","top":"0","right":"0","bottom":"0","left":"0","isLinked":true},"_flex_size_tablet":"grow","width":{"unit":"%","size":100,"sizes":[]}},"elements":[],"isInner":false,"widgetType":"image","elType":"widget"}],"isInner":true,"elType":"container"},{"id":"6cc404f4","settings":{"flex_direction":"column","content_width":"full","width":{"unit":"%","size":"50"},"flex_gap":{"column":"0","row":"0","isLinked":true,"unit":"px","size":0},"background_background":"classic","background_color":"#4F4D59","padding":{"unit":"px","top":"20","right":"20","bottom":"20","left":"93","isLinked":false},"padding_tablet":{"unit":"px","top":"20","right":"20","bottom":"50","left":"20","isLinked":false},"padding_mobile":{"unit":"px","top":"29","right":"14","bottom":"24","left":"14","isLinked":false},"width_tablet":{"unit":"%","size":100,"sizes":[]},"width_mobile":{"unit":"%","size":"","sizes":[]},"flex_justify_content":"center","flex_justify_content_tablet":"center","flex_align_items_mobile":"center"},"elements":[{"id":"7d1c2145","settings":{"content_width":"full","title":"Breeze <br \/>Beachcomber","align_mobile":"center","typography_typography":"custom","typography_font_size":{"unit":"px","size":52,"sizes":[]},"typography_font_size_tablet":{"unit":"px","size":40,"sizes":[]},"typography_font_size_mobile":{"unit":"px","size":24,"sizes":[]},"typography_font_weight":"400","_margin":{"unit":"px","top":"0","right":"0","bottom":"24","left":"0","isLinked":false},"_margin_mobile":{"unit":"px","top":"0","right":"0","bottom":"16","left":"0","isLinked":false},"_margin_tablet":{"unit":"px","top":"0","right":"0","bottom":"18","left":"0","isLinked":false},"title_color":"#FFFFFF"},"elements":[],"isInner":false,"widgetType":"ecomus-heading","elType":"widget"},{"id":"2db41b92","settings":{"content_width":"full","title":"Beachcomber is the perfect neutral with a light sand coloured upper","title_size":"p","align_mobile":"center","title_color":"#FFFFFF","typography_typography":"custom","typography_font_size":{"unit":"px","size":16,"sizes":[]},"typography_font_weight":"400","_margin":{"unit":"px","top":"0","right":"0","bottom":"33","left":"0","isLinked":false},"_margin_mobile":{"unit":"px","top":"0","right":"0","bottom":"18","left":"0","isLinked":false},"typography_font_size_mobile":{"unit":"px","size":14,"sizes":[]},"_margin_tablet":{"unit":"px","top":"0","right":"0","bottom":"24","left":"0","isLinked":false}},"elements":[],"isInner":false,"widgetType":"ecomus-heading","elType":"widget"},{"id":"130ea23c","settings":{"content_width":"full","text":"Shop Collection","typography_typography":"custom","typography_font_size":{"unit":"px","size":14,"sizes":[]},"typography_font_weight":"600","border_radius":{"unit":"px","top":"60","right":"60","bottom":"60","left":"60","isLinked":true},"text_padding":{"unit":"px","top":"15","right":"31","bottom":"15","left":"31","isLinked":false},"text_padding_mobile":{"unit":"px","top":"11","right":"26","bottom":"11","left":"26","isLinked":false},"button_text":"Shop Collection","show_button_icon":"alway","button_style":"subtle","button_text_color":"#FFFFFF","button_link":{"url":"https:\/\/wpecomus.com\/footwear\/shop\/","is_external":"","nofollow":"","custom_attributes":""}},"elements":[],"isInner":false,"widgetType":"ecomus-button","elType":"widget"}],"isInner":true,"elType":"container"}],"isInner":true,"elType":"container"}],"isInner":false,"elType":"container"},{"id":"7ec08c6a","settings":{"content_width":"full"},"elements":[{"id":"34faffc8","settings":{"items":[{"text":"Use <a href=\"#\" title=\"#\">code GET30<\/a> at checkout for 30% off your first order","_id":"8e017e9","icon":{"value":"","library":""},"image":{"id":"","url":"https:\/\/wpecomus.com\/footwear\/wp-content\/plugins\/elementor\/assets\/images\/placeholder.png"}}],"speed":0.2,"padding":{"unit":"px","top":"88","right":"0","bottom":"88","left":"0","isLinked":false},"padding_tablet":{"unit":"px","top":"74","right":"0","bottom":"74","left":"0","isLinked":false},"padding_mobile":{"unit":"px","top":"44","right":"0","bottom":"44","left":"0","isLinked":false},"background_color":"#FFFFFF","text_typography_typography":"custom","text_typography_font_size":{"unit":"px","size":80,"sizes":[]},"text_typography_font_size_tablet":{"unit":"px","size":60,"sizes":[]},"text_typography_font_size_mobile":{"unit":"px","size":40,"sizes":[]},"gap":{"unit":"px","size":100,"sizes":[]},"gap_tablet":{"unit":"px","size":84,"sizes":[]}},"elements":[],"isInner":false,"widgetType":"ecomus-marquee","elType":"widget"}],"isInner":false,"elType":"container"},{"id":"448954ad","settings":{"margin":{"unit":"px","top":"0","right":"0","bottom":"100","left":"0","isLinked":false},"margin_tablet":{"unit":"px","top":"0","right":"0","bottom":"85","left":"0","isLinked":false},"margin_mobile":{"unit":"px","top":"0","right":"0","bottom":"50","left":"0","isLinked":false}},"elements":[{"id":"4d99fc4a","settings":{"image":{"id":7061,"url":"https:\/\/wpecomus.com\/footwear\/wp-content\/uploads\/sites\/34\/2024\/12\/footwear-bn-4.webp","alt":"","source":"library","size":""},"title":"Shop this look","sub_title":"SPRING SALE 30% OFF","lookbook_products":[{"_id":"543d190","product_id":738,"pin_position_x":{"unit":"%","size":45,"sizes":[]},"pin_position_y":{"unit":"%","size":10,"sizes":[]}},{"product_id":782,"pin_position_x":{"unit":"%","size":63,"sizes":[]},"pin_position_y":{"unit":"%","size":69,"sizes":[]},"_id":"bcdd8b5"}],"content_spacing_mobile":{"unit":"px","size":7,"sizes":[]}},"elements":[],"isInner":false,"widgetType":"ecomus-lookbook-products","elType":"widget"}],"isInner":false,"elType":"container"},{"id":"64fdb355","settings":{"flex_gap":{"column":"10","row":"10","isLinked":true,"unit":"px","size":10},"boxed_width":{"unit":"px","size":1440,"sizes":[]},"background_background":"classic","background_color":"#F6F1EC","padding":{"unit":"px","top":"94","right":"0","bottom":"100","left":"0","isLinked":false},"padding_tablet":{"unit":"px","top":"79","right":"0","bottom":"85","left":"0","isLinked":false},"padding_mobile":{"unit":"px","top":"70","right":"0","bottom":"75","left":"0","isLinked":false},"margin":{"unit":"px","top":"0","right":"0","bottom":"100","left":"0","isLinked":false},"margin_tablet":{"unit":"px","top":"0","right":"0","bottom":"85","left":"0","isLinked":false},"margin_mobile":{"unit":"px","top":"0","right":"0","bottom":"75","left":"0","isLinked":false}},"elements":[{"id":"260dc5f2","settings":{"title":"Happy Clients","title_size":"h4","align":"center","typography_font_weight":"400","typography_font_size_tablet":{"unit":"px","size":32,"sizes":[]},"typography_font_size_mobile":{"unit":"px","size":22,"sizes":[]},"typography_typography":"custom"},"elements":[],"isInner":false,"widgetType":"ecomus-heading","elType":"widget"},{"id":"15d2e98b","settings":{"title":"Hear what they say about us","title_size":"div","align":"center","title_color":"#000000","typography_typography":"custom","typography_font_size":{"unit":"px","size":16,"sizes":[]},"typography_font_size_mobile":{"unit":"px","size":14,"sizes":[]},"_margin":{"unit":"px","top":"0","right":"0","bottom":"20","left":"0","isLinked":false}},"elements":[],"isInner":false,"widgetType":"ecomus-heading","elType":"widget"},{"id":"6ee29ce9","settings":{"testimonials":[{"testimonial_name":"Robert Smith","_id":"060ec67","testimonial_title":"Best Online Fashion Site","testimonial_content":"\u201cI always find something stylish and affordable on this web fashion site\u201d","testimonial_text":"Customer from USA","testimonial_product_id":782,"testimonial_image":{"id":7047,"url":"https:\/\/wpecomus.com\/footwear\/wp-content\/uploads\/sites\/34\/2024\/12\/placeholder.png"}},{"testimonial_name":"Allen Lyn","testimonial_title":"Great Selection and Quality","testimonial_content":"\"I love the variety of styles and the high-quality clothing on this web fashion site.\"","testimonial_text":"Customer from France","testimonial_product_id":754,"_id":"ecea334","testimonial_image":{"id":7048,"url":"https:\/\/wpecomus.com\/footwear\/wp-content\/uploads\/sites\/34\/2024\/12\/placeholder-1.png"}},{"testimonial_name":"Peter Rope","testimonial_title":"Best Customer Service","testimonial_content":"\"I finally found a web fashion site with stylish and flattering options in my size.\"","testimonial_text":"Customer from USA","testimonial_product_id":775,"_id":"19e023e","testimonial_image":{"id":7049,"url":"https:\/\/wpecomus.com\/footwear\/wp-content\/uploads\/sites\/34\/2024\/12\/placeholder-2.png"}},{"testimonial_name":"Hellen Ase","_id":"4c7dbb3","testimonial_title":"Great Selection and Quality","testimonial_content":"\"I love the variety of styles and the high-quality clothing on this web fashion site.\"","testimonial_text":"Customer from Japan","testimonial_product_id":871,"testimonial_image":{"id":7050,"url":"https:\/\/wpecomus.com\/footwear\/wp-content\/uploads\/sites\/34\/2024\/12\/placeholder-3.png"}}],"navigation_classes_tablet":"arrows","navigation_classes_mobile":"dots","text_typography_font_size":{"unit":"px","size":103,"sizes":[]},"image_spacing_custom_mobile":15,"content_width":"full","item_background_color":"#FFFFFF","content_typography_typography":"custom","content_typography_font_size_mobile":{"unit":"px","size":16,"sizes":[]},"dots_spacing_mobile":{"unit":"px","size":15,"sizes":[]},"rating_size":{"unit":"px","size":18,"sizes":[]},"arrows_show":"1","arrows_type":"solid","arrows_horizontal_spacing":{"unit":"px","size":-82,"sizes":[]},"arrows_border_color":"#EBEBEB","arrows_horizontal_spacing_tablet":{"unit":"px","size":-23,"sizes":[]},"arrows_disable_bgcolor":"#FFFFFF66"},"elements":[],"isInner":false,"widgetType":"ecomus-testimonial-carousel-2","elType":"widget"}],"isInner":false,"elType":"container"},{"id":"2cefa5de","settings":{"flex_direction":"row","flex_gap":{"unit":"px","size":30,"column":"30","row":"30","isLinked":true},"flex_direction_tablet":"column","flex_gap_mobile":{"column":"15","row":"15","isLinked":true,"unit":"px","size":15},"margin":{"unit":"px","top":"0","right":"0","bottom":"120","left":"0","isLinked":false},"margin_tablet":{"unit":"px","top":"0","right":"0","bottom":"102","left":"0","isLinked":false},"margin_mobile":{"unit":"px","top":"0","right":"0","bottom":"90","left":"0","isLinked":false}},"elements":[{"id":"324d98d2","settings":{"flex_direction":"column","content_width":"full","width":{"unit":"%","size":"50"},"width_tablet":{"unit":"%","size":100,"sizes":[]},"width_mobile":{"unit":"%","size":"","sizes":[]}},"elements":[{"id":"6b2f517d","settings":{"primary_image":{"id":7062,"url":"https:\/\/wpecomus.com\/footwear\/wp-content\/uploads\/sites\/34\/2024\/12\/footwear-bn-5.webp","alt":"","source":"library","size":""},"secondary_image":{"id":7040,"url":"https:\/\/wpecomus.com\/footwear\/wp-content\/uploads\/sites\/34\/2024\/12\/footwear-bn-6.webp","alt":"","source":"library","size":""},"image_second_grid_column":"6\/13","image_second_grid_row":"6\/13"},"elements":[],"isInner":false,"widgetType":"ecomus-dual-image","elType":"widget"}],"isInner":true,"elType":"container"},{"id":"e0ec3d7","settings":{"flex_direction":"column","content_width":"full","width":{"unit":"%","size":"50"},"flex_justify_content":"center","flex_gap":{"column":"0","row":"0","isLinked":true,"unit":"px","size":0},"padding":{"unit":"px","top":"20","right":"20","bottom":"20","left":"100","isLinked":false},"width_tablet":{"unit":"%","size":100,"sizes":[]},"width_mobile":{"unit":"%","size":"","sizes":[]},"padding_tablet":{"unit":"px","top":"20","right":"20","bottom":"20","left":"20","isLinked":true},"padding_mobile":{"unit":"px","top":"14","right":"14","bottom":"24","left":"14","isLinked":false}},"elements":[{"id":"5a828eb2","settings":{"title":"OUR MISSION","title_size":"div","title_color":"#000000","typography_typography":"custom","typography_font_size":{"unit":"px","size":18,"sizes":[]},"typography_font_weight":"700","typography_text_transform":"uppercase","_margin":{"unit":"px","top":"0","right":"0","bottom":"14","left":"0","isLinked":false},"align_mobile":"center","typography_font_size_mobile":{"unit":"px","size":12,"sizes":[]}},"elements":[],"isInner":false,"widgetType":"ecomus-heading","elType":"widget"},{"id":"209311bf","settings":{"title":"Made In Canada","title_size":"h4","_margin":{"unit":"px","top":"0","right":"0","bottom":"24","left":"0","isLinked":false},"align_mobile":"center","typography_typography":"custom","typography_font_size_tablet":{"unit":"px","size":32,"sizes":[]},"typography_font_size_mobile":{"unit":"px","size":22,"sizes":[]},"_margin_tablet":{"unit":"px","top":"0","right":"0","bottom":"18","left":"0","isLinked":false},"_margin_mobile":{"unit":"px","top":"0","right":"0","bottom":"16","left":"0","isLinked":false}},"elements":[],"isInner":false,"widgetType":"ecomus-heading","elType":"widget"},{"id":"78b5c0eb","settings":{"title":"We\u2019re here to help you have a good day. We do this by creating products that enrich your life, with concern for people and our earth.","title_size":"div","title_color":"#545454","typography_typography":"custom","_margin":{"unit":"px","top":"0","right":"0","bottom":"24","left":"0","isLinked":false},"align_mobile":"center","_margin_tablet":{"unit":"px","top":"0","right":"0","bottom":"18","left":"0","isLinked":false},"_margin_mobile":{"unit":"px","top":"0","right":"0","bottom":"16","left":"0","isLinked":false}},"elements":[],"isInner":false,"widgetType":"ecomus-heading","elType":"widget"},{"id":"4c839eb5","settings":{"title":"There are very few companies making sneakers in Canada. In order for us to offer sneakers we needed a little help from our friends. We call this our Friendship Manufacturing Initiative. We partnered with a Chinese factory to offer our sneaker designs.","title_size":"div","title_color":"#545454","_margin":{"unit":"px","top":"0","right":"0","bottom":"34","left":"0","isLinked":false},"align_mobile":"center","_margin_tablet":{"unit":"px","top":"0","right":"0","bottom":"24","left":"0","isLinked":false},"_margin_mobile":{"unit":"px","top":"0","right":"0","bottom":"18","left":"0","isLinked":false}},"elements":[],"isInner":false,"widgetType":"ecomus-heading","elType":"widget"},{"id":"7ffa8f0d","settings":{"button_text":"About us","button_padding":{"unit":"px","top":"15","right":"24","bottom":"14","left":"24","isLinked":false},"align_mobile":"center","button_link":{"url":"https:\/\/wpecomus.com\/footwear\/about-us\/","is_external":"","nofollow":"","custom_attributes":""}},"elements":[],"isInner":false,"widgetType":"ecomus-button","elType":"widget"}],"isInner":true,"elType":"container"}],"isInner":false,"elType":"container"},{"id":"849dd6c","settings":{"flex_direction":"column","flex_gap_tablet":{"column":"","row":"","isLinked":true,"unit":"px","size":null},"margin":{"unit":"px","top":"0","right":"0","bottom":"86","left":"0","isLinked":false},"margin_tablet":{"unit":"px","top":"0","right":"0","bottom":"73","left":"0","isLinked":false},"margin_mobile":{"unit":"px","top":"0","right":"0","bottom":"64","left":"0","isLinked":false}},"elements":[{"id":"20941296","settings":{"content_width":"full","flex_direction":"row-reverse","flex_direction_tablet":"row-reverse","flex_gap":{"column":"0","row":"0","isLinked":false,"unit":"px","size":0},"overflow":"hidden","flex_direction_mobile":"column-reverse","flex_gap_tablet":{"column":"","row":"","isLinked":true,"unit":"px","size":null}},"elements":[{"id":"233fbab4","settings":{"flex_direction":"column","content_width":"full","width":{"unit":"%","size":"50"},"width_tablet":{"unit":"%","size":100,"sizes":[]},"width_mobile":{"unit":"%","size":"","sizes":[]}},"elements":[{"id":"4d810cc2","settings":{"content_width":"full","image":{"id":7063,"url":"https:\/\/wpecomus.com\/footwear\/wp-content\/uploads\/sites\/34\/2024\/12\/footwear-bn-7.webp","alt":"","source":"library","size":""},"image_size":"full","height_tablet":{"unit":"%","size":100,"sizes":[]},"height_mobile":{"unit":"%","size":"","sizes":[]},"object-fit_tablet":"cover","image_border_radius":{"unit":"px","top":"0","right":"0","bottom":"0","left":"0","isLinked":true},"_flex_size_tablet":"grow","width":{"unit":"%","size":100,"sizes":[]}},"elements":[],"isInner":false,"widgetType":"image","elType":"widget"}],"isInner":true,"elType":"container"},{"id":"1fc07008","settings":{"flex_direction":"column","content_width":"full","width":{"unit":"%","size":"50"},"flex_gap":{"column":"0","row":"0","isLinked":true,"unit":"px","size":0},"background_background":"classic","background_color":"#F6F1EC","padding":{"unit":"px","top":"20","right":"100","bottom":"20","left":"100","isLinked":false},"padding_tablet":{"unit":"px","top":"40","right":"40","bottom":"40","left":"40","isLinked":true},"padding_mobile":{"unit":"px","top":"30","right":"30","bottom":"30","left":"30","isLinked":true},"width_tablet":{"unit":"%","size":100,"sizes":[]},"width_mobile":{"unit":"%","size":"","sizes":[]},"flex_justify_content":"center","flex_justify_content_tablet":"center"},"elements":[{"id":"1baa5faa","settings":{"content_width":"full","title":"Subscribe <br \/>to our newsletter","typography_typography":"custom","typography_font_size_tablet":{"unit":"px","size":32,"sizes":[]},"typography_font_size_mobile":{"unit":"px","size":22,"sizes":[]},"_margin":{"unit":"px","top":"0","right":"0","bottom":"26","left":"0","isLinked":false},"_margin_mobile":{"unit":"px","top":"0","right":"0","bottom":"10","left":"0","isLinked":false},"_margin_tablet":{"unit":"px","top":"0","right":"0","bottom":"16","left":"0","isLinked":false},"title_size":"h4"},"elements":[],"isInner":false,"widgetType":"ecomus-heading","elType":"widget"},{"id":"65be113c","settings":{"content_width":"full","title":"Be the first to know when we launch.","title_size":"div","title_color":"#000000","_margin":{"unit":"px","top":"0","right":"0","bottom":"30","left":"0","isLinked":false},"_margin_mobile":{"unit":"px","top":"0","right":"0","bottom":"16","left":"0","isLinked":false},"typography_font_size_mobile":{"unit":"px","size":14,"sizes":[]},"_margin_tablet":{"unit":"px","top":"0","right":"0","bottom":"24","left":"0","isLinked":false}},"elements":[],"isInner":false,"widgetType":"ecomus-heading","elType":"widget"},{"id":"5196b9ca","settings":{"form_type":"row","input_width_tablet":{"unit":"%","size":100,"sizes":[]},"input_width_mobile":{"unit":"%","size":60,"sizes":[]},"form":"215"},"elements":[],"isInner":false,"widgetType":"ecomus-subscribe-box","elType":"widget"}],"isInner":true,"elType":"container"}],"isInner":true,"elType":"container"}],"isInner":false,"elType":"container"}],"page_settings":{"hide_page_header":"yes","content_top_spacing":"custom","content_top_padding":{"unit":"px","size":0,"sizes":[]},"content_bottom_spacing":"custom","content_bottom_padding":{"unit":"px","size":0,"sizes":[]}},"version":"0.4","title":"Home","type":"page"}