{"content":[{"id":"2028d721","settings":{"content_width":"full"},"elements":[{"id":"27a5a89b","settings":{"slides":[{"title":"Multi-faceted Beauty","description":"From casual to formal, we've got you covered","button_text":"SHOP NOW","_id":"c99163d","banner_background_img":{"id":6884,"url":"https:\/\/wpecomus.com\/handbag\/wp-content\/uploads\/sites\/21\/2024\/11\/bag-sld-1-scaled.webp","alt":"","source":"library","size":""},"background_position_mobile":"center center","background_position_x_mobile":{"unit":"%","size":51,"sizes":[]},"button_link":{"url":"https:\/\/wpecomus.com\/handbag\/product\/amanda-green\/","is_external":"","nofollow":"","custom_attributes":""}},{"title":"Handbag Beauty","description":"From casual to formal, save up to 70%","button_text":"SHOP NOW","banner_background_img":{"id":6883,"url":"https:\/\/wpecomus.com\/handbag\/wp-content\/uploads\/sites\/21\/2024\/11\/bag-sld-2-scaled.webp","alt":"","source":"library","size":""},"background_position_mobile":"center center","_id":"5dd37ee","button_link":{"url":"https:\/\/wpecomus.com\/handbag\/product\/grace-brown\/","is_external":"","nofollow":"","custom_attributes":""}},{"title":"Fashion Beauty","description":"From casual to formal, save up to 70%","button_text":"SHOP NOW","banner_background_img":{"id":6885,"url":"https:\/\/wpecomus.com\/handbag\/wp-content\/uploads\/sites\/21\/2024\/11\/bag-sld-3-scaled.webp","alt":"","source":"library","size":""},"background_position_mobile":"center center","_id":"b71a39b","button_link":{"url":"https:\/\/wpecomus.com\/handbag\/shop\/","is_external":"","nofollow":"","custom_attributes":""}}],"slides_height":{"unit":"px","size":984,"sizes":[]},"slides_height_tablet":{"unit":"px","size":397,"sizes":[]},"slides_height_mobile":{"unit":"px","size":400,"sizes":[]},"navigation_classes":"dots","navigation_classes_tablet":"dots","slides_horizontal_position":"center","slides_text_align":"center","slides_content_padding_mobile":{"unit":"px","top":"0","right":"0","bottom":"0","left":"0","isLinked":false},"title_color":"#FFFFFF","title_typography_typography":"custom","title_spacing_tablet":{"unit":"px","size":18,"sizes":[]},"description_color":"#FFFFFF","description_typography_typography":"custom","description_typography_font_size_mobile":{"unit":"px","size":16,"sizes":[]},"description_spacing_tablet":{"unit":"px","size":32,"sizes":[]},"description_spacing_mobile":{"unit":"px","size":24,"sizes":[]},"button_padding_tablet":{"unit":"px","top":"13","right":"19","bottom":"13","left":"19","isLinked":false},"button_padding_mobile":{"unit":"px","top":"10","right":"18","bottom":"10","left":"18","isLinked":false},"button_typography_typography":"custom","button_typography_font_weight":"400","button_typography_text_transform":"uppercase","button_typography_letter_spacing":{"unit":"px","size":2,"sizes":[]},"dots_type":"background","dots_gap_mobile":{"unit":"px","size":2,"sizes":[]},"dots_spacing_tablet":{"unit":"px","size":24,"sizes":[]},"dot_item_color":"#FFFFFF","dot_item_active_background_color":"#FFFFFF29","dot_align":"center","button_typography_font_size":{"unit":"px","size":14,"sizes":[]}},"elements":[],"isInner":false,"widgetType":"ecomus-slides","elType":"widget"}],"isInner":false,"elType":"container"},{"id":"3ebc2433","settings":{"content_width":"full"},"elements":[{"id":"26a8e5ac","settings":{"items":[{"text":"Free express shipping worldwide","_id":"95d8d5b","icon":{"value":{"url":"https:\/\/wpecomus.com\/handbag\/wp-content\/uploads\/sites\/21\/2024\/11\/Vector-star.svg","id":6896},"library":"svg"},"image":{"id":"","url":"https:\/\/wpecomus.com\/handbag\/wp-content\/plugins\/elementor\/assets\/images\/placeholder.png"}}],"padding":{"unit":"px","top":"29","right":"0","bottom":"28","left":"0","isLinked":false},"gap":{"unit":"px","size":32,"sizes":[]},"background_color":"#FFFFFF","icon_color":"#704228","spacing":{"unit":"px","size":32,"sizes":[]},"text_typography_typography":"custom","text_typography_font_size":{"unit":"px","size":20,"sizes":[]},"text_color":"#704228"},"elements":[],"isInner":false,"widgetType":"ecomus-marquee","elType":"widget"}],"isInner":false,"elType":"container"},{"id":"3c6f2008","settings":{"background_background":"classic","background_color":"#FBF7F0","padding":{"unit":"px","top":"60","right":"0","bottom":"98","left":"0","isLinked":false},"margin":{"unit":"px","top":"0","right":"0","bottom":"38","left":"0","isLinked":false},"margin_tablet":{"unit":"px","top":"0","right":"0","bottom":"32","left":"0","isLinked":false},"margin_mobile":{"unit":"px","top":"0","right":"0","bottom":"28","left":"0","isLinked":false},"padding_tablet":{"unit":"px","top":"51","right":"0","bottom":"83","left":"0","isLinked":false},"padding_mobile":{"unit":"px","top":"26","right":"0","bottom":"43","left":"0","isLinked":false}},"elements":[{"id":"4aa68995","settings":{"testimonials":[{"testimonial_name":"Name #1","_id":"e209cc5","testimonial_text":"AS SEE IN","testimonial_title":"Our customers reviews","testimonial_content":"\u201cMeet the formal industrial designer who now makes the bags we <br class=\"hidden-xs\">all want and need.\u201d","positioning_image":{"id":6890,"url":"https:\/\/wpecomus.com\/handbag\/wp-content\/uploads\/sites\/21\/2024\/11\/logo1-png.webp","alt":"","source":"library","size":""}},{"testimonial_name":"Name #1","testimonial_text":"AS SEE IN","testimonial_title":"Our customers reviews","testimonial_content":"\"I love the variety of styles and the high-quality <br class=\"hidden-xs\">clothing on this web fashion site.\"","_id":"332ad8b","positioning_icon_type":"external","positioning_icon":{"value":"","library":""},"positioning_icon_url":"https:\/\/wpecomus.com\/handbag\/wp-content\/uploads\/sites\/21\/2024\/11\/logo2.svg"},{"testimonial_name":"Name #1","testimonial_text":"AS SEE IN","testimonial_title":"Our customers reviews","testimonial_content":"\"I finally found a web fashion site with stylish and <br class=\"hidden-xs\">flattering options in my size.\"","_id":"2a523a5","positioning_image":{"url":"","id":"","size":"","alt":"","source":"library"},"positioning_icon_type":"external","positioning_icon":{"value":"","library":""},"positioning_icon_url":"https:\/\/wpecomus.com\/handbag\/wp-content\/uploads\/sites\/21\/2024\/11\/logo3.svg"}],"navigation_classes":"none","navigation_classes_tablet":"none","navigation_classes_mobile":"none","positioning_max_width_mobile":{"unit":"px","size":100,"sizes":[]}},"elements":[],"isInner":false,"widgetType":"ecomus-testimonial-carousel-4","elType":"widget"}],"isInner":false,"elType":"container"},{"id":"2a68d3cf","settings":{"flex_direction":"row","flex_direction_tablet":"row","flex_gap":{"column":"30","row":"30","isLinked":true,"unit":"px","size":30},"flex_gap_tablet":{"column":"15","row":"15","isLinked":true,"unit":"px","size":15},"flex_wrap_tablet":"wrap","grid_outline":"","grid_columns_grid_tablet":{"unit":"fr","size":2,"sizes":[]},"grid_rows_grid":{"unit":"fr","size":1,"sizes":[]},"grid_gaps":{"column":"30","row":"30","isLinked":true,"unit":"px"},"margin":{"unit":"px","top":"0","right":"0","bottom":"90","left":"0","isLinked":false},"margin_tablet":{"unit":"px","top":"0","right":"0","bottom":"76","left":"0","isLinked":false},"margin_mobile":{"unit":"px","top":"0","right":"0","bottom":"67","left":"0","isLinked":false},"presetTitle":"Container","presetIcon":"eicon-container","content_width":"full","padding":{"unit":"px","top":"0","right":"40","bottom":"0","left":"40","isLinked":false},"padding_tablet":{"unit":"px","top":"0","right":"30","bottom":"0","left":"30","isLinked":false},"padding_mobile":{"unit":"px","top":"0","right":"15","bottom":"0","left":"15","isLinked":false}},"elements":[{"id":"450a380f","settings":{"content_width":"full","width_tablet":{"unit":"custom","size":"calc( 50% - 7.5px )","sizes":[]},"width_mobile":{"unit":"%","size":"","sizes":[]},"_flex_order_tablet":"start"},"elements":[{"id":"3ecc5cab","settings":{"image":{"id":6897,"url":"https:\/\/wpecomus.com\/handbag\/wp-content\/uploads\/sites\/21\/2024\/11\/bag-bn-1.webp","alt":"","source":"library","size":""},"title":"","height":{"unit":"px","size":850,"sizes":[]},"height_tablet":{"unit":"px","size":390,"sizes":[]},"height_mobile":{"unit":"px","size":250,"sizes":[]},"button_text":"All Bags","show_button_icon":"hover","text_align_mobile":"center","button_padding":{"unit":"px","top":"16","right":"30","bottom":"15","left":"30","isLinked":false},"button_padding_tablet":{"unit":"px","top":"14","right":"20","bottom":"13","left":"20","isLinked":false},"button_padding_mobile":{"unit":"px","top":"13","right":"14","bottom":"12","left":"14","isLinked":false},"button_typography_typography":"custom","button_typography_font_size":{"unit":"px","size":14,"sizes":[]},"button_typography_font_weight":"500","button_typography_text_transform":"uppercase","button_typography_letter_spacing":{"unit":"px","size":0.7,"sizes":[]},"button_link":{"url":"https:\/\/wpecomus.com\/handbag\/shop\/","is_external":"","nofollow":"","custom_attributes":""}},"elements":[],"isInner":false,"widgetType":"ecomus-banner","elType":"widget"}],"isInner":true,"elType":"container"},{"id":"355a75c3","settings":{"content_width":"full","width_tablet":{"unit":"%","size":100,"sizes":[]},"width_mobile":{"unit":"%","size":"","sizes":[]},"flex_direction_tablet":"row","flex_gap":{"column":"30","row":"30","isLinked":true,"unit":"px","size":30},"flex_gap_tablet":{"column":"15","row":"15","isLinked":true,"unit":"px","size":15},"grid_outline":"","_flex_order_tablet":"end","_flex_order_mobile":"start","presetTitle":"Container","presetIcon":"eicon-container"},"elements":[{"id":"4c7e25be","settings":{"image":{"id":6898,"url":"https:\/\/wpecomus.com\/handbag\/wp-content\/uploads\/sites\/21\/2024\/11\/bag-bn-2.webp","alt":"","source":"library","size":""},"title":"","height":{"unit":"px","size":410,"sizes":[]},"height_tablet":{"unit":"px","size":390,"sizes":[]},"height_mobile":{"unit":"px","size":250,"sizes":[]},"button_text":"Tote Bags","show_button_icon":"hover","text_align_mobile":"center","button_padding":{"unit":"px","top":"16","right":"30","bottom":"15","left":"30","isLinked":false},"button_padding_tablet":{"unit":"px","top":"14","right":"20","bottom":"13","left":"20","isLinked":false},"button_padding_mobile":{"unit":"px","top":"13","right":"14","bottom":"12","left":"14","isLinked":false},"button_typography_typography":"custom","button_typography_font_size":{"unit":"px","size":14,"sizes":[]},"button_typography_font_weight":"500","button_typography_text_transform":"uppercase","button_typography_letter_spacing":{"unit":"px","size":0.7,"sizes":[]},"_element_width_tablet":"initial","_element_custom_width_tablet":{"unit":"custom","size":"calc( 50% - 7.5px )","sizes":[]},"_element_custom_width_mobile":{"unit":"custom","size":"","sizes":[]},"button_link":{"url":"https:\/\/wpecomus.com\/handbag\/product-category\/tote-bags\/","is_external":"","nofollow":"","custom_attributes":""}},"elements":[],"isInner":false,"widgetType":"ecomus-banner","elType":"widget"},{"id":"2a181cab","settings":{"image":{"id":6899,"url":"https:\/\/wpecomus.com\/handbag\/wp-content\/uploads\/sites\/21\/2024\/11\/bag-bn-3.webp","alt":"","source":"library","size":""},"title":"","height":{"unit":"px","size":410,"sizes":[]},"height_tablet":{"unit":"px","size":390,"sizes":[]},"height_mobile":{"unit":"px","size":250,"sizes":[]},"button_text":"Straw Bags","show_button_icon":"hover","text_align_mobile":"center","button_padding":{"unit":"px","top":"16","right":"30","bottom":"15","left":"30","isLinked":false},"button_padding_tablet":{"unit":"px","top":"14","right":"20","bottom":"13","left":"20","isLinked":false},"button_padding_mobile":{"unit":"px","top":"13","right":"14","bottom":"12","left":"14","isLinked":false},"button_typography_typography":"custom","button_typography_font_size":{"unit":"px","size":14,"sizes":[]},"button_typography_font_weight":"500","button_typography_text_transform":"uppercase","button_typography_letter_spacing":{"unit":"px","size":0.7,"sizes":[]},"_element_width_tablet":"initial","_element_custom_width_tablet":{"unit":"custom","size":"calc( 50% - 7.5px )","sizes":[]},"_element_custom_width_mobile":{"unit":"custom","size":"","sizes":[]},"button_link":{"url":"https:\/\/wpecomus.com\/handbag\/product-category\/straw-bags\/","is_external":"","nofollow":"","custom_attributes":""}},"elements":[],"isInner":false,"widgetType":"ecomus-banner","elType":"widget"}],"isInner":true,"elType":"container"},{"id":"4adb9941","settings":{"content_width":"full","width_tablet":{"unit":"custom","size":"calc( 50% - 7.5px )","sizes":[]},"width_mobile":{"unit":"%","size":"","sizes":[]},"_flex_order_tablet":"start","_flex_order_mobile":"end"},"elements":[{"id":"3ba14767","settings":{"image":{"id":6900,"url":"https:\/\/wpecomus.com\/handbag\/wp-content\/uploads\/sites\/21\/2024\/11\/bag-bn-4.webp","alt":"","source":"library","size":""},"title":"","height":{"unit":"px","size":850,"sizes":[]},"height_tablet":{"unit":"px","size":390,"sizes":[]},"height_mobile":{"unit":"px","size":250,"sizes":[]},"button_text":"Shoulder Bags","show_button_icon":"hover","text_align_mobile":"center","button_padding":{"unit":"px","top":"16","right":"30","bottom":"15","left":"30","isLinked":false},"button_padding_tablet":{"unit":"px","top":"14","right":"20","bottom":"13","left":"20","isLinked":false},"button_padding_mobile":{"unit":"px","top":"13","right":"14","bottom":"12","left":"14","isLinked":false},"button_typography_typography":"custom","button_typography_font_size":{"unit":"px","size":14,"sizes":[]},"button_typography_font_weight":"500","button_typography_text_transform":"uppercase","button_typography_letter_spacing":{"unit":"px","size":0.7,"sizes":[]},"button_link":{"url":"https:\/\/wpecomus.com\/handbag\/product-category\/shoulder-bags\/","is_external":"","nofollow":"","custom_attributes":""}},"elements":[],"isInner":false,"widgetType":"ecomus-banner","elType":"widget"}],"isInner":true,"elType":"container"}],"isInner":false,"elType":"container"},{"id":"39bf36f6","settings":{"flex_gap":{"column":"18","row":"18","isLinked":true,"unit":"px","size":18},"margin":{"unit":"px","top":"0","right":"0","bottom":"76","left":"0","isLinked":false},"margin_tablet":{"unit":"px","top":"0","right":"0","bottom":"64","left":"0","isLinked":false},"margin_mobile":{"unit":"px","top":"0","right":"0","bottom":"57","left":"0","isLinked":false},"content_width":"full","padding":{"unit":"px","top":"0","right":"40","bottom":"0","left":"40","isLinked":false},"padding_tablet":{"unit":"px","top":"0","right":"30","bottom":"0","left":"30","isLinked":false},"padding_mobile":{"unit":"px","top":"0","right":"15","bottom":"0","left":"15","isLinked":false}},"elements":[{"id":"7638e41e","settings":{"title":"HANDBAG","title_size":"div","align":"center","title_color":"#545454","typography_typography":"custom","typography_font_size":{"unit":"px","size":14,"sizes":[]},"typography_font_weight":"600","typography_text_transform":"uppercase","typography_letter_spacing":{"unit":"px","size":2,"sizes":[]}},"elements":[],"isInner":false,"widgetType":"ecomus-heading","elType":"widget"},{"id":"68367d80","settings":{"limit":3,"columns":"3","tabs":[{"_id":"f52e61b","heading":"Best Selling"}],"pagination":"","heading_typography_typography":"custom","heading_typography_font_size":{"unit":"px","size":42,"sizes":[]},"heading_typography_font_weight":"400","border":"yes","heading_spacing":{"unit":"px","size":50,"sizes":[]},"heading_spacing_mobile":{"unit":"px","size":30,"sizes":[]},"heading_horizontal_position":"center","heading_border_width":{"unit":"px","size":0,"sizes":[]},"heading_tab_padding":{"unit":"px","top":"0","right":"0","bottom":"0","left":"0","isLinked":true},"heading_typography_font_size_tablet":{"unit":"px","size":32,"sizes":[]},"heading_typography_font_size_mobile":{"unit":"px","size":22,"sizes":[]},"heading_typography_line_height":{"unit":"custom","size":"1","sizes":[]},"heading_typography_line_height_tablet":{"unit":"custom","size":"","sizes":[]},"heading_typography_line_height_mobile":{"unit":"custom","size":"","sizes":[]}},"elements":[],"isInner":false,"widgetType":"ecomus-product-tabs-grid","elType":"widget"},{"id":"23a4f241","settings":{"button_text":"VIEW ALL BEST SELLER","align":"center","button_style":"outline","button_typography_typography":"custom","button_typography_text_transform":"uppercase","button_typography_letter_spacing":{"unit":"px","size":2,"sizes":[]},"_margin":{"unit":"px","top":"58","right":"0","bottom":"0","left":"0","isLinked":false},"_margin_tablet":{"unit":"px","top":"40","right":"0","bottom":"0","left":"0","isLinked":false},"button_link":{"url":"https:\/\/wpecomus.com\/handbag\/shop\/","is_external":"","nofollow":"","custom_attributes":""}},"elements":[],"isInner":false,"widgetType":"ecomus-button","elType":"widget"}],"isInner":false,"elType":"container"},{"id":"410bed1a","settings":{"flex_direction":"row","flex_gap":{"unit":"px","size":0,"column":"0","row":"0","isLinked":true},"flex_gap_tablet":{"column":"15","row":"15","isLinked":true,"unit":"px","size":15},"mobile_column_alignment":"column_md","content_width":"full","margin":{"unit":"px","top":"0","right":"0","bottom":"105","left":"0","isLinked":false},"margin_tablet":{"unit":"px","top":"0","right":"0","bottom":"88","left":"0","isLinked":false},"margin_mobile":{"unit":"px","top":"0","right":"0","bottom":"78","left":"0","isLinked":false},"padding":{"unit":"px","top":"0","right":"40","bottom":"0","left":"40","isLinked":false},"padding_tablet":{"unit":"px","top":"0","right":"30","bottom":"0","left":"30","isLinked":false},"padding_mobile":{"unit":"px","top":"0","right":"15","bottom":"0","left":"15","isLinked":false}},"elements":[{"id":"7bc55a2d","settings":{"flex_direction":"column","content_width":"full","width":{"unit":"%","size":"50"}},"elements":[{"id":"31f978fa","settings":{"image":{"id":6901,"url":"https:\/\/wpecomus.com\/handbag\/wp-content\/uploads\/sites\/21\/2024\/11\/bag-bn-5.webp","alt":"","source":"library","size":""},"title":"SCULPTURAL LINES","sub_title":"Grace Collection","height":{"unit":"px","size":740,"sizes":[]},"height_tablet":{"unit":"px","size":500,"sizes":[]},"height_mobile":{"unit":"px","size":250,"sizes":[]},"button_text":"Shop Now","horizontal_position":"left","text_align":"","text_align_mobile":"center","banner_padding":{"unit":"px","top":"79","right":"74","bottom":"79","left":"74","isLinked":false},"banner_padding_tablet":{"unit":"px","top":"30","right":"30","bottom":"30","left":"30","isLinked":true},"banner_padding_mobile":{"unit":"px","top":"20","right":"20","bottom":"20","left":"20","isLinked":true},"title_typography_typography":"custom","title_typography_font_size":{"unit":"px","size":14,"sizes":[]},"title_typography_font_weight":"600","title_typography_text_transform":"uppercase","title_typography_letter_spacing":{"unit":"px","size":2,"sizes":[]},"sub_title_typography_typography":"custom","sub_title_typography_font_size":{"unit":"px","size":42,"sizes":[]},"sub_title_typography_font_size_tablet":{"unit":"px","size":32,"sizes":[]},"sub_title_typography_font_size_mobile":{"unit":"px","size":22,"sizes":[]},"button_margin":{"unit":"px","top":"0","right":"0","bottom":"0","left":"0","isLinked":false},"button_typography_typography":"custom","button_typography_text_transform":"uppercase","button_typography_letter_spacing":{"unit":"px","size":2,"sizes":[]},"button_link":{"url":"https:\/\/wpecomus.com\/handbag\/shop\/","is_external":"","nofollow":"","custom_attributes":""}},"elements":[],"isInner":false,"widgetType":"ecomus-banner","elType":"widget"}],"isInner":true,"elType":"container"},{"id":"486efd0d","settings":{"flex_direction":"column","content_width":"full","width":{"unit":"%","size":"50"}},"elements":[{"id":"6931cc05","settings":{"image":{"id":6902,"url":"https:\/\/wpecomus.com\/handbag\/wp-content\/uploads\/sites\/21\/2024\/11\/bag-bn-6.webp","alt":"","source":"library","size":""},"title":"New Fashion","sub_title":"Handbag Collection","height":{"unit":"px","size":740,"sizes":[]},"height_tablet":{"unit":"px","size":500,"sizes":[]},"height_mobile":{"unit":"px","size":250,"sizes":[]},"button_text":"Shop Now","horizontal_position":"left","text_align":"","text_align_mobile":"center","banner_padding":{"unit":"px","top":"79","right":"74","bottom":"79","left":"74","isLinked":false},"banner_padding_tablet":{"unit":"px","top":"30","right":"30","bottom":"30","left":"30","isLinked":true},"banner_padding_mobile":{"unit":"px","top":"20","right":"15","bottom":"20","left":"15","isLinked":false},"title_typography_typography":"custom","title_typography_font_size":{"unit":"px","size":14,"sizes":[]},"title_typography_font_weight":"600","title_typography_text_transform":"uppercase","title_typography_letter_spacing":{"unit":"px","size":2,"sizes":[]},"sub_title_typography_typography":"custom","sub_title_typography_font_size":{"unit":"px","size":42,"sizes":[]},"sub_title_typography_font_size_tablet":{"unit":"px","size":32,"sizes":[]},"sub_title_typography_font_size_mobile":{"unit":"px","size":22,"sizes":[]},"button_margin":{"unit":"px","top":"0","right":"0","bottom":"0","left":"0","isLinked":false},"button_typography_typography":"custom","button_typography_text_transform":"uppercase","button_typography_letter_spacing":{"unit":"px","size":2,"sizes":[]},"button_link":{"url":"https:\/\/wpecomus.com\/handbag\/shop\/","is_external":"","nofollow":"","custom_attributes":""},"sub_title_typography_line_height_tablet":{"unit":"px","size":38,"sizes":[]},"sub_title_typography_line_height_mobile":{"unit":"px","size":26,"sizes":[]}},"elements":[],"isInner":false,"widgetType":"ecomus-banner","elType":"widget"}],"isInner":true,"elType":"container"}],"isInner":false,"elType":"container"},{"id":"42542bc3","settings":{"flex_gap":{"column":"18","row":"18","isLinked":true,"unit":"px","size":18},"margin":{"unit":"px","top":"0","right":"0","bottom":"50","left":"0","isLinked":false},"margin_mobile":{"unit":"px","top":"0","right":"0","bottom":"30","left":"0","isLinked":false}},"elements":[{"id":"2d46ac7e","settings":{"title":"All Good Things","title_size":"div","align":"center","title_color":"#545454","typography_typography":"custom","typography_font_size":{"unit":"px","size":14,"sizes":[]},"typography_font_weight":"600","typography_text_transform":"uppercase","typography_letter_spacing":{"unit":"px","size":2,"sizes":[]}},"elements":[],"isInner":false,"widgetType":"ecomus-heading","elType":"widget"},{"id":"18613858","settings":{"title":"Shop this look","title_size":"h4","align":"center","typography_typography":"custom","typography_font_size_tablet":{"unit":"px","size":32,"sizes":[]},"typography_font_size_mobile":{"unit":"px","size":22,"sizes":[]}},"elements":[],"isInner":false,"widgetType":"ecomus-heading","elType":"widget"}],"isInner":false,"elType":"container"},{"id":"74143478","settings":{"content_width":"full","margin":{"unit":"px","top":"0","right":"0","bottom":"78","left":"0","isLinked":false},"margin_tablet":{"unit":"px","top":"0","right":"0","bottom":"66","left":"0","isLinked":false},"margin_mobile":{"unit":"px","top":"0","right":"0","bottom":"30","left":"0","isLinked":false},"padding":{"unit":"px","top":"0","right":"40","bottom":"0","left":"40","isLinked":false},"padding_tablet":{"unit":"px","top":"0","right":"30","bottom":"0","left":"30","isLinked":false},"padding_mobile":{"unit":"px","top":"0","right":"15","bottom":"0","left":"15","isLinked":false}},"elements":[{"id":"72fbd7c3","settings":{"image":{"id":6903,"url":"https:\/\/wpecomus.com\/handbag\/wp-content\/uploads\/sites\/21\/2024\/11\/bag-bn-7.webp","alt":"","source":"library","size":""},"items":[{"_id":"f6527b9","product_items_ids":546,"product_content_items_position_y":{"unit":"px","size":-102,"sizes":[]}},{"product_items_ids":871,"product_items_position_x":{"unit":"%","size":49,"sizes":[]},"product_items_position_y":{"unit":"%","size":26,"sizes":[]},"_id":"04435fd","product_content_items_position_y":{"unit":"px","size":-105,"sizes":[]}},{"product_items_ids":782,"product_items_position_x":{"unit":"%","size":49,"sizes":[]},"product_items_position_y":{"unit":"%","size":67,"sizes":[]},"_id":"683f0f9","product_content_items_position_y":{"unit":"px","size":-102,"sizes":[]}}],"image_border_radius":{"unit":"px","top":"0","right":"0","bottom":"0","left":"0","isLinked":true},"item_dots_bgcolor":"#000000","item_dots_color":"#FFFFFF"},"elements":[],"isInner":false,"widgetType":"ecomus-image-hotspot","elType":"widget"}],"isInner":false,"elType":"container"},{"id":"7a4b2e3f","settings":{"margin":{"unit":"px","top":"0","right":"0","bottom":"65","left":"0","isLinked":false},"margin_tablet":{"unit":"px","top":"0","right":"0","bottom":"50","left":"0","isLinked":false},"margin_mobile":{"unit":"px","top":"0","right":"0","bottom":"30","left":"0","isLinked":false}},"elements":[{"id":"e60f20b","settings":{"title":"Instagram","title_size":"h4","align":"center","typography_typography":"custom","typography_font_size_tablet":{"unit":"px","size":32,"sizes":[]},"typography_font_size_mobile":{"unit":"px","size":22,"sizes":[]}},"elements":[],"isInner":false,"widgetType":"ecomus-heading","elType":"widget"}],"isInner":false,"elType":"container"},{"id":"47ea1c08","settings":{"content_width":"full","margin":{"unit":"px","top":"0","right":"0","bottom":"90","left":"0","isLinked":false},"margin_tablet":{"unit":"px","top":"0","right":"0","bottom":"96","left":"0","isLinked":false},"margin_mobile":{"unit":"px","top":"0","right":"0","bottom":"65","left":"0","isLinked":false},"padding":{"unit":"px","top":"0","right":"40","bottom":"0","left":"40","isLinked":false},"padding_tablet":{"unit":"px","top":"0","right":"30","bottom":"0","left":"30","isLinked":false},"padding_mobile":{"unit":"px","top":"0","right":"15","bottom":"0","left":"15","isLinked":false}},"elements":[{"id":"10a1bd6f","settings":{"instagram_type":"custom","instagrams":[{"_id":"d138217","image":{"id":6904,"url":"https:\/\/wpecomus.com\/handbag\/wp-content\/uploads\/sites\/21\/2024\/11\/bag-ins-1.webp","alt":"","source":"library","size":""},"product_id":546},{"image":{"id":6905,"url":"https:\/\/wpecomus.com\/handbag\/wp-content\/uploads\/sites\/21\/2024\/11\/bag-ins-2.webp","alt":"","source":"library","size":""},"product_id":782,"_id":"7fa84dc"},{"image":{"id":6906,"url":"https:\/\/wpecomus.com\/handbag\/wp-content\/uploads\/sites\/21\/2024\/11\/bag-ins-3.webp","alt":"","source":"library","size":""},"product_id":871,"_id":"9b9851f"},{"image":{"id":6907,"url":"https:\/\/wpecomus.com\/handbag\/wp-content\/uploads\/sites\/21\/2024\/11\/bag-ins-4.webp","alt":"","source":"library","size":""},"product_id":775,"_id":"588d727"},{"image":{"id":6908,"url":"https:\/\/wpecomus.com\/handbag\/wp-content\/uploads\/sites\/21\/2024\/11\/bag-ins-5.webp","alt":"","source":"library","size":""},"product_id":782,"_id":"b563746"}],"aspect_ratio_type":"square","slides_to_show_tablet":3,"slides_to_show_mobile":2,"slides_to_scroll_tablet":3,"slides_to_scroll_mobile":2,"image_spacing_custom":0,"image_spacing_custom_tablet":0,"image_spacing_custom_mobile":0,"navigation_classes":"none","navigation_classes_tablet":"dots","navigation_classes_mobile":"dots","dots_spacing_tablet":{"unit":"px","size":15,"sizes":[]}},"elements":[],"isInner":false,"widgetType":"ecomus-instagram","elType":"widget"}],"isInner":false,"elType":"container"},{"id":"186b3d8d","settings":{"flex_gap":{"column":"15","row":"15","isLinked":true,"unit":"px","size":15},"margin":{"unit":"px","top":"0","right":"0","bottom":"110","left":"0","isLinked":false},"margin_tablet":{"unit":"px","top":"0","right":"0","bottom":"90","left":"0","isLinked":false},"margin_mobile":{"unit":"px","top":"0","right":"0","bottom":"55","left":"0","isLinked":false}},"elements":[{"id":"4d1663de","settings":{"title":"Get 10% of first order","title_size":"h4","align":"center","typography_typography":"custom","typography_font_size_tablet":{"unit":"px","size":32,"sizes":[]},"typography_font_size_mobile":{"unit":"px","size":22,"sizes":[]}},"elements":[],"isInner":false,"widgetType":"ecomus-heading","elType":"widget"},{"id":"71bb2357","settings":{"title":"Be the first to know about new arrivals, exclusive promotions, her different<br> stories & receive 10% off your first order.","title_size":"div","align":"center","title_color":"#545454","typography_typography":"custom","typography_font_size":{"unit":"px","size":16,"sizes":[]},"_margin":{"unit":"px","top":"0","right":"0","bottom":"15","left":"0","isLinked":false},"_margin_tablet":{"unit":"px","top":"0","right":"0","bottom":"15","left":"0","isLinked":false},"_margin_mobile":{"unit":"px","top":"0","right":"0","bottom":"0","left":"0","isLinked":false}},"elements":[],"isInner":false,"widgetType":"ecomus-heading","elType":"widget"},{"id":"4635ad98","settings":{"form":"215","form_type":"row","button_typography_typography":"custom","button_typography_text_transform":"uppercase","input_width":{"unit":"%","size":"","sizes":[]},"input_width_mobile":{"unit":"%","size":65,"sizes":[]},"button_padding_mobile":{"unit":"px","top":"16","right":"10","bottom":"15","left":"10","isLinked":false},"button_typography_letter_spacing":{"unit":"px","size":2,"sizes":[]},"_padding":{"unit":"rem","top":"0","right":"27","bottom":"0","left":"27","isLinked":false},"_padding_tablet":{"unit":"rem","top":"0","right":"0","bottom":"0","left":"0","isLinked":false},"_padding_mobile":{"unit":"rem","top":"0","right":"0","bottom":"0","left":"0","isLinked":false}},"elements":[],"isInner":false,"widgetType":"ecomus-subscribe-box","elType":"widget"}],"isInner":false,"elType":"container"}],"page_settings":{"header_text_color":"light","hide_page_header":"yes","content_top_spacing":"custom","content_top_padding":{"unit":"px","size":0,"sizes":[]},"content_bottom_spacing":"custom","content_bottom_padding":{"unit":"px","size":0,"sizes":[]},"header_background":"transparent"},"version":"0.4","title":"Home Handbag","type":"page"}