{"content":[{"id":"5400630f","settings":{"content_width":"full"},"elements":[{"id":"479b2774","settings":{"content_width":"full","slides":[{"title":"SUMMER ESSENTIALS","button_text":"Shop Now","_id":"649974b","banner_background_img":{"id":6760,"url":"https:\/\/wpecomus.com\/jewelry\/wp-content\/uploads\/sites\/25\/2024\/12\/h-jewelry-slide-1.jpg","alt":"","source":"library","size":""},"background_position":"center center","button_link":{"url":"https:\/\/wpecomus.com\/jewelry\/product-category\/summer-essentials\/","is_external":"","nofollow":"","custom_attributes":""}},{"title":"SPRING ESSENTIALS","button_text":"Shop Now","_id":"47ac216","banner_background_img":{"id":6761,"url":"https:\/\/wpecomus.com\/jewelry\/wp-content\/uploads\/sites\/25\/2024\/12\/h-jewelry-slide-2.jpg","alt":"","source":"library","size":""},"background_position":"center center","button_link":{"url":"https:\/\/wpecomus.com\/jewelry\/product-category\/spring-essentials\/","is_external":"","nofollow":"","custom_attributes":""}},{"title":"WINTER ESSENTIALS","button_text":"Shop Now","_id":"6c69269","banner_background_img":{"id":6762,"url":"https:\/\/wpecomus.com\/jewelry\/wp-content\/uploads\/sites\/25\/2024\/12\/h-jewelry-slide-3.jpg","alt":"","source":"library","size":""},"background_position":"center center","button_link":{"url":"https:\/\/wpecomus.com\/jewelry\/product-category\/winter-essentials\/","is_external":"","nofollow":"","custom_attributes":""}}],"slides_height":{"unit":"vh","size":100,"sizes":[]},"slides_height_tablet":{"unit":"px","size":450,"sizes":[]},"slides_height_mobile":{"unit":"px","size":350,"sizes":[]},"navigation_classes":"dots","slides_horizontal_position":"center","slides_vertical_position":"middle","slides_text_align":"center","title_color":"#FFFFFF","description_color":"#FFFFFF","button_style":"outline","dot_item_color":"#FFFFFF33","dot_item_active_color":"#FFFFFF","dots_position":"right","dot_align":"center","dot_align_position_right":"center","navigation_classes_tablet":"dots","dot_align_tablet":"center","dot_align_position_right_tablet":"center","button_icon_padding_mobile":{"unit":"px","top":"3","right":"0","bottom":"0","left":"0","isLinked":false},"button_text_color":"#FFFFFF","title_typography_typography":"custom","title_typography_font_weight":"800","button_typography_typography":"custom","button_typography_font_size":{"unit":"px","size":14,"sizes":[]},"button_typography_font_weight":"600","button_typography_text_transform":"uppercase","button_typography_letter_spacing":{"unit":"px","size":2,"sizes":[]},"button_background_hover_color":"#FFFFFF","hover_color":"#000000","button_hover_border_color":"#FFFFFF","title_text_stroke_text_stroke_type":"yes","title_text_stroke_stroke_color":"","dots_size_tablet":{"unit":"px","size":5,"sizes":[]},"dots_spacing_tablet":{"unit":"px","size":10,"sizes":[]},"dots_type":"","autoplay":"yes","autoplay_speed":7000},"elements":[],"isInner":false,"widgetType":"ecomus-slides","elType":"widget"}],"isInner":false,"elType":"container"},{"id":"68d2b2a4","settings":{"padding":{"unit":"px","top":"80","right":"0","bottom":"80","left":"0","isLinked":false},"padding_mobile":{"unit":"px","top":"40","right":"0","bottom":"40","left":"0","isLinked":false}},"elements":[{"id":"6ec44c8","settings":{"content_width":"full","categories":[{"_id":"296323b","product_cat":"earrings","image":{"id":6771,"url":"https:\/\/wpecomus.com\/jewelry\/wp-content\/uploads\/sites\/25\/2024\/12\/h-jewelry-tab-1.jpg","alt":"","source":"library","size":""}},{"product_cat":"rings","image":{"url":"https:\/\/wpecomus.com\/jewelry\/wp-content\/uploads\/sites\/25\/2024\/12\/h-jewelry-tab-2.jpg","id":6772,"size":"","alt":"","source":"library"},"_id":"9afd3f6"},{"product_cat":"necklaces","image":{"id":6773,"url":"https:\/\/wpecomus.com\/jewelry\/wp-content\/uploads\/sites\/25\/2024\/12\/h-jewelry-tab-3.jpg","alt":"","source":"library","size":""},"_id":"08a62bd"},{"product_cat":"bracelets","image":{"id":6774,"url":"https:\/\/wpecomus.com\/jewelry\/wp-content\/uploads\/sites\/25\/2024\/12\/h-jewelry-tab-4.jpg","alt":"","source":"library","size":""},"_id":"fcb15ba"},{"_id":"c3c453e","product_cat":"wedding","image":{"id":6775,"url":"https:\/\/wpecomus.com\/jewelry\/wp-content\/uploads\/sites\/25\/2024\/12\/h-jewelry-tab-5.jpg","alt":"","source":"library","size":""}},{"_id":"98b6908","product_cat":"mens","image":{"id":6776,"url":"https:\/\/wpecomus.com\/jewelry\/wp-content\/uploads\/sites\/25\/2024\/12\/h-jewelry-tab-6.jpg","alt":"","source":"library","size":""}},{"_id":"5ede538","category_type":"custom","custom_text":"BEST SELLERS","image":{"id":6777,"url":"https:\/\/wpecomus.com\/jewelry\/wp-content\/uploads\/sites\/25\/2024\/12\/h-jewelry-tab-7.jpg","alt":"","source":"library","size":""},"custom_count":5,"custom_link":{"url":"https:\/\/wpecomus.com\/jewelry\/shop\/?product_status=on_sale&filter=1","is_external":false,"nofollow":false,"custom_attributes":""}},{"_id":"9a151ed","category_type":"custom","custom_text":"Shop All","custom_link":{"url":"https:\/\/wpecomus.com\/jewelry\/shop\/","is_external":false,"nofollow":false,"custom_attributes":""}}],"aspect_ratio_type":"custom","aspect_ratio":"240:199","items_width":{"unit":"%","size":"","sizes":[]},"items_border_radius":{"unit":"px","top":"0","right":"0","bottom":"0","left":"0","isLinked":true},"item_color_hover":"#000000","item_border_border":"solid","item_border_width":{"unit":"px","top":"0","right":"0","bottom":"4","left":"0","isLinked":false,"size":""},"title_typography_typography":"custom","title_typography_font_size":{"unit":"px","size":30,"sizes":[]},"title_typography_font_weight":"800","title_typography_text_transform":"uppercase","item_padding":{"unit":"px","top":"23","right":"0","bottom":"23","left":"0","isLinked":false},"item_count_typography_typography":"custom","item_count_typography_font_size":{"unit":"px","size":14,"sizes":[]},"item_count_typography_font_weight":"400","items_width_tablet":{"unit":"%","size":"","sizes":[]},"items_width_mobile":{"unit":"%","size":"","sizes":[]},"title_typography_font_size_tablet":{"unit":"px","size":18,"sizes":[]},"item_padding_tablet":{"unit":"px","top":"10","right":"0","bottom":"10","left":"0","isLinked":false},"items_padding_mobile":{"unit":"px","top":"25","right":"15","bottom":"25","left":"15","isLinked":false},"item_icon_size_mobile":{"unit":"px","size":0,"sizes":[]}},"elements":[],"isInner":false,"widgetType":"ecomus-product-category-tabs","elType":"widget"}],"isInner":false,"elType":"container"},{"id":"70442495","settings":{"flex_gap":{"column":"10","row":"10","isLinked":true,"unit":"px","size":10},"padding":{"unit":"px","top":"96","right":"0","bottom":"95","left":"0","isLinked":false},"padding_mobile":{"unit":"px","top":"37","right":"0","bottom":"30","left":"0","isLinked":false},"padding_tablet":{"unit":"px","top":"70","right":"0","bottom":"70","left":"0","isLinked":false},"background_background":"classic","background_color":"#85715E"},"elements":[{"id":"48d5f824","settings":{"content_width":"full","title":"BEST SELLERS","title_size":"h4","align":"center","typography_typography":"custom","typography_font_size_tablet":{"unit":"px","size":32,"sizes":[]},"typography_font_size_mobile":{"unit":"px","size":22,"sizes":[]},"title_color":"#FFFFFF","typography_font_size":{"unit":"px","size":30,"sizes":[]},"typography_font_weight":"800"},"elements":[],"isInner":false,"widgetType":"ecomus-heading","elType":"widget"},{"id":"5fc892ff","settings":{"content_width":"full","slides_to_show_tablet":3,"slides_to_show_mobile":2,"slides_to_scroll_tablet":3,"slides_to_scroll_mobile":2,"image_spacing_custom_mobile":15,"navigation_classes_tablet":"dots","navigation_classes_mobile":"dots","show_heading":"yes","heading":"View All","link":{"url":"https:\/\/wpecomus.com\/jewelry\/shop\/","is_external":"","nofollow":"","custom_attributes":""},"heading_display":"center","arrows_vertical_spacing":{"unit":"%","size":"","sizes":[]},"arrows_vertical_spacing_tablet":{"unit":"%","size":"","sizes":[]},"arrows_vertical_spacing_mobile":{"unit":"%","size":"","sizes":[]},"hide_rating":"none","heading_color":"#FFFFFF","arrows_heading_color":"#FFFFFF","product_title_color":"#FFFFFF","product_price_color":"#FFFFFF","arrows_heading_hover_color":"#FFFFFF99","arrows_heading_disable_color":"#FFFFFF3D","product_summary_padding":{"unit":"px","top":"11","right":"0","bottom":"0","left":"0","isLinked":false},"product_attribute_border_color":"#FFFFFF","heading_spacing_tablet":{"unit":"px","size":55,"sizes":[]},"dot_item_active_color":"#FFFFFF","heading_spacing_mobile":{"unit":"px","size":35,"sizes":[]},"arrows_prev_icon":{"value":{"url":"https:\/\/wpecomus.com\/jewelry\/wp-content\/uploads\/sites\/25\/2024\/07\/arrow-left-1.svg","id":3940},"library":"svg"},"arrows_next_icon":{"value":{"url":"https:\/\/wpecomus.com\/jewelry\/wp-content\/uploads\/sites\/25\/2024\/07\/arrow-right-1.svg","id":3941},"library":"svg"},"product_title_typography_typography":"custom","product_title_typography_font_weight":"400","arrows_color":"#85715E","arrows_disable_bgcolor":"#85715E33","arrows_disable_color":"#85715E","dot_item_color":"#FFFFFF99","product_title_hover_color":"#000000","button_style":"outline-dark","featured_icons_text_color":"#85715E","featured_icons_background_hover_color":"#85715E","featured_icons_hover_color":"#FFFFFF","featured_icons_effect_hover_color":"#02010100"},"elements":[],"isInner":false,"widgetType":"ecomus-products-carousel","elType":"widget"}],"isInner":false,"elType":"container"},{"id":"7553254","settings":{"padding":{"unit":"px","top":"110","right":"0","bottom":"50","left":"0","isLinked":false},"padding_tablet":{"unit":"px","top":"85","right":"0","bottom":"50","left":"0","isLinked":false},"flex_gap_mobile":{"column":"20","row":"20","isLinked":true,"unit":"px","size":20},"padding_mobile":{"unit":"px","top":"50","right":"0","bottom":"0","left":"0","isLinked":false}},"elements":[{"id":"49619862","settings":{"content_width":"full","title":"GIFT GUIDES","title_size":"h5","align":"center","typography_typography":"custom","typography_font_size":{"unit":"px","size":30,"sizes":[]},"typography_font_weight":"800","typography_font_size_mobile":{"unit":"px","size":18,"sizes":[]}},"elements":[],"isInner":false,"widgetType":"ecomus-heading","elType":"widget"},{"id":"752f10b","settings":{"title":"Where wishlists come true. Discover the pieces of their (or your) dreams.","title_size":"div","align":"center","typography_typography":"custom","typography_font_weight":"400"},"elements":[],"isInner":false,"widgetType":"ecomus-heading","elType":"widget"}],"isInner":false,"elType":"container"},{"id":"6bdf1232","settings":{"flex_direction":"row","flex_gap":{"unit":"px","size":30,"column":"30","row":"30","isLinked":true},"flex_gap_tablet":{"column":"15","row":"15","isLinked":true,"unit":"px","size":15},"padding":{"unit":"px","top":"0","right":"0","bottom":"30","left":"0","isLinked":false},"padding_tablet":{"unit":"px","top":"0","right":"0","bottom":"15","left":"0","isLinked":false},"padding_mobile":{"unit":"px","top":"25","right":"0","bottom":"16","left":"0","isLinked":false},"flex_direction_tablet":"column"},"elements":[{"id":"c984e6c","settings":{"flex_direction":"column","content_width":"full","width":{"unit":"%","size":"50"},"width_tablet":{"unit":"%","size":100,"sizes":[]},"width_mobile":{"unit":"%","size":"","sizes":[]}},"elements":[{"id":"c6fdecc","settings":{"content_width":"full","title":"","image":{"id":6782,"url":"https:\/\/wpecomus.com\/jewelry\/wp-content\/uploads\/sites\/25\/2024\/12\/h-jewelry-banner-1.jpg","alt":"","source":"library","size":""},"button_text":"Gifts for her","horizontal_position":"left","button_show_icon":"yes","button_margin":{"unit":"px","top":"0","right":"0","bottom":"23","left":"23","isLinked":false},"height_tablet":{"unit":"px","size":320,"sizes":[]},"height_mobile":{"unit":"px","size":250,"sizes":[]},"button_icon_position":"top","button_typography_typography":"custom","button_typography_font_size":{"unit":"px","size":18,"sizes":[]},"button_typography_font_size_mobile":{"unit":"px","size":15,"sizes":[]},"button_typography_font_weight":"500","button_margin_mobile":{"unit":"px","top":"0","right":"0","bottom":"15","left":"15","isLinked":false},"button_padding":{"unit":"px","top":"13","right":"16","bottom":"13","left":"16","isLinked":false},"button_padding_mobile":{"unit":"px","top":"10","right":"12","bottom":"10","left":"12","isLinked":false},"show_button_icon":"alway","button_icon_align":"left","height":{"unit":"px","size":510,"sizes":[]},"text_align":"","button_link":{"url":"https:\/\/wpecomus.com\/jewelry\/product-tag\/gifts-for-her\/","is_external":"","nofollow":"","custom_attributes":""}},"elements":[],"isInner":false,"widgetType":"ecomus-banner","elType":"widget"}],"isInner":true,"elType":"container"},{"id":"3f0f157d","settings":{"flex_direction":"row","content_width":"full","width":{"unit":"%","size":"50"},"flex_direction_tablet":"row","flex_direction_mobile":"row","flex_gap":{"column":"30","row":"30","isLinked":true,"unit":"px","size":30},"flex_gap_tablet":{"column":"15","row":"15","isLinked":true,"unit":"px","size":15},"flex_gap_mobile":{"column":"","row":"","isLinked":true,"unit":"px","size":null},"width_tablet":{"unit":"%","size":100,"sizes":[]},"width_mobile":{"unit":"%","size":"","sizes":[]}},"elements":[{"id":"7ab35689","settings":{"content_width":"full","width_mobile":{"unit":"%","size":100,"sizes":[]},"boxed_width_mobile":{"unit":"%","size":50,"sizes":[]},"flex_gap":{"column":"","row":"","isLinked":true,"unit":"px","size":null}},"elements":[{"id":"25fdfc76","settings":{"content_width":"full","title":"","button_text":"Gifts $100 - $300","image":{"id":6783,"url":"https:\/\/wpecomus.com\/jewelry\/wp-content\/uploads\/sites\/25\/2024\/12\/h-jewelry-banner-2.jpg","alt":"","source":"library","size":""},"height":{"unit":"px","size":510,"sizes":[]},"height_tablet":{"unit":"px","size":320,"sizes":[]},"height_mobile":{"unit":"px","size":250,"sizes":[]},"horizontal_position":"left","button_icon_position":"top","button_typography_typography":"custom","button_typography_font_size":{"unit":"px","size":18,"sizes":[]},"button_typography_font_size_mobile":{"unit":"px","size":15,"sizes":[]},"button_typography_font_weight":"500","button_margin":{"unit":"px","top":"0","right":"0","bottom":"23","left":"23","isLinked":false},"button_margin_mobile":{"unit":"px","top":"0","right":"0","bottom":"15","left":"15","isLinked":false},"button_padding":{"unit":"px","top":"13","right":"16","bottom":"13","left":"16","isLinked":false},"button_padding_mobile":{"unit":"px","top":"10","right":"12","bottom":"10","left":"12","isLinked":false},"show_button_icon":"alway","button_icon_align":"left","text_align":"","button_link":{"url":"https:\/\/wpecomus.com\/jewelry\/product-tag\/gifts-100-300\/","is_external":"","nofollow":"","custom_attributes":""}},"elements":[],"isInner":false,"widgetType":"ecomus-banner","elType":"widget"}],"isInner":true,"elType":"container"},{"id":"23444191","settings":{"content_width":"full","width_mobile":{"unit":"%","size":100,"sizes":[]},"flex_gap_tablet":{"column":"","row":"","isLinked":true,"unit":"px","size":null}},"elements":[{"id":"20d1b8a1","settings":{"content_width":"full","title":"","button_text":"Most Gifted","image":{"id":6784,"url":"https:\/\/wpecomus.com\/jewelry\/wp-content\/uploads\/sites\/25\/2024\/12\/h-jewelry-banner-3.jpg","alt":"","source":"library","size":""},"height":{"unit":"px","size":510,"sizes":[]},"height_tablet":{"unit":"px","size":320,"sizes":[]},"height_mobile":{"unit":"px","size":250,"sizes":[]},"horizontal_position":"left","button_icon_position":"top","button_typography_typography":"custom","button_typography_font_size":{"unit":"px","size":18,"sizes":[]},"button_typography_font_size_mobile":{"unit":"px","size":15,"sizes":[]},"button_typography_font_weight":"500","button_margin":{"unit":"px","top":"0","right":"0","bottom":"23","left":"23","isLinked":false},"button_margin_mobile":{"unit":"px","top":"0","right":"0","bottom":"15","left":"15","isLinked":false},"button_padding":{"unit":"px","top":"13","right":"16","bottom":"13","left":"16","isLinked":false},"button_padding_mobile":{"unit":"px","top":"10","right":"12","bottom":"10","left":"12","isLinked":false},"show_button_icon":"alway","button_icon_align":"left","text_align":"","button_link":{"url":"https:\/\/wpecomus.com\/jewelry\/product-tag\/most-gifted\/","is_external":"","nofollow":"","custom_attributes":""}},"elements":[],"isInner":false,"widgetType":"ecomus-banner","elType":"widget"}],"isInner":true,"elType":"container"}],"isInner":true,"elType":"container"}],"isInner":false,"elType":"container"},{"id":"34fc0ea0","settings":{"flex_direction":"row","flex_gap":{"unit":"px","size":30,"column":"30","row":"30","isLinked":true},"flex_gap_tablet":{"column":"15","row":"15","isLinked":true,"unit":"px","size":15},"flex_direction_tablet":"column-reverse","flex_gap_mobile":{"column":"15","row":"15","isLinked":true,"unit":"px","size":15}},"elements":[{"id":"5978b709","settings":{"flex_direction":"row","content_width":"full","width":{"unit":"%","size":"50"},"flex_gap":{"column":"30","row":"30","isLinked":true,"unit":"px","size":30},"flex_gap_tablet":{"column":"15","row":"15","isLinked":true,"unit":"px","size":15},"flex_gap_mobile":{"column":"","row":"","isLinked":true,"unit":"px","size":null},"width_tablet":{"unit":"%","size":100,"sizes":[]},"width_mobile":{"unit":"%","size":"","sizes":[]}},"elements":[{"id":"1640a85c","settings":{"content_width":"full","width_mobile":{"unit":"%","size":100,"sizes":[]},"flex_gap":{"column":"","row":"","isLinked":true,"unit":"px","size":null}},"elements":[{"id":"1ef84442","settings":{"content_width":"full","title":"","image":{"id":6785,"url":"https:\/\/wpecomus.com\/jewelry\/wp-content\/uploads\/sites\/25\/2024\/12\/h-jewelry-banner-4.jpg","alt":"","source":"library","size":""},"button_text":"Gifts Under $100","horizontal_position":"left","button_show_icon":"yes","button_margin":{"unit":"px","top":"0","right":"0","bottom":"23","left":"23","isLinked":false},"height":{"unit":"px","size":510,"sizes":[]},"height_tablet":{"unit":"px","size":320,"sizes":[]},"height_mobile":{"unit":"px","size":250,"sizes":[]},"button_icon_position":"top","button_typography_typography":"custom","button_typography_font_size":{"unit":"px","size":18,"sizes":[]},"button_typography_font_size_mobile":{"unit":"px","size":15,"sizes":[]},"button_typography_font_weight":"500","button_margin_mobile":{"unit":"px","top":"0","right":"0","bottom":"15","left":"15","isLinked":false},"button_padding":{"unit":"px","top":"13","right":"16","bottom":"13","left":"16","isLinked":false},"button_padding_mobile":{"unit":"px","top":"10","right":"12","bottom":"10","left":"12","isLinked":false},"show_button_icon":"alway","button_icon_align":"left","text_align":"","button_link":{"url":"https:\/\/wpecomus.com\/jewelry\/product-tag\/gifts-under-100\/","is_external":"","nofollow":"","custom_attributes":""}},"elements":[],"isInner":false,"widgetType":"ecomus-banner","elType":"widget"}],"isInner":true,"elType":"container"},{"id":"5e0bb2a9","settings":{"content_width":"full","width_mobile":{"unit":"%","size":100,"sizes":[]}},"elements":[{"id":"76448215","settings":{"content_width":"full","title":"","button_text":"Gifts Over $300","image":{"id":6786,"url":"https:\/\/wpecomus.com\/jewelry\/wp-content\/uploads\/sites\/25\/2024\/12\/h-jewelry-banner-5.jpg","alt":"","source":"library","size":""},"height":{"unit":"px","size":510,"sizes":[]},"height_tablet":{"unit":"px","size":320,"sizes":[]},"height_mobile":{"unit":"px","size":250,"sizes":[]},"horizontal_position":"left","button_icon_position":"top","button_typography_typography":"custom","button_typography_font_size":{"unit":"px","size":18,"sizes":[]},"button_typography_font_size_mobile":{"unit":"px","size":15,"sizes":[]},"button_typography_font_weight":"500","button_margin":{"unit":"px","top":"0","right":"0","bottom":"23","left":"23","isLinked":false},"button_margin_mobile":{"unit":"px","top":"0","right":"0","bottom":"15","left":"15","isLinked":false},"button_padding":{"unit":"px","top":"13","right":"16","bottom":"13","left":"16","isLinked":false},"button_padding_mobile":{"unit":"px","top":"10","right":"12","bottom":"10","left":"12","isLinked":false},"show_button_icon":"alway","button_icon_align":"left","text_align":"","button_link":{"url":"https:\/\/wpecomus.com\/jewelry\/product-tag\/gifts-over-300\/","is_external":"","nofollow":"","custom_attributes":""}},"elements":[],"isInner":false,"widgetType":"ecomus-banner","elType":"widget"}],"isInner":true,"elType":"container"}],"isInner":true,"elType":"container"},{"id":"a4e96b5","settings":{"flex_direction":"column","content_width":"full","width":{"unit":"%","size":"50"},"width_tablet":{"unit":"%","size":100,"sizes":[]},"width_mobile":{"unit":"%","size":"","sizes":[]},"flex_gap_mobile":{"column":"15","row":"15","isLinked":true,"unit":"px","size":15}},"elements":[{"id":"3ac54597","settings":{"content_width":"full","title":"","button_text":"Gifts for him","image":{"id":6787,"url":"https:\/\/wpecomus.com\/jewelry\/wp-content\/uploads\/sites\/25\/2024\/12\/h-jewelry-banner-6.jpg","alt":"","source":"library","size":""},"height":{"unit":"px","size":510,"sizes":[]},"height_tablet":{"unit":"px","size":320,"sizes":[]},"height_mobile":{"unit":"px","size":250,"sizes":[]},"horizontal_position":"left","button_icon_position":"top","button_typography_typography":"custom","button_typography_font_size":{"unit":"px","size":18,"sizes":[]},"button_typography_font_size_mobile":{"unit":"px","size":15,"sizes":[]},"button_typography_font_weight":"500","button_margin":{"unit":"px","top":"0","right":"0","bottom":"23","left":"23","isLinked":false},"button_margin_mobile":{"unit":"px","top":"0","right":"0","bottom":"15","left":"15","isLinked":false},"button_padding":{"unit":"px","top":"13","right":"16","bottom":"13","left":"16","isLinked":false},"button_padding_mobile":{"unit":"px","top":"10","right":"12","bottom":"10","left":"12","isLinked":false},"show_button_icon":"alway","button_icon_align":"left","text_align":"","button_link":{"url":"https:\/\/wpecomus.com\/jewelry\/product-tag\/gifts-for-him\/","is_external":"","nofollow":"","custom_attributes":""}},"elements":[],"isInner":false,"widgetType":"ecomus-banner","elType":"widget"}],"isInner":true,"elType":"container"}],"isInner":false,"elType":"container"},{"id":"1b0a528d","settings":{"content_width":"full","padding":{"unit":"px","top":"100","right":"0","bottom":"100","left":"0","isLinked":false},"padding_tablet":{"unit":"px","top":"80","right":"0","bottom":"80","left":"0","isLinked":false},"padding_mobile":{"unit":"px","top":"10","right":"0","bottom":"10","left":"0","isLinked":false}},"elements":[{"id":"50593d20","settings":{"content_width":"full","items":[{"text":"FREE UK DELIVERY AND RETURNS ON ALL ORDERS","_id":"3cba4b8","icon":{"value":{"url":"https:\/\/wpecomus.com\/jewelry\/wp-content\/uploads\/sites\/25\/2024\/12\/star-marquee.svg","id":6865},"library":"svg"},"image":{"id":"","url":"https:\/\/wpecomus.com\/jewelry\/wp-content\/plugins\/elementor\/assets\/images\/placeholder.png"},"text_stroke_text_stroke_type":"yes","text_stroke_text_stroke":{"unit":"px","size":1,"sizes":[]},"text_stroke_stroke_color":"#000000","text_repeater_color":"#FFFFFF"},{"_id":"b64e633","icon":{"value":{"url":"https:\/\/wpecomus.com\/jewelry\/wp-content\/uploads\/sites\/25\/2024\/12\/star-marquee.svg","id":6865},"library":"svg"},"text":"BUY NOW, PAY LATER WITH KLARNA","image":{"id":"","url":"https:\/\/wpecomus.com\/jewelry\/wp-content\/plugins\/elementor\/assets\/images\/placeholder.png"}}],"background_color":"#02010100","text_typography_typography":"custom","text_typography_font_size":{"unit":"px","size":80,"sizes":[]},"text_typography_line_height":{"unit":"px","size":85,"sizes":[]},"text_typography_font_size_tablet":{"unit":"px","size":60,"sizes":[]},"text_typography_font_size_mobile":{"unit":"px","size":40,"sizes":[]},"text_typography_line_height_tablet":{"unit":"px","size":65,"sizes":[]},"text_typography_line_height_mobile":{"unit":"px","size":40,"sizes":[]},"gap":{"unit":"px","size":25,"sizes":[]},"icon_size":{"unit":"px","size":40,"sizes":[]},"spacing":{"unit":"px","size":25,"sizes":[]},"text_typography_font_family":"Poppins","text_typography_font_weight":"800","gap_mobile":{"unit":"px","size":20,"sizes":[]},"icon_size_mobile":{"unit":"px","size":20,"sizes":[]},"spacing_mobile":{"unit":"px","size":20,"sizes":[]}},"elements":[],"isInner":false,"widgetType":"ecomus-marquee","elType":"widget"}],"isInner":false,"elType":"container"},{"id":"245d400b","settings":{"boxed_width":{"unit":"%","size":"","sizes":[]},"boxed_width_tablet":{"unit":"%","size":"","sizes":[]},"boxed_width_mobile":{"unit":"%","size":"","sizes":[]},"background_background":"classic","background_image":{"id":6788,"url":"https:\/\/wpecomus.com\/jewelry\/wp-content\/uploads\/sites\/25\/2024\/12\/h-jewelry-bg.jpg","alt":"","source":"library","size":""},"padding":{"unit":"px","top":"180","right":"0","bottom":"180","left":"0","isLinked":false},"background_position":"center center","background_repeat":"no-repeat","background_size":"cover","padding_tablet":{"unit":"px","top":"50","right":"0","bottom":"50","left":"0","isLinked":false},"min_height_mobile":{"unit":"px","size":450,"sizes":[]},"flex_justify_content_mobile":"center","padding_mobile":{"unit":"px","top":"50","right":"15","bottom":"50","left":"15","isLinked":false}},"elements":[{"id":"137b5c79","settings":{"content_width":"full","width":{"unit":"px","size":700,"sizes":[]},"boxed_width":{"unit":"px","size":700,"sizes":[]},"background_background":"classic","background_color":"#FFFFFF","padding":{"unit":"px","top":"80","right":"44","bottom":"80","left":"44","isLinked":false},"width_tablet":{"unit":"%","size":63,"sizes":[]},"width_mobile":{"unit":"%","size":"","sizes":[]},"padding_tablet":{"unit":"px","top":"40","right":"20","bottom":"40","left":"20","isLinked":false},"padding_mobile":{"unit":"px","top":"20","right":"15","bottom":"20","left":"15","isLinked":false}},"elements":[{"id":"57531254","settings":{"title":"SALE UP TO 30% OFF. USE CODE SAUVS","title_size":"h6","typography_typography":"custom","typography_font_size":{"unit":"px","size":14,"sizes":[]},"typography_font_weight":"700"},"elements":[],"isInner":false,"widgetType":"ecomus-heading","elType":"widget"},{"id":"622a35ea","settings":{"title":"SUMMER APPROVED","typography_typography":"custom","typography_font_size":{"unit":"px","size":52,"sizes":[]},"typography_font_weight":"800","typography_font_size_tablet":{"unit":"px","size":40,"sizes":[]},"typography_font_size_mobile":{"unit":"px","size":24,"sizes":[]}},"elements":[],"isInner":false,"widgetType":"ecomus-heading","elType":"widget"},{"id":"1808ffa2","settings":{"editor":"Lounge in style with <a style=\"color: inherit; margin-left: 4px;\" href=\"#\" title=\"All collections\">these beach ready layers.<\/a>","text_color":"#545454","typography_typography":"custom","_margin":{"unit":"px","top":"0","right":"0","bottom":"16","left":"0","isLinked":false},"_margin_mobile":{"unit":"px","top":"0","right":"0","bottom":"0","left":"0","isLinked":false}},"elements":[],"isInner":false,"widgetType":"text-editor","elType":"widget"},{"id":"28d988ea","settings":{"button_text":"Shop Collections","button_typography_typography":"custom","button_typography_text_transform":"uppercase","button_padding":{"unit":"px","top":"15","right":"35","bottom":"15","left":"35","isLinked":false},"button_link":{"url":"https:\/\/wpecomus.com\/jewelry\/shop\/","is_external":"","nofollow":"","custom_attributes":""}},"elements":[],"isInner":false,"widgetType":"ecomus-button","elType":"widget"}],"isInner":true,"elType":"container"}],"isInner":false,"elType":"container"},{"id":"e85fcdc","settings":{"flex_direction":"row","flex_gap":{"unit":"px","size":0,"column":"0","row":"0","isLinked":true},"padding":{"unit":"px","top":"104","right":"0","bottom":"104","left":"0","isLinked":false},"flex_gap_tablet":{"column":"30","row":"30","isLinked":true,"unit":"px","size":30},"padding_mobile":{"unit":"px","top":"40","right":"0","bottom":"40","left":"0","isLinked":false}},"elements":[{"id":"3d46d0d2","settings":{"flex_direction":"column","content_width":"full","width":{"unit":"%","size":"50"},"flex_gap":{"column":"15","row":"15","isLinked":true,"unit":"px","size":15},"padding":{"unit":"px","top":"50","right":"0","bottom":"60","left":"0","isLinked":false},"width_tablet":{"unit":"%","size":"","sizes":[]},"width_mobile":{"unit":"%","size":"","sizes":[]},"padding_tablet":{"unit":"px","top":"30","right":"0","bottom":"30","left":"0","isLinked":false},"padding_mobile":{"unit":"px","top":"0","right":"0","bottom":"0","left":"0","isLinked":true}},"elements":[{"id":"209d7047","settings":{"title":"SPRING SALE 30% OFF","title_size":"h6","align":"center","typography_typography":"custom","typography_font_size":{"unit":"px","size":14,"sizes":[]},"typography_font_weight":"700"},"elements":[],"isInner":false,"widgetType":"ecomus-heading","elType":"widget"},{"id":"41e717be","settings":{"title":"SHOP THIS LOOK","align":"center","typography_typography":"custom","typography_font_size":{"unit":"px","size":40,"sizes":[]},"typography_font_weight":"800","_padding":{"unit":"px","top":"0","right":"0","bottom":"41","left":"0","isLinked":false},"typography_font_size_mobile":{"unit":"px","size":22,"sizes":[]},"_padding_mobile":{"unit":"px","top":"0","right":"0","bottom":"0","left":"0","isLinked":false}},"elements":[],"isInner":false,"widgetType":"ecomus-heading","elType":"widget"},{"id":"fe8df9d","settings":{"heading":"This is the text","limit":4,"slides_to_show":2,"slides_to_scroll":2,"arrows_show":"1","arrows_horizontal_spacing":{"unit":"px","size":-75,"sizes":[]},"arrows_width":{"unit":"px","size":33,"sizes":[]},"arrows_height":{"unit":"px","size":33,"sizes":[]},"arrows_border_color":"#000000","arrows_disable_bgcolor":"#FFFFFF","arrows_disable_color":"#00000066","arrows_disable_border_color":"#00000024","navigation_classes_tablet":"dots","slides_to_show_mobile":2,"image_spacing_custom_mobile":15,"hide_rating":"none","product_summary_padding":{"unit":"px","top":"11","right":"0","bottom":"0","left":"0","isLinked":false},"product_title_typography_typography":"custom","product_title_typography_font_weight":"400","arrows_vertical_spacing":{"unit":"%","size":36,"sizes":[]},"arrows_vertical_spacing_tablet":{"unit":"%","size":"","sizes":[]},"arrows_vertical_spacing_mobile":{"unit":"%","size":"","sizes":[]},"slides_to_show_tablet":1},"elements":[],"isInner":false,"widgetType":"ecomus-products-carousel","elType":"widget"}],"isInner":true,"elType":"container"},{"id":"362623be","settings":{"flex_direction":"column","content_width":"full","width":{"unit":"%","size":50},"width_tablet":{"unit":"%","size":"","sizes":[]},"width_mobile":{"unit":"%","size":"","sizes":[]},"min_height":{"unit":"custom","size":"100%","sizes":[]},"min_height_tablet":{"unit":"vh","size":"","sizes":[]},"min_height_mobile":{"unit":"vh","size":"","sizes":[]},"padding":{"unit":"px","top":"0","right":"0","bottom":"0","left":"108","isLinked":false},"padding_tablet":{"unit":"px","top":"0","right":"0","bottom":"0","left":"0","isLinked":true}},"elements":[{"id":"1792adc1","settings":{"video_type":"hosted","youtube_url":"https:\/\/www.youtube.com\/watch?v=XHOmBV4js_E","vimeo_url":"https:\/\/vimeo.com\/235215203","dailymotion_url":"https:\/\/www.dailymotion.com\/video\/x6tqhqb","hosted_url":{"id":6789,"url":"https:\/\/wpecomus.com\/jewelry\/wp-content\/uploads\/sites\/25\/2024\/12\/h-jewelry-video.mp4","alt":"","source":"library","size":""},"videopress_url":"https:\/\/videopress.com\/v\/ZCAOzTNk","autoplay":"yes","loop":"yes","controls":"","mute":"yes","image_overlay":{"id":6752,"url":"https:\/\/wpecomus.com\/jewelry\/wp-content\/uploads\/sites\/25\/2024\/12\/placeholder.png"}},"elements":[],"isInner":false,"widgetType":"video","elType":"widget"}],"isInner":true,"elType":"container"}],"isInner":false,"elType":"container"},{"id":"600c0498","settings":{"flex_gap":{"column":"","row":"","isLinked":true,"unit":"px","size":null},"border_width":{"unit":"px","top":"0","right":"0","bottom":"1","left":"0","isLinked":false},"border_color":"#EBEBEB","background_background":"classic","background_color":"#F4F0EB","padding":{"unit":"px","top":"100","right":"0","bottom":"60","left":"0","isLinked":false},"padding_mobile":{"unit":"px","top":"40","right":"0","bottom":"25","left":"0","isLinked":false}},"elements":[{"id":"678c52b6","settings":{"content_width":"full","title":"LOVE NOTES AN ECOMUS","title_size":"h5","align":"center","typography_typography":"custom","typography_font_size":{"unit":"px","size":28,"sizes":[]},"typography_font_weight":"800","typography_font_size_mobile":{"unit":"px","size":18,"sizes":[]}},"elements":[],"isInner":false,"widgetType":"ecomus-heading","elType":"widget"},{"id":"6c3e6ca1","settings":{"title":"Where wishlists come true. Discover the pieces of their (or your) dreams.","title_size":"div","align":"center","_padding":{"unit":"px","top":"0","right":"0","bottom":"36","left":"0","isLinked":false},"typography_typography":"custom","typography_font_weight":"400","_padding_mobile":{"unit":"px","top":"0","right":"0","bottom":"10","left":"0","isLinked":false}},"elements":[],"isInner":false,"widgetType":"ecomus-heading","elType":"widget"},{"id":"2bfabb76","settings":{"content_width":"full","testimonials":[{"testimonial_name":"Loretta","_id":"2e6ef06","testimonial_text":"Verify customer","testimonial_title":"A minimalist dream","testimonial_content":"Exceptional quality at a fraction of the price you would pay for big brands. Very elegant, discreet and beautiful materials."},{"testimonial_name":"Sandra","_id":"a859d79","testimonial_text":"Verify customer","testimonial_title":"Perfect meals for Mums.","testimonial_content":"Meals are delicious and great selection to choose from. I like the large portion option & info showing nutritional value."},{"testimonial_name":"William","_id":"87663a0","testimonial_text":"Verify customer","testimonial_title":"Majority of meals are fantastic!","testimonial_content":" Everything is sent out on Thursdays, comes packed neatly alongside ice packs so the food is always kept cold even."},{"testimonial_name":"Hellen","_id":"7f3f88a","testimonial_text":"Verify customer","testimonial_title":"Best Online Fashion Site","testimonial_content":"I'm impressed with the durability of the furniture collection. Even after years of use, the pieces still look."},{"testimonial_name":"Alexander","testimonial_text":"Verify customer","testimonial_title":"Best Customer Service","testimonial_content":"The user-friendly interface and excellent customer service make shopping a breeze. Highly recommended.","_id":"311456c"}],"navigation_classes":"dots","navigation_classes_tablet":"dots","title_typography_typography":"custom","title_typography_font_size":{"unit":"px","size":17,"sizes":[]},"content_typography_typography":"custom","content_typography_font_size":{"unit":"px","size":14,"sizes":[]},"content_typography_font_weight":"400","item_border_radius":{"unit":"px","top":"0","right":"0","bottom":"0","left":"0","isLinked":true},"dots_size":{"unit":"px","size":20,"sizes":[]},"dots_spacing":{"unit":"px","size":60,"sizes":[]},"dots_size_mobile":{"unit":"px","size":16,"sizes":[]},"dots_spacing_mobile":{"unit":"px","size":15,"sizes":[]}},"elements":[],"isInner":false,"widgetType":"ecomus-testimonial-carousel-3","elType":"widget"}],"isInner":false,"elType":"container"},{"id":"2257de21","settings":{"padding":{"unit":"px","top":"65","right":"0","bottom":"68","left":"0","isLinked":false},"padding_tablet":{"unit":"px","top":"40","right":"0","bottom":"40","left":"0","isLinked":false}},"elements":[{"id":"2c2e9c20","settings":{"content_width":"full","icons_box":[{"icon":{"value":{"url":"https:\/\/wpecomus.com\/jewelry\/wp-content\/uploads\/sites\/25\/2024\/06\/box.svg","id":1397},"library":"svg"},"title":"Free Shipping","description":"You will love at great low prices","_id":"82d6a6a","image":{"id":"","url":"https:\/\/wpecomus.com\/jewelry\/wp-content\/plugins\/elementor\/assets\/images\/placeholder.png"}},{"icon":{"value":{"url":"https:\/\/wpecomus.com\/jewelry\/wp-content\/uploads\/sites\/25\/2024\/06\/card.svg","id":1398},"library":"svg"},"title":"Flexible Payment","description":"Pay with Multiple Credit Cards","_id":"a15fb08","image":{"id":"","url":"https:\/\/wpecomus.com\/jewelry\/wp-content\/plugins\/elementor\/assets\/images\/placeholder.png"}},{"icon":{"value":{"url":"https:\/\/wpecomus.com\/jewelry\/wp-content\/uploads\/sites\/25\/2024\/06\/return.svg","id":1399},"library":"svg"},"title":"14 Day Returns","description":"Within 30 days for an exchange","_id":"edf6df9","image":{"id":"","url":"https:\/\/wpecomus.com\/jewelry\/wp-content\/plugins\/elementor\/assets\/images\/placeholder.png"}},{"_id":"1e7f2a4","icon":{"value":{"url":"https:\/\/wpecomus.com\/jewelry\/wp-content\/uploads\/sites\/25\/2024\/06\/support.svg","id":1400},"library":"svg"},"title":"Premium Support","description":"Outstanding premium support","image":{"id":"","url":"https:\/\/wpecomus.com\/jewelry\/wp-content\/plugins\/elementor\/assets\/images\/placeholder.png"}}],"slides_to_show":4,"navigation_classes_tablet":"dots","navigation_classes_mobile":"dots","content_border_border":"none","content_border_width":{"unit":"px","top":"1","right":"1","bottom":"1","left":"1","isLinked":true},"content_border_color":"#EBEBEB","title_typography_typography":"custom","title_typography_font_size":{"unit":"px","size":14,"sizes":[]},"title_typography_font_weight":"700","description_color":"#545454","icon_color":"#000000","icon_size":{"unit":"px","size":30,"sizes":[]},"position":"left","icon_border_border":"solid","icon_border_width":{"unit":"px","top":"1","right":"1","bottom":"1","left":"1","isLinked":true},"icon_border_color":"#ECECEC","border_radius":{"unit":"%","top":"100","right":"100","bottom":"100","left":"100","isLinked":true},"icon_padding":{"unit":"px","top":"20","right":"20","bottom":"20","left":"20","isLinked":true},"position_mobile":"top","alignment_mobile":"center","vertical_alignment":"middle","title_spacing":{"unit":"px","size":7,"sizes":[]},"icon_background_color":"#FFFFFF","title_typography_text_transform":"uppercase"},"elements":[],"isInner":false,"widgetType":"ecomus-icon-box-carousel","elType":"widget"}],"isInner":false,"elType":"container"}],"page_settings":{"hide_page_header":"yes","content_top_spacing":"custom","content_top_padding":{"unit":"px","size":0,"sizes":[]},"content_bottom_spacing":"custom","content_bottom_padding":{"unit":"px","size":0,"sizes":[]}},"version":"0.4","title":"Home","type":"page"}