{"content":[{"id":"4ba535e1","settings":{"content_width":"full"},"elements":[{"id":"8c74930","settings":{"slides":[{"title":"Quality <br>Craftsmanship","description":"Discover furniture crafted with meticulous attention to detail","button_text":"Shop collection","_id":"073af42","banner_background_img":{"id":5401,"url":"https:\/\/wpecomus.com\/furniture\/wp-content\/uploads\/sites\/11\/2024\/08\/furniture_slide1.webp","alt":"","source":"library","size":""},"background_position_x_tablet":{"unit":"%","size":-7,"sizes":[]},"background_position_mobile":"initial","background_position_x_mobile":{"unit":"%","size":47,"sizes":[]},"button_link":{"url":"https:\/\/wpecomus.com\/furniture\/shop\/","is_external":"","nofollow":"","custom_attributes":""}},{"title":"Sophisticated <br>detailed design","description":"Discover furniture crafted with meticulous attention to detail","button_text":"Shop collection","_id":"77c2de2","banner_background_img":{"id":5402,"url":"https:\/\/wpecomus.com\/furniture\/wp-content\/uploads\/sites\/11\/2024\/08\/furniture_slide2.webp","alt":"","source":"library","size":""},"background_position_x_tablet":{"unit":"%","size":50,"sizes":[]},"background_position_mobile":"initial","background_position_x_mobile":{"unit":"%","size":52,"sizes":[]},"button_link":{"url":"https:\/\/wpecomus.com\/furniture\/shop\/","is_external":"","nofollow":"","custom_attributes":""}},{"title":"High-end  <br>luxury style","description":"Discover furniture crafted with meticulous attention to detail","button_text":"Shop collection","_id":"6a5613f","banner_background_img":{"id":5403,"url":"https:\/\/wpecomus.com\/furniture\/wp-content\/uploads\/sites\/11\/2024\/08\/furniture_slide3.webp","alt":"","source":"library","size":""},"background_position_x_tablet":{"unit":"%","size":45,"sizes":[]},"background_position_mobile":"initial","background_position_x_mobile":{"unit":"%","size":54,"sizes":[]},"button_link":{"url":"https:\/\/wpecomus.com\/furniture\/shop\/","is_external":"","nofollow":"","custom_attributes":""}}],"slides_height":{"unit":"px","size":810,"sizes":[]},"navigation_classes":"dots","slides_height_tablet":{"unit":"px","size":420,"sizes":[]},"slides_height_mobile":{"unit":"px","size":300,"sizes":[]},"navigation_classes_tablet":"dots","navigation_classes_mobile":"dots","show_button_icon":"alway","title_color":"#FFFFFF","title_typography_typography":"custom","title_typography_font_size_tablet":{"unit":"px","size":44,"sizes":[]},"title_typography_font_size_mobile":{"unit":"px","size":34,"sizes":[]},"title_spacing_mobile":{"unit":"px","size":19,"sizes":[]},"description_color":"#FFFFFF","description_spacing_tablet":{"unit":"px","size":26,"sizes":[]},"description_spacing_mobile":{"unit":"px","size":0,"sizes":[]},"button_style":"light","dots_spacing":{"unit":"%","size":50,"sizes":[]},"dots_spacing_tablet":{"unit":"px","size":15,"sizes":[]},"dots_spacing_mobile":{"unit":"%","size":"","sizes":[]},"dot_item_color":"#FFFFFF2B","dot_item_active_color":"#FFFFFF","dots_position":"right","content_width":"full","button_icon":{"value":{"url":"https:\/\/wpecomus.com\/furniture\/wp-content\/uploads\/sites\/11\/2024\/07\/arrow-right.svg","id":3886},"library":"svg"},"button_icon_padding":{"unit":"px","top":"02","right":"0","bottom":"0","left":"0","isLinked":false},"dots_type":"","dots_size_mobile":{"unit":"px","size":5,"sizes":[]}},"elements":[],"isInner":false,"widgetType":"ecomus-slides","elType":"widget"}],"isInner":false,"elType":"container"},{"id":"4d66c1dd","settings":{"margin":{"unit":"px","top":"85","right":"0","bottom":"77","left":"0","isLinked":false},"margin_tablet":{"unit":"px","top":"72","right":"0","bottom":"65","left":"0","isLinked":false},"margin_mobile":{"unit":"px","top":"34","right":"0","bottom":"30","left":"0","isLinked":false}},"elements":[{"id":"2189905e","settings":{"content_width":"full","title":"Design deals, delivered free","title_size":"h4","align":"center","typography_typography":"custom","typography_font_size_tablet":{"unit":"px","size":32,"sizes":[]},"typography_font_size_mobile":{"unit":"px","size":22,"sizes":[]}},"elements":[],"isInner":false,"widgetType":"ecomus-heading","elType":"widget"}],"isInner":false,"elType":"container"},{"id":"4d38b93d","settings":{"flex_direction":"row","flex_wrap":"wrap","flex_gap":{"unit":"px","size":30,"column":"30","row":"30","isLinked":true},"flex_gap_tablet":{"column":"15","row":"15","isLinked":true,"unit":"px","size":15},"mobile_column_alignment":"column_md","margin":{"unit":"px","top":"0","right":"0","bottom":"114","left":"0","isLinked":false},"margin_tablet":{"unit":"px","top":"0","right":"0","bottom":"99","left":"0","isLinked":false},"margin_mobile":{"unit":"px","top":"0","right":"0","bottom":"64","left":"0","isLinked":false}},"elements":[{"id":"61555168","settings":{"flex_direction":"column","content_width":"full","width":{"unit":"%","size":31.333},"width_tablet":{"unit":"%","size":48.9,"sizes":[]},"width_mobile":{"unit":"%","size":"","sizes":[]}},"elements":[{"id":"69994649","settings":{"content_width":"full","image":{"id":5404,"url":"https:\/\/wpecomus.com\/furniture\/wp-content\/uploads\/sites\/11\/2024\/08\/furniture_cate1.webp","alt":"","source":"library","size":""},"title":"Living","title_size":"h3","description":"Up to 60% off chair","height":{"unit":"px","size":510,"sizes":[]},"height_tablet":{"unit":"px","size":410,"sizes":[]},"height_mobile":{"unit":"px","size":300,"sizes":[]},"content_align":"stretch","button_text":"Shop now","show_button_icon":"alway","banner_padding":{"unit":"px","top":"36","right":"30","bottom":"30","left":"30","isLinked":false},"banner_padding_mobile":{"unit":"px","top":"22","right":"20","bottom":"19","left":"20","isLinked":false},"title_color":"#000000","title_margin":{"unit":"px","top":"0","right":"0","bottom":"9","left":"0","isLinked":false},"description_typography_typography":"custom","description_typography_font_size_tablet":{"unit":"px","size":16,"sizes":[]},"description_color":"#000000","button_style":"subtle","button_link":{"url":"https:\/\/wpecomus.com\/furniture\/product-category\/furniture\/","is_external":"","nofollow":"","custom_attributes":""}},"elements":[],"isInner":false,"widgetType":"ecomus-banner","elType":"widget"}],"isInner":true,"elType":"container"},{"id":"35fe595f","settings":{"flex_direction":"column","content_width":"full","width":{"unit":"%","size":31.333},"width_tablet":{"unit":"%","size":48.9,"sizes":[]},"width_mobile":{"unit":"%","size":"","sizes":[]}},"elements":[{"id":"31e4b50c","settings":{"content_width":"full","image":{"id":5405,"url":"https:\/\/wpecomus.com\/furniture\/wp-content\/uploads\/sites\/11\/2024\/08\/furniture_cate2.webp","alt":"","source":"library","size":""},"title":"Lighting","title_size":"h3","description":"Modern lighting is poised","height":{"unit":"px","size":510,"sizes":[]},"height_tablet":{"unit":"px","size":410,"sizes":[]},"height_mobile":{"unit":"px","size":300,"sizes":[]},"content_align":"stretch","button_text":"Shop now","show_button_icon":"alway","banner_padding":{"unit":"px","top":"36","right":"30","bottom":"30","left":"30","isLinked":false},"banner_padding_mobile":{"unit":"px","top":"22","right":"20","bottom":"19","left":"20","isLinked":false},"title_color":"#000000","title_margin":{"unit":"px","top":"0","right":"0","bottom":"9","left":"0","isLinked":false},"description_typography_typography":"custom","description_typography_font_size_tablet":{"unit":"px","size":16,"sizes":[]},"description_color":"#000000","button_style":"subtle","button_link":{"url":"https:\/\/wpecomus.com\/furniture\/product-category\/lighting\/","is_external":"","nofollow":"","custom_attributes":""}},"elements":[],"isInner":false,"widgetType":"ecomus-banner","elType":"widget"}],"isInner":true,"elType":"container"},{"id":"70919e41","settings":{"flex_direction":"column","content_width":"full","width":{"unit":"%","size":31.333},"width_tablet":{"unit":"%","size":48.9,"sizes":[]},"width_mobile":{"unit":"%","size":"","sizes":[]}},"elements":[{"id":"49adee24","settings":{"content_width":"full","image":{"id":5406,"url":"https:\/\/wpecomus.com\/furniture\/wp-content\/uploads\/sites\/11\/2024\/08\/furniture_cate3.webp","alt":"","source":"library","size":""},"title":"Season Collection","title_size":"h3","description":"Free shipping","height":{"unit":"px","size":510,"sizes":[]},"height_tablet":{"unit":"px","size":410,"sizes":[]},"height_mobile":{"unit":"px","size":300,"sizes":[]},"content_align":"stretch","button_text":"Shop now","show_button_icon":"alway","banner_padding":{"unit":"px","top":"36","right":"30","bottom":"30","left":"30","isLinked":false},"banner_padding_mobile":{"unit":"px","top":"22","right":"20","bottom":"19","left":"20","isLinked":false},"title_color":"#000000","title_margin":{"unit":"px","top":"0","right":"0","bottom":"9","left":"0","isLinked":false},"description_typography_typography":"custom","description_typography_font_size_tablet":{"unit":"px","size":16,"sizes":[]},"description_color":"#000000","button_style":"subtle","button_link":{"url":"https:\/\/wpecomus.com\/furniture\/product-category\/decor\/","is_external":"","nofollow":"","custom_attributes":""}},"elements":[],"isInner":false,"widgetType":"ecomus-banner","elType":"widget"}],"isInner":true,"elType":"container"},{"id":"672f6f61","settings":{"flex_direction":"column","content_width":"full","width":{"unit":"%","size":31.333},"width_tablet":{"unit":"%","size":48.9,"sizes":[]},"width_mobile":{"unit":"%","size":"","sizes":[]}},"elements":[{"id":"59f8f114","settings":{"content_width":"full","image":{"id":5407,"url":"https:\/\/wpecomus.com\/furniture\/wp-content\/uploads\/sites\/11\/2024\/08\/furniture_cate4.webp","alt":"","source":"library","size":""},"title":"Outdoor Patio Sets","title_size":"h3","description":"Up to 60% off sofa","height":{"unit":"px","size":510,"sizes":[]},"height_tablet":{"unit":"px","size":410,"sizes":[]},"height_mobile":{"unit":"px","size":300,"sizes":[]},"content_align":"stretch","button_text":"Shop now","show_button_icon":"alway","banner_padding":{"unit":"px","top":"36","right":"30","bottom":"30","left":"30","isLinked":false},"banner_padding_mobile":{"unit":"px","top":"22","right":"20","bottom":"19","left":"20","isLinked":false},"title_color":"#000000","title_margin":{"unit":"px","top":"0","right":"0","bottom":"9","left":"0","isLinked":false},"description_typography_typography":"custom","description_typography_font_size_tablet":{"unit":"px","size":16,"sizes":[]},"description_color":"#000000","button_style":"subtle","button_link":{"url":"https:\/\/wpecomus.com\/furniture\/product-category\/outdoor\/","is_external":"","nofollow":"","custom_attributes":""}},"elements":[],"isInner":false,"widgetType":"ecomus-banner","elType":"widget"}],"isInner":true,"elType":"container"},{"id":"5f996e92","settings":{"flex_direction":"column","content_width":"full","width":{"unit":"%","size":31.333},"width_tablet":{"unit":"%","size":48.9,"sizes":[]},"width_mobile":{"unit":"%","size":"","sizes":[]}},"elements":[{"id":"73fe6369","settings":{"content_width":"full","image":{"id":5408,"url":"https:\/\/wpecomus.com\/furniture\/wp-content\/uploads\/sites\/11\/2024\/08\/furniture_cate5.webp","alt":"","source":"library","size":""},"title":"Dining","title_size":"h3","description":"Up to 60% off table","height":{"unit":"px","size":510,"sizes":[]},"height_tablet":{"unit":"px","size":410,"sizes":[]},"height_mobile":{"unit":"px","size":300,"sizes":[]},"content_align":"stretch","button_text":"Shop now","show_button_icon":"alway","banner_padding":{"unit":"px","top":"36","right":"30","bottom":"30","left":"30","isLinked":false},"banner_padding_mobile":{"unit":"px","top":"22","right":"20","bottom":"19","left":"20","isLinked":false},"title_color":"#000000","title_margin":{"unit":"px","top":"0","right":"0","bottom":"9","left":"0","isLinked":false},"description_typography_typography":"custom","description_typography_font_size_tablet":{"unit":"px","size":16,"sizes":[]},"description_color":"#000000","button_style":"subtle","button_link":{"url":"https:\/\/wpecomus.com\/furniture\/product-category\/kitchen\/","is_external":"","nofollow":"","custom_attributes":""}},"elements":[],"isInner":false,"widgetType":"ecomus-banner","elType":"widget"}],"isInner":true,"elType":"container"},{"id":"ddb043","settings":{"flex_direction":"column","content_width":"full","width":{"unit":"%","size":31.333},"width_tablet":{"unit":"%","size":48.9,"sizes":[]},"width_mobile":{"unit":"%","size":"","sizes":[]}},"elements":[{"id":"65ed46ac","settings":{"content_width":"full","image":{"id":5409,"url":"https:\/\/wpecomus.com\/furniture\/wp-content\/uploads\/sites\/11\/2024\/08\/furniture_cate6.webp","alt":"","source":"library","size":""},"title":"Bedroom","title_size":"h3","description":"Snoozy and snazzy","height":{"unit":"px","size":510,"sizes":[]},"height_tablet":{"unit":"px","size":410,"sizes":[]},"height_mobile":{"unit":"px","size":300,"sizes":[]},"content_align":"stretch","button_text":"Shop now","show_button_icon":"alway","banner_padding":{"unit":"px","top":"36","right":"30","bottom":"30","left":"30","isLinked":false},"banner_padding_mobile":{"unit":"px","top":"22","right":"20","bottom":"19","left":"20","isLinked":false},"title_color":"#000000","title_margin":{"unit":"px","top":"0","right":"0","bottom":"9","left":"0","isLinked":false},"description_typography_typography":"custom","description_typography_font_size_tablet":{"unit":"px","size":16,"sizes":[]},"description_color":"#000000","button_style":"subtle","button_link":{"url":"https:\/\/wpecomus.com\/furniture\/product-category\/bedroom\/","is_external":"","nofollow":"","custom_attributes":""}},"elements":[],"isInner":false,"widgetType":"ecomus-banner","elType":"widget"}],"isInner":true,"elType":"container"}],"isInner":false,"elType":"container"},{"id":"30368c1a","settings":{"background_background":"classic","background_color":"#857460","margin":{"unit":"px","top":"0","right":"0","bottom":"80","left":"0","isLinked":false},"margin_tablet":{"unit":"px","top":"0","right":"0","bottom":"68","left":"0","isLinked":false},"margin_mobile":{"unit":"px","top":"0","right":"0","bottom":"60","left":"0","isLinked":false},"padding":{"unit":"px","top":"90","right":"0","bottom":"90","left":"0","isLinked":false},"padding_tablet":{"unit":"px","top":"76","right":"0","bottom":"76","left":"0","isLinked":false},"padding_mobile":{"unit":"px","top":"45","right":"0","bottom":"45","left":"0","isLinked":false}},"elements":[{"id":"74c6079e","settings":{"content_width":"full","title":"We\u2019re solving the biggest problems in furniture","title_size":"h4","align":"center","title_color":"#FFFFFF","typography_typography":"custom","typography_font_size_tablet":{"unit":"px","size":32,"sizes":[]},"typography_font_size_mobile":{"unit":"px","size":22,"sizes":[]},"_margin":{"unit":"px","top":"0","right":"0","bottom":"64","left":"0","isLinked":false},"_margin_tablet":{"unit":"px","top":"0","right":"0","bottom":"30","left":"0","isLinked":false},"_margin_mobile":{"unit":"px","top":"0","right":"0","bottom":"10","left":"0","isLinked":false},"_padding_tablet":{"unit":"px","top":"0","right":"30","bottom":"0","left":"30","isLinked":false},"_padding_mobile":{"unit":"px","top":"0","right":"15","bottom":"0","left":"15","isLinked":false}},"elements":[],"isInner":false,"widgetType":"ecomus-heading","elType":"widget"},{"id":"653ab00e","settings":{"content_width":"full","icons_box":[{"icon":{"value":{"url":"https:\/\/wpecomus.com\/furniture\/wp-content\/uploads\/sites\/11\/2024\/07\/global.svg","id":3943},"library":"svg"},"title":"Fast & free shipping","description":"Every single order ships for free. No minimums, no tiers, no fine print whatsoever.","_id":"d89d904","title_size":"div","image":{"id":5394,"url":"https:\/\/wpecomus.com\/furniture\/wp-content\/uploads\/sites\/11\/2024\/08\/placeholder-1.png"}},{"icon":{"value":{"url":"https:\/\/wpecomus.com\/furniture\/wp-content\/uploads\/sites\/11\/2024\/07\/payment.svg","id":3944},"library":"svg"},"title":"Modular, easy-to-move design","description":"Our innovative modular design is driven by the belief that furniture should fit this home, and the next one.","title_size":"div","_id":"e608588","image":{"id":5395,"url":"https:\/\/wpecomus.com\/furniture\/wp-content\/uploads\/sites\/11\/2024\/08\/placeholder-2.png"}},{"icon":{"value":{"url":"https:\/\/wpecomus.com\/furniture\/wp-content\/uploads\/sites\/11\/2024\/07\/return.svg","id":3945},"library":"svg"},"title":"Durable, premium materials","description":"We use materials like sustainably-forested wood, strengthened steel hardware, and top-grain Italian leather.","title_size":"div","_id":"d45ab82","image":{"id":5396,"url":"https:\/\/wpecomus.com\/furniture\/wp-content\/uploads\/sites\/11\/2024\/08\/placeholder-3.png"}}],"navigation_classes":"none","navigation_classes_tablet":"dots","navigation_classes_mobile":"dots","alignment":"center","title_color":"#FFFFFF","title_typography_typography":"custom","title_typography_font_size":{"unit":"px","size":18,"sizes":[]},"title_spacing":{"unit":"px","size":10,"sizes":[]},"title_spacing_mobile":{"unit":"px","size":6,"sizes":[]},"description_color":"#FFFFFF","icon_color":"#FFFFFF","icon_size_mobile":{"unit":"px","size":36,"sizes":[]},"icon_spacing":{"unit":"px","size":27,"sizes":[]},"icon_spacing_mobile":{"unit":"px","size":22,"sizes":[]},"dots_spacing_mobile":{"unit":"px","size":15,"sizes":[]},"dot_item_color":"#FFFFFF33","dot_item_active_color":"#FFFFFF"},"elements":[],"isInner":false,"widgetType":"ecomus-icon-box-carousel","elType":"widget"}],"isInner":false,"elType":"container"},{"id":"a24dcb5","settings":{"margin":{"unit":"px","top":"0","right":"0","bottom":"90","left":"0","isLinked":false},"margin_tablet":{"unit":"px","top":"0","right":"0","bottom":"76","left":"0","isLinked":false},"margin_mobile":{"unit":"px","top":"0","right":"0","bottom":"67","left":"0","isLinked":false}},"elements":[{"id":"58bbd199","settings":{"content_width":"full","show_heading":"yes","heading":"Best seller","slides_to_show_tablet":3,"slides_to_show_mobile":2,"slides_to_scroll_tablet":1,"slides_to_scroll_mobile":2,"image_spacing_custom_mobile":15,"navigation_classes_tablet":"none","heading_spacing":{"unit":"px","size":55,"sizes":[]},"heading_spacing_tablet":{"unit":"px","size":43,"sizes":[]},"heading_spacing_mobile":{"unit":"px","size":23,"sizes":[]},"arrows_heading_size":{"unit":"px","size":14,"sizes":[]},"tag":"best-seller","arrows_prev_icon":{"value":{"url":"https:\/\/wpecomus.com\/furniture\/wp-content\/uploads\/sites\/11\/2024\/07\/arrow-left-1.svg","id":3940},"library":"svg"},"arrows_next_icon":{"value":{"url":"https:\/\/wpecomus.com\/furniture\/wp-content\/uploads\/sites\/11\/2024\/07\/arrow-right-1.svg","id":3941},"library":"svg"},"arrows_type":"outline","arrows_bgcolor":"#FFFFFF"},"elements":[],"isInner":false,"widgetType":"ecomus-products-carousel","elType":"widget"}],"isInner":false,"elType":"container"},{"id":"5ddd9a94","settings":{"background_background":"classic","background_color":"#FBF6EE","padding":{"unit":"px","top":"100","right":"0","bottom":"100","left":"0","isLinked":false},"padding_tablet":{"unit":"px","top":"85","right":"0","bottom":"85","left":"0","isLinked":false},"padding_mobile":{"unit":"px","top":"50","right":"0","bottom":"50","left":"0","isLinked":false}},"elements":[{"id":"1e7f6bbb","settings":{"content_width":"full","title":"Explore each unique collection","title_size":"h4","align":"center","typography_typography":"custom","typography_font_size_tablet":{"unit":"px","size":32,"sizes":[]},"typography_font_size_mobile":{"unit":"px","size":22,"sizes":[]},"_margin":{"unit":"px","top":"0","right":"0","bottom":"60","left":"0","isLinked":false},"_margin_tablet":{"unit":"px","top":"0","right":"0","bottom":"30","left":"0","isLinked":false},"_margin_mobile":{"unit":"px","top":"0","right":"0","bottom":"10","left":"0","isLinked":false}},"elements":[],"isInner":false,"widgetType":"ecomus-heading","elType":"widget"},{"id":"7128c473","settings":{"content_width":"full","show_heading":"","heading":"This is heading","items":[{"button_text":"Shop Collection","button_link":{"url":"https:\/\/wpecomus.com\/furniture\/product-category\/decor\/","is_external":"","nofollow":"","custom_attributes":""},"_id":"bbcb7a6","title":"Urban Retreat","image":{"id":5410,"url":"https:\/\/wpecomus.com\/furniture\/wp-content\/uploads\/sites\/11\/2024\/08\/furniture_cate7.webp","alt":"","source":"library","size":""}},{"button_text":"Shop Collection","button_link":{"url":"https:\/\/wpecomus.com\/furniture\/product-category\/furniture\/","is_external":"","nofollow":"","custom_attributes":""},"title":"Coastal Serenity","image":{"id":5411,"url":"https:\/\/wpecomus.com\/furniture\/wp-content\/uploads\/sites\/11\/2024\/08\/furniture_cate8.webp","alt":"","source":"library","size":""},"_id":"eb36a32"},{"button_text":"Shop Collection","button_link":{"url":"https:\/\/wpecomus.com\/furniture\/product-category\/outdoor\/","is_external":"","nofollow":"","custom_attributes":""},"title":"Mid-Century Modern","image":{"id":5412,"url":"https:\/\/wpecomus.com\/furniture\/wp-content\/uploads\/sites\/11\/2024\/08\/furniture_cate9.webp","alt":"","source":"library","size":""},"_id":"222de92"}],"show_button_icon":"alway","navigation_classes":"none","content_position":"below","button_style":"subtle","aspect_ratio_type":"custom","aspect_ratio":"19:23","slides_to_show_tablet":2,"slides_to_show_mobile":1,"slides_to_scroll_tablet":1,"navigation_classes_tablet":"dots","navigation_classes_mobile":"dots","title_typography_typography":"custom","title_typography_font_weight":"500","button_margin_mobile":{"unit":"px","top":"16","right":"0","bottom":"0","left":"0","isLinked":false},"dots_spacing_mobile":{"unit":"px","size":15,"sizes":[]}},"elements":[],"isInner":false,"widgetType":"ecomus-image-box-carousel","elType":"widget"}],"isInner":false,"elType":"container"},{"id":"19973204","settings":{"padding":{"unit":"px","top":"120","right":"0","bottom":"90","left":"0","isLinked":false},"padding_tablet":{"unit":"px","top":"102","right":"0","bottom":"76","left":"0","isLinked":false},"padding_mobile":{"unit":"px","top":"60","right":"0","bottom":"45","left":"0","isLinked":false}},"elements":[{"id":"2c85793d","settings":{"testimonials":[{"testimonial_name":"Robert smith","testimonial_company":"MR Chaise","_id":"21264b8","testimonial_title":"","testimonial_subtitle":"OUR CUSTOMERS' RAVE REVIEWS","testimonial_content":"I'm impressed with the durability of the furniture collection. Even after years of use, the pieces still look and feel as good as new","testimonial_image":{"id":5413,"url":"https:\/\/wpecomus.com\/furniture\/wp-content\/uploads\/sites\/11\/2024\/08\/furniture_testimonial1.jpg","alt":"","source":"library","size":""},"testimonial_link":{"url":"https:\/\/wpecomus.com\/furniture\/product\/mr-chaise\/","is_external":"","nofollow":"","custom_attributes":""}},{"testimonial_name":"Alex Graham","testimonial_company":"Bonbon Shade","testimonial_title":"","testimonial_subtitle":"OUR CUSTOMERS' RAVE REVIEWS","testimonial_content":"I have been shopping with this web fashion site for over a year now and I can confidently say it is the best online.","testimonial_image":{"id":5414,"url":"https:\/\/wpecomus.com\/furniture\/wp-content\/uploads\/sites\/11\/2024\/08\/furniture_testimonial2.webp","alt":"","source":"library","size":""},"_id":"3837e6d","testimonial_link":{"url":"https:\/\/wpecomus.com\/furniture\/product\/bonbon-shade\/","is_external":"","nofollow":"","custom_attributes":""}}],"navigation_classes_mobile":"dots","content_item_content_typo_typography":"custom","content_item_content_typo_font_size":{"unit":"px","size":28,"sizes":[]},"content_item_content_typo_font_size_tablet":{"unit":"px","size":16,"sizes":[]},"content_item_content_typo_line_height":{"unit":"px","size":44.8,"sizes":[]},"content_item_content_typo_line_height_tablet":{"unit":"px","size":25.6,"sizes":[]},"content_item_content_typo_line_height_mobile":{"unit":"px","size":"","sizes":[]},"content_item_content_spacing":{"unit":"px","size":18,"sizes":[]},"content_item_content_spacing_tablet":{"unit":"px","size":9,"sizes":[]},"content_item_name_spacing_tablet":{"unit":"px","size":18,"sizes":[]},"content_item_rating_size":{"unit":"px","size":18,"sizes":[]},"content_item_rating_color":"#FF7B54","content_item_rating_spacing":{"unit":"px","size":13,"sizes":[]},"content_item_rating_spacing_tablet":{"unit":"px","size":6,"sizes":[]},"content_item_name_color":"#000000","content_item_company_color":"#000000"},"elements":[],"isInner":false,"widgetType":"ecomus-testimonial-carousel","elType":"widget"}],"isInner":false,"elType":"container"}],"page_settings":{"hide_page_header":"yes","content_top_spacing":"custom","content_top_padding":{"unit":"px","size":0,"sizes":[]},"content_bottom_spacing":"custom","content_bottom_padding":{"unit":"px","size":0,"sizes":[]}},"version":"0.4","title":"Home Furniture 2","type":"page"}