{"content":[{"id":"7e0652ea","settings":{"content_width":"full","margin":{"unit":"px","top":"0","right":"0","bottom":"60","left":"0","isLinked":false},"margin_tablet":{"unit":"px","top":"0","right":"0","bottom":"51","left":"0","isLinked":false},"margin_mobile":{"unit":"px","top":"0","right":"0","bottom":"45","left":"0","isLinked":false}},"elements":[{"id":"1e538b49","settings":{"slides":[{"title":"Premium eco tech<br class=\"hidden-xs hidden-sm hidden-md\" \/> accessories","button_text":"Phone case","_id":"5941816","before_title":"SALE UP TO 30% OFF","banner_background_img":{"id":6674,"url":"https:\/\/wpecomus.com\/phonecase\/wp-content\/uploads\/sites\/23\/2024\/12\/phone-sld-1-scaled.webp","alt":"","source":"library","size":""},"button_second_text":"Accessories","button_second_link":{"url":"https:\/\/wpecomus.com\/phonecase\/product-category\/accessories\/","is_external":"","nofollow":"","custom_attributes":""},"button_link":{"url":"https:\/\/wpecomus.com\/phonecase\/product-category\/phone-cases\/","is_external":"","nofollow":"","custom_attributes":""}},{"title":"End of<br class=\"hidden-xs hidden-sm hidden-md\" \/> Season Sale","button_text":"Phone case","before_title":"SALE UP TO 30% OFF","banner_background_img":{"id":6675,"url":"https:\/\/wpecomus.com\/phonecase\/wp-content\/uploads\/sites\/23\/2024\/12\/phone-sld-2-scaled.webp","alt":"","source":"library","size":""},"_id":"9adc891","button_second_text":"Accessories","button_second_link":{"url":"https:\/\/wpecomus.com\/phonecase\/product-category\/accessories\/","is_external":"","nofollow":"","custom_attributes":""},"button_link":{"url":"https:\/\/wpecomus.com\/phonecase\/product-category\/phone-cases\/","is_external":"","nofollow":"","custom_attributes":""}},{"title":"Air buds<br class=\"hidden-xs hidden-sm hidden-md\" \/> accessories","button_text":"Phone case","before_title":"SALE UP TO 30% OFF","banner_background_img":{"id":6676,"url":"https:\/\/wpecomus.com\/phonecase\/wp-content\/uploads\/sites\/23\/2024\/12\/phone-sld-3-scaled.webp","alt":"","source":"library","size":""},"_id":"a2ad12e","button_second_text":"Accessories","button_second_link":{"url":"https:\/\/wpecomus.com\/phonecase\/product-category\/accessories\/","is_external":"","nofollow":"","custom_attributes":""},"button_link":{"url":"https:\/\/wpecomus.com\/phonecase\/product-category\/phone-cases\/","is_external":"","nofollow":"","custom_attributes":""}}],"slides_height":{"unit":"px","size":800,"sizes":[]},"show_button_icon":"alway","button_icon":{"value":{"url":"https:\/\/wpecomus.com\/phonecase\/wp-content\/uploads\/sites\/23\/2024\/07\/arrow-right.svg","id":3886},"library":"svg"},"slides_horizontal_position":"center","slides_vertical_position":"middle","slides_text_align":"center","title_color":"#FFFFFF","button_background_color":"#FFFFFF","button_text_color":"#000000","button_border_color":"#FFFFFF","button_background_hover_color":"#FFFFFF","hover_color":"#000000","button_hover_border_color":"#FFFFFF","button_background_effect_hover_color":"#00000040","before_title_color":"#FFFFFF","before_title_typography_typography":"custom","before_title_typography_text_transform":"uppercase","before_title_background_color":"#FF5C39","before_title_padding":{"unit":"px","top":"6","right":"20","bottom":"6","left":"20","isLinked":false},"before_title_border_radius":{"unit":"px","top":"50","right":"50","bottom":"50","left":"50","isLinked":true},"slides_height_mobile":{"unit":"px","size":350,"sizes":[]},"navigation_classes":"dots","navigation_classes_tablet":"dots","title_typography_typography":"custom","title_typography_font_size":{"unit":"px","size":80,"sizes":[]},"title_typography_font_size_tablet":{"unit":"px","size":44,"sizes":[]},"title_typography_font_size_mobile":{"unit":"px","size":34,"sizes":[]},"title_spacing":{"unit":"px","size":38,"sizes":[]},"before_title_spacing":{"unit":"px","size":14,"sizes":[]},"dots_type":"","dots_size_tablet":{"unit":"px","size":6,"sizes":[]},"dots_spacing_mobile":{"unit":"px","size":15,"sizes":[]},"dot_item_color":"#FFFFFF33","dot_item_active_color":"#FFFFFF","dot_align":"center","slides_height_tablet":{"unit":"px","size":550,"sizes":[]},"button_second_spacing_left":{"unit":"px","size":16,"sizes":[]},"button_second_spacing_left_mobile":{"unit":"px","size":4,"sizes":[]}},"elements":[],"isInner":false,"widgetType":"ecomus-slides","elType":"widget"}],"isInner":false,"elType":"container"},{"id":"6c7cf9fb","settings":{"flex_direction":"row","flex_gap":{"unit":"px","size":30,"column":"30","row":"30","isLinked":true},"flex_gap_mobile":{"column":"15","row":"15","isLinked":true,"unit":"px","size":15},"margin":{"unit":"px","top":"0","right":"0","bottom":"60","left":"0","isLinked":false},"margin_tablet":{"unit":"px","top":"0","right":"0","bottom":"51","left":"0","isLinked":false},"margin_mobile":{"unit":"px","top":"0","right":"0","bottom":"45","left":"0","isLinked":false}},"elements":[{"id":"7dff2d03","settings":{"flex_direction":"column","content_width":"full","width":{"unit":"%","size":75},"width_tablet":{"unit":"%","size":66.666666,"sizes":[]},"width_mobile":{"unit":"%","size":"","sizes":[]}},"elements":[{"id":"3850978c","settings":{"heading":"Shop by categories","items":[{"button_text":"Phone Cases","button_link":{"url":"https:\/\/wpecomus.com\/phonecase\/product-category\/phone-cases\/","is_external":"","nofollow":"","custom_attributes":""},"_id":"0611145","image":{"id":6677,"url":"https:\/\/wpecomus.com\/phonecase\/wp-content\/uploads\/sites\/23\/2024\/12\/phone-cat-1-1.webp","alt":"","source":"library","size":""}},{"button_text":"Watch Straps","button_link":{"url":"https:\/\/wpecomus.com\/phonecase\/product-category\/watch-straps\/","is_external":"","nofollow":"","custom_attributes":""},"image":{"id":6616,"url":"https:\/\/wpecomus.com\/phonecase\/wp-content\/uploads\/sites\/23\/2024\/12\/phone-cat-2.webp","alt":"","source":"library","size":""},"_id":"417c194"},{"button_text":"AirPods Cases","button_link":{"url":"https:\/\/wpecomus.com\/phonecase\/product-category\/airpods-cases\/","is_external":"","nofollow":"","custom_attributes":""},"image":{"id":6617,"url":"https:\/\/wpecomus.com\/phonecase\/wp-content\/uploads\/sites\/23\/2024\/12\/phone-cat-3.webp","alt":"","source":"library","size":""},"_id":"23b0b13"},{"button_text":"Phone Cases","button_link":{"url":"https:\/\/wpecomus.com\/phonecase\/product-category\/accessories\/","is_external":"","nofollow":"","custom_attributes":""},"image":{"id":5529,"url":"https:\/\/wpecomus.com\/phonecase\/wp-content\/uploads\/sites\/23\/2024\/08\/electronic-cat-3.webp","alt":"","source":"library","size":""},"_id":"f07343f"}],"aspect_ratio_type":"vertical","show_button_icon":"hover","slides_to_show_tablet":2,"slides_to_show_mobile":2,"slides_to_scroll_tablet":2,"slides_to_scroll_mobile":2,"image_spacing_custom_mobile":15,"navigation_classes":"none","navigation_classes_tablet":"none","navigation_classes_mobile":"none","heading_spacing":{"unit":"px","size":25,"sizes":[]},"button_typography_typography":"custom","button_typography_font_size":{"unit":"px","size":15,"sizes":[]},"button_typography_font_size_mobile":{"unit":"px","size":16,"sizes":[]},"button_typography_font_weight":"500","arrows_heading_size":{"unit":"px","size":6,"sizes":[]},"arrows_heading_width":{"unit":"px","size":24,"sizes":[]},"arrows_heading_height":{"unit":"px","size":24,"sizes":[]},"button_style":"light","button_margin":{"unit":"px","top":"0","right":"15","bottom":"38","left":"15","isLinked":false},"button_margin_mobile":{"unit":"px","top":"0","right":"0","bottom":"15","left":"0","isLinked":false},"button_padding_tablet":{"unit":"px","top":"14","right":"20","bottom":"13","left":"20","isLinked":false},"button_padding_mobile":{"unit":"px","top":"12","right":"14","bottom":"12","left":"14","isLinked":false},"view_all_btn_image":{"id":"","url":"https:\/\/wpecomus.com\/phonecase\/wp-content\/plugins\/elementor\/assets\/images\/placeholder.png"}},"elements":[],"isInner":false,"widgetType":"ecomus-image-box-carousel","elType":"widget"}],"isInner":true,"elType":"container"},{"id":"4134eb6f","settings":{"flex_direction":"column","content_width":"full","width":{"unit":"%","size":25},"width_tablet":{"unit":"%","size":33.333333,"sizes":[]},"width_mobile":{"unit":"%","size":"","sizes":[]},"flex_direction_mobile":"row","flex_justify_content":"flex-end","flex_justify_content_mobile":"space-between","flex_align_items_mobile":"center","flex_gap":{"column":"30","row":"30","isLinked":true,"unit":"px","size":30},"flex_wrap_mobile":"nowrap","border_border":"solid","border_width":{"unit":"px","top":"1","right":"1","bottom":"1","left":"1","isLinked":true},"border_color":"#000000","margin":{"unit":"px","top":"49","right":"0","bottom":"1","left":"0","isLinked":false},"margin_mobile":{"unit":"px","top":"0","right":"0","bottom":"0","left":"0","isLinked":false},"padding":{"unit":"px","top":"45","right":"45","bottom":"45","left":"45","isLinked":true},"padding_tablet":{"unit":"px","top":"30","right":"30","bottom":"30","left":"30","isLinked":true},"padding_mobile":{"unit":"px","top":"10","right":"15","bottom":"10","left":"15","isLinked":false},"border_radius":{"unit":"px","top":"10","right":"10","bottom":"10","left":"10","isLinked":true}},"elements":[{"id":"156cdb6e","settings":{"title":"Discovery<br class=\"hidden-xs hidden-sm hidden-md\"> all new items","title_size":"h6","typography_typography":"custom","typography_font_size":{"unit":"px","size":28,"sizes":[]},"typography_font_size_mobile":{"unit":"px","size":22,"sizes":[]}},"elements":[],"isInner":false,"widgetType":"ecomus-heading","elType":"widget"},{"id":"1570e6ed","settings":{"button_text":"","show_button_icon":"alway","button_style":"outline","button_padding":{"unit":"px","top":"0","right":"0","bottom":"0","left":"0","isLinked":false},"button_border_radius":{"unit":"px","top":"100","right":"100","bottom":"100","left":"100","isLinked":true},"button_min_width":{"unit":"px","size":50,"sizes":[]},"button_min_width_mobile":{"unit":"px","size":40,"sizes":[]},"button_min_height":{"unit":"px","size":50,"sizes":[]},"button_min_height_mobile":{"unit":"px","size":40,"sizes":[]},"button_border_color":"#000000","button_icon_indent":{"unit":"px","size":0,"sizes":[]},"button_icon_size":{"unit":"px","size":10,"sizes":[]},"button_link":{"url":"https:\/\/wpecomus.com\/phonecase\/shop\/","is_external":"","nofollow":"","custom_attributes":""}},"elements":[],"isInner":false,"widgetType":"ecomus-button","elType":"widget"}],"isInner":true,"elType":"container"}],"isInner":false,"elType":"container"},{"id":"560a0bf8","settings":{"flex_direction":"column","margin":{"unit":"px","top":"0","right":"0","bottom":"72","left":"0","isLinked":false},"margin_tablet":{"unit":"px","top":"0","right":"0","bottom":"61","left":"0","isLinked":false},"margin_mobile":{"unit":"px","top":"0","right":"0","bottom":"54","left":"0","isLinked":false}},"elements":[{"id":"1a38717e","settings":{"content_width":"full","flex_direction":"row-reverse","flex_direction_tablet":"column-reverse","flex_gap":{"column":"0","row":"0","isLinked":true,"unit":"px","size":0},"overflow":"hidden","flex_direction_mobile":"column"},"elements":[{"id":"380fda9","settings":{"flex_direction":"column","content_width":"full","width":{"unit":"%","size":"50"},"width_tablet":{"unit":"%","size":100,"sizes":[]},"width_mobile":{"unit":"%","size":"","sizes":[]}},"elements":[{"id":"2114065","settings":{"content_width":"full","image":{"id":6738,"url":"https:\/\/wpecomus.com\/phonecase\/wp-content\/uploads\/sites\/23\/2024\/12\/h-phone-banner-1.jpg","alt":"","source":"library","size":""},"image_size":"full","height_tablet":{"unit":"%","size":100,"sizes":[]},"height_mobile":{"unit":"%","size":"","sizes":[]},"object-fit_tablet":"cover","image_border_radius":{"unit":"px","top":"0","right":"10","bottom":"10","left":"0","isLinked":false},"_flex_size_tablet":"grow","width":{"unit":"%","size":100,"sizes":[]},"image_border_radius_tablet":{"unit":"px","top":"0","right":"0","bottom":"10","left":"10","isLinked":false},"image_border_radius_mobile":{"unit":"px","top":"10","right":"10","bottom":"0","left":"0","isLinked":false}},"elements":[],"isInner":false,"widgetType":"image","elType":"widget"}],"isInner":true,"elType":"container"},{"id":"38e8a08f","settings":{"flex_direction":"column","content_width":"full","width":{"unit":"%","size":"50"},"flex_gap":{"column":"0","row":"0","isLinked":true,"unit":"px","size":0},"background_background":"classic","background_color":"#F1F4F9","padding":{"unit":"px","top":"20","right":"20","bottom":"60","left":"93","isLinked":false},"padding_tablet":{"unit":"px","top":"20","right":"20","bottom":"20","left":"20","isLinked":false},"padding_mobile":{"unit":"px","top":"29","right":"14","bottom":"24","left":"14","isLinked":false},"width_tablet":{"unit":"%","size":100,"sizes":[]},"width_mobile":{"unit":"%","size":"","sizes":[]},"flex_justify_content":"center","flex_justify_content_tablet":"center","flex_align_items_mobile":"center","border_radius":{"unit":"px","top":"10","right":"0","bottom":"0","left":"10","isLinked":false},"border_radius_tablet":{"unit":"px","top":"10","right":"10","bottom":"0","left":"0","isLinked":false},"border_radius_mobile":{"unit":"px","top":"0","right":"0","bottom":"10","left":"10","isLinked":false}},"elements":[{"id":"1b46f9bb","settings":{"content_width":"full","title":"Bold <br class=\"hidden-xs hidden-sm hidden-md\"> Collection","align_mobile":"center","typography_typography":"custom","typography_font_size":{"unit":"px","size":52,"sizes":[]},"typography_font_size_tablet":{"unit":"px","size":40,"sizes":[]},"typography_font_size_mobile":{"unit":"px","size":24,"sizes":[]},"typography_font_weight":"400","_margin":{"unit":"px","top":"0","right":"0","bottom":"24","left":"0","isLinked":false},"_margin_mobile":{"unit":"px","top":"0","right":"0","bottom":"16","left":"0","isLinked":false},"_margin_tablet":{"unit":"px","top":"0","right":"0","bottom":"18","left":"0","isLinked":false}},"elements":[],"isInner":false,"widgetType":"ecomus-heading","elType":"widget"},{"id":"5b12f2b4","settings":{"content_width":"full","title":"Ultra-protective cases engineered for your boldest behavior. Dual-<br class=\"hidden-xs hidden-sm hidden-md\"\/>layer protection a 3mm raised front lip.","title_size":"p","align_mobile":"center","title_color":"#545454","typography_typography":"custom","typography_font_size":{"unit":"px","size":16,"sizes":[]},"typography_font_weight":"400","_margin":{"unit":"px","top":"0","right":"0","bottom":"33","left":"0","isLinked":false},"_margin_mobile":{"unit":"px","top":"0","right":"0","bottom":"18","left":"0","isLinked":false},"typography_font_size_mobile":{"unit":"px","size":14,"sizes":[]},"_margin_tablet":{"unit":"px","top":"0","right":"0","bottom":"24","left":"0","isLinked":false},"alignment_mobile":"center"},"elements":[],"isInner":false,"widgetType":"ecomus-heading","elType":"widget"},{"id":"cfc96c8","settings":{"content_width":"full","text":"Shop Collection","typography_typography":"custom","typography_font_size":{"unit":"px","size":14,"sizes":[]},"typography_font_weight":"600","border_radius":{"unit":"px","top":"60","right":"60","bottom":"60","left":"60","isLinked":true},"text_padding":{"unit":"px","top":"15","right":"31","bottom":"15","left":"31","isLinked":false},"text_padding_mobile":{"unit":"px","top":"11","right":"26","bottom":"11","left":"26","isLinked":false},"button_text":"Shop Collection","button_style":"outline-dark","button_padding_mobile":{"unit":"px","top":"11","right":"24","bottom":"10","left":"24","isLinked":false},"button_link":{"url":"https:\/\/wpecomus.com\/phonecase\/shop\/","is_external":"","nofollow":"","custom_attributes":""}},"elements":[],"isInner":false,"widgetType":"ecomus-button","elType":"widget"}],"isInner":true,"elType":"container"}],"isInner":true,"elType":"container"}],"isInner":false,"elType":"container"},{"id":"77660f24","settings":{"flex_gap":{"column":"54","row":"54","isLinked":true,"unit":"px","size":54},"flex_gap_tablet":{"column":"50","row":"50","isLinked":true,"unit":"px","size":50},"flex_gap_mobile":{"column":"30","row":"30","isLinked":true,"unit":"px","size":30},"margin":{"unit":"px","top":"0","right":"0","bottom":"67","left":"0","isLinked":false},"margin_tablet":{"unit":"px","top":"0","right":"0","bottom":"56","left":"0","isLinked":false},"margin_mobile":{"unit":"px","top":"0","right":"0","bottom":"50","left":"0","isLinked":false}},"elements":[{"id":"1236e2e8","settings":{"title":"New Arrivals","title_size":"h4","align":"center","typography_typography":"custom","typography_font_size_tablet":{"unit":"px","size":32,"sizes":[]},"typography_font_size_mobile":{"unit":"px","size":22,"sizes":[]}},"elements":[],"isInner":false,"widgetType":"ecomus-heading","elType":"widget"},{"id":"7160ae4b","settings":{"heading":"This is the text","hide_rating":"none","hide_attributes":"none","slides_to_show_tablet":3,"slides_to_show_mobile":2,"slides_to_scroll_tablet":3,"slides_to_scroll_mobile":2,"image_spacing_custom_mobile":15,"navigation_classes_tablet":"arrows","navigation_classes_mobile":"dots","product_image_border_border":"solid","product_image_border_width":{"unit":"px","top":"1","right":"1","bottom":"1","left":"1","isLinked":true},"product_image_border_color":"#ECECEC","arrows_show":"1","arrows_horizontal_spacing":{"unit":"px","size":-82,"sizes":[]},"arrows_type":"outline-dark"},"elements":[],"isInner":false,"widgetType":"ecomus-products-carousel","elType":"widget"}],"isInner":false,"elType":"container"},{"id":"2bb8cd67","settings":{"flex_direction":"row","flex_gap":{"column":"30","row":"30","isLinked":true,"unit":"px","size":30},"flex_gap_tablet":{"column":"15","row":"15","isLinked":true,"unit":"px","size":15},"flex_wrap_mobile":"nowrap","margin":{"unit":"px","top":"0","right":"0","bottom":"70","left":"0","isLinked":false},"margin_tablet":{"unit":"px","top":"0","right":"0","bottom":"59","left":"0","isLinked":false},"margin_mobile":{"unit":"px","top":"0","right":"0","bottom":"52","left":"0","isLinked":false}},"elements":[{"id":"3b273422","settings":{"content_width":"full","width_mobile":{"unit":"%","size":50,"sizes":[]},"flex_gap_tablet":{"column":"15","row":"15","isLinked":true,"unit":"px","size":15}},"elements":[{"id":"4aa51b1b","settings":{"image":{"id":6618,"url":"https:\/\/wpecomus.com\/phonecase\/wp-content\/uploads\/sites\/23\/2024\/12\/phone-bn-2.webp","alt":"","source":"library","size":""},"title":"","height":{"unit":"px","size":810,"sizes":[]},"height_tablet":{"unit":"px","size":655,"sizes":[]},"height_mobile":{"unit":"px","size":415,"sizes":[]},"button_text":"Flower Cases","show_button_icon":"hover","text_align_mobile":"center","border_radius":{"unit":"px","top":"10","right":"10","bottom":"10","left":"10","isLinked":true},"button_margin":{"unit":"px","top":"0","right":"0","bottom":"35","left":"0","isLinked":false},"button_margin_tablet":{"unit":"px","top":"0","right":"0","bottom":"30","left":"0","isLinked":false},"button_margin_mobile":{"unit":"px","top":"0","right":"0","bottom":"15","left":"0","isLinked":false},"button_padding_tablet":{"unit":"px","top":"12","right":"20","bottom":"12","left":"20","isLinked":false},"button_padding_mobile":{"unit":"px","top":"12","right":"14","bottom":"12","left":"14","isLinked":false},"button_typography_typography":"custom","button_typography_font_size":{"unit":"px","size":18,"sizes":[]},"button_typography_font_size_mobile":{"unit":"px","size":16,"sizes":[]},"button_link":{"url":"https:\/\/wpecomus.com\/phonecase\/product-category\/phone-cases\/flower-cases\/","is_external":"","nofollow":"","custom_attributes":""}},"elements":[],"isInner":false,"widgetType":"ecomus-banner","elType":"widget"},{"id":"2d0228ed","settings":{"image":{"id":6620,"url":"https:\/\/wpecomus.com\/phonecase\/wp-content\/uploads\/sites\/23\/2024\/12\/phone-bn-3.webp","alt":"","source":"library","size":""},"title":"","height":{"unit":"px","size":390,"sizes":[]},"height_tablet":{"unit":"px","size":320,"sizes":[]},"height_mobile":{"unit":"px","size":200,"sizes":[]},"button_text":"Animal Cases","show_button_icon":"hover","text_align_mobile":"center","border_radius":{"unit":"px","top":"10","right":"10","bottom":"10","left":"10","isLinked":true},"button_margin":{"unit":"px","top":"0","right":"0","bottom":"35","left":"0","isLinked":false},"button_margin_tablet":{"unit":"px","top":"0","right":"0","bottom":"30","left":"0","isLinked":false},"button_margin_mobile":{"unit":"px","top":"0","right":"0","bottom":"15","left":"0","isLinked":false},"button_padding_tablet":{"unit":"px","top":"12","right":"20","bottom":"12","left":"20","isLinked":false},"button_padding_mobile":{"unit":"px","top":"12","right":"14","bottom":"12","left":"14","isLinked":false},"button_typography_typography":"custom","button_typography_font_size":{"unit":"px","size":18,"sizes":[]},"button_typography_font_size_mobile":{"unit":"px","size":16,"sizes":[]},"hide_desktop":"hidden-desktop","hide_tablet":"hidden-tablet","button_link":{"url":"https:\/\/wpecomus.com\/phonecase\/product-category\/phone-cases\/animal-cases\/","is_external":"","nofollow":"","custom_attributes":""}},"elements":[],"isInner":false,"widgetType":"ecomus-banner","elType":"widget"}],"isInner":true,"elType":"container"},{"id":"45ed922b","settings":{"content_width":"full","flex_gap":{"column":"30","row":"30","isLinked":true,"unit":"px","size":30},"flex_gap_tablet":{"column":"15","row":"15","isLinked":true,"unit":"px","size":15},"hide_mobile":"hidden-mobile"},"elements":[{"id":"34226c1d","settings":{"image":{"id":6619,"url":"https:\/\/wpecomus.com\/phonecase\/wp-content\/uploads\/sites\/23\/2024\/12\/phone-bn-6.webp","alt":"","source":"library","size":""},"title":"","height":{"unit":"px","size":390,"sizes":[]},"height_tablet":{"unit":"px","size":320,"sizes":[]},"button_text":"Mountain Cases","show_button_icon":"hover","border_radius":{"unit":"px","top":"10","right":"10","bottom":"10","left":"10","isLinked":true},"button_margin":{"unit":"px","top":"0","right":"0","bottom":"35","left":"0","isLinked":false},"button_margin_tablet":{"unit":"px","top":"0","right":"0","bottom":"30","left":"0","isLinked":false},"button_padding_tablet":{"unit":"px","top":"12","right":"20","bottom":"12","left":"20","isLinked":false},"button_typography_typography":"custom","button_typography_font_size":{"unit":"px","size":18,"sizes":[]},"button_link":{"url":"https:\/\/wpecomus.com\/phonecase\/product-category\/phone-cases\/mountain-cases\/","is_external":"","nofollow":"","custom_attributes":""}},"elements":[],"isInner":false,"widgetType":"ecomus-banner","elType":"widget"},{"id":"774f44aa","settings":{"image":{"id":6620,"url":"https:\/\/wpecomus.com\/phonecase\/wp-content\/uploads\/sites\/23\/2024\/12\/phone-bn-3.webp","alt":"","source":"library","size":""},"title":"","height":{"unit":"px","size":390,"sizes":[]},"height_tablet":{"unit":"px","size":320,"sizes":[]},"button_text":"Animal Cases","show_button_icon":"hover","border_radius":{"unit":"px","top":"10","right":"10","bottom":"10","left":"10","isLinked":true},"button_margin":{"unit":"px","top":"0","right":"0","bottom":"35","left":"0","isLinked":false},"button_margin_tablet":{"unit":"px","top":"0","right":"0","bottom":"30","left":"0","isLinked":false},"button_padding_tablet":{"unit":"px","top":"12","right":"20","bottom":"12","left":"20","isLinked":false},"button_typography_typography":"custom","button_typography_font_size":{"unit":"px","size":18,"sizes":[]},"button_link":{"url":"https:\/\/wpecomus.com\/phonecase\/product-category\/phone-cases\/animal-cases\/","is_external":"","nofollow":"","custom_attributes":""}},"elements":[],"isInner":false,"widgetType":"ecomus-banner","elType":"widget"}],"isInner":true,"elType":"container"},{"id":"5d1fb17c","settings":{"content_width":"full","width_mobile":{"unit":"%","size":50,"sizes":[]},"flex_gap_tablet":{"column":"15","row":"15","isLinked":true,"unit":"px","size":15}},"elements":[{"id":"167bdbe5","settings":{"image":{"id":6619,"url":"https:\/\/wpecomus.com\/phonecase\/wp-content\/uploads\/sites\/23\/2024\/12\/phone-bn-6.webp","alt":"","source":"library","size":""},"title":"","height":{"unit":"px","size":390,"sizes":[]},"height_tablet":{"unit":"px","size":320,"sizes":[]},"height_mobile":{"unit":"px","size":200,"sizes":[]},"button_text":"Mountain Cases","show_button_icon":"hover","text_align_mobile":"center","border_radius":{"unit":"px","top":"10","right":"10","bottom":"10","left":"10","isLinked":true},"button_margin":{"unit":"px","top":"0","right":"0","bottom":"35","left":"0","isLinked":false},"button_margin_tablet":{"unit":"px","top":"0","right":"0","bottom":"30","left":"0","isLinked":false},"button_margin_mobile":{"unit":"px","top":"0","right":"0","bottom":"15","left":"0","isLinked":false},"button_padding_tablet":{"unit":"px","top":"12","right":"20","bottom":"12","left":"20","isLinked":false},"button_padding_mobile":{"unit":"px","top":"12","right":"14","bottom":"12","left":"14","isLinked":false},"button_typography_typography":"custom","button_typography_font_size":{"unit":"px","size":18,"sizes":[]},"button_typography_font_size_mobile":{"unit":"px","size":16,"sizes":[]},"hide_desktop":"hidden-desktop","hide_tablet":"hidden-tablet","button_link":{"url":"https:\/\/wpecomus.com\/phonecase\/product-category\/phone-cases\/mountain-cases\/","is_external":"","nofollow":"","custom_attributes":""}},"elements":[],"isInner":false,"widgetType":"ecomus-banner","elType":"widget"},{"id":"37652941","settings":{"image":{"id":6621,"url":"https:\/\/wpecomus.com\/phonecase\/wp-content\/uploads\/sites\/23\/2024\/12\/phone-bn-4.webp","alt":"","source":"library","size":""},"title":"","height":{"unit":"px","size":810,"sizes":[]},"height_tablet":{"unit":"px","size":655,"sizes":[]},"height_mobile":{"unit":"px","size":415,"sizes":[]},"button_text":"Clear Cases","show_button_icon":"hover","text_align_mobile":"center","border_radius":{"unit":"px","top":"10","right":"10","bottom":"10","left":"10","isLinked":true},"button_margin":{"unit":"px","top":"0","right":"0","bottom":"35","left":"0","isLinked":false},"button_margin_tablet":{"unit":"px","top":"0","right":"0","bottom":"30","left":"0","isLinked":false},"button_margin_mobile":{"unit":"px","top":"0","right":"0","bottom":"15","left":"0","isLinked":false},"button_padding_tablet":{"unit":"px","top":"12","right":"20","bottom":"12","left":"20","isLinked":false},"button_padding_mobile":{"unit":"px","top":"12","right":"14","bottom":"12","left":"14","isLinked":false},"button_typography_typography":"custom","button_typography_font_size":{"unit":"px","size":18,"sizes":[]},"button_typography_font_size_mobile":{"unit":"px","size":16,"sizes":[]},"button_link":{"url":"https:\/\/wpecomus.com\/phonecase\/product-category\/phone-cases\/clear-cases\/","is_external":"","nofollow":"","custom_attributes":""}},"elements":[],"isInner":false,"widgetType":"ecomus-banner","elType":"widget"}],"isInner":true,"elType":"container"}],"isInner":false,"elType":"container"},{"id":"158d62b4","settings":{"flex_gap":{"column":"54","row":"54","isLinked":true,"unit":"px","size":54},"flex_gap_tablet":{"column":"50","row":"50","isLinked":true,"unit":"px","size":50},"flex_gap_mobile":{"column":"30","row":"30","isLinked":true,"unit":"px","size":30},"margin":{"unit":"px","top":"0","right":"0","bottom":"67","left":"0","isLinked":false},"margin_tablet":{"unit":"px","top":"0","right":"0","bottom":"56","left":"0","isLinked":false},"margin_mobile":{"unit":"px","top":"0","right":"0","bottom":"50","left":"0","isLinked":false}},"elements":[{"id":"542fa5b5","settings":{"title":"Trending Now","title_size":"h4","align":"center","typography_typography":"custom","typography_font_size_tablet":{"unit":"px","size":32,"sizes":[]},"typography_font_size_mobile":{"unit":"px","size":22,"sizes":[]}},"elements":[],"isInner":false,"widgetType":"ecomus-heading","elType":"widget"},{"id":"2c8069b1","settings":{"heading":"This is the text","hide_rating":"none","hide_attributes":"none","slides_to_show_tablet":3,"slides_to_show_mobile":2,"slides_to_scroll_tablet":3,"slides_to_scroll_mobile":2,"image_spacing_custom_mobile":15,"navigation_classes_tablet":"arrows","navigation_classes_mobile":"dots","product_image_border_border":"solid","product_image_border_width":{"unit":"px","top":"1","right":"1","bottom":"1","left":"1","isLinked":true},"product_image_border_color":"#ECECEC","arrows_show":"1","arrows_horizontal_spacing":{"unit":"px","size":-82,"sizes":[]},"type":"best_selling_products","arrows_type":"outline-dark"},"elements":[],"isInner":false,"widgetType":"ecomus-products-carousel","elType":"widget"}],"isInner":false,"elType":"container"},{"id":"45c09b75","settings":{"flex_direction":"column","margin":{"unit":"px","top":"0","right":"0","bottom":"90","left":"0","isLinked":false},"margin_tablet":{"unit":"px","top":"0","right":"0","bottom":"76","left":"0","isLinked":false},"margin_mobile":{"unit":"px","top":"0","right":"0","bottom":"67","left":"0","isLinked":false}},"elements":[{"id":"3360d53d","settings":{"content_width":"full","flex_direction":"row","flex_direction_tablet":"column","flex_gap":{"column":"0","row":"0","isLinked":true,"unit":"px","size":0},"overflow":"hidden","flex_direction_mobile":"column"},"elements":[{"id":"699010ba","settings":{"flex_direction":"column","content_width":"full","width":{"unit":"%","size":"50"},"width_tablet":{"unit":"%","size":100,"sizes":[]},"width_mobile":{"unit":"%","size":"","sizes":[]}},"elements":[{"id":"77265dfe","settings":{"content_width":"full","image":{"id":6739,"url":"https:\/\/wpecomus.com\/phonecase\/wp-content\/uploads\/sites\/23\/2024\/12\/h-phone-banner-2.jpg","alt":"","source":"library","size":""},"image_size":"full","height_tablet":{"unit":"%","size":100,"sizes":[]},"height_mobile":{"unit":"%","size":"","sizes":[]},"object-fit_tablet":"cover","image_border_radius":{"unit":"px","top":"10","right":"0","bottom":"0","left":"10","isLinked":false},"_flex_size_tablet":"grow","width":{"unit":"%","size":100,"sizes":[]},"image_border_radius_tablet":{"unit":"px","top":"10","right":"10","bottom":"0","left":"0","isLinked":false}},"elements":[],"isInner":false,"widgetType":"image","elType":"widget"}],"isInner":true,"elType":"container"},{"id":"7fd24924","settings":{"flex_direction":"column","content_width":"full","width":{"unit":"%","size":"50"},"flex_gap":{"column":"0","row":"0","isLinked":true,"unit":"px","size":0},"background_background":"classic","background_color":"#FFF7DF","padding":{"unit":"px","top":"20","right":"20","bottom":"60","left":"93","isLinked":false},"padding_tablet":{"unit":"px","top":"50","right":"20","bottom":"20","left":"20","isLinked":false},"padding_mobile":{"unit":"px","top":"29","right":"14","bottom":"24","left":"14","isLinked":false},"width_tablet":{"unit":"%","size":100,"sizes":[]},"width_mobile":{"unit":"%","size":"","sizes":[]},"flex_justify_content":"center","flex_justify_content_tablet":"center","flex_align_items_mobile":"center","border_radius":{"unit":"px","top":"0","right":"10","bottom":"10","left":"0","isLinked":false},"border_radius_tablet":{"unit":"px","top":"0","right":"0","bottom":"10","left":"10","isLinked":false}},"elements":[{"id":"3930df10","settings":{"content_width":"full","title":"Classic <br class=\"hidden-xs hidden-sm hidden-md\">Collection","align_mobile":"center","typography_typography":"custom","typography_font_size":{"unit":"px","size":52,"sizes":[]},"typography_font_size_tablet":{"unit":"px","size":40,"sizes":[]},"typography_font_size_mobile":{"unit":"px","size":24,"sizes":[]},"typography_font_weight":"400","_margin":{"unit":"px","top":"0","right":"0","bottom":"24","left":"0","isLinked":false},"_margin_mobile":{"unit":"px","top":"0","right":"0","bottom":"16","left":"0","isLinked":false},"_margin_tablet":{"unit":"px","top":"0","right":"0","bottom":"18","left":"0","isLinked":false}},"elements":[],"isInner":false,"widgetType":"ecomus-heading","elType":"widget"},{"id":"534a98ec","settings":{"content_width":"full","title":"Ultra-protective cases engineered for your boldest behavior. Dual-<br class=\"hidden-xs hidden-sm hidden-md\"\/>layer protection a 3mm raised front lip.","title_size":"p","align_mobile":"center","title_color":"#545454","typography_typography":"custom","typography_font_size":{"unit":"px","size":16,"sizes":[]},"typography_font_weight":"400","_margin":{"unit":"px","top":"0","right":"0","bottom":"33","left":"0","isLinked":false},"_margin_mobile":{"unit":"px","top":"0","right":"0","bottom":"18","left":"0","isLinked":false},"typography_font_size_mobile":{"unit":"px","size":14,"sizes":[]},"_margin_tablet":{"unit":"px","top":"0","right":"0","bottom":"24","left":"0","isLinked":false},"alignment_mobile":"center"},"elements":[],"isInner":false,"widgetType":"ecomus-heading","elType":"widget"},{"id":"73be0f8d","settings":{"content_width":"full","text":"Shop Collection","typography_typography":"custom","typography_font_size":{"unit":"px","size":14,"sizes":[]},"typography_font_weight":"600","border_radius":{"unit":"px","top":"60","right":"60","bottom":"60","left":"60","isLinked":true},"text_padding":{"unit":"px","top":"15","right":"31","bottom":"15","left":"31","isLinked":false},"text_padding_mobile":{"unit":"px","top":"11","right":"26","bottom":"11","left":"26","isLinked":false},"button_text":"Shop Collection","button_style":"outline-dark","button_padding_mobile":{"unit":"px","top":"11","right":"24","bottom":"10","left":"24","isLinked":false},"button_link":{"url":"https:\/\/wpecomus.com\/phonecase\/shop\/","is_external":"","nofollow":"","custom_attributes":""}},"elements":[],"isInner":false,"widgetType":"ecomus-button","elType":"widget"}],"isInner":true,"elType":"container"}],"isInner":true,"elType":"container"}],"isInner":false,"elType":"container"},{"id":"1f76408c","settings":{"margin":{"unit":"px","top":"0","right":"0","bottom":"90","left":"0","isLinked":false},"margin_tablet":{"unit":"px","top":"0","right":"0","bottom":"76","left":"0","isLinked":false},"margin_mobile":{"unit":"px","top":"0","right":"0","bottom":"67","left":"0","isLinked":false}},"elements":[{"id":"3dcb4841","settings":{"icons_box":[{"icon":{"value":{"url":"https:\/\/wpecomus.com\/phonecase\/wp-content\/uploads\/sites\/23\/2024\/12\/phone-icon-1.svg","id":6683},"library":"svg"},"title":"Protects Our Oceans","description":"Pela donates a % of every sale to Ocean Cleanup<br\/> and Preservation Initiatives.","_id":"257a15b","image":{"id":6667,"url":"https:\/\/wpecomus.com\/phonecase\/wp-content\/uploads\/sites\/23\/2024\/12\/placeholder.png"}},{"icon":{"value":{"url":"https:\/\/wpecomus.com\/phonecase\/wp-content\/uploads\/sites\/23\/2024\/12\/phone-icon-2.svg","id":6684},"library":"svg"},"title":"Inspired by Plants","description":"Made from flax shive and a plant based biopolymer<br\/> create the base for our compostable cases.","_id":"91a3998","image":{"id":6668,"url":"https:\/\/wpecomus.com\/phonecase\/wp-content\/uploads\/sites\/23\/2024\/12\/placeholder-1.png"}},{"icon":{"value":{"url":"https:\/\/wpecomus.com\/phonecase\/wp-content\/uploads\/sites\/23\/2024\/12\/phone-icon-3.svg","id":6685},"library":"svg"},"title":"100% Happiness Guarantee","description":"Enjoy free shipping worldwide, fast and secure checkout,<br\/> and hassle-free exchange and returns.","_id":"60a03fa","image":{"id":6669,"url":"https:\/\/wpecomus.com\/phonecase\/wp-content\/uploads\/sites\/23\/2024\/12\/placeholder-2.png"}}],"slides_to_show_tablet":2,"slides_to_show_mobile":1,"slides_to_scroll_tablet":1,"slides_to_scroll_mobile":1,"navigation_classes_tablet":"dots","navigation_classes_mobile":"dots","alignment":"center","title_color":"#000000","title_typography_typography":"custom","title_typography_font_size":{"unit":"px","size":18,"sizes":[]},"title_typography_font_weight":"400","title_spacing":{"unit":"px","size":10,"sizes":[]},"title_spacing_tablet":{"unit":"px","size":8,"sizes":[]},"title_spacing_mobile":{"unit":"px","size":6,"sizes":[]},"description_color":"#545454","icon_size":{"unit":"px","size":40,"sizes":[]},"icon_spacing":{"unit":"px","size":34,"sizes":[]},"icon_spacing_tablet":{"unit":"px","size":28,"sizes":[]},"icon_spacing_mobile":{"unit":"px","size":22,"sizes":[]},"dots_spacing_mobile":{"unit":"px","size":15,"sizes":[]}},"elements":[],"isInner":false,"widgetType":"ecomus-icon-box-carousel","elType":"widget"}],"isInner":false,"elType":"container"},{"id":"7d6582e0","settings":{"background_background":"classic","background_color":"#F6F6F6","margin":{"unit":"px","top":"0","right":"0","bottom":"75","left":"0","isLinked":false},"margin_tablet":{"unit":"px","top":"0","right":"0","bottom":"63","left":"0","isLinked":false},"margin_mobile":{"unit":"px","top":"0","right":"0","bottom":"56","left":"0","isLinked":false},"padding":{"unit":"px","top":"126","right":"0","bottom":"102","left":"0","isLinked":false},"padding_tablet":{"unit":"px","top":"107","right":"0","bottom":"86","left":"0","isLinked":false},"padding_mobile":{"unit":"px","top":"50","right":"0","bottom":"76","left":"0","isLinked":false}},"elements":[{"id":"3756f61a","settings":{"testimonials":[{"testimonial_name":"Robert Smith","testimonial_company":"Almond Latte - Cute iPhone Case","_id":"d383934","testimonial_title":"","testimonial_subtitle":"GREAT SELECTION AND QUALITY","testimonial_content":"\"I have been shopping with this web fashion site for over a year now and I can confidently say it is the best online fashion site out there. The shipping is always fast and the customer service team is friendly and helpful. I highly recommend this site to anyone looking for affordable clothing.\"","testimonial_image":{"id":6686,"url":"https:\/\/wpecomus.com\/phonecase\/wp-content\/uploads\/sites\/23\/2024\/12\/phone-testi-1.webp","alt":"","source":"library","size":""},"testimonial_image_2":{"id":6687,"url":"https:\/\/wpecomus.com\/phonecase\/wp-content\/uploads\/sites\/23\/2024\/12\/phone-testi-2.webp","alt":"","source":"library","size":""},"testimonial_link":{"url":"https:\/\/wpecomus.com\/phonecase\/product\/almond-latte-cute-iphone-case\/","is_external":"","nofollow":"","custom_attributes":""}},{"testimonial_name":"Jesicca  A","testimonial_company":"Full Glam Beige - Iphone Case","testimonial_title":"","testimonial_subtitle":"BEST ONLINE FASHION SITE","testimonial_content":"\"I have been shopping with this web fashion site for over a year now and I can confidently say it is the best online fashion site out there. The shipping is always fast and the customer service team is friendly and helpful. I highly recommend this site to anyone looking for affordable clothing.\"","testimonial_image":{"id":6688,"url":"https:\/\/wpecomus.com\/phonecase\/wp-content\/uploads\/sites\/23\/2024\/12\/phone-testi-3.webp","alt":"","source":"library","size":""},"testimonial_image_2":{"id":6689,"url":"https:\/\/wpecomus.com\/phonecase\/wp-content\/uploads\/sites\/23\/2024\/12\/phone-testi-4.webp","alt":"","source":"library","size":""},"_id":"04edf6d","testimonial_link":{"url":"https:\/\/wpecomus.com\/phonecase\/product\/full-glam-beige-iphone-case\/","is_external":"","nofollow":"","custom_attributes":""}},{"testimonial_name":"Robert Smith","testimonial_company":"Femme Fatale - Iphone Case","testimonial_title":"","testimonial_subtitle":"GREAT SELECTION AND QUALITY","testimonial_content":"\"I have been shopping with this web fashion site for over a year now and I can confidently say it is the best online fashion site out there. The shipping is always fast and the customer service team is friendly and helpful. I highly recommend this site to anyone looking for affordable clothing.\"","testimonial_image":{"id":6690,"url":"https:\/\/wpecomus.com\/phonecase\/wp-content\/uploads\/sites\/23\/2024\/12\/phone-testi-5.webp","alt":"","source":"library","size":""},"testimonial_image_2":{"id":6691,"url":"https:\/\/wpecomus.com\/phonecase\/wp-content\/uploads\/sites\/23\/2024\/12\/phone-testi-6.webp","alt":"","source":"library","size":""},"_id":"c869448","testimonial_link":{"url":"https:\/\/wpecomus.com\/phonecase\/product\/femme-fatale-iphone-case\/","is_external":"","nofollow":"","custom_attributes":""}}],"image_item_border_radius":{"unit":"px","top":"10","right":"10","bottom":"10","left":"10","isLinked":true},"content_item_subtitle_color":"#000000","content_item_subtitle_typo_typography":"custom","content_item_subtitle_typo_font_size":{"unit":"px","size":12,"sizes":[]},"content_item_subtitle_typo_font_weight":"700","content_item_subtitle_typo_text_transform":"uppercase","content_item_subtitle_spacing":{"unit":"px","size":22,"sizes":[]},"content_item_subtitle_spacing_tablet":{"unit":"px","size":16,"sizes":[]},"content_item_rating_size":{"unit":"px","size":20,"sizes":[]},"content_item_rating_color":"#67C08F","content_item_rating_spacing":{"unit":"px","size":0,"sizes":[]},"navigation_classes_mobile":"dots","content_item_name_spacing_mobile":{"unit":"px","size":22,"sizes":[]}},"elements":[],"isInner":false,"widgetType":"ecomus-testimonial-carousel","elType":"widget"}],"isInner":false,"elType":"container"},{"id":"7c74a93","settings":{"flex_gap":{"column":"","row":"","isLinked":true,"unit":"px","size":null},"margin":{"unit":"px","top":"0","right":"0","bottom":"53","left":"0","isLinked":false},"margin_tablet":{"unit":"px","top":"0","right":"0","bottom":"50","left":"0","isLinked":false},"margin_mobile":{"unit":"px","top":"0","right":"0","bottom":"30","left":"0","isLinked":false}},"elements":[{"id":"1dbf43e","settings":{"title":"Photos from our #ecocase","title_size":"h4","align":"center","typography_typography":"custom","typography_font_size_tablet":{"unit":"px","size":32,"sizes":[]},"typography_font_size_mobile":{"unit":"px","size":22,"sizes":[]}},"elements":[],"isInner":false,"widgetType":"ecomus-heading","elType":"widget"}],"isInner":false,"elType":"container"},{"id":"6a8507a6","settings":{"flex_direction":"row","flex_gap":{"column":"10","row":"10","isLinked":true,"unit":"px","size":10},"margin":{"unit":"px","top":"0","right":"0","bottom":"68","left":"0","isLinked":false},"margin_tablet":{"unit":"px","top":"0","right":"0","bottom":"57","left":"0","isLinked":false},"margin_mobile":{"unit":"px","top":"0","right":"0","bottom":"51","left":"0","isLinked":false}},"elements":[{"id":"5fc06f7c","settings":{"content_width":"full","width":{"unit":"custom","size":"calc(40% - 10px )"},"width_tablet":{"unit":"custom","size":"","sizes":[]},"width_mobile":{"unit":"%","size":100,"sizes":[]}},"elements":[{"id":"24e33121","settings":{"image":{"id":6692,"url":"https:\/\/wpecomus.com\/phonecase\/wp-content\/uploads\/sites\/23\/2024\/12\/phone-ins-1.webp","alt":"","source":"library","size":""},"title":"","height":{"unit":"px","size":570,"sizes":[]},"height_tablet":{"unit":"px","size":277,"sizes":[]},"height_mobile":{"unit":"px","size":345,"sizes":[]},"button_text":"","border_radius":{"unit":"px","top":"10","right":"10","bottom":"10","left":"10","isLinked":true},"button_link":{"url":"","is_external":"","nofollow":"","custom_attributes":""}},"elements":[],"isInner":false,"widgetType":"ecomus-banner","elType":"widget"}],"isInner":true,"elType":"container"},{"id":"833b946","settings":{"content_width":"full","width":{"unit":"%","size":60},"padding":{"unit":"px","top":0,"right":0,"bottom":0,"left":0,"isLinked":true},"flex_gap":{"unit":"px","size":10,"column":"10","row":"10","isLinked":true},"width_tablet":{"unit":"%","size":62,"sizes":[]},"width_mobile":{"unit":"%","size":100,"sizes":[]},"flex_direction":"row","flex_wrap":"wrap"},"elements":[{"id":"b66b963","settings":{"image":{"id":6693,"url":"https:\/\/wpecomus.com\/phonecase\/wp-content\/uploads\/sites\/23\/2024\/12\/phone-ins-2.webp","alt":"","source":"library","size":""},"title":"","height":{"unit":"px","size":280,"sizes":[]},"height_tablet":{"unit":"px","size":133,"sizes":[]},"height_mobile":{"unit":"px","size":167,"sizes":[]},"button_text":"","border_radius":{"unit":"px","top":"10","right":"10","bottom":"10","left":"10","isLinked":true},"_element_width":"initial","_element_custom_width":{"unit":"custom","size":"calc( 33.3333% - ( 20px \/ 3 ) )","sizes":[]},"_element_custom_width_tablet":{"unit":"custom","size":"calc( 33.3333% - ( 20px \/ 3 ) )","sizes":[]},"_element_custom_width_mobile":{"unit":"custom","size":"calc( 50% - 5px )","sizes":[]},"button_link":{"url":"","is_external":"","nofollow":"","custom_attributes":""}},"elements":[],"isInner":false,"widgetType":"ecomus-banner","elType":"widget"},{"id":"480a9e44","settings":{"image":{"id":6694,"url":"https:\/\/wpecomus.com\/phonecase\/wp-content\/uploads\/sites\/23\/2024\/12\/phone-ins-3.webp","alt":"","source":"library","size":""},"title":"","height":{"unit":"px","size":280,"sizes":[]},"height_tablet":{"unit":"px","size":133,"sizes":[]},"height_mobile":{"unit":"px","size":167,"sizes":[]},"button_text":"","border_radius":{"unit":"px","top":"10","right":"10","bottom":"10","left":"10","isLinked":true},"_element_width":"initial","_element_custom_width":{"unit":"custom","size":"calc( 33.3333% - ( 20px \/ 3 ) )","sizes":[]},"_element_custom_width_tablet":{"unit":"custom","size":"calc( 33.3333% - ( 20px \/ 3 ) )","sizes":[]},"_element_custom_width_mobile":{"unit":"custom","size":"calc( 50% - 5px )","sizes":[]},"button_link":{"url":"","is_external":"","nofollow":"","custom_attributes":""}},"elements":[],"isInner":false,"widgetType":"ecomus-banner","elType":"widget"},{"id":"38519c19","settings":{"image":{"id":6695,"url":"https:\/\/wpecomus.com\/phonecase\/wp-content\/uploads\/sites\/23\/2024\/12\/phone-ins-4.webp","alt":"","source":"library","size":""},"title":"","height":{"unit":"px","size":280,"sizes":[]},"height_tablet":{"unit":"px","size":133,"sizes":[]},"height_mobile":{"unit":"px","size":167,"sizes":[]},"button_text":"","border_radius":{"unit":"px","top":"10","right":"10","bottom":"10","left":"10","isLinked":true},"_element_width":"initial","_element_custom_width":{"unit":"custom","size":"calc( 33.3333% - ( 20px \/ 3 ) )","sizes":[]},"_element_custom_width_tablet":{"unit":"custom","size":"calc( 33.3333% - ( 20px \/ 3 ) )","sizes":[]},"_element_custom_width_mobile":{"unit":"custom","size":"calc( 50% - 5px )","sizes":[]},"button_link":{"url":"","is_external":"","nofollow":"","custom_attributes":""}},"elements":[],"isInner":false,"widgetType":"ecomus-banner","elType":"widget"},{"id":"504079e4","settings":{"image":{"id":6696,"url":"https:\/\/wpecomus.com\/phonecase\/wp-content\/uploads\/sites\/23\/2024\/12\/phone-ins-5.webp","alt":"","source":"library","size":""},"title":"","height":{"unit":"px","size":280,"sizes":[]},"height_tablet":{"unit":"px","size":133,"sizes":[]},"height_mobile":{"unit":"px","size":167,"sizes":[]},"button_text":"","border_radius":{"unit":"px","top":"10","right":"10","bottom":"10","left":"10","isLinked":true},"_element_width":"initial","_element_custom_width":{"unit":"custom","size":"calc( 33.3333% - ( 20px \/ 3 ) )","sizes":[]},"_element_custom_width_tablet":{"unit":"custom","size":"calc( 33.3333% - ( 20px \/ 3 ) )","sizes":[]},"_element_custom_width_mobile":{"unit":"custom","size":"calc( 50% - 5px )","sizes":[]},"button_link":{"url":"","is_external":"","nofollow":"","custom_attributes":""}},"elements":[],"isInner":false,"widgetType":"ecomus-banner","elType":"widget"},{"id":"61b5279c","settings":{"image":{"id":6697,"url":"https:\/\/wpecomus.com\/phonecase\/wp-content\/uploads\/sites\/23\/2024\/12\/phone-ins-6.webp","alt":"","source":"library","size":""},"title":"","height":{"unit":"px","size":280,"sizes":[]},"height_tablet":{"unit":"px","size":133,"sizes":[]},"height_mobile":{"unit":"px","size":167,"sizes":[]},"button_text":"","border_radius":{"unit":"px","top":"10","right":"10","bottom":"10","left":"10","isLinked":true},"_element_width":"initial","_element_custom_width":{"unit":"custom","size":"calc( 33.3333% - ( 20px \/ 3 ) )","sizes":[]},"_element_custom_width_tablet":{"unit":"custom","size":"calc( 33.3333% - ( 20px \/ 3 ) )","sizes":[]},"_element_custom_width_mobile":{"unit":"custom","size":"calc( 50% - 5px )","sizes":[]},"button_link":{"url":"","is_external":"","nofollow":"","custom_attributes":""}},"elements":[],"isInner":false,"widgetType":"ecomus-banner","elType":"widget"},{"id":"6dace8c7","settings":{"image":{"id":6698,"url":"https:\/\/wpecomus.com\/phonecase\/wp-content\/uploads\/sites\/23\/2024\/12\/phone-ins-7.webp","alt":"","source":"library","size":""},"title":"","height":{"unit":"px","size":280,"sizes":[]},"height_tablet":{"unit":"px","size":133,"sizes":[]},"height_mobile":{"unit":"px","size":167,"sizes":[]},"button_text":"","border_radius":{"unit":"px","top":"10","right":"10","bottom":"10","left":"10","isLinked":true},"_element_width":"initial","_element_custom_width":{"unit":"custom","size":"calc( 33.3333% - ( 20px \/ 3 ) )","sizes":[]},"_element_custom_width_tablet":{"unit":"custom","size":"calc( 33.3333% - ( 20px \/ 3 ) )","sizes":[]},"_element_custom_width_mobile":{"unit":"custom","size":"calc( 50% - 5px )","sizes":[]},"button_link":{"url":"","is_external":"","nofollow":"","custom_attributes":""}},"elements":[],"isInner":false,"widgetType":"ecomus-banner","elType":"widget"}],"isInner":true,"elType":"container"}],"isInner":false,"elType":"container"}],"page_settings":{"hide_page_header":"yes","content_top_spacing":"custom","content_top_padding":{"unit":"px","size":0,"sizes":[]},"content_bottom_spacing":"custom","content_bottom_padding":{"unit":"px","size":0,"sizes":[]}},"version":"0.4","title":"Home Phonecase","type":"page"}