{"content":[{"id":"c6f1c49","settings":{"content_width":"full"},"elements":[{"id":"2e376149","settings":{"content_width":"full","slides":[{"title":"Skincare Reimagined.","description":"To deliver peak potency, minus the waste","button_text":"Shop collection","_id":"649974b","banner_background_img":{"id":6235,"url":"https:\/\/wpecomus.com\/skincare\/wp-content\/uploads\/sites\/16\/2024\/10\/home-skincare-slide1-jpg.avif","alt":"","source":"library","size":""},"background_position":"center center","button_link":{"url":"https:\/\/wpecomus.com\/skincare\/product-category\/cleansing\/","is_external":"","nofollow":"","custom_attributes":""}},{"title":"Beauty in Every Drop","description":"Indulge in the luxury of flawless skin","button_text":"Shop collection","_id":"47ac216","banner_background_img":{"id":6236,"url":"https:\/\/wpecomus.com\/skincare\/wp-content\/uploads\/sites\/16\/2024\/10\/home-skincare-slide2-jpg.avif","alt":"","source":"library","size":""},"background_position":"center center","button_link":{"url":"https:\/\/wpecomus.com\/skincare\/product-category\/moisturizing-and-hydrating\/","is_external":"","nofollow":"","custom_attributes":""}},{"title":"Skin Love, Unleashed","description":"Experience the magic of self-care with our premium skincare","button_text":"Shop collection","_id":"6c69269","banner_background_img":{"id":6237,"url":"https:\/\/wpecomus.com\/skincare\/wp-content\/uploads\/sites\/16\/2024\/10\/home-skincare-slide3-jpg.avif","alt":"","source":"library","size":""},"background_position":"center center","button_link":{"url":"https:\/\/wpecomus.com\/skincare\/product-category\/anti-aging\/","is_external":"","nofollow":"","custom_attributes":""}}],"slides_height":{"unit":"vh","size":100,"sizes":[]},"slides_height_tablet":{"unit":"vh","size":"","sizes":[]},"slides_height_mobile":{"unit":"vh","size":"","sizes":[]},"show_button_icon":"alway","navigation_classes":"dots","slides_horizontal_position":"center","slides_vertical_position":"middle","slides_text_align":"center","title_color":"#FFFFFF","description_color":"#FFFFFF","button_style":"light","dots_type":"","dot_item_color":"#FFFFFF33","dot_item_active_color":"#FFFFFF","dots_position":"right","dot_align":"center","dot_align_position_right":"center","navigation_classes_tablet":"dots","dot_align_tablet":"center","dot_align_position_right_tablet":"center","button_icon":{"value":{"url":"https:\/\/wpecomus.com\/skincare\/wp-content\/uploads\/sites\/16\/2024\/07\/arrow-right.svg","id":3886},"library":"svg"},"dots_gap_mobile":{"unit":"px","size":2,"sizes":[]},"dots_size_mobile":{"unit":"px","size":5,"sizes":[]},"button_icon_padding_mobile":{"unit":"px","top":"3","right":"0","bottom":"0","left":"0","isLinked":false}},"elements":[],"isInner":false,"widgetType":"ecomus-slides","elType":"widget"}],"isInner":false,"elType":"container"},{"id":"607f68be","settings":{"background_background":"classic","background_color":"#F9F6EF","padding":{"unit":"px","top":"87","right":"0","bottom":"100","left":"0","isLinked":false},"padding_mobile":{"unit":"px","top":"65","right":"0","bottom":"60","left":"0","isLinked":false},"padding_tablet":{"unit":"px","top":"70","right":"0","bottom":"100","left":"0","isLinked":false}},"elements":[{"id":"50b7d42b","settings":{"content_width":"full","tabs":[{"heading":"Essentials","_id":"fc2aabc"},{"heading":"Gift Sets","products":"best_selling_products","_id":"8e8cea1"}],"slides_to_show_tablet":3,"slides_to_scroll_tablet":3,"navigation_classes_tablet":"dots","slides_to_show_mobile":2,"slides_to_scroll_mobile":2,"image_spacing_custom_mobile":15,"heading_spacing":{"unit":"px","size":74,"sizes":[]},"heading_spacing_tablet":{"unit":"px","size":25,"sizes":[]},"arrows_horizontal_spacing":{"unit":"px","size":-85,"sizes":[]},"arrows_vertical_spacing":{"unit":"%","size":50,"sizes":[]},"arrows_vertical_spacing_tablet":{"unit":"%","size":"","sizes":[]},"arrows_vertical_spacing_mobile":{"unit":"%","size":"","sizes":[]},"heading_typography_typography":"custom","heading_typography_font_weight":"400","heading_active_typography_typography":"custom","heading_active_typography_font_weight":"500","arrows_show":"1"},"elements":[],"isInner":false,"widgetType":"ecomus-product-tabs-carousel","elType":"widget"}],"isInner":false,"elType":"container"},{"id":"9f2db8a","settings":{"min_height":{"unit":"vh","size":100,"sizes":[]},"min_height_tablet":{"unit":"px","size":500,"sizes":[]},"min_height_mobile":{"unit":"px","size":400,"sizes":[]},"flex_justify_content":"center","flex_align_items":"center","flex_gap":{"column":"15","row":"15","isLinked":true,"unit":"px","size":15},"background_background":"classic","background_image":{"id":6246,"url":"https:\/\/wpecomus.com\/skincare\/wp-content\/uploads\/sites\/16\/2024\/10\/home-skincare-bg-product-jpg.avif","alt":"","source":"library","size":""},"background_position":"center center","background_repeat":"no-repeat","background_size":"cover","background_position_tablet":"center center","padding_mobile":{"unit":"px","top":"0","right":"15","bottom":"0","left":"15","isLinked":false}},"elements":[{"id":"67da06e9","settings":{"content_width":"full","title":"ULTRA-PREMIUM SILK","title_size":"div","title_color":"#FFFFFF","typography_typography":"custom","typography_font_weight":"700"},"elements":[],"isInner":false,"widgetType":"ecomus-heading","elType":"widget"},{"id":"493c4e73","settings":{"content_width":"full","title":"Silk Blouses Shirts","title_size":"h3","title_color":"#FFFFFF","typography_typography":"custom","typography_font_weight":"400","_margin":{"unit":"px","top":"0","right":"0","bottom":"12","left":"0","isLinked":false},"typography_font_size_mobile":{"unit":"px","size":24,"sizes":[]},"_margin_mobile":{"unit":"px","top":"0","right":"0","bottom":"5","left":"0","isLinked":false}},"elements":[],"isInner":false,"widgetType":"ecomus-heading","elType":"widget"},{"id":"11766761","settings":{"content_width":"full","title":"Shop our luxury silk button-up blouses made with ultra-soft, washable silk.","title_size":"div","title_color":"#E7E7E7","typography_font_weight":"400","_margin":{"unit":"px","top":"0","right":"0","bottom":"20","left":"0","isLinked":false},"align_mobile":"center","typography_typography":"custom","typography_font_size_mobile":{"unit":"px","size":16,"sizes":[]},"_margin_mobile":{"unit":"px","top":"0","right":"0","bottom":"10","left":"0","isLinked":false},"typography_font_size":{"unit":"px","size":16,"sizes":[]}},"elements":[],"isInner":false,"widgetType":"ecomus-heading","elType":"widget"},{"id":"44c5b892","settings":{"content_width":"full","button_text":"Shop Collection","button_min_width":{"unit":"px","size":164,"sizes":[]},"button_min_height":{"unit":"px","size":47,"sizes":[]},"text":"Shop Collection","button_link":{"url":"https:\/\/wpecomus.com\/skincare\/shop\/","is_external":"","nofollow":"","custom_attributes":""},"button_background_color":"#FFFFFF","button_text_color":"#000000","button_border_color":"#FFFFFF","button_background_hover_color":"#FFFFFF","hover_color":"#000000","button_hover_border_color":"#FFFFFF","button_background_effect_hover_color":"#00000040"},"elements":[],"isInner":false,"widgetType":"ecomus-button","elType":"widget"}],"isInner":false,"elType":"container"},{"id":"4463146c","settings":{"content_width":"full"},"elements":[{"id":"7cce8adf","settings":{"content_width":"full","items":[{"text":"FREE SHIPPING AND RETURN","_id":"fa6fccc","icon":{"value":"fas fa-caret-up","library":"fa-solid"},"image":{"id":"","url":"https:\/\/wpecomus.com\/skincare\/wp-content\/plugins\/elementor\/assets\/images\/placeholder.png"}},{"text":"NEW SEASON, NEW STYLES: PRODUCTS SALE YOU CAN'T MISS","icon":{"value":"fas fa-caret-up","library":"fa-solid"},"_id":"1b518de","image":{"id":"","url":"https:\/\/wpecomus.com\/skincare\/wp-content\/plugins\/elementor\/assets\/images\/placeholder.png"}}],"padding":{"unit":"px","top":"20","right":"0","bottom":"20","left":"0","isLinked":false},"gap":{"unit":"px","size":30,"sizes":[]},"background_color":"#000000","icon_size":{"unit":"px","size":12,"sizes":[]},"icon_color":"#FFFFFF","spacing":{"unit":"px","size":30,"sizes":[]},"text_typography_typography":"custom","text_typography_font_size":{"unit":"px","size":12,"sizes":[]},"text_typography_font_weight":"600","text_color":"#FFFFFF"},"elements":[],"isInner":false,"widgetType":"ecomus-marquee","elType":"widget"}],"isInner":false,"elType":"container"},{"id":"32839741","settings":{"flex_direction":"row","flex_gap":{"unit":"px","size":30,"column":"30","row":"30","isLinked":true},"padding":{"unit":"px","top":"65","right":"0","bottom":"65","left":"0","isLinked":false},"flex_direction_mobile":"row-reverse","flex_gap_mobile":{"column":"15","row":"15","isLinked":true,"unit":"px","size":15},"padding_mobile":{"unit":"px","top":"50","right":"0","bottom":"30","left":"0","isLinked":false},"padding_tablet":{"unit":"px","top":"65","right":"0","bottom":"45","left":"0","isLinked":false},"flex_align_items":"stretch"},"elements":[{"id":"2b860148","settings":{"flex_direction":"column","content_width":"full","width":{"unit":"%","size":"50"},"background_background":"classic","background_color":"#F47249","border_radius":{"unit":"px","top":"20","right":"20","bottom":"20","left":"20","isLinked":true},"padding":{"unit":"px","top":"67","right":"92","bottom":"90","left":"82","isLinked":false},"width_tablet":{"unit":"%","size":50,"sizes":[]},"width_mobile":{"unit":"%","size":"","sizes":[]},"padding_tablet":{"unit":"px","top":"25","right":"15","bottom":"35","left":"15","isLinked":false}},"elements":[{"id":"603a4f91","settings":{"content_width":"full","title":"How to Use","title_size":"h3","title_color":"#FFFFFF","typography_typography":"custom","typography_font_size_tablet":{"unit":"px","size":40,"sizes":[]},"typography_font_size_mobile":{"unit":"px","size":24,"sizes":[]}},"elements":[],"isInner":false,"widgetType":"ecomus-heading","elType":"widget"},{"id":"4ea58324","settings":{"content_width":"full","title":"EASY USE WITH 4 STEPS\n\n","title_size":"div","typography_typography":"custom","typography_font_size":{"unit":"px","size":16,"sizes":[]},"title_color":"#FFFFFF","typography_font_size_mobile":{"unit":"px","size":14,"sizes":[]},"_padding":{"unit":"px","top":"0","right":"0","bottom":"24","left":"0","isLinked":false},"_padding_mobile":{"unit":"px","top":"0","right":"0","bottom":"10","left":"0","isLinked":false}},"elements":[],"isInner":false,"widgetType":"ecomus-heading","elType":"widget"},{"id":"568eb743","settings":{"content_width":"full","items":[{"text":"Unscrew cap of 4EVERBTL\u2122 and fill with water. Screw cap back on.","_id":"62ca009"},{"text":"Peel-off one blister individual seal and place tablet in the palm of your hand.","_id":"7b55d8a"},{"text":"Add 3-8 drops of water and mix until tablet is fully dissolved.","_id":"01dc983"},{"_id":"e51852f","text":"Apply on clean skin like any liquid serum!"}],"border_color":"#EBEBEB26","number_color":"#FFFFFF","text_color":"#FFFFFF"},"elements":[],"isInner":false,"widgetType":"ecomus-numbered-list","elType":"widget"}],"isInner":true,"elType":"container"},{"id":"2a3bf58e","settings":{"flex_direction":"column","content_width":"full","width":{"unit":"%","size":"50"},"width_mobile":{"unit":"%","size":"","sizes":[]},"min_height_tablet":{"unit":"custom","size":"100%","sizes":[]},"min_height_mobile":{"unit":"custom","size":"","sizes":[]},"min_height":{"unit":"custom","size":"100%","sizes":[]}},"elements":[{"id":"3d809c89","settings":{"content_width":"full","video_type":"hosted","youtube_url":"https:\/\/www.youtube.com\/watch?v=XHOmBV4js_E","vimeo_url":"https:\/\/vimeo.com\/235215203","dailymotion_url":"https:\/\/www.dailymotion.com\/video\/x6tqhqb","hosted_url":{"id":6251,"url":"https:\/\/wpecomus.com\/skincare\/wp-content\/uploads\/sites\/16\/2024\/10\/home-skincare-video.mp4","alt":"","source":"library","size":""},"videopress_url":"https:\/\/videopress.com\/v\/ZCAOzTNk","aspect_ratio":"11","_border_radius":{"unit":"px","top":"20","right":"20","bottom":"20","left":"20","isLinked":true},"image_overlay":{"id":6227,"url":"https:\/\/wpecomus.com\/skincare\/wp-content\/uploads\/sites\/16\/2024\/10\/placeholder.png"},"_element_width":"inherit","_element_width_tablet":"inherit"},"elements":[],"isInner":false,"widgetType":"video","elType":"widget"}],"isInner":true,"elType":"container"}],"isInner":false,"elType":"container"},{"id":"2eb488be","settings":{"padding":{"unit":"px","top":"15","right":"0","bottom":"100","left":"0","isLinked":false},"padding_mobile":{"unit":"px","top":"15","right":"0","bottom":"75","left":"0","isLinked":false}},"elements":[{"id":"f3fabc7","settings":{"content_width":"full","stores":[{"heading":"Organic Ingredients","image":{"id":6253,"url":"https:\/\/wpecomus.com\/skincare\/wp-content\/uploads\/sites\/16\/2024\/10\/home-skincare-tab1-jpg.avif","alt":"","source":"library","size":""},"title":"Organic Ingredients","description":"<div class=\"hdt-tabs-content hdt-text-base hdt-font-normal\">Use certified organic ingredients to assure consumers that the product is free from synthetic pesticides and fertilizers.<\/div>","_id":"1bb82bb","button_text":"Shop collection","button_link":{"url":"https:\/\/wpecomus.com\/skincare\/product-category\/acne-treatment\/","is_external":"","nofollow":"","custom_attributes":""}},{"heading":"Cruelty-Free","image":{"id":6254,"url":"https:\/\/wpecomus.com\/skincare\/wp-content\/uploads\/sites\/16\/2024\/10\/home-skincare-tab2-jpg.avif","alt":"","source":"library","size":""},"title":"Our Verified Cruelty-Free","description":"<div class=\"hdt-tabs-content hdt-text-base hdt-font-normal\">Get full-size, verified cruelty-free and vegan products in every box! We work directly with brands to bring you huge discounts.<\/div>","_id":"9998d3b","button_text":"Shop collection","button_link":{"url":"https:\/\/wpecomus.com\/skincare\/product-category\/sensitive-skincare\/","is_external":"","nofollow":"","custom_attributes":""}},{"heading":"Sustainable","image":{"id":6255,"url":"https:\/\/wpecomus.com\/skincare\/wp-content\/uploads\/sites\/16\/2024\/10\/home-skincare-tab3-jpg.avif","alt":"","source":"library","size":""},"title":"Sustainable expansion","description":"<div class=\"hdt-tabs-content hdt-text-base hdt-font-normal\">With steadily increasing demand, the authors suggest that a major opportunity exists for environmentally and socially sustainable expansion<\/div>","_id":"ff0fc2f","button_text":"Shop collection","button_link":{"url":"https:\/\/wpecomus.com\/skincare\/product-category\/special-treatments\/","is_external":"","nofollow":"","custom_attributes":""}}],"reverse":"yes","content_reverse":"yes","content_text_align":"center","content_padding":{"unit":"px","top":"50","right":"50","bottom":"50","left":"50","isLinked":true},"content_background_color":"#000000","title_color":"#FFFFFF","description_color":"#FFFFFF","content_border_radius":{"unit":"px","top":"0","right":"20","bottom":"20","left":"0","isLinked":false},"heading_animation":"underline","heading_active_typography_typography":"custom","heading_active_typography_font_weight":"600","heading_typography_typography":"custom","heading_typography_font_size_tablet":{"unit":"px","size":22,"sizes":[]},"heading_typography_font_size_mobile":{"unit":"px","size":18,"sizes":[]},"content_padding_tablet":{"unit":"px","top":"30","right":"30","bottom":"30","left":"30","isLinked":true},"title_typography_typography":"custom","title_typography_font_size":{"unit":"px","size":52,"sizes":[]},"title_typography_font_size_tablet":{"unit":"px","size":40,"sizes":[]},"image_border_radius":{"unit":"px","top":"20","right":"0","bottom":"0","left":"20","isLinked":false},"heading_gap_mobile":{"unit":"px","size":0,"sizes":[]},"heading_padding_mobile":{"unit":"px","top":"0","right":"10","bottom":"0","left":"10","isLinked":false},"content_padding_mobile":{"unit":"px","top":"30","right":"15","bottom":"30","left":"15","isLinked":false},"content_border_radius_mobile":{"unit":"px","top":"0","right":"0","bottom":"20","left":"20","isLinked":false},"image_border_radius_mobile":{"unit":"px","top":"20","right":"20","bottom":"0","left":"0","isLinked":false},"title_typography_font_size_mobile":{"unit":"px","size":24,"sizes":[]},"heading_padding_tablet":{"unit":"px","top":"0","right":"0","bottom":"5","left":"0","isLinked":false},"button_background_color":"#FFFFFF","button_text_color":"#000000","button_border_color":"#FFFFFF","button_background_hover_color":"#FFFFFF","hover_color":"#000000","button_hover_border_color":"#FFFFFF","button_background_effect_hover_color":"#00000040","heading_gap":{"unit":"px","size":50,"sizes":[]},"heading_gap_tablet":{"unit":"px","size":30,"sizes":[]}},"elements":[],"isInner":false,"widgetType":"ecomus-stores-tab","elType":"widget"}],"isInner":false,"elType":"container"},{"id":"41fdfebb","settings":{"background_background":"classic","background_color":"#F9F6EF","padding":{"unit":"px","top":"92","right":"0","bottom":"100","left":"0","isLinked":false},"flex_gap":{"column":"57","row":"57","isLinked":true,"unit":"px","size":57},"flex_gap_mobile":{"column":"30","row":"30","isLinked":true,"unit":"px","size":30},"padding_mobile":{"unit":"px","top":"45","right":"0","bottom":"40","left":"0","isLinked":false},"flex_gap_tablet":{"column":"50","row":"50","isLinked":true,"unit":"px","size":50},"padding_tablet":{"unit":"px","top":"82","right":"0","bottom":"70","left":"0","isLinked":false}},"elements":[{"id":"307ffc13","settings":{"content_width":"full","title":"Exclusive Kits","title_size":"h4","align":"center","typography_typography":"custom","typography_font_size_mobile":{"unit":"px","size":24,"sizes":[]},"typography_font_size_tablet":{"unit":"px","size":32,"sizes":[]}},"elements":[],"isInner":false,"widgetType":"ecomus-heading","elType":"widget"},{"id":"ca7da1d","settings":{"content_width":"full","heading":"This is the text","arrows_horizontal_spacing":{"unit":"px","size":-85,"sizes":[]},"slides_to_show_tablet":3,"slides_to_scroll_tablet":3,"navigation_classes_tablet":"dots","slides_to_show_mobile":2,"slides_to_scroll_mobile":2,"limit":7,"type":"top_rated_products","image_spacing_custom_mobile":15,"arrows_vertical_spacing":{"unit":"%","size":50,"sizes":[]},"arrows_vertical_spacing_tablet":{"unit":"%","size":"","sizes":[]},"arrows_vertical_spacing_mobile":{"unit":"%","size":"","sizes":[]},"arrows_show":"1"},"elements":[],"isInner":false,"widgetType":"ecomus-products-carousel","elType":"widget"}],"isInner":false,"elType":"container"},{"id":"2ab34e8e","settings":{"padding":{"unit":"px","top":"100","right":"0","bottom":"150","left":"0","isLinked":false},"padding_mobile":{"unit":"px","top":"36","right":"0","bottom":"70","left":"0","isLinked":false},"padding_tablet":{"unit":"px","top":"80","right":"0","bottom":"120","left":"0","isLinked":false}},"elements":[{"id":"6ab7712e","settings":{"testimonials":[{"testimonial_name":"Robert Smith","testimonial_company":"100% Organic Cold-Pressed Oil","_id":"26d00d1","testimonial_title":"","testimonial_content":"Love love love! This product is so easy to use!   I absolutely love the Alpha Arbutin product.  It has made such a difference with my hyperpigmentation spots!  I feel so much more confident without makeup on where as before I would never leave the house","testimonial_image":{"id":6256,"url":"https:\/\/wpecomus.com\/skincare\/wp-content\/uploads\/sites\/16\/2024\/10\/home-skincare-tes1-jpg.avif","alt":"","source":"library","size":""},"testimonial_image_2":{"id":6257,"url":"https:\/\/wpecomus.com\/skincare\/wp-content\/uploads\/sites\/16\/2024\/10\/home-skincare-tes2-jpg.avif","alt":"","source":"library","size":""},"testimonial_link":{"url":"https:\/\/wpecomus.com\/skincare\/product\/granactive-retinoid-emulsion\/","is_external":"","nofollow":"","custom_attributes":""},"testimonial_subtitle":"OUR CUSTOMER'S REVIEWS"},{"testimonial_name":"Alex Grien","testimonial_company":"Glycolic Exfoliating Toner","_id":"33699d9","testimonial_title":"","testimonial_content":"I'm impressed with the durability of the furniture collection. Even after years of use, the pieces still look and feel as good as new.I have been shopping with this web fashion site for over a year now and I can confidently say it is the best online.","testimonial_image":{"id":6258,"url":"https:\/\/wpecomus.com\/skincare\/wp-content\/uploads\/sites\/16\/2024\/10\/home-skincare-tes3-jpg.avif","alt":"","source":"library","size":""},"testimonial_image_2":{"id":6259,"url":"https:\/\/wpecomus.com\/skincare\/wp-content\/uploads\/sites\/16\/2024\/10\/home-skincare-tes4-jpg.avif","alt":"","source":"library","size":""},"testimonial_link":{"url":"https:\/\/wpecomus.com\/skincare\/product\/caffeine-depuffing-eye-serum\/","is_external":"","nofollow":"","custom_attributes":""},"testimonial_subtitle":"OUR CUSTOMER'S REVIEWS"}],"navigation_classes_mobile":"dots","thumbnail_width":{"unit":"%","size":43,"sizes":[]},"thumbnail_width_tablet":{"unit":"%","size":"","sizes":[]},"thumbnail_width_mobile":{"unit":"%","size":100,"sizes":[]},"content_width":{"unit":"%","size":54,"sizes":[]},"content_width_tablet":{"unit":"%","size":"","sizes":[]},"content_width_mobile":{"unit":"%","size":100,"sizes":[]}},"elements":[],"isInner":false,"widgetType":"ecomus-testimonial-carousel","elType":"widget"}],"isInner":false,"elType":"container"},{"id":"615a022","settings":[],"elements":[{"id":"299f480b","settings":{"content_width":"full","title":"Before and after use our products","title_size":"h4","align":"center","typography_typography":"custom","typography_font_size_tablet":{"unit":"px","size":32,"sizes":[]},"typography_font_size_mobile":{"unit":"px","size":22,"sizes":[]},"_padding_mobile":{"unit":"px","top":"0","right":"10","bottom":"0","left":"10","isLinked":false}},"elements":[],"isInner":false,"widgetType":"ecomus-heading","elType":"widget"},{"id":"68d36ec7","settings":{"content_width":"full","title":"Witness the transformative power of our skincare solutions as they unveil a<br class=\"hidden-xs hidden-sm\"\/>\nradiant new you","title_size":"div","align":"center","title_color":"#545454","typography_typography":"custom","typography_font_size":{"unit":"px","size":16,"sizes":[]},"typography_font_weight":"400","_margin":{"unit":"px","top":"0","right":"0","bottom":"26","left":"0","isLinked":false},"_margin_mobile":{"unit":"px","top":"0","right":"0","bottom":"13","left":"0","isLinked":false},"typography_font_size_mobile":{"unit":"px","size":14,"sizes":[]}},"elements":[],"isInner":false,"widgetType":"ecomus-heading","elType":"widget"},{"id":"77b26330","settings":{"content_width":"full","before_image":{"id":6261,"url":"https:\/\/wpecomus.com\/skincare\/wp-content\/uploads\/sites\/16\/2024\/10\/home-skincare-before-jpg.avif","alt":"","source":"library","size":""},"after_image":{"id":6260,"url":"https:\/\/wpecomus.com\/skincare\/wp-content\/uploads\/sites\/16\/2024\/10\/home-skincare-after-jpg.avif","alt":"","source":"library","size":""},"before_text":"Before","after_text":"After"},"elements":[],"isInner":false,"widgetType":"ecomus-image-before-after","elType":"widget"}],"isInner":false,"elType":"container"},{"id":"2cbb6fb4","settings":{"margin":{"unit":"px","top":"67","right":"0","bottom":"67","left":"0","isLinked":false},"margin_mobile":{"unit":"px","top":"50","right":"0","bottom":"35","left":"0","isLinked":false},"margin_tablet":{"unit":"px","top":"67","right":"0","bottom":"37","left":"0","isLinked":false}},"elements":[{"id":"1a44e6e2","settings":{"content_width":"full","icons_box":[{"icon":{"value":{"url":"https:\/\/wpecomus.com\/skincare\/wp-content\/uploads\/sites\/16\/2024\/06\/box.svg","id":1397},"library":"svg"},"title":"Free Shipping","description":"You will love at great low prices","_id":"82d6a6a","image":{"id":"","url":"https:\/\/wpecomus.com\/skincare\/wp-content\/plugins\/elementor\/assets\/images\/placeholder.png"}},{"icon":{"value":{"url":"https:\/\/wpecomus.com\/skincare\/wp-content\/uploads\/sites\/16\/2024\/06\/card.svg","id":1398},"library":"svg"},"title":"Flexible Payment","description":"Pay with Multiple Credit Cards","_id":"a15fb08","image":{"id":"","url":"https:\/\/wpecomus.com\/skincare\/wp-content\/plugins\/elementor\/assets\/images\/placeholder.png"}},{"icon":{"value":{"url":"https:\/\/wpecomus.com\/skincare\/wp-content\/uploads\/sites\/16\/2024\/06\/return.svg","id":1399},"library":"svg"},"title":"14 Day Returns","description":"Within 30 days for an exchange","_id":"edf6df9","image":{"id":"","url":"https:\/\/wpecomus.com\/skincare\/wp-content\/plugins\/elementor\/assets\/images\/placeholder.png"}},{"_id":"1e7f2a4","icon":{"value":{"url":"https:\/\/wpecomus.com\/skincare\/wp-content\/uploads\/sites\/16\/2024\/06\/support.svg","id":1400},"library":"svg"},"title":"Premium Support","description":"Outstanding premium support","image":{"id":"","url":"https:\/\/wpecomus.com\/skincare\/wp-content\/plugins\/elementor\/assets\/images\/placeholder.png"}}],"slides_to_show":4,"navigation_classes_tablet":"dots","navigation_classes_mobile":"dots","content_border_border":"none","content_border_width":{"unit":"px","top":"1","right":"1","bottom":"1","left":"1","isLinked":true},"content_border_color":"#EBEBEB","title_typography_typography":"custom","title_typography_font_size":{"unit":"px","size":18,"sizes":[]},"title_typography_font_weight":"500","description_color":"#545454","icon_color":"#000000","icon_size":{"unit":"px","size":30,"sizes":[]},"position":"left","icon_border_border":"solid","icon_border_width":{"unit":"px","top":"1","right":"1","bottom":"1","left":"1","isLinked":true},"icon_border_color":"#ECECEC","border_radius":{"unit":"%","top":"100","right":"100","bottom":"100","left":"100","isLinked":true},"icon_padding":{"unit":"px","top":"20","right":"20","bottom":"20","left":"20","isLinked":true},"position_mobile":"top","alignment_mobile":"center","vertical_alignment":"middle","title_spacing":{"unit":"px","size":10,"sizes":[]}},"elements":[],"isInner":false,"widgetType":"ecomus-icon-box-carousel","elType":"widget"}],"isInner":false,"elType":"container"},{"id":"5bf5890a","settings":[],"elements":[{"id":"217d2fa3","settings":{"content_width":"full","text":"Divider","color":"#EEEEEE"},"elements":[],"isInner":false,"widgetType":"divider","elType":"widget"}],"isInner":false,"elType":"container"},{"id":"632f652d","settings":{"flex_gap":{"column":"18","row":"18","isLinked":true,"unit":"px","size":18},"margin":{"unit":"px","top":"53","right":"0","bottom":"59","left":"0","isLinked":false},"margin_mobile":{"unit":"px","top":"40","right":"0","bottom":"35","left":"0","isLinked":false}},"elements":[{"id":"5a87bea0","settings":{"content_width":"full","title":"Shop Gram","typography_typography":"custom","typography_font_size":{"unit":"px","size":42,"sizes":[]},"typography_font_size_tablet":{"unit":"px","size":32,"sizes":[]},"typography_font_size_mobile":{"unit":"px","size":22,"sizes":[]},"align":"center"},"elements":[],"isInner":false,"widgetType":"ecomus-heading","elType":"widget"},{"id":"597106d0","settings":{"content_width":"full","title":"Inspire and let yourself be inspired, from one unique fashion to another.","title_size":"p","align":"center","title_color":"#545454","typography_typography":"custom","typography_font_size":{"unit":"px","size":16,"sizes":[]},"typography_font_size_mobile":{"unit":"px","size":14,"sizes":[]}},"elements":[],"isInner":false,"widgetType":"ecomus-heading","elType":"widget"}],"isInner":false,"elType":"container"},{"id":"85c119a","settings":{"margin":{"unit":"px","top":"0","right":"0","bottom":"60","left":"0","isLinked":false},"margin_tablet":{"unit":"px","top":"0","right":"0","bottom":"44","left":"0","isLinked":false},"margin_mobile":{"unit":"px","top":"0","right":"0","bottom":"0","left":"0","isLinked":false},"padding_mobile":{"unit":"px","top":"0","right":"0","bottom":"40","left":"0","isLinked":false}},"elements":[{"id":"2dac91c7","settings":{"content_width":"full","instagram_type":"custom","instagrams":[{"_id":"fa0f855","image":{"id":6262,"url":"https:\/\/wpecomus.com\/skincare\/wp-content\/uploads\/sites\/16\/2024\/10\/home-skincare-ins1.jpg","alt":"","source":"library","size":""},"product_id":546},{"image":{"id":6267,"url":"https:\/\/wpecomus.com\/skincare\/wp-content\/uploads\/sites\/16\/2024\/10\/home-skincare-ins2-jpg.avif","alt":"","source":"library","size":""},"product_id":782,"_id":"607f21b"},{"image":{"id":6269,"url":"https:\/\/wpecomus.com\/skincare\/wp-content\/uploads\/sites\/16\/2024\/10\/home-skincare-ins3.jpg","alt":"","source":"library","size":""},"product_id":871,"_id":"573128f"},{"image":{"id":6272,"url":"https:\/\/wpecomus.com\/skincare\/wp-content\/uploads\/sites\/16\/2024\/10\/home-skincare-ins4.jpg","alt":"","source":"library","size":""},"product_id":775,"_id":"14c147f"},{"image":{"id":6270,"url":"https:\/\/wpecomus.com\/skincare\/wp-content\/uploads\/sites\/16\/2024\/10\/home-skincare-ins5.jpg","alt":"","source":"library","size":""},"product_id":766,"_id":"3f0dffa"},{"_id":"0ef130e","image":{"url":"https:\/\/wpecomus.com\/skincare\/wp-content\/uploads\/sites\/16\/2024\/10\/home-skincare-ins6.jpg","id":6273,"size":"","alt":"","source":"library"},"product_id":754},{"_id":"b24db6b","image":{"url":"https:\/\/wpecomus.com\/skincare\/wp-content\/uploads\/sites\/16\/2024\/10\/home-skincare-ins7.jpg","id":6275,"size":"","alt":"","source":"library"},"product_id":743},{"_id":"22a5035","image":{"url":"https:\/\/wpecomus.com\/skincare\/wp-content\/uploads\/sites\/16\/2024\/10\/home-skincare-ins8-jpg.avif","id":6286,"size":"","alt":"","source":"library"},"product_id":738}],"aspect_ratio_type":"square","slides_to_show_tablet":3,"slides_to_show_mobile":2,"slides_to_scroll_tablet":3,"slides_to_scroll_mobile":2,"image_spacing_custom":5,"navigation_classes":"none","image_border_radius":{"unit":"px","top":"20","right":"20","bottom":"20","left":"20","isLinked":true},"icon_border_radius":{"unit":"px","top":"50","right":"50","bottom":"50","left":"50","isLinked":true},"dots_gap_tablet":{"unit":"px","size":4,"sizes":[]},"navigation_classes_tablet":"dots","dots_spacing_tablet":{"unit":"px","size":25,"sizes":[]}},"elements":[],"isInner":false,"widgetType":"ecomus-instagram","elType":"widget"}],"isInner":false,"elType":"container"}],"page_settings":{"header_background":"transparent","header_text_color":"light","hide_page_header":"yes","content_top_spacing":"custom","content_top_padding":{"unit":"px","size":0,"sizes":[]},"content_bottom_spacing":"custom","content_bottom_padding":{"unit":"px","size":0,"sizes":[]}},"version":"0.4","title":"Home Skincare","type":"page"}