{"content":[{"id":"5bbf9ee7","settings":{"content_width":"full","margin":{"unit":"px","top":"0","right":"0","bottom":"71","left":"0","isLinked":false},"margin_tablet":{"unit":"px","top":"0","right":"0","bottom":"60","left":"0","isLinked":false},"margin_mobile":{"unit":"px","top":"0","right":"0","bottom":"39","left":"0","isLinked":false}},"elements":[{"id":"4f595105","settings":{"slides":[{"title":"Foil Pique","description":"From casual to formal, we've got you covered","button_text":"SHOP NOW","_id":"76bd8e5","banner_background_img":{"id":7159,"url":"https:\/\/wpecomus.com\/swimwear\/wp-content\/uploads\/sites\/37\/2024\/12\/swm-sld-1.webp","alt":"","source":"library","size":""},"background_position_mobile":"center center","button_link":{"url":"https:\/\/wpecomus.com\/swimwear\/product-category\/girls\/","is_external":"","nofollow":"","custom_attributes":""}},{"title":"Spring","description":"From casual to formal, we've got you covered","button_text":"SHOP NOW","banner_background_img":{"id":7160,"url":"https:\/\/wpecomus.com\/swimwear\/wp-content\/uploads\/sites\/37\/2024\/12\/swm-sld-2.webp","alt":"","source":"library","size":""},"background_position_mobile":"center center","_id":"4bf3c2c","button_link":{"url":"https:\/\/wpecomus.com\/swimwear\/product-category\/sea-dive\/","is_external":"","nofollow":"","custom_attributes":""}},{"title":"End Of Season","description":"From casual to formal, we've got you covered","button_text":"SHOP NOW","banner_background_img":{"id":7161,"url":"https:\/\/wpecomus.com\/swimwear\/wp-content\/uploads\/sites\/37\/2024\/12\/swm-sld-3.webp","alt":"","source":"library","size":""},"background_position_mobile":"center center","_id":"ca270ad","button_link":{"url":"https:\/\/wpecomus.com\/swimwear\/product-category\/bikinis\/","is_external":"","nofollow":"","custom_attributes":""}}],"slides_height":{"unit":"px","size":797,"sizes":[]},"slides_height_tablet":{"unit":"px","size":428,"sizes":[]},"slides_height_mobile":{"unit":"px","size":350,"sizes":[]},"navigation_classes":"dots","navigation_classes_tablet":"dots","slides_horizontal_position_mobile":"center","slides_text_align_mobile":"center","title_color":"#FFFFFF","title_typography_typography":"custom","title_typography_font_family":"Libre Baskerville","title_typography_font_size":{"unit":"px","size":80,"sizes":[]},"title_typography_font_size_tablet":{"unit":"px","size":44,"sizes":[]},"title_typography_font_size_mobile":{"unit":"px","size":34,"sizes":[]},"title_spacing":{"unit":"px","size":18,"sizes":[]},"description_color":"#FFFFFF","description_typography_typography":"custom","description_typography_font_size":{"unit":"px","size":20,"sizes":[]},"description_typography_font_size_mobile":{"unit":"px","size":0,"sizes":[]},"description_spacing":{"unit":"px","size":48,"sizes":[]},"description_spacing_tablet":{"unit":"px","size":32,"sizes":[]},"description_spacing_mobile":{"unit":"px","size":0,"sizes":[]},"button_padding":{"unit":"px","top":"15","right":"30","bottom":"14","left":"30","isLinked":false},"button_padding_mobile":{"unit":"px","top":"11","right":"24","bottom":"10","left":"24","isLinked":false},"button_typography_typography":"custom","button_typography_font_size":{"unit":"px","size":14,"sizes":[]},"button_typography_font_weight":"400","dots_type":"line","dots_spacing_tablet":{"unit":"px","size":20,"sizes":[]},"dots_spacing_mobile":{"unit":"px","size":15,"sizes":[]},"dot_item_color":"#FFFFFF66","dot_item_active_color":"#FFFFFF","dot_align":"center","autoplay":"yes","autoplay_speed":7000},"elements":[],"isInner":false,"widgetType":"ecomus-slides","elType":"widget"}],"isInner":false,"elType":"container"},{"id":"7810b707","settings":{"flex_gap":{"column":"0","row":"0","isLinked":true,"unit":"px","size":0},"margin":{"unit":"px","top":"0","right":"0","bottom":"80","left":"0","isLinked":false},"margin_tablet":{"unit":"px","top":"0","right":"0","bottom":"68","left":"0","isLinked":false},"margin_mobile":{"unit":"px","top":"0","right":"0","bottom":"40","left":"0","isLinked":false}},"elements":[{"id":"25760b64","settings":{"title":"Ecomus Collective","title_size":"h4","align":"center","typography_typography":"custom","typography_font_family":"Libre Baskerville","typography_font_size_tablet":{"unit":"px","size":32,"sizes":[]},"typography_font_size_mobile":{"unit":"px","size":22,"sizes":[]},"_margin":{"unit":"px","top":"0","right":"0","bottom":"20","left":"0","isLinked":false}},"elements":[],"isInner":false,"widgetType":"ecomus-heading","elType":"widget"},{"id":"571d10d","settings":{"title":"Shop new additions to our staple Ecomus Collective range, available in the colour of the season, Azure Blue.","title_size":"div","align":"center","typography_typography":"custom","typography_font_size":{"unit":"px","size":16,"sizes":[]},"typography_font_size_mobile":{"unit":"px","size":14,"sizes":[]},"_margin":{"unit":"px","top":"0","right":"0","bottom":"65","left":"0","isLinked":false},"_margin_tablet":{"unit":"px","top":"0","right":"0","bottom":"50","left":"0","isLinked":false},"_margin_mobile":{"unit":"px","top":"0","right":"0","bottom":"30","left":"0","isLinked":false}},"elements":[],"isInner":false,"widgetType":"ecomus-heading","elType":"widget"},{"id":"1de51817","settings":{"heading":"This is the text","slides_to_show_tablet":3,"slides_to_show_mobile":2,"slides_to_scroll_tablet":3,"slides_to_scroll_mobile":2,"image_spacing_custom_mobile":15,"navigation_classes_tablet":"dots","navigation_classes_mobile":"dots","dots_size_tablet":{"unit":"px","size":20,"sizes":[]},"dots_size_mobile":{"unit":"px","size":20,"sizes":[]},"dots_spacing_mobile":{"unit":"px","size":15,"sizes":[]}},"elements":[],"isInner":false,"widgetType":"ecomus-products-carousel","elType":"widget"}],"isInner":false,"elType":"container"},{"id":"29a732cd","settings":{"margin":{"unit":"px","top":"0","right":"0","bottom":"65","left":"0","isLinked":false},"margin_tablet":{"unit":"px","top":"0","right":"0","bottom":"55","left":"0","isLinked":false},"margin_mobile":{"unit":"px","top":"0","right":"0","bottom":"42","left":"0","isLinked":false}},"elements":[{"id":"18b7620c","settings":{"show_heading":"","heading":"This is heading","items":[{"button_text":"Shop Collection","button_link":{"url":"https:\/\/wpecomus.com\/swimwear\/shop\/","is_external":"","nofollow":"","custom_attributes":""},"_id":"7a81400","image":{"id":7162,"url":"https:\/\/wpecomus.com\/swimwear\/wp-content\/uploads\/sites\/37\/2024\/12\/swm-bn-1.webp","alt":"","source":"library","size":""},"title":"An endless summer with Tigerlily!"},{"button_text":"Shop Collection","button_link":{"url":"https:\/\/wpecomus.com\/swimwear\/shop\/","is_external":"","nofollow":"","custom_attributes":""},"image":{"id":7163,"url":"https:\/\/wpecomus.com\/swimwear\/wp-content\/uploads\/sites\/37\/2024\/12\/swm-bn-2.webp","alt":"","source":"library","size":""},"title":"Our hottest styles now on sale.","_id":"8d46412"}],"show_button_icon":"alway","slides_to_show":2,"slides_to_show_mobile":1,"slides_to_scroll_mobile":1,"navigation_classes":"none","navigation_classes_tablet":"none","navigation_classes_mobile":"dots","content_vertical_position":"middle","content_text_align":"center","content_position":"below","title_typography_typography":"custom","title_typography_font_family":"Libre Baskerville","title_typography_font_size_tablet":{"unit":"px","size":18,"sizes":[]},"title_typography_font_size_mobile":{"unit":"px","size":15,"sizes":[]},"title_margin":{"unit":"px","top":"24","right":"0","bottom":"0","left":"0","isLinked":false},"title_margin_mobile":{"unit":"px","top":"15","right":"0","bottom":"0","left":"0","isLinked":false},"button_margin":{"unit":"px","top":"18","right":"0","bottom":"0","left":"0","isLinked":false},"button_margin_tablet":{"unit":"px","top":"14","right":"0","bottom":"0","left":"0","isLinked":false},"button_margin_mobile":{"unit":"px","top":"10","right":"0","bottom":"0","left":"0","isLinked":false},"button_style":"subtle","dots_spacing_mobile":{"unit":"px","size":15,"sizes":[]},"view_all_btn_image":{"id":"","url":"https:\/\/wpecomus.com\/swimwear\/wp-content\/plugins\/elementor\/assets\/images\/placeholder.png"},"dots_size_mobile":{"unit":"px","size":20,"sizes":[]},"hover_color":"#916033"},"elements":[],"isInner":false,"widgetType":"ecomus-image-box-carousel","elType":"widget"}],"isInner":false,"elType":"container"},{"id":"e96d0a3","settings":{"flex_direction":"row","flex_gap":{"column":"0","row":"0","isLinked":true,"unit":"px","size":0},"background_background":"classic","background_image":{"id":7164,"url":"https:\/\/wpecomus.com\/swimwear\/wp-content\/uploads\/sites\/37\/2024\/12\/swm-bn-3.webp","alt":"","source":"library","size":""},"background_position":"center center","background_repeat":"no-repeat","background_size":"cover","margin":{"unit":"px","top":"0","right":"0","bottom":"79","left":"0","isLinked":false},"margin_tablet":{"unit":"px","top":"0","right":"0","bottom":"67","left":"0","isLinked":false},"margin_mobile":{"unit":"px","top":"0","right":"0","bottom":"39","left":"0","isLinked":false},"padding":{"unit":"px","top":"194","right":"0","bottom":"195","left":"0","isLinked":false},"padding_tablet":{"unit":"px","top":"38","right":"0","bottom":"38","left":"0","isLinked":false},"padding_mobile":{"unit":"px","top":"71","right":"0","bottom":"71","left":"0","isLinked":false}},"elements":[{"id":"44e3c515","settings":{"content_width":"full","width":{"unit":"%","size":45,"sizes":[]},"width_tablet":{"unit":"%","size":100,"sizes":[]},"width_mobile":{"unit":"%","size":"","sizes":[]},"flex_gap":{"column":"0","row":"0","isLinked":true,"unit":"px","size":0},"background_background":"classic","background_color":"#FFFFFF","padding":{"unit":"px","top":"80","right":"44","bottom":"80","left":"44","isLinked":false},"padding_tablet":{"unit":"px","top":"40","right":"20","bottom":"40","left":"20","isLinked":false},"padding_mobile":{"unit":"px","top":"20","right":"15","bottom":"20","left":"15","isLinked":false}},"elements":[{"id":"4e97197f","settings":{"title":"DEFINED BY LUXURY","title_size":"div","align_mobile":"center","title_color":"#000000","typography_typography":"custom","typography_font_size":{"unit":"px","size":14,"sizes":[]},"typography_font_weight":"700","_margin":{"unit":"px","top":"0","right":"0","bottom":"16","left":"0","isLinked":false}},"elements":[],"isInner":false,"widgetType":"ecomus-heading","elType":"widget"},{"id":"72da16d8","settings":{"title":"Olive Must Haves","title_size":"h3","typography_typography":"custom","typography_font_size_tablet":{"unit":"px","size":40,"sizes":[]},"typography_font_size_mobile":{"unit":"px","size":24,"sizes":[]},"_margin":{"unit":"px","top":"0","right":"0","bottom":"25","left":"0","isLinked":false},"_margin_mobile":{"unit":"px","top":"0","right":"0","bottom":"20","left":"0","isLinked":false},"align_mobile":"center","typography_font_family":"Libre Baskerville"},"elements":[],"isInner":false,"widgetType":"ecomus-heading","elType":"widget"},{"id":"b3914e6","settings":{"title":"Shop our luxury silk button-up blouses made with ultra-soft, washable silk.","title_size":"div","title_color":"#545454","typography_typography":"custom","typography_font_size":{"unit":"px","size":16,"sizes":[]},"typography_font_size_mobile":{"unit":"px","size":16,"sizes":[]},"_margin":{"unit":"px","top":"0","right":"0","bottom":"36","left":"0","isLinked":false},"_margin_mobile":{"unit":"px","top":"0","right":"0","bottom":"20","left":"0","isLinked":false},"align_mobile":"center"},"elements":[],"isInner":false,"widgetType":"ecomus-heading","elType":"widget"},{"id":"76c82374","settings":{"button_text":"SHOP COLLECTION","button_padding":{"unit":"px","top":"16","right":"31","bottom":"15","left":"31","isLinked":false},"button_padding_mobile":{"unit":"px","top":"11","right":"24","bottom":"10","left":"24","isLinked":false},"button_typography_typography":"custom","button_typography_font_size":{"unit":"px","size":14,"sizes":[]},"button_typography_font_size_mobile":{"unit":"px","size":14,"sizes":[]},"align_mobile":"center","button_link":{"url":"https:\/\/wpecomus.com\/swimwear\/shop\/","is_external":"","nofollow":"","custom_attributes":""},"button_typography_font_weight":"400"},"elements":[],"isInner":false,"widgetType":"ecomus-button","elType":"widget"}],"isInner":true,"elType":"container"},{"id":"2d5aa0b8","settings":{"flex_direction":"column","content_width":"full","width":{"unit":"%","size":"50"}},"elements":[],"isInner":true,"elType":"container"}],"isInner":false,"elType":"container"},{"id":"69e22cc","settings":{"flex_gap":{"column":"0","row":"0","isLinked":true,"unit":"px","size":0},"margin":{"unit":"px","top":"0","right":"0","bottom":"80","left":"0","isLinked":false},"margin_tablet":{"unit":"px","top":"0","right":"0","bottom":"68","left":"0","isLinked":false},"margin_mobile":{"unit":"px","top":"0","right":"0","bottom":"40","left":"0","isLinked":false}},"elements":[{"id":"6044754b","settings":{"title":"Collections","title_size":"h4","align":"center","typography_typography":"custom","typography_font_family":"Libre Baskerville","typography_font_size_tablet":{"unit":"px","size":32,"sizes":[]},"typography_font_size_mobile":{"unit":"px","size":22,"sizes":[]},"_margin":{"unit":"px","top":"0","right":"0","bottom":"20","left":"0","isLinked":false}},"elements":[],"isInner":false,"widgetType":"ecomus-heading","elType":"widget"},{"id":"5e03ff78","settings":{"title":"Shop our best selling collections for a range of styles loved by you. Whether you're looking to find your perfect fit with our signature<br class=\"hidden-xs hidden-md hidden-sm\" \/>\nswim styles or you're looking for matching resort sets, we've got you covered - and your girls.","title_size":"div","align":"center","typography_typography":"custom","typography_font_size":{"unit":"px","size":16,"sizes":[]},"typography_font_size_mobile":{"unit":"px","size":14,"sizes":[]}},"elements":[],"isInner":false,"widgetType":"ecomus-heading","elType":"widget"}],"isInner":false,"elType":"container"},{"id":"290cb319","settings":{"flex_direction":"row","flex_gap":{"column":"30","row":"30","isLinked":true,"unit":"px","size":30},"flex_gap_tablet":{"column":"15","row":"15","isLinked":true,"unit":"px","size":15},"margin":{"unit":"px","top":"0","right":"0","bottom":"100","left":"0","isLinked":false},"margin_tablet":{"unit":"px","top":"0","right":"0","bottom":"85","left":"0","isLinked":false},"margin_mobile":{"unit":"px","top":"0","right":"0","bottom":"35","left":"0","isLinked":false}},"elements":[{"id":"1489c9a5","settings":{"content_width":"full","flex_gap_tablet":{"column":"15","row":"15","isLinked":true,"unit":"px","size":15}},"elements":[{"id":"35c7b992","settings":{"image":{"id":7165,"url":"https:\/\/wpecomus.com\/swimwear\/wp-content\/uploads\/sites\/37\/2024\/12\/swm-bn-4.webp","alt":"","source":"library","size":""},"title":"","height":{"unit":"px","size":810,"sizes":[]},"height_tablet":{"unit":"px","size":390,"sizes":[]},"height_mobile":{"unit":"px","size":250,"sizes":[]},"button_text":"Sea Dive","text_align_mobile":"center","button_margin":{"unit":"px","top":"0","right":"0","bottom":"30","left":"0","isLinked":false},"button_margin_mobile":{"unit":"px","top":"0","right":"0","bottom":"15","left":"0","isLinked":false},"button_typography_typography":"custom","button_typography_text_transform":"uppercase","button_link":{"url":"https:\/\/wpecomus.com\/swimwear\/product-category\/sea-dive\/","is_external":"","nofollow":"","custom_attributes":""}},"elements":[],"isInner":false,"widgetType":"ecomus-banner","elType":"widget"},{"id":"6b4d0bfd","settings":{"image":{"id":7168,"url":"https:\/\/wpecomus.com\/swimwear\/wp-content\/uploads\/sites\/37\/2024\/12\/swm-bn-7.webp","alt":"","source":"library","size":""},"title":"","height":{"unit":"px","size":810,"sizes":[]},"height_tablet":{"unit":"px","size":390,"sizes":[]},"height_mobile":{"unit":"px","size":250,"sizes":[]},"button_text":"Girls","text_align_mobile":"center","button_margin":{"unit":"px","top":"0","right":"0","bottom":"30","left":"0","isLinked":false},"button_margin_mobile":{"unit":"px","top":"0","right":"0","bottom":"15","left":"0","isLinked":false},"button_typography_typography":"custom","button_typography_text_transform":"uppercase","hide_desktop":"hidden-desktop","button_link":{"url":"https:\/\/wpecomus.com\/swimwear\/product-category\/girls\/","is_external":"","nofollow":"","custom_attributes":""}},"elements":[],"isInner":false,"widgetType":"ecomus-banner","elType":"widget"}],"isInner":true,"elType":"container"},{"id":"3557f27d","settings":{"content_width":"full","flex_gap":{"column":"30","row":"30","isLinked":true,"unit":"px","size":30},"flex_gap_tablet":{"column":"15","row":"15","isLinked":true,"unit":"px","size":15}},"elements":[{"id":"5cf05e75","settings":{"image":{"id":7166,"url":"https:\/\/wpecomus.com\/swimwear\/wp-content\/uploads\/sites\/37\/2024\/12\/swm-bn-5.webp","alt":"","source":"library","size":""},"title":"","height":{"unit":"px","size":390,"sizes":[]},"height_mobile":{"unit":"px","size":250,"sizes":[]},"button_text":"Bikinis","text_align_mobile":"center","button_margin":{"unit":"px","top":"0","right":"0","bottom":"30","left":"0","isLinked":false},"button_margin_mobile":{"unit":"px","top":"0","right":"0","bottom":"15","left":"0","isLinked":false},"button_typography_typography":"custom","button_typography_text_transform":"uppercase","button_link":{"url":"https:\/\/wpecomus.com\/swimwear\/product-category\/bikinis\/","is_external":"","nofollow":"","custom_attributes":""}},"elements":[],"isInner":false,"widgetType":"ecomus-banner","elType":"widget"},{"id":"6ad4d4eb","settings":{"image":{"id":7167,"url":"https:\/\/wpecomus.com\/swimwear\/wp-content\/uploads\/sites\/37\/2024\/12\/swm-bn-6.webp","alt":"","source":"library","size":""},"title":"","height":{"unit":"px","size":390,"sizes":[]},"height_mobile":{"unit":"px","size":250,"sizes":[]},"button_text":"Ecomus Collective","text_align_mobile":"center","button_margin":{"unit":"px","top":"0","right":"0","bottom":"30","left":"0","isLinked":false},"button_margin_mobile":{"unit":"px","top":"0","right":"0","bottom":"15","left":"0","isLinked":false},"button_typography_typography":"custom","button_typography_text_transform":"uppercase","button_link":{"url":"https:\/\/wpecomus.com\/swimwear\/product-category\/ecomus-collective\/","is_external":"","nofollow":"","custom_attributes":""}},"elements":[],"isInner":false,"widgetType":"ecomus-banner","elType":"widget"}],"isInner":true,"elType":"container"},{"id":"509824ea","settings":{"content_width":"full","hide_tablet":"hidden-tablet","hide_mobile":"hidden-mobile"},"elements":[{"id":"1a918368","settings":{"image":{"id":7168,"url":"https:\/\/wpecomus.com\/swimwear\/wp-content\/uploads\/sites\/37\/2024\/12\/swm-bn-7.webp","alt":"","source":"library","size":""},"title":"","height":{"unit":"px","size":810,"sizes":[]},"button_text":"Girls","button_margin":{"unit":"px","top":"0","right":"0","bottom":"30","left":"0","isLinked":false},"button_typography_typography":"custom","button_typography_text_transform":"uppercase","button_link":{"url":"https:\/\/wpecomus.com\/swimwear\/product-category\/girls\/","is_external":"","nofollow":"","custom_attributes":""}},"elements":[],"isInner":false,"widgetType":"ecomus-banner","elType":"widget"}],"isInner":true,"elType":"container"}],"isInner":false,"elType":"container"},{"id":"46eb4dd7","settings":{"margin":{"unit":"px","top":"0","right":"0","bottom":"100","left":"0","isLinked":false},"margin_tablet":{"unit":"px","top":"0","right":"0","bottom":"85","left":"0","isLinked":false},"margin_mobile":{"unit":"px","top":"0","right":"0","bottom":"35","left":"0","isLinked":false},"flex_align_items":"center"},"elements":[{"id":"790a56d4","settings":{"icons_box":[{"icon":{"value":{"url":"https:\/\/wpecomus.com\/swimwear\/wp-content\/uploads\/sites\/37\/2024\/12\/swm-icon-1.svg","id":7169},"library":"svg"},"title":"Perfect Fit Guarantee","description":"If doesn\u2019t look amazing, simplysend <br\/>it back","_id":"a41b272","image":{"id":7148,"url":"https:\/\/wpecomus.com\/swimwear\/wp-content\/uploads\/sites\/37\/2024\/12\/placeholder.png"}},{"icon":{"value":{"url":"https:\/\/wpecomus.com\/swimwear\/wp-content\/uploads\/sites\/37\/2024\/12\/swm-icon-2.svg","id":7170},"library":"svg"},"title":"The Beach Club","description":"Be rewarded every time you shop in <br\/>store & online.","_id":"5baa436","image":{"id":7149,"url":"https:\/\/wpecomus.com\/swimwear\/wp-content\/uploads\/sites\/37\/2024\/12\/placeholder-1.png"}},{"icon":{"value":{"url":"https:\/\/wpecomus.com\/swimwear\/wp-content\/uploads\/sites\/37\/2024\/12\/swm-icon-3.svg","id":7171},"library":"svg"},"title":"Instant Refunds","description":"Changed your mind? Process your return and receive an instant refund with Refundid.","_id":"d9d3757","image":{"id":7150,"url":"https:\/\/wpecomus.com\/swimwear\/wp-content\/uploads\/sites\/37\/2024\/12\/placeholder-2.png"}}],"slides_to_show_tablet":2,"slides_to_show_mobile":1,"slides_to_scroll_tablet":1,"slides_to_scroll_mobile":1,"navigation_classes":"none","navigation_classes_tablet":"dots","navigation_classes_mobile":"dots","alignment":"center","title_typography_typography":"custom","title_typography_font_family":"Libre Baskerville","title_typography_font_size":{"unit":"px","size":28,"sizes":[]},"title_typography_font_size_mobile":{"unit":"px","size":21,"sizes":[]},"title_spacing":{"unit":"px","size":10,"sizes":[]},"title_spacing_mobile":{"unit":"px","size":6,"sizes":[]},"description_color":"#545454","icon_color":"#A47447","icon_size":{"unit":"px","size":40,"sizes":[]},"icon_size_mobile":{"unit":"px","size":30,"sizes":[]},"icon_border_border":"solid","icon_border_width":{"unit":"px","top":"1","right":"1","bottom":"1","left":"1","isLinked":true},"icon_border_color":"#A47447","border_radius":{"unit":"em","top":"100","right":"100","bottom":"100","left":"100","isLinked":true},"icon_padding":{"unit":"px","top":"27.5","right":"28","bottom":"27.5","left":"28","isLinked":false},"icon_padding_mobile":{"unit":"px","top":"13.5","right":"14","bottom":"13.5","left":"14","isLinked":false},"icon_spacing":{"unit":"px","size":34,"sizes":[]},"icon_spacing_mobile":{"unit":"px","size":22,"sizes":[]},"_element_width":"initial","_element_width_tablet":"inherit","_element_custom_width":{"unit":"px","size":1070,"sizes":[]}},"elements":[],"isInner":false,"widgetType":"ecomus-icon-box-carousel","elType":"widget"}],"isInner":false,"elType":"container"},{"id":"c3ff6e5","settings":{"flex_gap":{"column":"85","row":"85","isLinked":true,"unit":"px","size":85},"boxed_width":{"unit":"px","size":1440,"sizes":[]},"background_background":"classic","background_color":"#916033","padding":{"unit":"px","top":"114","right":"0","bottom":"150","left":"0","isLinked":false},"padding_tablet":{"unit":"px","top":"96","right":"0","bottom":"127","left":"0","isLinked":false},"padding_mobile":{"unit":"px","top":"28","right":"0","bottom":"37","left":"0","isLinked":false},"margin":{"unit":"px","top":"0","right":"0","bottom":"81","left":"0","isLinked":false},"margin_tablet":{"unit":"px","top":"0","right":"0","bottom":"68","left":"0","isLinked":false},"margin_mobile":{"unit":"px","top":"0","right":"0","bottom":"40","left":"0","isLinked":false},"flex_gap_tablet":{"column":"50","row":"50","isLinked":true,"unit":"px","size":50},"flex_gap_mobile":{"column":"30","row":"30","isLinked":true,"unit":"px","size":30},"background_image":{"id":7172,"url":"https:\/\/wpecomus.com\/swimwear\/wp-content\/uploads\/sites\/37\/2024\/12\/swm-bg-1.webp","alt":"","source":"library","size":""},"background_position_mobile":"center center","background_repeat":"no-repeat","background_size":"cover"},"elements":[{"id":"5a5e97c1","settings":{"title":"Customer Reviews","title_size":"h4","align":"center","typography_font_weight":"400","typography_font_size_tablet":{"unit":"px","size":32,"sizes":[]},"typography_font_size_mobile":{"unit":"px","size":22,"sizes":[]},"typography_typography":"custom","title_color":"#FFFFFF","typography_font_family":"Libre Baskerville"},"elements":[],"isInner":false,"widgetType":"ecomus-heading","elType":"widget"},{"id":"225b3196","settings":{"testimonials":[{"testimonial_name":"Robert Smith","_id":"060ec67","testimonial_title":"Best Online Fashion Site","testimonial_content":"\u201cI always find something stylish and affordable on this web fashion site\u201d","testimonial_text":"Customer from USA","testimonial_product_id":871,"testimonial_image":{"id":7151,"url":"https:\/\/wpecomus.com\/swimwear\/wp-content\/uploads\/sites\/37\/2024\/12\/placeholder-3.png"}},{"testimonial_name":"Kanly Mike","testimonial_title":"Great Selection and Quality","testimonial_content":"\"I love the variety of styles and the high-quality clothing on this web fashion site.\"","testimonial_text":"Customer from Fance","testimonial_product_id":546,"_id":"ecea334","testimonial_image":{"id":7152,"url":"https:\/\/wpecomus.com\/swimwear\/wp-content\/uploads\/sites\/37\/2024\/12\/placeholder-4.png"}},{"testimonial_name":"Xengliu Tia","testimonial_title":"Best Customer Service","testimonial_content":"\"I finally found a web fashion site with stylish and flattering options in my size.\"","testimonial_text":"Customer from China","testimonial_product_id":782,"_id":"19e023e","testimonial_image":{"id":7153,"url":"https:\/\/wpecomus.com\/swimwear\/wp-content\/uploads\/sites\/37\/2024\/12\/placeholder-5.png"}},{"testimonial_name":"Hellen Ase","_id":"4c7dbb3","testimonial_title":"Great Selection and Quality","testimonial_content":"\"I love the variety of styles and the high-quality clothing on this web fashion site.\"","testimonial_text":"Customer from Japan","testimonial_product_id":775,"testimonial_image":{"id":7154,"url":"https:\/\/wpecomus.com\/swimwear\/wp-content\/uploads\/sites\/37\/2024\/12\/placeholder-6.png"}}],"navigation_classes_tablet":"arrows","navigation_classes_mobile":"dots","text_typography_font_size":{"unit":"px","size":103,"sizes":[]},"image_spacing_custom_mobile":15,"content_width":"full","item_background_color":"#FFFFFF","content_typography_typography":"custom","content_typography_font_size_mobile":{"unit":"px","size":16,"sizes":[]},"dots_spacing_mobile":{"unit":"px","size":15,"sizes":[]},"rating_size":{"unit":"px","size":18,"sizes":[]},"arrows_show":"1","arrows_type":"solid","arrows_horizontal_spacing":{"unit":"px","size":-82,"sizes":[]},"arrows_horizontal_spacing_tablet":{"unit":"px","size":-23,"sizes":[]},"arrows_disable_bgcolor":"#FFFFFF66","title_typography_typography":"custom","title_typography_font_family":"Libre Baskerville","text_color":"#545454","testimonial_product_id":775,"dot_item_color":"#FFFFFF66","dot_item_active_color":"#FFFFFF"},"elements":[],"isInner":false,"widgetType":"ecomus-testimonial-carousel-2","elType":"widget"}],"isInner":false,"elType":"container"},{"id":"8a2c0c4","settings":{"flex_gap":{"column":"0","row":"0","isLinked":true,"unit":"px","size":0},"margin":{"unit":"px","top":"0","right":"0","bottom":"80","left":"0","isLinked":false},"margin_tablet":{"unit":"px","top":"0","right":"0","bottom":"68","left":"0","isLinked":false},"margin_mobile":{"unit":"px","top":"0","right":"0","bottom":"40","left":"0","isLinked":false}},"elements":[{"id":"389f5c3e","settings":{"title":"Shop Instagram","title_size":"h4","align":"center","typography_typography":"custom","typography_font_family":"Libre Baskerville","typography_font_size_tablet":{"unit":"px","size":32,"sizes":[]},"typography_font_size_mobile":{"unit":"px","size":22,"sizes":[]},"_margin":{"unit":"px","top":"0","right":"0","bottom":"17","left":"0","isLinked":false}},"elements":[],"isInner":false,"widgetType":"ecomus-heading","elType":"widget"},{"id":"52abcf07","settings":{"title":"Follow <b style=\"margin: 0 4px;\">@ecswimwear<\/b> on Instagram","title_size":"div","align":"center","typography_typography":"custom","typography_font_size":{"unit":"px","size":16,"sizes":[]},"typography_font_size_mobile":{"unit":"px","size":14,"sizes":[]},"_margin":{"unit":"px","top":"0","right":"0","bottom":"45","left":"0","isLinked":false},"_margin_mobile":{"unit":"px","top":"0","right":"0","bottom":"30","left":"0","isLinked":false},"title_color":"#000000"},"elements":[],"isInner":false,"widgetType":"ecomus-heading","elType":"widget"},{"id":"33668eaa","settings":{"instagram_type":"custom","instagrams":[{"_id":"800db5c","image":{"id":7173,"url":"https:\/\/wpecomus.com\/swimwear\/wp-content\/uploads\/sites\/37\/2024\/12\/swm-ins-1.webp","alt":"","source":"library","size":""},"product_id":546},{"_id":"91c99cc","image":{"id":7174,"url":"https:\/\/wpecomus.com\/swimwear\/wp-content\/uploads\/sites\/37\/2024\/12\/swm-ins-2.webp","alt":"","source":"library","size":""},"product_id":782},{"_id":"21a4dcc","image":{"id":7180,"url":"https:\/\/wpecomus.com\/swimwear\/wp-content\/uploads\/sites\/37\/2024\/12\/swm-ins-3.webp","alt":"","source":"library","size":""},"product_id":871},{"_id":"609c319","image":{"id":7175,"url":"https:\/\/wpecomus.com\/swimwear\/wp-content\/uploads\/sites\/37\/2024\/12\/swm-ins-4.webp","alt":"","source":"library","size":""},"product_id":775},{"_id":"af4b91a","image":{"id":7176,"url":"https:\/\/wpecomus.com\/swimwear\/wp-content\/uploads\/sites\/37\/2024\/12\/swm-ins-5.webp","alt":"","source":"library","size":""},"product_id":766},{"_id":"16621c8","image":{"id":7177,"url":"https:\/\/wpecomus.com\/swimwear\/wp-content\/uploads\/sites\/37\/2024\/12\/swm-ins-6.webp","alt":"","source":"library","size":""},"product_id":754},{"_id":"7c026ed","image":{"id":7178,"url":"https:\/\/wpecomus.com\/swimwear\/wp-content\/uploads\/sites\/37\/2024\/12\/swm-ins-7.webp","alt":"","source":"library","size":""},"product_id":743},{"_id":"bb92264","image":{"id":7179,"url":"https:\/\/wpecomus.com\/swimwear\/wp-content\/uploads\/sites\/37\/2024\/12\/swm-ins-8.webp","alt":"","source":"library","size":""},"product_id":738},{"_id":"abc5eee","image":{"id":7181,"url":"https:\/\/wpecomus.com\/swimwear\/wp-content\/uploads\/sites\/37\/2024\/12\/swm-ins-9.webp","alt":"","source":"library","size":""},"product_id":871}],"aspect_ratio_type":"","slides_to_show_tablet":3,"slides_to_scroll_tablet":3,"image_spacing_custom":6,"navigation_classes":"none","navigation_classes_tablet":"dots","dots_size_tablet":{"unit":"px","size":20,"sizes":[]},"dots_size_mobile":{"unit":"px","size":16,"sizes":[]},"dots_spacing_tablet":{"unit":"px","size":30,"sizes":[]},"dots_spacing_mobile":{"unit":"px","size":15,"sizes":[]}},"elements":[],"isInner":false,"widgetType":"ecomus-instagram","elType":"widget"}],"isInner":false,"elType":"container"}],"page_settings":{"hide_page_header":"yes","content_top_spacing":"custom","content_top_padding":{"unit":"px","size":0,"sizes":[]},"content_bottom_spacing":"custom","content_bottom_padding":{"unit":"px","size":0,"sizes":[]}},"version":"0.4","title":"home-swimwear","type":"page"}