{"content":[{"id":"41e61a9","settings":{"content_width":"full","margin":{"unit":"px","top":"0","right":"0","bottom":"48","left":"0","isLinked":false},"margin_tablet":{"unit":"px","top":"0","right":"0","bottom":"40","left":"0","isLinked":false},"margin_mobile":{"unit":"px","top":"0","right":"0","bottom":"36","left":"0","isLinked":false}},"elements":[{"id":"76e969ae","settings":{"content_width":"full","slides":[{"title":"Gear up for adventure","description":"Discover top-quality camping gear for your next trip","button_text":"Shop Collection","_id":"bfee66b","button_link_type":"slide","banner_background_img":{"id":7221,"url":"https:\/\/wpecomus.com\/camp-and-hike\/wp-content\/uploads\/sites\/38\/2024\/12\/cah-sld-1.webp","alt":"","source":"library","size":""},"background_position":"center center","button_link":{"url":"https:\/\/wpecomus.com\/camp-and-hike\/shop\/","is_external":"","nofollow":"","custom_attributes":""}},{"title":"Embrace the Thrill Ahead","description":"Discover top-quality camping gear for your next trip","button_text":"Shop Collection","button_link_type":"slide","banner_background_img":{"id":7222,"url":"https:\/\/wpecomus.com\/camp-and-hike\/wp-content\/uploads\/sites\/38\/2024\/12\/cah-sld-2.webp","alt":"","source":"library","size":""},"_id":"f552382","background_position":"center center","button_link":{"url":"https:\/\/wpecomus.com\/camp-and-hike\/shop\/","is_external":"","nofollow":"","custom_attributes":""}},{"title":"Ready for the Next Journey","description":"Discover top-quality camping gear for your next trip","button_text":"Shop Collection","button_link_type":"slide","banner_background_img":{"id":7223,"url":"https:\/\/wpecomus.com\/camp-and-hike\/wp-content\/uploads\/sites\/38\/2024\/12\/cah-sld-3.webp","alt":"","source":"library","size":""},"_id":"11cc4e8","background_position":"center center","button_link":{"url":"https:\/\/wpecomus.com\/camp-and-hike\/shop\/","is_external":"","nofollow":"","custom_attributes":""}}],"slides_height":{"unit":"px","size":771,"sizes":[]},"slides_height_tablet":{"unit":"px","size":499,"sizes":[]},"slides_height_mobile":{"unit":"px","size":249,"sizes":[]},"show_button_icon":"alway","button_icon":{"value":{"url":"https:\/\/wpecomus.com\/camp-and-hike\/wp-content\/uploads\/sites\/38\/2024\/07\/arrow-right.svg","id":3886},"library":"svg"},"slides_horizontal_position":"center","slides_vertical_position":"middle","slides_text_align":"center","title_typography_typography":"custom","title_typography_font_size":{"unit":"px","size":68,"sizes":[]},"title_typography_font_size_tablet":{"unit":"px","size":50,"sizes":[]},"title_typography_font_size_mobile":{"unit":"px","size":32,"sizes":[]},"title_spacing":{"unit":"px","size":18,"sizes":[]},"title_spacing_mobile":{"unit":"px","size":18,"sizes":[]},"description_color":"#FFFFFF","description_typography_typography":"custom","description_typography_font_size":{"unit":"px","size":20,"sizes":[]},"description_typography_font_size_mobile":{"unit":"px","size":16,"sizes":[]},"description_typography_font_weight":"400","description_spacing_tablet":{"unit":"px","size":32,"sizes":[]},"description_spacing_mobile":{"unit":"px","size":16,"sizes":[]},"button_style":"outline-dark","button_border_width":{"unit":"px","size":2,"sizes":[]},"arrows_show":"1","arrows_width_tablet":{"unit":"px","size":40,"sizes":[]},"arrows_width_mobile":{"unit":"px","size":36,"sizes":[]},"arrows_height_tablet":{"unit":"px","size":40,"sizes":[]},"arrows_height_mobile":{"unit":"px","size":36,"sizes":[]},"width_tablet":{"unit":"%","size":"","sizes":[]},"width_mobile":{"unit":"%","size":"","sizes":[]},"center_mode":"yes","infinite":"yes","width":{"unit":"%","size":63,"sizes":[]},"slides_container_width":{"unit":"px","size":1187,"sizes":[]},"arrows_horizontal_spacing":{"unit":"px","size":-74,"sizes":[]},"arrows_horizontal_spacing_tablet":{"unit":"px","size":32,"sizes":[]},"arrows_horizontal_spacing_mobile":{"unit":"px","size":15,"sizes":[]},"title_color":"#FFFFFF","title_typography_font_weight":"700","description_spacing":{"unit":"px","size":48,"sizes":[]},"button_text_color":"#FFFFFF","button_border_color":"#FFFFFF","description_typography_line_height_mobile":{"unit":"px","size":19.2,"sizes":[]},"description_padding_mobile":{"unit":"px","top":"0","right":"72","bottom":"0","left":"72","isLinked":false},"autoplay":"yes","autoplay_speed":7000},"elements":[],"isInner":false,"widgetType":"ecomus-slides","elType":"widget"}],"isInner":false,"elType":"container"},{"id":"4bdb798c","settings":{"margin":{"unit":"px","top":"0","right":"0","bottom":"48","left":"0","isLinked":false},"margin_tablet":{"unit":"px","top":"0","right":"0","bottom":"40","left":"0","isLinked":false},"margin_mobile":{"unit":"px","top":"0","right":"0","bottom":"36","left":"0","isLinked":false},"flex_gap":{"column":"0","row":"0","isLinked":true,"unit":"px","size":0}},"elements":[{"id":"60ca5470","settings":{"items":[{"_id":"59005f5","image":{"id":7224,"url":"https:\/\/wpecomus.com\/camp-and-hike\/wp-content\/uploads\/sites\/38\/2024\/12\/001fashion-brand-01.webp","alt":"","source":"library","size":""},"link":{"url":"","is_external":"","nofollow":"","custom_attributes":""}},{"_id":"af02832","image":{"id":7225,"url":"https:\/\/wpecomus.com\/camp-and-hike\/wp-content\/uploads\/sites\/38\/2024\/12\/001fashion-brand-06.webp","alt":"","source":"library","size":""},"link":{"url":"","is_external":"","nofollow":"","custom_attributes":""}},{"_id":"dba0e9f","image":{"id":7226,"url":"https:\/\/wpecomus.com\/camp-and-hike\/wp-content\/uploads\/sites\/38\/2024\/12\/001fashion-brand-02-png.webp","alt":"","source":"library","size":""},"link":{"url":"","is_external":"","nofollow":"","custom_attributes":""}},{"_id":"f52b6c1","image":{"id":7227,"url":"https:\/\/wpecomus.com\/camp-and-hike\/wp-content\/uploads\/sites\/38\/2024\/12\/001fashion-brand-03.webp","alt":"","source":"library","size":""},"link":{"url":"","is_external":"","nofollow":"","custom_attributes":""}},{"_id":"e0d4224","image":{"id":7228,"url":"https:\/\/wpecomus.com\/camp-and-hike\/wp-content\/uploads\/sites\/38\/2024\/12\/001fashion-brand-04.webp","alt":"","source":"library","size":""},"link":{"url":"","is_external":"","nofollow":"","custom_attributes":""}},{"_id":"78a5e89","image":{"id":7229,"url":"https:\/\/wpecomus.com\/camp-and-hike\/wp-content\/uploads\/sites\/38\/2024\/12\/001fashion-brand-05.webp","alt":"","source":"library","size":""},"link":{"url":"","is_external":"","nofollow":"","custom_attributes":""}}],"slides_to_show_tablet":3,"slides_to_show_mobile":2,"navigation_classes_mobile":"dots","slides_to_scroll_mobile":2,"padding_mobile":{"unit":"px","top":"39.5","right":"20","bottom":"39.5","left":"20","isLinked":false}},"elements":[],"isInner":false,"widgetType":"ecomus-image-carousel","elType":"widget"}],"isInner":false,"elType":"container"},{"id":"4829fae0","settings":{"flex_direction":"row","flex_gap":{"unit":"px","size":30,"column":"30","row":"30","isLinked":true},"border_border":"solid","border_width":{"unit":"px","top":"0","right":"0","bottom":"1","left":"0","isLinked":false},"border_color":"#EBEBEB","margin":{"unit":"px","top":"0","right":"0","bottom":"68","left":"0","isLinked":false},"margin_tablet":{"unit":"px","top":"0","right":"0","bottom":"57","left":"0","isLinked":false},"margin_mobile":{"unit":"px","top":"0","right":"0","bottom":"51","left":"0","isLinked":false},"padding":{"unit":"px","top":"0","right":"0","bottom":"60","left":"0","isLinked":false},"padding_tablet":{"unit":"px","top":"0","right":"0","bottom":"51","left":"0","isLinked":false},"padding_mobile":{"unit":"px","top":"0","right":"0","bottom":"45","left":"0","isLinked":false}},"elements":[{"id":"1894050e","settings":{"flex_direction":"column","content_width":"full","width":{"unit":"%","size":"50"}},"elements":[{"id":"23d08593","settings":{"show_heading":"","heading":"This is heading","items":[{"button_text":"Shop now","button_link":{"url":"https:\/\/wpecomus.com\/camp-and-hike\/shop\/?orderby=popularity","is_external":"","nofollow":"","custom_attributes":""},"_id":"6107893","image":{"id":7230,"url":"https:\/\/wpecomus.com\/camp-and-hike\/wp-content\/uploads\/sites\/38\/2024\/12\/cah-bn-1.webp","alt":"","source":"library","size":""},"before_title":"BEST SELLERS","title":"Camping Essentials","description":"See what's trending among fellow outdoor enthusiasts."}],"slides_to_show":1,"slides_to_scroll_tablet":1,"image_spacing_custom_mobile":15,"navigation_classes":"none","navigation_classes_tablet":"none","navigation_classes_mobile":"none","content_vertical_position":"middle","content_text_align":"center","content_position":"below","image_margin":{"unit":"px","top":"0","right":"0","bottom":"30","left":"0","isLinked":false},"image_margin_tablet":{"unit":"px","top":"0","right":"0","bottom":"10","left":"0","isLinked":false},"before_title_typography_typography":"custom","before_title_typography_font_size":{"unit":"px","size":16,"sizes":[]},"before_title_typography_font_weight":"700","before_title_typography_text_transform":"uppercase","before_title_typography_line_height":{"unit":"px","size":25.6,"sizes":[]},"before_title_color":"#545454","before_title_margin":{"unit":"px","top":"0","right":"0","bottom":"0","left":"0","isLinked":false},"title_typography_typography":"custom","title_typography_font_size":{"unit":"px","size":42,"sizes":[]},"title_typography_font_size_tablet":{"unit":"px","size":32,"sizes":[]},"title_typography_font_size_mobile":{"unit":"px","size":22,"sizes":[]},"title_typography_font_weight":"600","title_typography_line_height":{"unit":"px","size":50.4,"sizes":[]},"title_typography_line_height_tablet":{"unit":"px","size":38.4,"sizes":[]},"title_typography_line_height_mobile":{"unit":"px","size":26.4,"sizes":[]},"title_margin":{"unit":"px","top":"0","right":"0","bottom":"14","left":"0","isLinked":false},"title_margin_tablet":{"unit":"px","top":"0","right":"0","bottom":"10","left":"0","isLinked":false},"description_typography_typography":"custom","description_typography_font_size":{"unit":"px","size":20,"sizes":[]},"description_color":"#545454","description_margin":{"unit":"px","top":"0","right":"0","bottom":"28","left":"0","isLinked":false},"description_margin_tablet":{"unit":"px","top":"0","right":"0","bottom":"10","left":"0","isLinked":false},"button_margin":{"unit":"px","top":"0","right":"0","bottom":"0","left":"0","isLinked":false},"button_padding_mobile":{"unit":"px","top":"11","right":"24","bottom":"10","left":"24","isLinked":false},"view_all_btn_image":{"id":"","url":"https:\/\/wpecomus.com\/camp-and-hike\/wp-content\/plugins\/elementor\/assets\/images\/placeholder.png"},"image_margin_mobile":{"unit":"px","top":"0","right":"0","bottom":"16","left":"0","isLinked":false},"before_title_margin_mobile":{"unit":"px","top":"0","right":"0","bottom":"5","left":"0","isLinked":false},"title_margin_mobile":{"unit":"px","top":"0","right":"0","bottom":"10","left":"0","isLinked":false}},"elements":[],"isInner":false,"widgetType":"ecomus-image-box-carousel","elType":"widget"}],"isInner":true,"elType":"container"},{"id":"6981de3","settings":{"flex_direction":"column","content_width":"full","width":{"unit":"%","size":"50"}},"elements":[{"id":"354fc058","settings":{"show_heading":"","heading":"This is heading","items":[{"button_text":"Shop now","button_link":{"url":"https:\/\/wpecomus.com\/camp-and-hike\/shop\/?orderby=date","is_external":"","nofollow":"","custom_attributes":""},"_id":"6107893","image":{"id":7231,"url":"https:\/\/wpecomus.com\/camp-and-hike\/wp-content\/uploads\/sites\/38\/2024\/12\/cah-bn-2.webp","alt":"","source":"library","size":""},"before_title":"NEW ARRIVALS","title":"Latest Additions","description":"Stay ahead with the newest and most innovative gear"}],"slides_to_show":1,"slides_to_scroll_tablet":1,"navigation_classes":"none","navigation_classes_tablet":"none","navigation_classes_mobile":"none","content_vertical_position":"middle","content_text_align":"center","content_position":"below","image_margin":{"unit":"px","top":"0","right":"0","bottom":"30","left":"0","isLinked":false},"image_margin_tablet":{"unit":"px","top":"0","right":"0","bottom":"10","left":"0","isLinked":false},"before_title_typography_typography":"custom","before_title_typography_font_size":{"unit":"px","size":16,"sizes":[]},"before_title_typography_font_weight":"700","before_title_typography_text_transform":"uppercase","before_title_typography_line_height":{"unit":"px","size":25.6,"sizes":[]},"before_title_color":"#545454","before_title_margin":{"unit":"px","top":"0","right":"0","bottom":"0","left":"0","isLinked":false},"title_typography_typography":"custom","title_typography_font_size":{"unit":"px","size":42,"sizes":[]},"title_typography_font_size_tablet":{"unit":"px","size":32,"sizes":[]},"title_typography_font_size_mobile":{"unit":"px","size":22,"sizes":[]},"title_typography_font_weight":"600","title_typography_line_height":{"unit":"px","size":50.4,"sizes":[]},"title_typography_line_height_tablet":{"unit":"px","size":38.4,"sizes":[]},"title_typography_line_height_mobile":{"unit":"px","size":26.4,"sizes":[]},"title_margin":{"unit":"px","top":"0","right":"0","bottom":"14","left":"0","isLinked":false},"title_margin_tablet":{"unit":"px","top":"0","right":"0","bottom":"10","left":"0","isLinked":false},"description_typography_typography":"custom","description_typography_font_size":{"unit":"px","size":20,"sizes":[]},"description_color":"#545454","description_margin":{"unit":"px","top":"0","right":"0","bottom":"28","left":"0","isLinked":false},"description_margin_tablet":{"unit":"px","top":"0","right":"0","bottom":"10","left":"0","isLinked":false},"button_margin":{"unit":"px","top":"0","right":"0","bottom":"0","left":"0","isLinked":false},"button_padding_mobile":{"unit":"px","top":"11","right":"24","bottom":"10","left":"24","isLinked":false},"view_all_btn_image":{"id":"","url":"https:\/\/wpecomus.com\/camp-and-hike\/wp-content\/plugins\/elementor\/assets\/images\/placeholder.png"},"image_margin_mobile":{"unit":"px","top":"0","right":"0","bottom":"16","left":"0","isLinked":false},"before_title_margin_mobile":{"unit":"px","top":"0","right":"0","bottom":"5","left":"0","isLinked":false}},"elements":[],"isInner":false,"widgetType":"ecomus-image-box-carousel","elType":"widget"}],"isInner":true,"elType":"container"}],"isInner":false,"elType":"container"},{"id":"1d79b4bd","settings":{"flex_direction":"row","flex_gap":{"unit":"px","size":18,"column":"18","row":"18","isLinked":true},"flex_direction_tablet":"column","flex_align_items":"center","flex_gap_mobile":{"column":"","row":"","isLinked":true,"unit":"px","size":null},"margin":{"unit":"px","top":"0","right":"0","bottom":"55","left":"0","isLinked":false},"margin_tablet":{"unit":"px","top":"0","right":"0","bottom":"50","left":"0","isLinked":false},"margin_mobile":{"unit":"px","top":"0","right":"0","bottom":"30","left":"0","isLinked":false},"flex_gap_tablet":{"column":"10","row":"10","isLinked":true,"unit":"px","size":10}},"elements":[{"id":"1fa10b18","settings":{"flex_direction":"column","content_width":"full","width":{"unit":"%","size":"50"},"width_tablet":{"unit":"%","size":100,"sizes":[]},"width_mobile":{"unit":"%","size":"","sizes":[]}},"elements":[{"id":"4dbf6ca","settings":{"content_width":"full","title":"Hot Deals","title_size":"h4","typography_typography":"custom","typography_font_size_tablet":{"unit":"px","size":32,"sizes":[]},"typography_font_size_mobile":{"unit":"px","size":22,"sizes":[]},"typography_font_weight":"600"},"elements":[],"isInner":false,"widgetType":"ecomus-heading","elType":"widget"}],"isInner":true,"elType":"container"},{"id":"25e576e4","settings":{"flex_direction":"column","content_width":"full","width":{"unit":"%","size":"50"},"width_tablet":{"unit":"%","size":100,"sizes":[]},"width_mobile":{"unit":"%","size":"","sizes":[]}},"elements":[{"id":"3b1b2efc","settings":{"content_width":"full","form_align":"flex-end","form_align_tablet":"flex-start","type":"2"},"elements":[],"isInner":false,"widgetType":"ecomus-countdown","elType":"widget"}],"isInner":true,"elType":"container"}],"isInner":false,"elType":"container"},{"id":"709cfa1","settings":{"margin":{"unit":"px","top":"0","right":"0","bottom":"100","left":"0","isLinked":false},"margin_tablet":{"unit":"px","top":"0","right":"0","bottom":"85","left":"0","isLinked":false},"margin_mobile":{"unit":"px","top":"0","right":"0","bottom":"75","left":"0","isLinked":false}},"elements":[{"id":"2c7fe429","settings":{"heading":"This is the text","hide_rating":"none","slides_to_show_tablet":3,"slides_to_show_mobile":2,"slides_to_scroll_mobile":2,"image_spacing_custom_mobile":15,"navigation_classes_tablet":"arrows","navigation_classes_mobile":"dots","arrows_show":"1","arrows_type":"outline","arrows_horizontal_spacing":{"unit":"px","size":-82,"sizes":[]},"arrows_bgcolor":"#FFFFFF","dots_spacing_mobile":{"unit":"px","size":15,"sizes":[]}},"elements":[],"isInner":false,"widgetType":"ecomus-products-carousel","elType":"widget"}],"isInner":false,"elType":"container"},{"id":"4602658c","settings":{"flex_gap":{"column":"66","row":"66","isLinked":true,"unit":"px","size":66},"background_background":"classic","background_color":"#F6F6F6","background_image":{"id":7232,"url":"https:\/\/wpecomus.com\/camp-and-hike\/wp-content\/uploads\/sites\/38\/2024\/12\/cah-bg-1.webp","alt":"","source":"library","size":""},"background_repeat":"no-repeat","background_size":"cover","padding":{"unit":"px","top":"80","right":"0","bottom":"30","left":"0","isLinked":false},"flex_gap_tablet":{"column":"50","row":"50","isLinked":true,"unit":"px","size":50},"flex_gap_mobile":{"column":"30","row":"30","isLinked":true,"unit":"px","size":30},"background_position":"center left","padding_tablet":{"unit":"px","top":"68","right":"0","bottom":"25","left":"0","isLinked":false},"padding_mobile":{"unit":"px","top":"40","right":"0","bottom":"15","left":"0","isLinked":false}},"elements":[{"id":"1c256b37","settings":{"content_width":"full","flex_gap":{"column":"66","row":"66","isLinked":true,"unit":"px","size":66}},"elements":[{"id":"5bfcf5b8","settings":{"title":"Top Categories","title_size":"h4","align":"center","title_color":"#000000","typography_typography":"custom","typography_font_weight":"600","typography_font_size_tablet":{"unit":"px","size":32,"sizes":[]},"typography_font_size_mobile":{"unit":"px","size":22,"sizes":[]}},"elements":[],"isInner":false,"widgetType":"ecomus-heading","elType":"widget"}],"isInner":true,"elType":"container"},{"id":"6424deea","settings":{"content_width":"full","flex_direction":"row","flex_gap":{"column":"30","row":"30","isLinked":true,"unit":"px","size":30},"flex_gap_mobile":{"column":"15","row":"15","isLinked":true,"unit":"px","size":15},"flex_wrap_tablet":"wrap"},"elements":[{"id":"6d479279","settings":{"content_width":"full","width_tablet":{"unit":"custom","size":"calc( 50% - 15px )","sizes":[]},"width_mobile":{"unit":"%","size":"","sizes":[]}},"elements":[{"id":"6dfc8d92","settings":{"image":{"id":7192,"url":"https:\/\/wpecomus.com\/camp-and-hike\/wp-content\/uploads\/sites\/38\/2024\/12\/cah-cat-1.webp","alt":"","source":"library","size":""},"title":"","height":{"unit":"px","size":280,"sizes":[]},"height_tablet":{"unit":"px","size":320,"sizes":[]},"height_mobile":{"unit":"px","size":250,"sizes":[]},"button_text":"Travel","show_button_icon":"hover","text_align_mobile":"center","button_padding_mobile":{"unit":"px","top":"12","right":"14","bottom":"12","left":"14","isLinked":false},"button_typography_typography":"custom","button_typography_font_size":{"unit":"px","size":18,"sizes":[]},"button_typography_font_size_mobile":{"unit":"px","size":16,"sizes":[]},"button_typography_font_weight":"500","button_link":{"url":"https:\/\/wpecomus.com\/camp-and-hike\/product-category\/travel\/","is_external":"","nofollow":"","custom_attributes":""}},"elements":[],"isInner":false,"widgetType":"ecomus-banner","elType":"widget"}],"isInner":true,"elType":"container"},{"id":"6d08a94b","settings":{"content_width":"full","width_tablet":{"unit":"custom","size":"calc( 50% - 15px )","sizes":[]},"width_mobile":{"unit":"custom","size":"calc(50% - 7.5px)","sizes":[]}},"elements":[{"id":"22efc9c2","settings":{"image":{"id":7193,"url":"https:\/\/wpecomus.com\/camp-and-hike\/wp-content\/uploads\/sites\/38\/2024\/12\/cah-cat-2.webp","alt":"","source":"library","size":""},"title":"","height":{"unit":"px","size":280,"sizes":[]},"height_tablet":{"unit":"px","size":320,"sizes":[]},"height_mobile":{"unit":"px","size":250,"sizes":[]},"button_text":"Snow Sports","show_button_icon":"hover","text_align_mobile":"center","button_padding_mobile":{"unit":"px","top":"12","right":"14","bottom":"12","left":"14","isLinked":false},"button_typography_typography":"custom","button_typography_font_size":{"unit":"px","size":18,"sizes":[]},"button_typography_font_size_mobile":{"unit":"px","size":16,"sizes":[]},"button_typography_font_weight":"500","button_link":{"url":"https:\/\/wpecomus.com\/camp-and-hike\/product-category\/snow-sports\/","is_external":"","nofollow":"","custom_attributes":""}},"elements":[],"isInner":false,"widgetType":"ecomus-banner","elType":"widget"}],"isInner":true,"elType":"container"},{"id":"4eac6a7b","settings":{"content_width":"full","width_tablet":{"unit":"custom","size":"calc( 50% - 15px )","sizes":[]},"width_mobile":{"unit":"custom","size":"calc(50% - 7.5px)","sizes":[]}},"elements":[{"id":"23e6d1f8","settings":{"image":{"id":7194,"url":"https:\/\/wpecomus.com\/camp-and-hike\/wp-content\/uploads\/sites\/38\/2024\/12\/cah-cat-3.webp","alt":"","source":"library","size":""},"title":"","height":{"unit":"px","size":280,"sizes":[]},"height_tablet":{"unit":"px","size":320,"sizes":[]},"height_mobile":{"unit":"px","size":250,"sizes":[]},"button_text":"Footwear","show_button_icon":"hover","text_align_mobile":"center","button_padding_mobile":{"unit":"px","top":"12","right":"14","bottom":"12","left":"14","isLinked":false},"button_typography_typography":"custom","button_typography_font_size":{"unit":"px","size":18,"sizes":[]},"button_typography_font_size_mobile":{"unit":"px","size":16,"sizes":[]},"button_typography_font_weight":"500","button_link":{"url":"https:\/\/wpecomus.com\/camp-and-hike\/product-category\/footwear\/","is_external":"","nofollow":"","custom_attributes":""}},"elements":[],"isInner":false,"widgetType":"ecomus-banner","elType":"widget"}],"isInner":true,"elType":"container"},{"id":"42f64d5","settings":{"content_width":"full","width_tablet":{"unit":"custom","size":"calc( 50% - 15px )","sizes":[]},"width_mobile":{"unit":"%","size":"","sizes":[]}},"elements":[{"id":"422c14d7","settings":{"image":{"id":7195,"url":"https:\/\/wpecomus.com\/camp-and-hike\/wp-content\/uploads\/sites\/38\/2024\/12\/cah-cat-4.webp","alt":"","source":"library","size":""},"title":"","height":{"unit":"px","size":280,"sizes":[]},"height_tablet":{"unit":"px","size":320,"sizes":[]},"height_mobile":{"unit":"px","size":250,"sizes":[]},"button_text":"Clothing","show_button_icon":"hover","text_align_mobile":"center","button_padding_mobile":{"unit":"px","top":"12","right":"14","bottom":"12","left":"14","isLinked":false},"button_typography_typography":"custom","button_typography_font_size":{"unit":"px","size":18,"sizes":[]},"button_typography_font_size_mobile":{"unit":"px","size":16,"sizes":[]},"button_typography_font_weight":"500","button_link":{"url":"https:\/\/wpecomus.com\/camp-and-hike\/product-category\/clothing\/","is_external":"","nofollow":"","custom_attributes":""}},"elements":[],"isInner":false,"widgetType":"ecomus-banner","elType":"widget"}],"isInner":true,"elType":"container"}],"isInner":true,"elType":"container"}],"isInner":false,"elType":"container"},{"id":"5381a91b","settings":{"flex_direction":"row","flex_gap":{"unit":"px","size":30,"column":"30","row":"30","isLinked":true},"background_background":"classic","background_color":"#F6F6F6","padding":{"unit":"px","top":"0","right":"0","bottom":"100","left":"0","isLinked":false},"flex_gap_mobile":{"column":"15","row":"15","isLinked":true,"unit":"px","size":15},"padding_mobile":{"unit":"px","top":"0","right":"0","bottom":"75","left":"0","isLinked":false}},"elements":[{"id":"33a1ea7f","settings":{"flex_direction":"column","content_width":"full","width":{"unit":"%","size":"50"}},"elements":[{"id":"5fff316d","settings":{"image":{"id":7233,"url":"https:\/\/wpecomus.com\/camp-and-hike\/wp-content\/uploads\/sites\/38\/2024\/12\/cah-cat-5-1.webp","alt":"","source":"library","size":""},"title":"","height":{"unit":"px","size":450,"sizes":[]},"height_tablet":{"unit":"px","size":390,"sizes":[]},"height_mobile":{"unit":"px","size":250,"sizes":[]},"button_text":"Camping Equipment","text_align_mobile":"center","button_padding_mobile":{"unit":"px","top":"12","right":"14","bottom":"12","left":"14","isLinked":false},"button_typography_typography":"custom","button_typography_font_size":{"unit":"px","size":18,"sizes":[]},"button_typography_font_size_mobile":{"unit":"px","size":16,"sizes":[]},"button_typography_font_weight":"500","button_link":{"url":"https:\/\/wpecomus.com\/camp-and-hike\/product-category\/camping-equipment\/","is_external":"","nofollow":"","custom_attributes":""},"show_button_icon":"hover"},"elements":[],"isInner":false,"widgetType":"ecomus-banner","elType":"widget"}],"isInner":true,"elType":"container"},{"id":"62141a4c","settings":{"flex_direction":"column","content_width":"full","width":{"unit":"%","size":"50"}},"elements":[{"id":"37e41e2e","settings":{"image":{"id":7234,"url":"https:\/\/wpecomus.com\/camp-and-hike\/wp-content\/uploads\/sites\/38\/2024\/12\/cah-cat-6-1.webp","alt":"","source":"library","size":""},"title":"","height":{"unit":"px","size":450,"sizes":[]},"height_tablet":{"unit":"px","size":390,"sizes":[]},"height_mobile":{"unit":"px","size":250,"sizes":[]},"button_text":"Climbing","text_align_mobile":"center","button_padding_mobile":{"unit":"px","top":"12","right":"14","bottom":"12","left":"14","isLinked":false},"button_typography_typography":"custom","button_typography_font_size":{"unit":"px","size":18,"sizes":[]},"button_typography_font_size_mobile":{"unit":"px","size":16,"sizes":[]},"button_typography_font_weight":"500","button_link":{"url":"https:\/\/wpecomus.com\/camp-and-hike\/product-category\/climbing\/","is_external":"","nofollow":"","custom_attributes":""},"show_button_icon":"hover"},"elements":[],"isInner":false,"widgetType":"ecomus-banner","elType":"widget"}],"isInner":true,"elType":"container"}],"isInner":false,"elType":"container"},{"id":"6ddf8c72","settings":{"content_width":"full","margin":{"unit":"px","top":"0","right":"0","bottom":"83","left":"0","isLinked":false},"margin_tablet":{"unit":"px","top":"0","right":"0","bottom":"70","left":"0","isLinked":false},"margin_mobile":{"unit":"px","top":"0","right":"0","bottom":"62","left":"0","isLinked":false}},"elements":[{"id":"477aae1d","settings":{"before_title":"Elevate your adventure","title":"Hunting, Camping and Outdoor Gear That's Engineered To Perform.","button_text":"Shop now","image_source":"hosted","youtube_url":"","hosted_url":{"url":"https:\/\/demo-ecomus-global3.myshopify.com\/cdn\/shop\/videos\/c\/vp\/2d0db938c967494fb126af5f4022ab3a\/2d0db938c967494fb126af5f4022ab3a.HD-1080p-7.2Mbps-33244253.mp4","is_external":"","nofollow":"","custom_attributes":""},"height":{"unit":"px","size":1005,"sizes":[]},"height_tablet":{"unit":"px","size":405,"sizes":[]},"height_mobile":{"unit":"px","size":256,"sizes":[]},"banner_vertical_position":"middle","content_text_align":"center","content_bg_color":"#FFFFFF00","before_title_spacing":{"unit":"px","size":20,"sizes":[]},"before_title_typography_typography":"custom","before_title_typography_font_size":{"unit":"px","size":68,"sizes":[]},"before_title_typography_font_size_tablet":{"unit":"px","size":50,"sizes":[]},"before_title_typography_font_size_mobile":{"unit":"px","size":32,"sizes":[]},"before_title_typography_font_weight":"600","title_spacing":{"unit":"px","size":48,"sizes":[]},"title_spacing_mobile":{"unit":"px","size":30,"sizes":[]},"title_typography_typography":"custom","title_typography_font_size":{"unit":"px","size":16,"sizes":[]},"title_typography_font_weight":"400","title_typography_line_height":{"unit":"px","size":25.6,"sizes":[]},"button_background_color":"#FFFFFF","button_text_color":"#000000","button_border_color":"#FFFFFF","button_background_hover_color":"#FFFFFF","hover_color":"#000000","button_hover_border_color":"#FFFFFF","button_background_effect_hover_color":"#00000040","video_thumbnail":{"id":"","url":"https:\/\/wpecomus.com\/camp-and-hike\/wp-content\/plugins\/elementor\/assets\/images\/placeholder.png"},"button_link":{"url":"https:\/\/wpecomus.com\/camp-and-hike\/shop\/","is_external":"","nofollow":"","custom_attributes":""}},"elements":[],"isInner":false,"widgetType":"ecomus-video-banner","elType":"widget"}],"isInner":false,"elType":"container"},{"id":"43d4d746","settings":{"border_border":"solid","border_width":{"unit":"px","top":"0","right":"0","bottom":"1","left":"0","isLinked":false},"border_color":"#EBEBEB","margin":{"unit":"px","top":"0","right":"0","bottom":"50","left":"0","isLinked":false},"margin_tablet":{"unit":"px","top":"0","right":"0","bottom":"42","left":"0","isLinked":false},"margin_mobile":{"unit":"px","top":"0","right":"0","bottom":"37","left":"0","isLinked":false},"padding":{"unit":"px","top":"0","right":"0","bottom":"100","left":"0","isLinked":false},"padding_tablet":{"unit":"px","top":"0","right":"0","bottom":"85","left":"0","isLinked":false},"padding_mobile":{"unit":"px","top":"0","right":"0","bottom":"75","left":"0","isLinked":false}},"elements":[{"id":"932d7ff","settings":{"show_heading":"yes","heading":"Our Top Picks","heading_typography_typography":"custom","heading_typography_font_weight":"600","arrows_heading_size":{"unit":"px","size":12,"sizes":[]},"arrows_show":"1","arrows_type":"outline","arrows_horizontal_spacing":{"unit":"px","size":-82,"sizes":[]},"arrows_bgcolor":"#FFFFFF","arrows_prev_icon":{"value":{"url":"https:\/\/wpecomus.com\/camp-and-hike\/wp-content\/uploads\/sites\/38\/2024\/07\/arrow-left-1.svg","id":3940},"library":"svg"},"arrows_next_icon":{"value":{"url":"https:\/\/wpecomus.com\/camp-and-hike\/wp-content\/uploads\/sites\/38\/2024\/07\/arrow-right-1.svg","id":3941},"library":"svg"},"slides_to_show_tablet":3,"slides_to_show_mobile":2,"navigation_classes_mobile":"dots","arrows_heading_border_radius":{"unit":"px","top":"0","right":"0","bottom":"0","left":"0","isLinked":true}},"elements":[],"isInner":false,"widgetType":"ecomus-products-carousel","elType":"widget"}],"isInner":false,"elType":"container"},{"id":"6234a068","settings":{"margin":{"unit":"px","top":"0","right":"0","bottom":"54","left":"0","isLinked":false},"margin_tablet":{"unit":"px","top":"0","right":"0","bottom":"45","left":"0","isLinked":false},"margin_mobile":{"unit":"px","top":"0","right":"0","bottom":"27","left":"0","isLinked":false},"flex_wrap_mobile":"nowrap"},"elements":[{"id":"692491c","settings":{"content_width":"full","title":"Visit our store","title_size":"h4","align":"center","typography_typography":"custom","typography_font_size":{"unit":"px","size":42,"sizes":[]},"typography_font_weight":"600","_margin":{"unit":"px","top":"0","right":"0","bottom":"34","left":"0","isLinked":false},"typography_font_size_tablet":{"unit":"px","size":32,"sizes":[]},"typography_font_size_mobile":{"unit":"px","size":22,"sizes":[]},"_margin_tablet":{"unit":"px","top":"0","right":"0","bottom":"30","left":"0","isLinked":false},"_margin_mobile":{"unit":"px","top":"0","right":"0","bottom":"10","left":"0","isLinked":false}},"elements":[],"isInner":false,"widgetType":"ecomus-heading","elType":"widget"},{"id":"1c24794","settings":{"content_width":"full","stores":[{"heading":"Hongkong","image":{"id":7236,"url":"https:\/\/wpecomus.com\/camp-and-hike\/wp-content\/uploads\/sites\/38\/2024\/12\/cah-store-1.webp","alt":"","source":"library","size":""},"title":"Hongkong Store","_id":"0d558ab","description":"<p>301 Front St WToronto,<br \/>Ecomus@support.com<br \/>(08) 8942 1299<\/p><p>Mon - Fri, 8:30am - 10:30pm<br \/>Saturday, 8:30am - 10:30pm<br \/>Sunday Closed<\/p>","button_text":"Get Directions","button_link":{"url":"https:\/\/wpecomus.com\/camp-and-hike\/store-locations\/","is_external":"","nofollow":"","custom_attributes":""}},{"heading":"London","image":{"id":7237,"url":"https:\/\/wpecomus.com\/camp-and-hike\/wp-content\/uploads\/sites\/38\/2024\/12\/cah-store-2.webp","alt":"","source":"library","size":""},"title":"London Store","_id":"5e73fd6","description":"<p>301 Front St WToronto,<br \/>LondonEcomus@ecom.com<br \/>(08) 8942 1299<\/p><p>Mon - Fri, 8:30am - 10:30pm<br \/>Saturday, 8:30am - 10:30pm<br \/>Sunday Closed<\/p>","button_text":"Get Directions","button_link":{"url":"https:\/\/wpecomus.com\/camp-and-hike\/store-locations\/","is_external":"","nofollow":"","custom_attributes":""}},{"heading":"Paris","image":{"id":7238,"url":"https:\/\/wpecomus.com\/camp-and-hike\/wp-content\/uploads\/sites\/38\/2024\/12\/cah-store-3.webp","alt":"","source":"library","size":""},"title":"Paris Store","_id":"c844313","description":"<p>301 Front St WToronto,<br \/>ParisEcomus@email.com<br \/>(08) 8942 1299<\/p><p>Mon - Fri, 8:30am - 10:30pm<br \/>Saturday, 8:30am - 10:30pm<br \/>Sunday Closed<\/p>","button_text":"Get Directions","button_link":{"url":"https:\/\/wpecomus.com\/camp-and-hike\/store-locations\/","is_external":"","nofollow":"","custom_attributes":""}}],"content_background_color":"#F2F2F2","description_color":"#868686","show_button_icon":"alway","button_style":"subtle","title_spacing":{"unit":"px","size":17,"sizes":[]},"title_spacing_tablet":{"unit":"px","size":10,"sizes":[]},"title_spacing_mobile":{"unit":"px","size":7,"sizes":[]}},"elements":[],"isInner":false,"widgetType":"ecomus-stores-tab","elType":"widget"}],"isInner":false,"elType":"container"},{"id":"6fda167f","settings":{"flex_align_items_mobile":"center","flex_gap":{"column":"0","row":"0","isLinked":true,"unit":"px","size":0},"margin":{"unit":"px","top":"0","right":"0","bottom":"100","left":"0","isLinked":false},"margin_tablet":{"unit":"px","top":"0","right":"0","bottom":"82","left":"0","isLinked":false},"margin_mobile":{"unit":"px","top":"0","right":"0","bottom":"65","left":"0","isLinked":false}},"elements":[{"id":"3ebdc628","settings":{"title":"Fancy our gear?","title_size":"h4","align":"center","title_color":"#000000","typography_typography":"custom","typography_font_size_tablet":{"unit":"px","size":32,"sizes":[]},"typography_font_size_mobile":{"unit":"px","size":22,"sizes":[]},"typography_font_weight":"600","_margin":{"unit":"px","top":"0","right":"0","bottom":"15","left":"0","isLinked":false},"_margin_tablet":{"unit":"px","top":"0","right":"0","bottom":"11","left":"0","isLinked":false},"_margin_mobile":{"unit":"px","top":"0","right":"0","bottom":"7","left":"0","isLinked":false}},"elements":[],"isInner":false,"widgetType":"ecomus-heading","elType":"widget"},{"id":"3adcc21a","settings":{"title":"Sign up for our newsletter and receive new product releases, deals and exclusive sales.","title_size":"div","align":"center","title_color":"#000000","typography_typography":"custom","typography_font_size":{"unit":"px","size":16,"sizes":[]},"_margin":{"unit":"px","top":"0","right":"0","bottom":"30","left":"0","isLinked":false},"_margin_tablet":{"unit":"px","top":"0","right":"0","bottom":"22","left":"0","isLinked":false},"_margin_mobile":{"unit":"px","top":"0","right":"0","bottom":"15","left":"0","isLinked":false}},"elements":[],"isInner":false,"widgetType":"ecomus-heading","elType":"widget"},{"id":"1e2eb76f","settings":{"form":"215","form_type":"row","input_width_tablet":{"unit":"%","size":"","sizes":[]},"input_width_mobile":{"unit":"%","size":65,"sizes":[]},"_padding":{"unit":"%","top":"0","right":"32","bottom":"0","left":"32","isLinked":false},"_padding_tablet":{"unit":"%","top":"0","right":"12","bottom":"0","left":"12","isLinked":false},"_padding_mobile":{"unit":"%","top":"0","right":"0","bottom":"0","left":"0","isLinked":false},"_element_custom_width":{"unit":"px","size":"","sizes":[]},"_element_custom_width_tablet":{"unit":"custom","size":"","sizes":[]},"_element_custom_width_mobile":{"unit":"custom","size":"","sizes":[]}},"elements":[],"isInner":false,"widgetType":"ecomus-subscribe-box","elType":"widget"}],"isInner":false,"elType":"container"}],"page_settings":{"hide_page_header":"yes","content_top_spacing":"custom","content_top_padding":{"unit":"px","size":0,"sizes":[]},"content_bottom_spacing":"custom","content_bottom_padding":{"unit":"px","size":0,"sizes":[]}},"version":"0.4","title":"camp-and-hike","type":"page"}