{"content":[{"id":"3d3ed1b","settings":{"flex_direction":"column","min_height":{"unit":"vh","size":100,"sizes":[]},"min_height_tablet":{"unit":"px","size":600,"sizes":[]},"min_height_mobile":{"unit":"px","size":480,"sizes":[]},"flex_justify_content":"center","flex_align_items":"flex-start","background_background":"video","background_video_link":"https:\/\/demo-ecomus-global.myshopify.com\/cdn\/shop\/videos\/c\/vp\/5fa30eaeb07e40dc8bf390866e1819bd\/5fa30eaeb07e40dc8bf390866e1819bd.HD-720p-3.0Mbps-19969154.mp4","boxed_width_mobile":{"unit":"px","size":500,"sizes":[]},"flex_gap":{"column":"10","row":"10","isLinked":true,"unit":"px","size":10},"background_play_on_mobile":"yes"},"elements":[{"id":"55119d2c","settings":{"content_width":"full","editor":"<p>SPRING COLLECTION<\/p>","text_color":"#FFFFFF","typography_typography":"custom","typography_font_weight":"600","_margin":{"unit":"px","top":"0","right":"0","bottom":"5","left":"0","isLinked":false},"_margin_mobile":{"unit":"px","top":"0","right":"0","bottom":"0","left":"0","isLinked":false}},"elements":[],"isInner":false,"widgetType":"text-editor","elType":"widget"},{"id":"7cb4729d","settings":{"content_width":"full","title":"End of<br class=\"hidden-xs\"\/>\nSeason Sale","title_color":"#FFFFFF","typography_typography":"custom","typography_font_size_mobile":{"unit":"px","size":40,"sizes":[]},"_margin":{"unit":"px","top":"0","right":"0","bottom":"44","left":"0","isLinked":false},"_margin_mobile":{"unit":"px","top":"0","right":"0","bottom":"30","left":"0","isLinked":false}},"elements":[],"isInner":false,"widgetType":"ecomus-heading","elType":"widget"},{"id":"3a278309","settings":{"content_width":"full","text":"Shop Collection","icon_align":"right","button_text_color":"#FFFFFF","background_color":"#FFFFFF00","typography_typography":"custom","typography_font_weight":"500","button_style":"outline","typography_font_size":{"unit":"px","size":18,"sizes":[]},"border_border":"solid","border_width":{"unit":"px","top":"1","right":"1","bottom":"1","left":"1","isLinked":true},"border_color":"#FFFFFF","text_padding":{"unit":"px","top":"14","right":"29","bottom":"15","left":"29","isLinked":false},"selected_icon":{"value":{"url":"https:\/\/raw.githubusercontent.com\/drfuri\/demo-content\/main\/ecomus\/fashion\/images\/arrow-right.svg","id":2722},"library":"svg"},"typography_font_size_mobile":{"unit":"px","size":14,"sizes":[]},"text_padding_mobile":{"unit":"px","top":"10","right":"25","bottom":"10","left":"25","isLinked":false},"button_text":"Shop collection","show_button_icon":"alway","button_icon":{"value":{"url":"https:\/\/wpecomus.com\/fashion\/wp-content\/uploads\/sites\/2\/2024\/07\/arrow-right.svg","id":3886},"library":"svg"},"button_icon_size":{"unit":"px","size":12,"sizes":[]},"button_typography_typography":"custom","button_typography_font_size":{"unit":"px","size":18,"sizes":[]},"button_border_color":"#FFFFFF","button_background_hover_color":"#FFFFFF","hover_color":"#020202","button_icon_padding":{"unit":"px","top":"02","right":"0","bottom":"0","left":"0","isLinked":false},"button_link":{"url":"https:\/\/wpecomus.com\/fashion\/shop\/?product_status=on_sale","is_external":"","nofollow":"","custom_attributes":""},"button_padding":{"unit":"px","top":"16","right":"30","bottom":"16","left":"30","isLinked":false},"button_typography_font_weight":"500"},"elements":[],"isInner":false,"widgetType":"ecomus-button","elType":"widget"}],"isInner":false,"elType":"container"},{"id":"1eddb1a0","settings":{"flex_direction":"row","flex_gap":{"unit":"px","size":30,"column":"30","row":"30","isLinked":true},"flex_gap_tablet":{"column":"15","row":"15","isLinked":true,"unit":"px","size":15},"padding":{"unit":"px","top":"80","right":"0","bottom":"30","left":"0","isLinked":false},"padding_tablet":{"unit":"px","top":"60","right":"0","bottom":"15","left":"0","isLinked":false},"padding_mobile":{"unit":"px","top":"25","right":"0","bottom":"16","left":"0","isLinked":false}},"elements":[{"id":"60f6b18a","settings":{"flex_direction":"column","content_width":"full","width":{"unit":"%","size":"50"}},"elements":[{"id":"7b691401","settings":{"content_width":"full","title":"","image":{"id":4070,"url":"https:\/\/wpecomus.com\/fashion\/wp-content\/uploads\/sites\/2\/2024\/07\/homev8_banner01.webp","alt":"","source":"library","size":""},"button_text":"Clothings","horizontal_position":"left","button_show_icon":"yes","button_margin":{"unit":"px","top":"0","right":"0","bottom":"26","left":"23","isLinked":false},"button_icon":{"value":{"url":"https:\/\/raw.githubusercontent.com\/drfuri\/demo-content\/main\/ecomus\/fashion\/images\/arrow-top-right.svg","id":1340},"library":"svg"},"height_tablet":{"unit":"px","size":455,"sizes":[]},"height_mobile":{"unit":"px","size":415,"sizes":[]},"button_icon_position":"top","button_typography_typography":"custom","button_typography_font_size":{"unit":"px","size":18,"sizes":[]},"button_typography_font_size_mobile":{"unit":"px","size":15,"sizes":[]},"button_typography_font_weight":"500","button_margin_mobile":{"unit":"px","top":"0","right":"0","bottom":"15","left":"15","isLinked":false},"button_padding":{"unit":"px","top":"13","right":"16","bottom":"13","left":"16","isLinked":false},"button_padding_mobile":{"unit":"px","top":"10","right":"12","bottom":"10","left":"12","isLinked":false},"show_button_icon":"alway","button_icon_align":"left","height":{"unit":"px","size":510,"sizes":[]},"button_link":{"url":"https:\/\/wpecomus.com\/fashion\/product-category\/women\/","is_external":"","nofollow":"","custom_attributes":""}},"elements":[],"isInner":false,"widgetType":"ecomus-banner","elType":"widget"}],"isInner":true,"elType":"container"},{"id":"766ddb35","settings":{"flex_direction":"row","content_width":"full","width":{"unit":"%","size":"50"},"flex_direction_tablet":"column","flex_direction_mobile":"row","flex_gap":{"column":"30","row":"30","isLinked":true,"unit":"px","size":30},"flex_gap_tablet":{"column":"15","row":"15","isLinked":true,"unit":"px","size":15},"flex_gap_mobile":{"column":"15","row":"15","isLinked":true,"unit":"px","size":15}},"elements":[{"id":"76a887bc","settings":{"content_width":"full","width_mobile":{"unit":"%","size":47,"sizes":[]},"boxed_width_mobile":{"unit":"%","size":50,"sizes":[]},"flex_gap":{"column":"","row":"","isLinked":true,"unit":"px","size":null}},"elements":[{"id":"25537a2d","settings":{"content_width":"full","title":"","button_text":"Shoes","image":{"id":4071,"url":"https:\/\/wpecomus.com\/fashion\/wp-content\/uploads\/sites\/2\/2024\/07\/homev8_banner02.webp","alt":"","source":"library","size":""},"height":{"unit":"px","size":510,"sizes":[]},"height_tablet":{"unit":"px","size":220,"sizes":[]},"height_mobile":{"unit":"px","size":200,"sizes":[]},"horizontal_position":"left","button_icon_position":"top","button_typography_typography":"custom","button_typography_font_size":{"unit":"px","size":18,"sizes":[]},"button_typography_font_size_mobile":{"unit":"px","size":15,"sizes":[]},"button_typography_font_weight":"500","button_margin":{"unit":"px","top":"0","right":"0","bottom":"26","left":"23","isLinked":false},"button_margin_mobile":{"unit":"px","top":"0","right":"0","bottom":"15","left":"15","isLinked":false},"button_padding":{"unit":"px","top":"13","right":"16","bottom":"13","left":"16","isLinked":false},"button_padding_mobile":{"unit":"px","top":"10","right":"12","bottom":"10","left":"12","isLinked":false},"show_button_icon":"alway","button_icon_align":"left","button_link":{"url":"https:\/\/wpecomus.com\/fashion\/product-category\/shoes\/","is_external":"","nofollow":"","custom_attributes":""}},"elements":[],"isInner":false,"widgetType":"ecomus-banner","elType":"widget"}],"isInner":true,"elType":"container"},{"id":"10fc22cf","settings":{"content_width":"full","width_mobile":{"unit":"%","size":48,"sizes":[]}},"elements":[{"id":"34f9033c","settings":{"content_width":"full","title":"","button_text":"Slippers","image":{"id":4072,"url":"https:\/\/wpecomus.com\/fashion\/wp-content\/uploads\/sites\/2\/2024\/07\/homev8_banner03.webp","alt":"","source":"library","size":""},"height":{"unit":"px","size":510,"sizes":[]},"height_tablet":{"unit":"px","size":220,"sizes":[]},"height_mobile":{"unit":"px","size":200,"sizes":[]},"horizontal_position":"left","button_icon_position":"top","button_typography_typography":"custom","button_typography_font_size":{"unit":"px","size":18,"sizes":[]},"button_typography_font_size_mobile":{"unit":"px","size":15,"sizes":[]},"button_typography_font_weight":"500","button_margin":{"unit":"px","top":"0","right":"0","bottom":"26","left":"23","isLinked":false},"button_margin_mobile":{"unit":"px","top":"0","right":"0","bottom":"15","left":"15","isLinked":false},"button_padding":{"unit":"px","top":"13","right":"16","bottom":"13","left":"16","isLinked":false},"button_padding_mobile":{"unit":"px","top":"10","right":"12","bottom":"10","left":"12","isLinked":false},"show_button_icon":"alway","button_icon_align":"left","button_link":{"url":"https:\/\/wpecomus.com\/fashion\/product-category\/sunglasses\/","is_external":"","nofollow":"","custom_attributes":""}},"elements":[],"isInner":false,"widgetType":"ecomus-banner","elType":"widget"}],"isInner":true,"elType":"container"}],"isInner":true,"elType":"container"}],"isInner":false,"elType":"container"},{"id":"108eddb4","settings":{"flex_direction":"row","flex_gap":{"unit":"px","size":30,"column":"30","row":"30","isLinked":true},"flex_gap_tablet":{"column":"15","row":"15","isLinked":true,"unit":"px","size":15}},"elements":[{"id":"42d35154","settings":{"flex_direction":"row","content_width":"full","width":{"unit":"%","size":"50"},"flex_gap":{"column":"30","row":"30","isLinked":true,"unit":"px","size":30},"flex_gap_tablet":{"column":"15","row":"15","isLinked":true,"unit":"px","size":15}},"elements":[{"id":"1e4049c1","settings":{"content_width":"full","width_mobile":{"unit":"%","size":47,"sizes":[]},"flex_gap":{"column":"","row":"","isLinked":true,"unit":"px","size":null}},"elements":[{"id":"7409808d","settings":{"content_width":"full","title":"","image":{"id":4073,"url":"https:\/\/wpecomus.com\/fashion\/wp-content\/uploads\/sites\/2\/2024\/07\/homev8_banner04.webp","alt":"","source":"library","size":""},"button_text":"Perfume","horizontal_position":"left","button_show_icon":"yes","button_margin":{"unit":"px","top":"0","right":"0","bottom":"26","left":"23","isLinked":false},"height":{"unit":"px","size":510,"sizes":[]},"height_tablet":{"unit":"px","size":300,"sizes":[]},"height_mobile":{"unit":"px","size":200,"sizes":[]},"button_icon_position":"top","button_typography_typography":"custom","button_typography_font_size":{"unit":"px","size":18,"sizes":[]},"button_typography_font_size_mobile":{"unit":"px","size":15,"sizes":[]},"button_typography_font_weight":"500","button_margin_mobile":{"unit":"px","top":"0","right":"0","bottom":"15","left":"15","isLinked":false},"button_padding":{"unit":"px","top":"13","right":"16","bottom":"13","left":"16","isLinked":false},"button_padding_mobile":{"unit":"px","top":"10","right":"12","bottom":"10","left":"12","isLinked":false},"show_button_icon":"alway","button_icon_align":"left","button_link":{"url":"https:\/\/wpecomus.com\/fashion\/product-category\/accessories\/","is_external":"","nofollow":"","custom_attributes":""}},"elements":[],"isInner":false,"widgetType":"ecomus-banner","elType":"widget"}],"isInner":true,"elType":"container"},{"id":"11f49864","settings":{"content_width":"full","width_mobile":{"unit":"%","size":48,"sizes":[]}},"elements":[{"id":"42772d1b","settings":{"content_width":"full","title":"","button_text":"Bags","image":{"id":4074,"url":"https:\/\/wpecomus.com\/fashion\/wp-content\/uploads\/sites\/2\/2024\/07\/homev8_banner05.webp","alt":"","source":"library","size":""},"height":{"unit":"px","size":510,"sizes":[]},"height_tablet":{"unit":"px","size":300,"sizes":[]},"height_mobile":{"unit":"px","size":200,"sizes":[]},"horizontal_position":"left","button_icon_position":"top","button_typography_typography":"custom","button_typography_font_size":{"unit":"px","size":18,"sizes":[]},"button_typography_font_size_mobile":{"unit":"px","size":15,"sizes":[]},"button_typography_font_weight":"500","button_margin":{"unit":"px","top":"0","right":"0","bottom":"26","left":"23","isLinked":false},"button_margin_mobile":{"unit":"px","top":"0","right":"0","bottom":"15","left":"15","isLinked":false},"button_padding":{"unit":"px","top":"13","right":"16","bottom":"13","left":"16","isLinked":false},"button_padding_mobile":{"unit":"px","top":"10","right":"12","bottom":"10","left":"12","isLinked":false},"show_button_icon":"alway","button_icon_align":"left","button_link":{"url":"https:\/\/wpecomus.com\/fashion\/product-category\/handbag\/","is_external":"","nofollow":"","custom_attributes":""}},"elements":[],"isInner":false,"widgetType":"ecomus-banner","elType":"widget"}],"isInner":true,"elType":"container"}],"isInner":true,"elType":"container"},{"id":"401ea960","settings":{"flex_direction":"column","content_width":"full","width":{"unit":"%","size":"50"}},"elements":[{"id":"65f95d59","settings":{"content_width":"full","title":"","button_text":"Hats","image":{"id":4075,"url":"https:\/\/wpecomus.com\/fashion\/wp-content\/uploads\/sites\/2\/2024\/07\/homev8_banner06.webp","alt":"","source":"library","size":""},"height":{"unit":"px","size":510,"sizes":[]},"height_tablet":{"unit":"px","size":300,"sizes":[]},"height_mobile":{"unit":"px","size":415,"sizes":[]},"horizontal_position":"left","button_icon_position":"top","button_typography_typography":"custom","button_typography_font_size":{"unit":"px","size":18,"sizes":[]},"button_typography_font_size_mobile":{"unit":"px","size":15,"sizes":[]},"button_typography_font_weight":"500","button_margin":{"unit":"px","top":"0","right":"0","bottom":"26","left":"23","isLinked":false},"button_margin_mobile":{"unit":"px","top":"0","right":"0","bottom":"15","left":"15","isLinked":false},"button_padding":{"unit":"px","top":"13","right":"16","bottom":"13","left":"16","isLinked":false},"button_padding_mobile":{"unit":"px","top":"10","right":"12","bottom":"10","left":"12","isLinked":false},"show_button_icon":"alway","button_icon_align":"left","button_link":{"url":"https:\/\/wpecomus.com\/fashion\/product-category\/accessories\/","is_external":"","nofollow":"","custom_attributes":""}},"elements":[],"isInner":false,"widgetType":"ecomus-banner","elType":"widget"}],"isInner":true,"elType":"container"}],"isInner":false,"elType":"container"},{"id":"47925972","settings":{"flex_gap":{"column":"10","row":"10","isLinked":true,"unit":"px","size":10},"padding":{"unit":"px","top":"96","right":"0","bottom":"144","left":"0","isLinked":false},"padding_mobile":{"unit":"px","top":"27","right":"0","bottom":"30","left":"0","isLinked":false},"padding_tablet":{"unit":"px","top":"80","right":"0","bottom":"80","left":"0","isLinked":false}},"elements":[{"id":"c31a340","settings":{"content_width":"full","title":"Editor's Picks","title_size":"h4","align":"center","typography_typography":"custom","typography_font_size_tablet":{"unit":"px","size":32,"sizes":[]},"typography_font_size_mobile":{"unit":"px","size":22,"sizes":[]}},"elements":[],"isInner":false,"widgetType":"ecomus-heading","elType":"widget"},{"id":"171de451","settings":{"content_width":"full","slides_to_show_tablet":3,"slides_to_show_mobile":2,"slides_to_scroll_tablet":3,"slides_to_scroll_mobile":2,"image_spacing_custom_mobile":15,"navigation_classes_tablet":"dots","navigation_classes_mobile":"dots","show_heading":"yes","heading":"View All","link":{"url":"https:\/\/wpecomus.com\/fashion\/shop\/","is_external":"","nofollow":"","custom_attributes":""},"arrows_prev_icon":{"value":{"url":"https:\/\/wpecomus.com\/fashion\/wp-content\/uploads\/sites\/2\/2024\/07\/arrow-left-1.svg","id":3940},"library":"svg"},"arrows_next_icon":{"value":{"url":"https:\/\/wpecomus.com\/fashion\/wp-content\/uploads\/sites\/2\/2024\/07\/arrow-right-1.svg","id":3941},"library":"svg"},"heading_display":"center","arrows_vertical_spacing":{"unit":"%","size":47,"sizes":[]},"arrows_vertical_spacing_tablet":{"unit":"%","size":"","sizes":[]},"arrows_vertical_spacing_mobile":{"unit":"%","size":"","sizes":[]}},"elements":[],"isInner":false,"widgetType":"ecomus-products-carousel","elType":"widget"}],"isInner":false,"elType":"container"},{"id":"47341327","settings":{"flex_direction":"row","flex_gap":{"unit":"px","size":0,"column":"0","row":"0","isLinked":true},"flex_gap_tablet":{"column":"","row":"","isLinked":true,"unit":"px","size":null}},"elements":[{"id":"492fc1a1","settings":{"flex_direction":"column","content_width":"full","width":{"unit":"%","size":"50"}},"elements":[{"id":"2cff5e69","settings":{"content_width":"full","image":{"id":5085,"url":"https:\/\/wpecomus.com\/fashion\/wp-content\/uploads\/sites\/2\/2024\/08\/home-v8-banner-7.jpg","alt":"","source":"library","size":""},"image_size":"full","height":{"unit":"%","size":"","sizes":[]},"height_tablet":{"unit":"%","size":"","sizes":[]},"height_mobile":{"unit":"%","size":"","sizes":[]},"object-fit":"cover"},"elements":[],"isInner":false,"widgetType":"image","elType":"widget"}],"isInner":true,"elType":"container"},{"id":"4dbe1f3f","settings":{"flex_direction":"column","content_width":"full","width":{"unit":"%","size":"50"},"flex_justify_content":"center","flex_align_items":"center","flex_align_items_tablet":"flex-start","flex_align_items_mobile":"center","flex_gap":{"column":"10","row":"10","isLinked":true,"unit":"px","size":10},"background_background":"classic","padding_tablet":{"unit":"px","top":"0","right":"0","bottom":"0","left":"20","isLinked":false},"padding_mobile":{"unit":"px","top":"23","right":"15","bottom":"30","left":"15","isLinked":false},"flex_gap_mobile":{"column":"0","row":"0","isLinked":true,"unit":"px","size":0}},"elements":[{"id":"25351c5b","settings":{"content_width":"full","editor":"GET YOUR FASHION FIX HERE","text_color":"#000000","typography_typography":"custom","typography_font_weight":"700"},"elements":[],"isInner":false,"widgetType":"text-editor","elType":"widget"},{"id":"72a68261","settings":{"content_width":"full","title":"Spring Collections","title_color":"#000000","typography_typography":"custom","typography_font_size_mobile":{"unit":"px","size":24,"sizes":[]},"_margin":{"unit":"px","top":"0","right":"0","bottom":"12","left":"0","isLinked":false},"title_size":"h3","align_mobile":"center","typography_font_size_tablet":{"unit":"px","size":40,"sizes":[]},"typography_line_height_tablet":{"unit":"px","size":48,"sizes":[]},"typography_line_height_mobile":{"unit":"px","size":"","sizes":[]},"_margin_mobile":{"unit":"px","top":"0","right":"0","bottom":"6","left":"0","isLinked":false}},"elements":[],"isInner":false,"widgetType":"ecomus-heading","elType":"widget"},{"id":"1bcf4c4c","settings":{"content_width":"full","editor":"Shop our luxury silk button-up blouses made with ultra-soft,<br class=\"hidden-xs hidden-sm hidden-md\" \/>washable silk.","text_color":"#000000","typography_typography":"custom","typography_font_size":{"unit":"px","size":16,"sizes":[]},"typography_font_weight":"400","typography_line_height":{"unit":"px","size":24,"sizes":[]},"align_mobile":"center","typography_font_size_mobile":{"unit":"px","size":14,"sizes":[]},"typography_line_height_mobile":{"unit":"px","size":20,"sizes":[]},"_margin":{"unit":"px","top":"0","right":"0","bottom":"25","left":"0","isLinked":false},"_margin_mobile":{"unit":"px","top":"0","right":"0","bottom":"15","left":"0","isLinked":false},"align":"center","align_tablet":"left","_margin_tablet":{"unit":"px","top":"0","right":"0","bottom":"15","left":"0","isLinked":false}},"elements":[],"isInner":false,"widgetType":"text-editor","elType":"widget"},{"id":"f7fbf2f","settings":{"content_width":"full","text":"Shop Collection","typography_typography":"custom","typography_font_weight":"500","button_text":"Shop Collection","button_link":{"url":"https:\/\/wpecomus.com\/fashion\/shop\/","is_external":"","nofollow":"","custom_attributes":""}},"elements":[],"isInner":false,"widgetType":"ecomus-button","elType":"widget"}],"isInner":true,"elType":"container"}],"isInner":false,"elType":"container"},{"id":"7b4690fe","settings":{"padding":{"unit":"px","top":"130","right":"0","bottom":"150","left":"0","isLinked":false},"padding_tablet":{"unit":"px","top":"110","right":"0","bottom":"130","left":"0","isLinked":false},"padding_mobile":{"unit":"px","top":"60","right":"0","bottom":"40","left":"0","isLinked":false}},"elements":[{"id":"64f723d8","settings":{"content_width":"full","image":{"id":4078,"url":"https:\/\/wpecomus.com\/fashion\/wp-content\/uploads\/sites\/2\/2024\/07\/homev8_lookbook01.webp","alt":"","source":"library","size":""},"title":"Shop this look","sub_title":"BUNDLE AND SAVE","lookbook_products":[{"_id":"39efccb","product_id":738,"pin_position_x":{"unit":"%","size":46,"sizes":[]},"pin_position_y":{"unit":"%","size":47,"sizes":[]}},{"_id":"8221ad1","product_id":791,"pin_position_x":{"unit":"%","size":56,"sizes":[]},"pin_position_y":{"unit":"%","size":35,"sizes":[]}},{"_id":"dabaf02","product_id":871,"pin_position_x":{"unit":"%","size":44,"sizes":[]},"pin_position_y":{"unit":"%","size":90,"sizes":[]}}],"title_typography_font_size":{"unit":"px","size":77,"sizes":[]},"sub_title_spacing":{"unit":"px","size":7,"sizes":[]},"lookbook_type":"list","sub_title_color":"#000000"},"elements":[],"isInner":false,"widgetType":"ecomus-lookbook-products","elType":"widget"}],"isInner":false,"elType":"container"},{"id":"52aa0d50","settings":{"content_width":"full"},"elements":[{"id":"6a10e885","settings":{"content_width":"full","items":[{"text":"Use <a href=\"#\">code GET30<\/a> at checkout for 30% off your first order","_id":"3cba4b8","icon":{"value":"","library":""},"image":{"id":"","url":"https:\/\/raw.githubusercontent.com\/drfuri\/demo-content\/main\/ecomus\/fashion\/images\/placeholder.png"}}],"padding":{"unit":"px","top":"0","right":"0","bottom":"0","left":"0","isLinked":true},"background_color":"#02010100","text_typography_typography":"custom","text_typography_font_size":{"unit":"px","size":80,"sizes":[]},"text_typography_line_height":{"unit":"px","size":85,"sizes":[]},"text_typography_font_size_tablet":{"unit":"px","size":60,"sizes":[]},"text_typography_font_size_mobile":{"unit":"px","size":40,"sizes":[]},"text_typography_line_height_tablet":{"unit":"px","size":65,"sizes":[]},"text_typography_line_height_mobile":{"unit":"px","size":40,"sizes":[]}},"elements":[],"isInner":false,"widgetType":"ecomus-marquee","elType":"widget"}],"isInner":false,"elType":"container"},{"id":"72e2acba","settings":{"content_width":"full"},"elements":[{"id":"1f78bade","settings":{"content_width":"full","text":"Divider","color":"#EBEBEB","_padding":{"unit":"px","top":"150","right":"0","bottom":"59","left":"0","isLinked":false},"_padding_tablet":{"unit":"px","top":"130","right":"0","bottom":"50","left":"0","isLinked":false},"_padding_mobile":{"unit":"px","top":"35","right":"0","bottom":"15","left":"0","isLinked":false}},"elements":[],"isInner":false,"widgetType":"divider","elType":"widget"}],"isInner":false,"elType":"container"},{"id":"7b657f2d","settings":[],"elements":[{"id":"4d6206","settings":{"content_width":"full","title":"Blogs post","title_size":"h4","align":"center","typography_typography":"custom","typography_font_size_tablet":{"unit":"px","size":32,"sizes":[]},"typography_font_size_mobile":{"unit":"px","size":22,"sizes":[]},"_padding":{"unit":"px","top":"0","right":"0","bottom":"69","left":"0","isLinked":false},"_padding_tablet":{"unit":"px","top":"0","right":"0","bottom":"30","left":"0","isLinked":false}},"elements":[],"isInner":false,"widgetType":"ecomus-heading","elType":"widget"}],"isInner":false,"elType":"container"},{"id":"26b113f3","settings":{"margin":{"unit":"px","top":"0","right":"0","bottom":"075","left":"0","isLinked":false},"margin_mobile":{"unit":"px","top":"0","right":"0","bottom":"30","left":"0","isLinked":false}},"elements":[{"id":"7d22804a","settings":{"content_width":"full","navigation_classes_tablet":"arrows","navigation_classes_mobile":"dots","dots_spacing_mobile":{"unit":"px","size":15,"sizes":[]},"slides_to_show_tablet":2,"slides_to_show_mobile":1,"slides_to_scroll_tablet":2,"slides_to_scroll_mobile":1,"arrows_vertical_spacing":{"unit":"%","size":40,"sizes":[]},"arrows_vertical_spacing_tablet":{"unit":"%","size":38,"sizes":[]},"arrows_vertical_spacing_mobile":{"unit":"%","size":"","sizes":[]},"post_carousel_radius":{"unit":"px","top":"0","right":"0","bottom":"0","left":"0","isLinked":true}},"elements":[],"isInner":false,"widgetType":"ecomus-posts-carousel","elType":"widget"}],"isInner":false,"elType":"container"}],"page_settings":{"header_layout":"v1","header_background":"transparent","header_text_color":"light","hide_page_header":"yes","content_top_spacing":"custom","content_top_padding":{"unit":"px","size":0,"sizes":[]},"content_bottom_spacing":"custom","content_bottom_padding":{"unit":"px","size":0,"sizes":[]}},"version":"0.4","title":"Home Fashion v8","type":"page"}