{"content":[{"id":"319ab3d1","settings":{"content_width":"full","padding":{"unit":"px","top":"0","right":"0","bottom":"5","left":"0","isLinked":false},"padding_tablet":{"unit":"px","top":"0","right":"0","bottom":"12","left":"0","isLinked":false}},"elements":[{"id":"231d88e2","settings":{"content_width":"full","heading":"","items":[{"button_text":"Shop Men","_id":"2e1b8e1","image":{"id":1811,"url":"https:\/\/wpecomus.com\/fashion\/wp-content\/uploads\/sites\/2\/2024\/06\/homev3_slider1.webp","alt":"","source":"library","size":""},"button_link":{"url":"https:\/\/wpecomus.com\/fashion\/product-category\/men\/","is_external":"","nofollow":"","custom_attributes":""}},{"button_text":"Shop Women","_id":"8eb5386","image":{"id":1812,"url":"https:\/\/wpecomus.com\/fashion\/wp-content\/uploads\/sites\/2\/2024\/06\/homev3_slider2.webp","alt":"","source":"library","size":""},"button_link":{"url":"https:\/\/wpecomus.com\/fashion\/product-category\/women\/","is_external":"","nofollow":"","custom_attributes":""}},{"button_text":"Shop Accessories","_id":"060f31d","image":{"id":1813,"url":"https:\/\/wpecomus.com\/fashion\/wp-content\/uploads\/sites\/2\/2024\/06\/homev3_slider3.webp","alt":"","source":"library","size":""},"button_link":{"url":"https:\/\/wpecomus.com\/fashion\/product-category\/accessories\/","is_external":"","nofollow":"","custom_attributes":""}},{"button_text":"Fashion","_id":"eb79582","image":{"id":1814,"url":"https:\/\/wpecomus.com\/fashion\/wp-content\/uploads\/sites\/2\/2024\/06\/homev3_slider4.webp","alt":"","source":"library","size":""},"button_link":{"url":"https:\/\/wpecomus.com\/fashion\/product-category\/men\/","is_external":"","nofollow":"","custom_attributes":""}},{"_id":"3d79e4e","image":{"id":1815,"url":"https:\/\/wpecomus.com\/fashion\/wp-content\/uploads\/sites\/2\/2024\/06\/homev3_slider5.webp","alt":"","source":"library","size":""},"button_text":"Accessories","button_link":{"url":"https:\/\/wpecomus.com\/fashion\/product-category\/accessories\/","is_external":"","nofollow":"","custom_attributes":""}}],"slides_to_scroll":2,"image_spacing_custom":5,"slides_to_scroll_mobile":1,"content_horizontal_position":"center","dots_spacing_tablet":{"unit":"px","size":15,"sizes":[]},"content_border_radius":{"unit":"px","top":"0","right":"0","bottom":"0","left":"0","isLinked":true},"button_typography_typography":"custom","button_typography_font_size":{"unit":"px","size":20,"sizes":[]},"button_width":{"unit":"px","size":297,"sizes":[]},"button_border_radius":{"unit":"px","top":"5","right":"5","bottom":"5","left":"5","isLinked":true},"button_width_mobile":{"unit":"px","size":200,"sizes":[]},"button_padding_mobile":{"unit":"px","top":"10","right":"10","bottom":"10","left":"10","isLinked":false},"aspect_ratio_type":"vertical","button_min_width":{"unit":"px","size":297,"sizes":[]},"show_button_icon":"hover","button_icon_size":{"unit":"px","size":10,"sizes":[]},"heading_typography_typography":"custom","button_style":"light","button_icon_size_mobile":{"unit":"px","size":0,"sizes":[]},"slides_to_show_tablet":2,"slides_to_show_mobile":1,"image_border_radius":{"unit":"px","top":"0","right":"0","bottom":"0","left":"0","isLinked":true},"button_typography_font_size_mobile":{"unit":"px","size":16,"sizes":[]},"button_min_width_mobile":{"unit":"px","size":150,"sizes":[]},"button_min_height_mobile":{"unit":"px","size":46,"sizes":[]},"button_icon_padding":{"unit":"px","top":"4","right":"0","bottom":"0","left":"0","isLinked":false},"button_icon_padding_mobile":{"unit":"px","top":"2","right":"0","bottom":"0","left":"0","isLinked":false},"button_padding":{"unit":"px","top":"22","right":"10","bottom":"22","left":"10","isLinked":false},"button_typography_font_weight":"500","button_icon_indent_mobile":{"unit":"px","size":0,"sizes":[]},"navigation_classes_tablet":"dots"},"elements":[],"isInner":false,"widgetType":"ecomus-image-box-carousel","elType":"widget"}],"isInner":false,"elType":"container"},{"id":"2a0be806","settings":{"flex_direction":"row","flex_gap":{"unit":"px","size":0,"column":"0","row":"0","isLinked":true},"flex_align_items":"center","background_background":"classic","background_color":"#C9F4AA","padding":{"unit":"px","top":"60","right":"0","bottom":"55","left":"0","isLinked":false}},"elements":[{"id":"5d4c9315","settings":{"flex_direction":"column","content_width":"full","width":{"unit":"%","size":"50"},"flex_align_items_mobile":"center","flex_gap":{"column":"9","row":"9","isLinked":true,"unit":"px","size":9},"margin_mobile":{"unit":"px","top":"0","right":"0","bottom":"20","left":"0","isLinked":false},"flex_gap_mobile":{"column":"0","row":"11","isLinked":false,"unit":"px","size":0}},"elements":[{"id":"64174726","settings":{"content_width":"full","title":"One-Time Only","title_size":"h4","typography_typography":"custom","typography_font_size_tablet":{"unit":"px","size":32,"sizes":[]},"typography_font_size_mobile":{"unit":"px","size":22,"sizes":[]}},"elements":[],"isInner":false,"widgetType":"ecomus-heading","elType":"widget"},{"id":"38546354","settings":{"content_width":"full","editor":"Special Offers You Can't Miss: These deals won't last forever!","align_mobile":"center","text_color":"#000000","typography_typography":"custom","typography_font_size":{"unit":"px","size":20,"sizes":[]},"typography_font_size_mobile":{"unit":"px","size":16,"sizes":[]},"typography_font_weight":"400","typography_line_height":{"unit":"px","size":30,"sizes":[]},"typography_line_height_mobile":{"unit":"px","size":22,"sizes":[]},"_margin":{"unit":"px","top":"0","right":"0","bottom":"5","left":"0","isLinked":false},"_margin_mobile":{"unit":"px","top":"0","right":"0","bottom":"0","left":"0","isLinked":true}},"elements":[],"isInner":false,"widgetType":"text-editor","elType":"widget"},{"id":"6b0dad08","settings":{"content_width":"full","button_style":"subtle","text":"Shop now","icon_align":"right","typography_typography":"custom","typography_font_weight":"600","button_text":"Shop Now","show_button_icon":"alway","_margin":{"unit":"px","top":"4","right":"0","bottom":"0","left":"0","isLinked":false},"_margin_mobile":{"unit":"px","top":"9","right":"0","bottom":"0","left":"0","isLinked":false},"button_link":{"url":"https:\/\/wpecomus.com\/fashion\/shop","is_external":"","nofollow":"","custom_attributes":""}},"elements":[],"isInner":false,"widgetType":"ecomus-button","elType":"widget"}],"isInner":true,"elType":"container"},{"id":"494512eb","settings":{"flex_direction":"column","content_width":"full","width":{"unit":"%","size":"50"},"flex_justify_content_mobile":"center","flex_align_items_mobile":"center"},"elements":[{"id":"5c7a5f42","settings":{"content_width":"full","form_align":"flex-end","timer_border_radius":{"unit":"px","top":"3","right":"3","bottom":"3","left":"3","isLinked":true},"digit_typography_typography":"custom","digit_typography_font_size_mobile":{"unit":"px","size":16,"sizes":[]},"text_typography_typography":"custom","text_typography_font_size_mobile":{"unit":"px","size":13,"sizes":[]}},"elements":[],"isInner":false,"widgetType":"ecomus-countdown","elType":"widget"}],"isInner":true,"elType":"container"}],"isInner":false,"elType":"container"},{"id":"6649e5be","settings":{"flex_align_items":"center","padding":{"unit":"px","top":"83","right":"0","bottom":"70","left":"0","isLinked":false},"padding_mobile":{"unit":"px","top":"33","right":"0","bottom":"40","left":"0","isLinked":false}},"elements":[{"id":"6e7e901f","settings":{"content_width":"full","title":"Trending Product","title_size":"h4","typography_typography":"custom","typography_font_size_tablet":{"unit":"px","size":32,"sizes":[]},"typography_font_size_mobile":{"unit":"px","size":24,"sizes":[]}},"elements":[],"isInner":false,"widgetType":"ecomus-heading","elType":"widget"},{"id":"4c46790f","settings":{"content_width":"full","editor":"Check out our trending now section for the latest fashion must-haves","align_mobile":"center","text_color":"#545454","typography_typography":"custom","typography_font_size":{"unit":"px","size":16,"sizes":[]},"typography_font_weight":"400","typography_line_height":{"unit":"px","size":22,"sizes":[]},"_margin":{"unit":"px","top":"0","right":"0","bottom":"38","left":"0","isLinked":false},"_margin_mobile":{"unit":"px","top":"0","right":"0","bottom":"8","left":"0","isLinked":false},"_margin_tablet":{"unit":"px","top":"0","right":"0","bottom":"20","left":"0","isLinked":false}},"elements":[],"isInner":false,"widgetType":"text-editor","elType":"widget"},{"id":"7888dd74","settings":{"content_width":"full","slides_to_scroll":4,"slides_to_show_tablet":3,"slides_to_show_mobile":2,"slides_to_scroll_tablet":3,"slides_to_scroll_mobile":2,"image_spacing_custom_mobile":15,"heading":"This is the heading","arrows_vertical_spacing":{"unit":"%","size":40,"sizes":[]},"arrows_vertical_spacing_tablet":{"unit":"%","size":"","sizes":[]},"arrows_vertical_spacing_mobile":{"unit":"%","size":"","sizes":[]},"navigation_classes_tablet":"dots"},"elements":[],"isInner":false,"widgetType":"ecomus-products-carousel","elType":"widget"}],"isInner":false,"elType":"container"},{"id":"72474ebd","settings":{"flex_align_items":"center","background_background":"classic","background_color":"#FF7B54","padding":{"unit":"px","top":"110","right":"0","bottom":"120","left":"0","isLinked":false},"padding_mobile":{"unit":"px","top":"70","right":"0","bottom":"80","left":"0","isLinked":false}},"elements":[{"id":"37fdf5b6","settings":{"content_width":"full","width":{"unit":"px","size":820,"sizes":[]},"flex_align_items":"center","flex_gap":{"column":"13","row":"13","isLinked":true,"unit":"px","size":13},"width_tablet":{"unit":"%","size":100,"sizes":[]},"width_mobile":{"unit":"%","size":"","sizes":[]}},"elements":[{"id":"56ebdc02","settings":{"content_width":"full","title":"Sustainable Style","title_size":"h4","title_color":"#FFFFFF","typography_typography":"custom","typography_font_size_tablet":{"unit":"px","size":32,"sizes":[]},"typography_font_size_mobile":{"unit":"px","size":22,"sizes":[]}},"elements":[],"isInner":false,"widgetType":"ecomus-heading","elType":"widget"},{"id":"79951f4e","settings":{"content_width":"full","editor":"<p>Better materials. Better quality. Better Price and Better for the planet.<\/p>","text_color":"#FFFFFF","typography_typography":"custom","typography_font_size":{"unit":"px","size":20,"sizes":[]},"typography_font_weight":"400","typography_line_height":{"unit":"px","size":30,"sizes":[]},"align_mobile":"center","typography_font_size_mobile":{"unit":"px","size":16,"sizes":[]},"typography_line_height_mobile":{"unit":"px","size":22,"sizes":[]},"_margin":{"unit":"px","top":"0","right":"0","bottom":"35","left":"0","isLinked":false},"_margin_mobile":{"unit":"px","top":"0","right":"0","bottom":"15","left":"0","isLinked":false}},"elements":[],"isInner":false,"widgetType":"text-editor","elType":"widget"},{"id":"68c15db","settings":{"content_width":"full","buttons":[{"text":"New Arrival","_id":"e20fdf8","button_text":"New Arrival","button_link":{"url":"https:\/\/wpecomus.com\/fashion\/shop","is_external":"","nofollow":"","custom_attributes":""}},{"text":"Men","_id":"9590878","button_text":"Men","button_link":{"url":"https:\/\/wpecomus.com\/fashion\/product-category\/men\/","is_external":"","nofollow":"","custom_attributes":""}},{"text":"Shoes","_id":"385a869","button_text":"Shoes","button_link":{"url":"https:\/\/wpecomus.com\/fashion\/product-category\/shoes\/","is_external":"","nofollow":"","custom_attributes":""}},{"text":"Women","_id":"a237701","button_text":"Women","button_link":{"url":"https:\/\/wpecomus.com\/fashion\/product-category\/women\/","is_external":"","nofollow":"","custom_attributes":""}},{"text":"Accessories","_id":"dd8506f","button_text":"Accessories","button_link":{"url":"https:\/\/wpecomus.com\/fashion\/product-category\/accessories\/","is_external":"","nofollow":"","custom_attributes":""}}],"typography_typography":"custom","typography_font_weight":"500","background_color":"#FFFFFF","space_between":{"unit":"px","size":8,"sizes":[]},"pagination_color":"#FFFFFF33","pagination_color_active":"#FFFFFF","_margin":{"unit":"px","top":"0","right":"0","bottom":"35","left":"0","isLinked":false},"_margin_mobile":{"unit":"px","top":"0","right":"0","bottom":"15","left":"0","isLinked":false},"button_style":"light","button_typography_typography":"custom","button_typography_font_weight":"500","dot_item_color":"#FFFFFF"},"elements":[],"isInner":false,"widgetType":"ecomus-button-carousel","elType":"widget"},{"id":"12ed8b17","settings":{"content_width":"full","button_style":"subtle","text":"View all categories","icon_align":"right","typography_typography":"custom","typography_font_weight":"600","button_text_color":"#FFFFFF","selected_icon":{"value":{"url":"https:\/\/raw.githubusercontent.com\/drfuri\/demo-content\/main\/ecomus\/fashion\/images\/arrow-top-right.svg","id":1340},"library":"svg"},"button_text":"View all categories","show_button_icon":"alway","hover_color":"#DB1215","button_link":{"url":"https:\/\/wpecomus.com\/fashion\/categories","is_external":"","nofollow":"","custom_attributes":""}},"elements":[],"isInner":false,"widgetType":"ecomus-button","elType":"widget"}],"isInner":true,"elType":"container"}],"isInner":false,"elType":"container"},{"id":"5f48ec5f","settings":{"flex_align_items":"center","padding":{"unit":"px","top":"83","right":"0","bottom":"70","left":"0","isLinked":false},"padding_mobile":{"unit":"px","top":"33","right":"0","bottom":"40","left":"0","isLinked":false}},"elements":[{"id":"1df4ac4","settings":{"content_width":"full","title":"Summer Essentials","title_size":"h4","typography_typography":"custom","typography_font_size_tablet":{"unit":"px","size":32,"sizes":[]},"typography_font_size_mobile":{"unit":"px","size":22,"sizes":[]}},"elements":[],"isInner":false,"widgetType":"ecomus-heading","elType":"widget"},{"id":"7068d17b","settings":{"content_width":"full","editor":"Beat the Heat in Style: It's time to stock up on summer essentials!","align_mobile":"center","text_color":"#545454","typography_typography":"custom","typography_font_size":{"unit":"px","size":16,"sizes":[]},"typography_font_weight":"400","typography_line_height":{"unit":"px","size":22,"sizes":[]},"_margin":{"unit":"px","top":"0","right":"0","bottom":"38","left":"0","isLinked":false},"_margin_mobile":{"unit":"px","top":"0","right":"0","bottom":"8","left":"0","isLinked":false},"_margin_tablet":{"unit":"px","top":"0","right":"0","bottom":"23","left":"0","isLinked":false}},"elements":[],"isInner":false,"widgetType":"text-editor","elType":"widget"},{"id":"667b88a3","settings":{"content_width":"full","slides_to_scroll":4,"slides_to_show_tablet":3,"slides_to_show_mobile":2,"slides_to_scroll_tablet":3,"slides_to_scroll_mobile":2,"image_spacing_custom_mobile":15,"dots_gap_tablet":{"unit":"px","size":2,"sizes":[]},"dots_size_tablet":{"unit":"px","size":5,"sizes":[]},"dot_item_color":"#D4D4D4","dot_item_active_color":"#0F0F0F","heading":"This is the heading","navigation_classes_tablet":"dots","navigation_classes_mobile":"dots","arrows_vertical_spacing":{"unit":"%","size":40,"sizes":[]},"arrows_vertical_spacing_tablet":{"unit":"%","size":"","sizes":[]},"arrows_vertical_spacing_mobile":{"unit":"%","size":"","sizes":[]},"category":"accessories"},"elements":[],"isInner":false,"widgetType":"ecomus-products-carousel","elType":"widget"}],"isInner":false,"elType":"container"},{"id":"1f8282a2","settings":{"flex_direction":"column","min_height":{"unit":"vh","size":100,"sizes":[]},"min_height_tablet":{"unit":"px","size":600,"sizes":[]},"min_height_mobile":{"unit":"px","size":450,"sizes":[]},"flex_justify_content":"center","flex_align_items":"center","background_background":"video","background_video_link":"https:\/\/cdn.shopify.com\/videos\/c\/vp\/7d41cc2d2b634c80a3bbd06d082f53ef\/7d41cc2d2b634c80a3bbd06d082f53ef.HD-1080p-4.8Mbps-20171891.mp4","boxed_width_mobile":{"unit":"px","size":500,"sizes":[]},"flex_gap":{"column":"10","row":"10","isLinked":true,"unit":"px","size":10},"background_play_on_mobile":"yes","background_video_fallback":{"url":"https:\/\/raw.githubusercontent.com\/drfuri\/demo-content\/main\/ecomus\/fashion\/images\/homev3_video.webp","id":1870,"size":"","alt":"","source":"library"}},"elements":[{"id":"70cb289a","settings":{"content_width":"full","editor":"<p>FREE SHIPPING OVER ORDER $120<\/p>","text_color":"#FFFFFF","typography_typography":"custom","typography_font_weight":"700"},"elements":[],"isInner":false,"widgetType":"text-editor","elType":"widget"},{"id":"5bf1e3ee","settings":{"content_width":"full","title":"Spring Collection","title_color":"#FFFFFF","typography_typography":"custom","typography_font_size_mobile":{"unit":"px","size":34,"sizes":[]},"_margin":{"unit":"px","top":"0","right":"0","bottom":"12","left":"0","isLinked":false}},"elements":[],"isInner":false,"widgetType":"ecomus-heading","elType":"widget"},{"id":"235d99fb","settings":{"content_width":"full","editor":"<p>Here is your chance to upgrade your wardrobe with a variation of styles<\/p>","text_color":"#FFFFFF","typography_typography":"custom","typography_font_size":{"unit":"px","size":20,"sizes":[]},"typography_font_weight":"400","typography_line_height":{"unit":"px","size":24,"sizes":[]},"align_mobile":"center","typography_font_size_mobile":{"unit":"px","size":16,"sizes":[]},"typography_line_height_mobile":{"unit":"px","size":20,"sizes":[]},"_margin":{"unit":"px","top":"0","right":"0","bottom":"30","left":"0","isLinked":false},"_margin_mobile":{"unit":"px","top":"0","right":"0","bottom":"15","left":"0","isLinked":false}},"elements":[],"isInner":false,"widgetType":"text-editor","elType":"widget"},{"id":"5b9f4b5","settings":{"content_width":"full","text":"Shop Now","icon_align":"right","background_color":"#FFFFFF","typography_typography":"custom","typography_font_weight":"500","selected_icon":{"value":{"url":"https:\/\/raw.githubusercontent.com\/drfuri\/demo-content\/main\/ecomus\/fashion\/images\/arrow-top-right.svg","id":1340},"library":"svg"},"text_padding":{"unit":"px","top":"15","right":"30","bottom":"15","left":"30","isLinked":false},"button_background_effect_hover_color":"#0000001A","button_text":"Shop Now","show_button_icon":"alway","button_style":"light","button_min_width":{"unit":"px","size":149,"sizes":[]},"button_icon_padding_mobile":{"unit":"px","top":"0","right":"0","bottom":"0","left":"0","isLinked":true},"button_link":{"url":"https:\/\/wpecomus.com\/fashion\/product-category\/women\/","is_external":"","nofollow":"","custom_attributes":""},"button_min_height":{"unit":"px","size":46,"sizes":[]},"button_icon":{"value":{"url":"https:\/\/wpecomus.com\/fashion\/wp-content\/uploads\/sites\/2\/2024\/07\/arrow-right.svg","id":3886},"library":"svg"},"button_typography_typography":"custom","button_icon_size":{"unit":"px","size":10,"sizes":[]}},"elements":[],"isInner":false,"widgetType":"ecomus-button","elType":"widget"}],"isInner":false,"elType":"container"},{"id":"541fb149","settings":{"padding":{"unit":"px","top":"114","right":"0","bottom":"93","left":"0","isLinked":false},"padding_tablet":{"unit":"px","top":"80","right":"0","bottom":"50","left":"0","isLinked":false},"padding_mobile":{"unit":"px","top":"30","right":"0","bottom":"20","left":"0","isLinked":false}},"elements":[{"id":"76514bbd","settings":{"testimonials":[{"testimonial_name":"Jenifer Unix","testimonial_company":"Oversized Printed T-shirt","_id":"4936ada","testimonial_title":"","testimonial_content":"I've been shopping on this online fashion store for over a year now, and I can confidently say it's the best one out there. Highly recommended!","testimonial_image":{"id":1837,"url":"https:\/\/wpecomus.com\/fashion\/wp-content\/uploads\/sites\/2\/2024\/06\/homev3_teti1.webp","alt":"","source":"library","size":""},"testimonial_link":{"url":"https:\/\/wpecomus.com\/fashion\/product\/oversized-printed-t-shirt\/","is_external":"","nofollow":"","custom_attributes":""},"testimonial_quote":{"value":{"url":"https:\/\/raw.githubusercontent.com\/drfuri\/demo-content\/main\/ecomus\/fashion\/images\/quoter.svg","id":1839},"library":"svg"}},{"testimonial_name":"Robert Smith","testimonial_company":"Ribbed Crop Top","_id":"a92c56e","testimonial_title":"","testimonial_content":"Fashion website is impressive! The user-friendly interface and excellent customer service make shopping a breeze.<br class=\"hidden-xs\"\/> Highly recommended !","testimonial_image":{"id":1838,"url":"https:\/\/wpecomus.com\/fashion\/wp-content\/uploads\/sites\/2\/2024\/06\/homev3_teti2.webp","alt":"","source":"library","size":""},"testimonial_link":{"url":"https:\/\/wpecomus.com\/fashion\/product\/ribbed-crop-top\/","is_external":"","nofollow":"","custom_attributes":""},"testimonial_quote":{"value":{"url":"https:\/\/raw.githubusercontent.com\/drfuri\/demo-content\/main\/ecomus\/fashion\/images\/quoter.svg","id":1839},"library":"svg"}}],"image_item_position":"left","navigation_position":"center","testimonial_width":{"unit":"%","size":46,"sizes":[]},"testimonial_width_tablet":{"unit":"%","size":"","sizes":[]},"testimonial_width_mobile":{"unit":"%","size":"","sizes":[]},"item_padding":{"unit":"px","top":"0","right":"150","bottom":"0","left":"150","isLinked":false},"content_item_content_typo_typography":"custom","content_item_content_typo_font_weight":"500","show_divider":"yes","item_padding_tablet":{"unit":"px","top":"0","right":"80","bottom":"0","left":"80","isLinked":false},"item_padding_mobile":{"unit":"px","top":"0","right":"0","bottom":"0","left":"0","isLinked":true},"thumbnail_spacing":{"unit":"px","size":84,"sizes":[]},"thumbnail_spacing_tablet":{"unit":"px","size":40,"sizes":[]},"quoter_item_color":"#0C0C0C","navigation_classes_tablet":"arrows","navigation_classes_mobile":"dots","content_item_name_color":"#000000","arrows_position":"center","arrows_size":{"unit":"px","size":11,"sizes":[]},"arrows_width":{"unit":"px","size":46,"sizes":[]},"arrows_width_tablet":{"unit":"px","size":40,"sizes":[]},"arrows_height":{"unit":"px","size":46,"sizes":[]},"arrows_height_tablet":{"unit":"px","size":40,"sizes":[]}},"elements":[],"isInner":false,"widgetType":"ecomus-testimonial-carousel","elType":"widget"}],"isInner":false,"elType":"container"},{"id":"44781a08","settings":{"content_width":"full"},"elements":[{"id":"26157e4f","settings":{"content_width":"full","text":"Divider","color":"#EBEBEB"},"elements":[],"isInner":false,"widgetType":"divider","elType":"widget"}],"isInner":false,"elType":"container"},{"id":"1e92eb8d","settings":{"flex_direction":"column","boxed_width":{"unit":"px","size":1440,"sizes":[]},"flex_gap":{"column":"15","row":"15","isLinked":true,"unit":"px","size":15},"flex_gap_mobile":{"column":"5","row":"5","isLinked":true,"unit":"px","size":5},"padding_mobile":{"unit":"px","top":"25","right":"0","bottom":"15","left":"0","isLinked":false},"padding":{"unit":"px","top":"54","right":"0","bottom":"0","left":"0","isLinked":false}},"elements":[{"id":"6cade95a","settings":{"title":"Shop Gram","title_size":"h4","align":"center","typography_typography":"custom","typography_font_size_tablet":{"unit":"px","size":32,"sizes":[]},"typography_font_size_mobile":{"unit":"px","size":22,"sizes":[]},"title_color":"#000000","_margin_mobile":{"unit":"px","top":"0","right":"0","bottom":"10","left":"0","isLinked":false}},"elements":[],"isInner":false,"widgetType":"ecomus-heading","elType":"widget"},{"id":"1d937d02","settings":{"editor":"Inspire and let yourself be inspired, from one unique fashion to another.","align":"center","text_color":"#000000","typography_typography":"custom","typography_font_family":"Albert Sans","typography_font_size":{"unit":"px","size":16,"sizes":[]},"typography_font_weight":"400","typography_line_height":{"unit":"px","size":22,"sizes":[]},"_margin":{"unit":"px","top":"0","right":"0","bottom":"26","left":"0","isLinked":false},"_margin_mobile":{"unit":"px","top":"0","right":"0","bottom":"20","left":"0","isLinked":false}},"elements":[],"isInner":false,"widgetType":"text-editor","elType":"widget"},{"id":"17b6291e","settings":{"instagram_type":"custom","limit":5,"slides_to_show_tablet":3,"slides_to_show_mobile":2,"image_spacing_custom_tablet":7,"image_spacing_custom_mobile":7,"navigation_classes":"dots","navigation_classes_tablet":"dots","navigation_classes_mobile":"dots","instagrams":[{"_id":"d64a8d1","image":{"id":1389,"url":"https:\/\/wpecomus.com\/fashion\/wp-content\/uploads\/sites\/2\/2024\/06\/im1.webp","alt":"","source":"library","size":""},"product_id":775},{"_id":"6b391fb","image":{"id":1390,"url":"https:\/\/wpecomus.com\/fashion\/wp-content\/uploads\/sites\/2\/2024\/06\/im2.webp","alt":"","source":"library","size":""},"product_id":666},{"_id":"166877d","image":{"id":1391,"url":"https:\/\/wpecomus.com\/fashion\/wp-content\/uploads\/sites\/2\/2024\/06\/im3.webp","alt":"","source":"library","size":""},"product_id":1367},{"_id":"361a114","image":{"id":1392,"url":"https:\/\/wpecomus.com\/fashion\/wp-content\/uploads\/sites\/2\/2024\/06\/im4.webp","alt":"","source":"library","size":""},"product_id":993},{"_id":"5a60148","image":{"id":1393,"url":"https:\/\/wpecomus.com\/fashion\/wp-content\/uploads\/sites\/2\/2024\/06\/im5.webp","alt":"","source":"library","size":""},"product_id":1005}],"content_width":"full","aspect_ratio_type":"square"},"elements":[],"isInner":false,"widgetType":"ecomus-instagram","elType":"widget"}],"isInner":false,"elType":"container"},{"id":"29e3ae23","settings":{"margin":{"unit":"px","top":"048","right":"0","bottom":"078","left":"0","isLinked":false},"margin_mobile":{"unit":"px","top":"50","right":"0","bottom":"50","left":"0","isLinked":false}},"elements":[{"id":"45138b4e","settings":{"content_width":"full","icons_box":[{"icon":{"value":{"url":"https:\/\/raw.githubusercontent.com\/drfuri\/demo-content\/main\/ecomus\/fashion\/images\/box.svg","id":1397},"library":"svg"},"title":"Free Shipping","description":"You will love at great low prices","_id":"82d6a6a"},{"icon":{"value":{"url":"https:\/\/raw.githubusercontent.com\/drfuri\/demo-content\/main\/ecomus\/fashion\/images\/card.svg","id":1398},"library":"svg"},"title":"Flexible Payment","description":"Pay with Multiple Credit Cards","_id":"a15fb08"},{"icon":{"value":{"url":"https:\/\/raw.githubusercontent.com\/drfuri\/demo-content\/main\/ecomus\/fashion\/images\/return.svg","id":1399},"library":"svg"},"title":"14 Day Returns","description":"Within 30 days for an exchange","_id":"edf6df9"},{"_id":"1e7f2a4","icon":{"value":{"url":"https:\/\/raw.githubusercontent.com\/drfuri\/demo-content\/main\/ecomus\/fashion\/images\/support.svg","id":1400},"library":"svg"},"title":"Premium Support","description":"Outstanding premium support"}],"slides_to_show":4,"navigation_classes_tablet":"dots","navigation_classes_mobile":"dots","content_border_border":"none","content_border_width":{"unit":"px","top":"1","right":"1","bottom":"1","left":"1","isLinked":true},"content_border_color":"#EBEBEB","title_typography_typography":"custom","title_typography_font_size":{"unit":"px","size":18,"sizes":[]},"title_typography_font_weight":"500","description_color":"#545454","icon_color":"#000000","icon_size":{"unit":"px","size":30,"sizes":[]},"position":"left","icon_border_border":"solid","icon_border_width":{"unit":"px","top":"1","right":"1","bottom":"1","left":"1","isLinked":true},"icon_border_color":"#ECECEC","border_radius":{"unit":"%","top":"100","right":"100","bottom":"100","left":"100","isLinked":true},"icon_padding":{"unit":"px","top":"20","right":"20","bottom":"20","left":"20","isLinked":true},"position_mobile":"top","alignment_mobile":"center","vertical_alignment":"middle","title_spacing":{"unit":"px","size":10,"sizes":[]}},"elements":[],"isInner":false,"widgetType":"ecomus-icon-box-carousel","elType":"widget"}],"isInner":false,"elType":"container"}],"page_settings":{"hide_page_header":"yes","content_top_spacing":"custom","content_top_padding":{"unit":"px","size":0,"sizes":[]},"content_bottom_spacing":"custom","content_bottom_padding":{"unit":"px","size":0,"sizes":[]},"footer_background":"gray"},"version":"0.4","title":"Home Fashion v3","type":"page"}