{"content":[{"id":"3e2a6a4","settings":{"content_width":"full","margin":{"unit":"px","top":"0","right":"0","bottom":"57","left":"0","isLinked":false},"margin_tablet":{"unit":"px","top":"0","right":"0","bottom":"48","left":"0","isLinked":false},"margin_mobile":{"unit":"px","top":"0","right":"0","bottom":"17","left":"0","isLinked":false}},"elements":[{"id":"7407e85d","settings":{"content_width":"full","slides":[{"title":"Modern Dining <br class=\"hidden-xs\" \/>Furniture.","description":"Special Offers You Can't Miss","button_text":"Shop collection","_id":"19bc1d8","image":{"id":5270,"url":"https:\/\/wpecomus.com\/furniture\/wp-content\/uploads\/sites\/11\/2024\/08\/home_furniture-slider-01.webp","alt":"","source":"library","size":""},"content_background_color_custom":"#D1CEC6","button_link":{"url":"https:\/\/wpecomus.com\/furniture\/product-category\/kitchen\/","is_external":"","nofollow":"","custom_attributes":""}},{"title":"Relaxing <br class=\"hidden-xs\" \/>room.","description":"Special Offers You Can't Miss","button_text":"Shop collection","image":{"id":5271,"url":"https:\/\/wpecomus.com\/furniture\/wp-content\/uploads\/sites\/11\/2024\/08\/home_furniture-slider-02.webp","alt":"","source":"library","size":""},"content_background_color_custom":"#C6CCD1","_id":"19e2ab3","button_link":{"url":"https:\/\/wpecomus.com\/furniture\/shop\/","is_external":"","nofollow":"","custom_attributes":""}},{"title":"Luxurious <br class=\"hidden-xs\" \/>living room","description":"Special Offers You Can't Miss","button_text":"Shop collection","image":{"id":5272,"url":"https:\/\/wpecomus.com\/furniture\/wp-content\/uploads\/sites\/11\/2024\/08\/home_furniture-slider-03.webp","alt":"","source":"library","size":""},"content_background_color_custom":"#D1C6C6","_id":"582b107","button_link":{"url":"https:\/\/wpecomus.com\/furniture\/product-category\/outdoor\/","is_external":"","nofollow":"","custom_attributes":""}}],"image_height":{"unit":"px","size":795,"sizes":[]},"navigation_classes":"dots","button_style":"light","image_height_tablet":{"unit":"px","size":321,"sizes":[]},"show_button_icon":"alway","button_icon":{"value":{"url":"https:\/\/wpecomus.com\/furniture\/wp-content\/uploads\/sites\/11\/2024\/07\/arrow-right.svg","id":3886},"library":"svg"},"content_align_mobile":"center","dots_type":"background","dots_gap_mobile":{"unit":"px","size":2,"sizes":[]},"dot_align_mobile":"center","button_typography_typography":"custom","button_typography_font_weight":"500","button_icon_padding":{"unit":"px","top":"2","right":"0","bottom":"0","left":"0","isLinked":false},"navigation_classes_tablet":"dots"},"elements":[],"isInner":false,"widgetType":"ecomus-image-content-slider","elType":"widget"}],"isInner":false,"elType":"container"},{"id":"c5a52d6","settings":{"flex_direction":"row","flex_gap":{"unit":"px","size":30,"column":"30","row":"30","isLinked":true},"flex_gap_mobile":{"column":"15","row":"15","isLinked":true,"unit":"px","size":15},"margin":{"unit":"px","top":"0","right":"0","bottom":"68","left":"0","isLinked":false},"margin_tablet":{"unit":"px","top":"0","right":"0","bottom":"57","left":"0","isLinked":false},"margin_mobile":{"unit":"px","top":"0","right":"0","bottom":"20","left":"0","isLinked":false}},"elements":[{"id":"3af7c176","settings":{"content_width":"full","width":{"unit":"%","size":"50"}},"elements":[{"id":"7dff2941","settings":{"content_width":"full","image":{"id":5273,"url":"https:\/\/wpecomus.com\/furniture\/wp-content\/uploads\/sites\/11\/2024\/08\/home_furniture-banner-01.webp","alt":"","source":"library","size":""},"title":"Spring Collection","title_size":"h3","description":"Every piece is made to last beyond the season","height":{"unit":"px","size":800,"sizes":[]},"height_mobile":{"unit":"px","size":315,"sizes":[]},"button_text":"Shop Collection","show_button_icon":"alway","horizontal_position":"left","horizontal_position_mobile":"center","vertical_position":"top","vertical_position_mobile":"middle","text_align_mobile":"center","banner_padding":{"unit":"px","top":"53","right":"57","bottom":"53","left":"57","isLinked":false},"banner_padding_tablet":{"unit":"px","top":"39","right":"42","bottom":"39","left":"42","isLinked":false},"banner_padding_mobile":{"unit":"px","top":"14","right":"14","bottom":"14","left":"14","isLinked":true},"title_margin":{"unit":"px","top":"0","right":"0","bottom":"10","left":"0","isLinked":false},"description_typography_typography":"custom","description_typography_font_size_tablet":{"unit":"px","size":16,"sizes":[]},"description_typography_line_height_tablet":{"unit":"px","size":19.2,"sizes":[]},"description_typography_line_height_mobile":{"unit":"px","size":"","sizes":[]},"description_margin":{"unit":"px","top":"0","right":"0","bottom":"14","left":"0","isLinked":false},"button_style":"subtle","button_text_color":"#FFFFFF","button_margin":{"unit":"px","top":"0","right":"0","bottom":"0","left":"0","isLinked":false},"button_link":{"url":"https:\/\/wpecomus.com\/furniture\/product-category\/furniture\/","is_external":"","nofollow":"","custom_attributes":""}},"elements":[],"isInner":false,"widgetType":"ecomus-banner","elType":"widget"}],"isInner":true,"elType":"container"},{"id":"211d2dad","settings":{"content_width":"full","width":{"unit":"%","size":"50"},"padding":{"unit":"px","top":0,"right":0,"bottom":0,"left":0,"isLinked":true},"flex_gap":{"unit":"px","size":0,"column":"0","row":"0","isLinked":true}},"elements":[{"id":"3d48d7c1","settings":{"content_width":"full","margin":{"unit":"px","top":"0","right":"0","bottom":"30","left":"0","isLinked":false},"margin_mobile":{"unit":"px","top":"0","right":"0","bottom":"15","left":"0","isLinked":false}},"elements":[{"id":"142faced","settings":{"content_width":"full","image":{"id":5274,"url":"https:\/\/wpecomus.com\/furniture\/wp-content\/uploads\/sites\/11\/2024\/08\/home_furniture-banner-02.webp","alt":"","source":"library","size":""},"title":"Lighting Collection","title_size":"h3","height":{"unit":"px","size":385,"sizes":[]},"height_mobile":{"unit":"px","size":315,"sizes":[]},"button_text":"Shop Collection","show_button_icon":"alway","horizontal_position":"left","horizontal_position_mobile":"center","vertical_position":"bottom","vertical_position_mobile":"middle","text_align_mobile":"center","banner_padding":{"unit":"px","top":"53","right":"57","bottom":"53","left":"57","isLinked":false},"banner_padding_tablet":{"unit":"px","top":"32","right":"33","bottom":"32","left":"33","isLinked":false},"banner_padding_mobile":{"unit":"px","top":"14","right":"14","bottom":"14","left":"14","isLinked":true},"title_margin":{"unit":"px","top":"0","right":"0","bottom":"21","left":"0","isLinked":false},"title_margin_mobile":{"unit":"px","top":"0","right":"0","bottom":"10","left":"0","isLinked":false},"button_style":"subtle","button_text_color":"#FFFFFF","button_margin":{"unit":"px","top":"0","right":"0","bottom":"0","left":"0","isLinked":false},"button_link":{"url":"https:\/\/wpecomus.com\/furniture\/product-category\/lighting\/","is_external":"","nofollow":"","custom_attributes":""}},"elements":[],"isInner":false,"widgetType":"ecomus-banner","elType":"widget"}],"isInner":true,"elType":"container"},{"id":"3de2ac87","settings":{"content_width":"full"},"elements":[{"id":"7015a679","settings":{"content_width":"full","image":{"id":5275,"url":"https:\/\/wpecomus.com\/furniture\/wp-content\/uploads\/sites\/11\/2024\/08\/home_furniture-banner-03.webp","alt":"","source":"library","size":""},"title":"Up to 30% off","title_size":"h3","height":{"unit":"px","size":385,"sizes":[]},"height_mobile":{"unit":"px","size":315,"sizes":[]},"button_text":"Shop Collection","show_button_icon":"alway","horizontal_position":"left","horizontal_position_mobile":"center","vertical_position":"bottom","vertical_position_mobile":"middle","text_align_mobile":"center","banner_padding":{"unit":"px","top":"53","right":"57","bottom":"53","left":"57","isLinked":false},"banner_padding_tablet":{"unit":"px","top":"32","right":"33","bottom":"32","left":"33","isLinked":false},"banner_padding_mobile":{"unit":"px","top":"14","right":"14","bottom":"14","left":"14","isLinked":true},"title_margin":{"unit":"px","top":"0","right":"0","bottom":"21","left":"0","isLinked":false},"title_margin_mobile":{"unit":"px","top":"0","right":"0","bottom":"10","left":"0","isLinked":false},"button_style":"subtle","button_text_color":"#FFFFFF","button_margin":{"unit":"px","top":"0","right":"0","bottom":"0","left":"0","isLinked":false},"button_link":{"url":"https:\/\/wpecomus.com\/furniture\/shop\/","is_external":"","nofollow":"","custom_attributes":""}},"elements":[],"isInner":false,"widgetType":"ecomus-banner","elType":"widget"}],"isInner":true,"elType":"container"}],"isInner":true,"elType":"container"}],"isInner":false,"elType":"container"},{"id":"6b9a8a4f","settings":{"background_background":"classic","background_color":"#F8F6F2","padding":{"unit":"px","top":"62","right":"0","bottom":"100","left":"0","isLinked":false},"padding_tablet":{"unit":"px","top":"48","right":"0","bottom":"85","left":"0","isLinked":false},"padding_mobile":{"unit":"px","top":"17","right":"0","bottom":"30","left":"0","isLinked":false},"overflow":"hidden"},"elements":[{"id":"49420150","settings":{"content_width":"full","heading":"Shop by categories","items":[{"button_text":"Furniture","_id":"248ddbc","image":{"id":5276,"url":"https:\/\/wpecomus.com\/furniture\/wp-content\/uploads\/sites\/11\/2024\/08\/home_furniture-banner-04.webp","alt":"","source":"library","size":""},"button_link":{"url":"https:\/\/wpecomus.com\/furniture\/product-category\/furniture\/","is_external":"","nofollow":"","custom_attributes":""}},{"button_text":"Lighting","image":{"id":5277,"url":"https:\/\/wpecomus.com\/furniture\/wp-content\/uploads\/sites\/11\/2024\/08\/home_furniture-banner-05.webp","alt":"","source":"library","size":""},"_id":"76f7251","button_link":{"url":"https:\/\/wpecomus.com\/furniture\/product-category\/lighting\/","is_external":"","nofollow":"","custom_attributes":""}},{"button_text":"Outdoor","image":{"id":5278,"url":"https:\/\/wpecomus.com\/furniture\/wp-content\/uploads\/sites\/11\/2024\/08\/home_furniture-banner-06.webp","alt":"","source":"library","size":""},"_id":"b493873","button_link":{"url":"https:\/\/wpecomus.com\/furniture\/product-category\/outdoor\/","is_external":"","nofollow":"","custom_attributes":""}},{"button_text":"Kitchen","image":{"id":5279,"url":"https:\/\/wpecomus.com\/furniture\/wp-content\/uploads\/sites\/11\/2024\/08\/home_furniture-banner-07.webp","alt":"","source":"library","size":""},"_id":"9278d5d","button_link":{"url":"https:\/\/wpecomus.com\/furniture\/product-category\/kitchen\/","is_external":"","nofollow":"","custom_attributes":""}},{"button_text":"Decor","image":{"id":5280,"url":"https:\/\/wpecomus.com\/furniture\/wp-content\/uploads\/sites\/11\/2024\/08\/home_furniture-banner-08.webp","alt":"","source":"library","size":""},"_id":"2390c7b","button_link":{"url":"https:\/\/wpecomus.com\/furniture\/product-category\/decor\/","is_external":"","nofollow":"","custom_attributes":""}}],"aspect_ratio_type":"custom","aspect_ratio":"5:7","show_button_icon":"hover","slides_to_show":4,"navigation_classes":"none","heading_spacing":{"unit":"px","size":59,"sizes":[]},"heading_spacing_tablet":{"unit":"px","size":44,"sizes":[]},"heading_spacing_mobile":{"unit":"px","size":26,"sizes":[]},"heading_typography_typography":"custom","heading_typography_font_size":{"unit":"px","size":42,"sizes":[]},"heading_typography_font_size_tablet":{"unit":"px","size":32,"sizes":[]},"heading_typography_font_size_mobile":{"unit":"px","size":22,"sizes":[]},"heading_typography_font_weight":"400","heading_typography_text_transform":"capitalize","content_horizontal_position":"center","content_text_align":"","button_style":"light","button_margin":{"unit":"px","top":"0","right":"0","bottom":"38","left":"0","isLinked":false},"heading_navigation_type":"dots","slides_to_show_tablet":2,"slides_to_show_mobile":1,"slides_to_scroll_tablet":1,"slides_to_scroll_mobile":1,"navigation_classes_tablet":"none","navigation_classes_mobile":"dots","slidesperview_auto":"yes","slidesperview_auto_tablet":"yes","slidesperview_auto_mobile":"yes","slide_spacing_right":{"unit":"px","size":225,"sizes":[]},"slide_spacing_right_tablet":{"unit":"px","size":30,"sizes":[]},"slide_spacing_right_mobile":{"unit":"px","size":15,"sizes":[]},"image_spacing_custom_mobile":15,"button_typography_typography":"custom","button_typography_font_size":{"unit":"px","size":18,"sizes":[]},"button_typography_font_size_mobile":{"unit":"px","size":16,"sizes":[]},"button_typography_font_weight":"500","button_icon_size":{"unit":"px","size":10,"sizes":[]},"button_padding":{"unit":"px","top":"13","right":"16","bottom":"13","left":"16","isLinked":false},"button_icon_indent_mobile":{"unit":"px","size":0,"sizes":[]},"button_icon_size_mobile":{"unit":"px","size":0,"sizes":[]}},"elements":[],"isInner":false,"widgetType":"ecomus-image-box-carousel","elType":"widget"}],"isInner":false,"elType":"container"},{"id":"37934f5b","settings":{"flex_direction":"column","flex_gap":{"unit":"px","size":0,"column":"0","row":"0","isLinked":true},"background_background":"classic","background_image":{"id":5286,"url":"https:\/\/wpecomus.com\/furniture\/wp-content\/uploads\/sites\/11\/2024\/08\/home_furniture_bn.jpg","alt":"","source":"library","size":""},"background_position":"top center","background_attachment":"fixed","background_repeat":"no-repeat","background_size":"cover","padding":{"unit":"px","top":"197","right":"0","bottom":"196","left":"0","isLinked":false},"background_size_tablet":"cover","background_bg_width_tablet":{"unit":"%","size":"","sizes":[]},"background_bg_width_mobile":{"unit":"%","size":"","sizes":[]},"margin":{"unit":"px","top":"0","right":"0","bottom":"100","left":"0","isLinked":false},"margin_tablet":{"unit":"px","top":"0","right":"0","bottom":"85","left":"0","isLinked":false},"margin_mobile":{"unit":"px","top":"0","right":"0","bottom":"30","left":"0","isLinked":false},"padding_tablet":{"unit":"px","top":"242","right":"0","bottom":"242","left":"0","isLinked":false},"padding_mobile":{"unit":"px","top":"59","right":"0","bottom":"60","left":"0","isLinked":false}},"elements":[{"id":"1e4a1da6","settings":{"flex_direction":"column","content_width":"full","width":{"unit":"%","size":42},"flex_gap":{"column":"0","row":"0","isLinked":true,"unit":"px","size":0},"background_background":"classic","background_color":"#FFFFFF","padding":{"unit":"px","top":"80","right":"44","bottom":"80","left":"44","isLinked":false},"width_tablet":{"unit":"%","size":65,"sizes":[]},"width_mobile":{"unit":"%","size":"","sizes":[]},"margin_mobile":{"unit":"px","top":"0","right":"0","bottom":"0","left":"0","isLinked":false},"padding_tablet":{"unit":"px","top":"40","right":"20","bottom":"40","left":"20","isLinked":false},"padding_mobile":{"unit":"px","top":"20","right":"15","bottom":"20","left":"15","isLinked":false}},"elements":[{"id":"4205bdd6","settings":{"content_width":"full","title":"Functional and stylish","title_size":"div","typography_typography":"custom","typography_font_weight":"700","typography_text_transform":"uppercase","_margin":{"unit":"px","top":"0","right":"0","bottom":"16","left":"0","isLinked":false},"align_mobile":"center","title_color":"#000000"},"elements":[],"isInner":false,"widgetType":"ecomus-heading","elType":"widget"},{"id":"5b5571a5","settings":{"content_width":"full","title":"Mid-Century Modern","typography_typography":"custom","typography_font_size":{"unit":"px","size":52,"sizes":[]},"_margin":{"unit":"px","top":"0","right":"0","bottom":"25","left":"0","isLinked":false},"align_mobile":"center","typography_font_size_tablet":{"unit":"px","size":40,"sizes":[]},"typography_font_size_mobile":{"unit":"px","size":24,"sizes":[]},"_margin_mobile":{"unit":"px","top":"0","right":"0","bottom":"20","left":"0","isLinked":false}},"elements":[],"isInner":false,"widgetType":"ecomus-heading","elType":"widget"},{"id":"4dd47fb4","settings":{"content_width":"full","title":"Find furniture that seamlessly combines functionality and style","title_size":"p","_margin":{"unit":"px","top":"0","right":"0","bottom":"36","left":"0","isLinked":false},"align_mobile":"center","_margin_mobile":{"unit":"px","top":"0","right":"0","bottom":"20","left":"0","isLinked":false}},"elements":[],"isInner":false,"widgetType":"ecomus-heading","elType":"widget"},{"id":"256fefc0","settings":{"content_width":"full","button_text":"Shop Collection","button_padding":{"unit":"px","top":"15","right":"31","bottom":"14","left":"31","isLinked":false},"align_mobile":"center","button_padding_mobile":{"unit":"px","top":"11","right":"25","bottom":"10","left":"25","isLinked":false},"button_link":{"url":"https:\/\/wpecomus.com\/furniture\/shop\/","is_external":"","nofollow":"","custom_attributes":""}},"elements":[],"isInner":false,"widgetType":"ecomus-button","elType":"widget"}],"isInner":true,"elType":"container"}],"isInner":false,"elType":"container"},{"id":"53171f6c","settings":{"flex_gap":{"column":"18","row":"18","isLinked":true,"unit":"px","size":18},"margin":{"unit":"px","top":"0","right":"0","bottom":"91","left":"0","isLinked":false},"margin_tablet":{"unit":"px","top":"0","right":"0","bottom":"77","left":"0","isLinked":false},"margin_mobile":{"unit":"px","top":"0","right":"0","bottom":"27","left":"0","isLinked":false}},"elements":[{"id":"29c63de","settings":{"content_width":"full","title":"Trending now","title_size":"h4","align":"center","align_tablet":"center","typography_typography":"custom","typography_font_size_tablet":{"unit":"px","size":32,"sizes":[]},"typography_font_size_mobile":{"unit":"px","size":22,"sizes":[]}},"elements":[],"isInner":false,"widgetType":"ecomus-heading","elType":"widget"},{"id":"6bce653e","settings":{"content_width":"full","show_heading":"yes","heading_display":"center","heading":"View all","link":{"url":"https:\/\/wpecomus.com\/furniture\/shop\/","is_external":"","nofollow":"","custom_attributes":""},"slides_to_show_tablet":3,"slides_to_show_mobile":2,"slides_to_scroll_tablet":3,"slides_to_scroll_mobile":2,"image_spacing_custom_mobile":15,"navigation_classes_tablet":"none","navigation_classes_mobile":"none","_padding":{"unit":"px","top":"0","right":"0","bottom":"97","left":"0","isLinked":false},"_padding_tablet":{"unit":"px","top":"0","right":"0","bottom":"82","left":"0","isLinked":false},"_padding_mobile":{"unit":"px","top":"0","right":"0","bottom":"29","left":"0","isLinked":false},"_border_border":"solid","_border_width":{"unit":"px","top":"0","right":"0","bottom":"1","left":"0","isLinked":false},"_border_color":"#EBEBEB","arrows_prev_icon":{"value":{"url":"https:\/\/wpecomus.com\/furniture\/wp-content\/uploads\/sites\/11\/2024\/07\/arrow-left-1.svg","id":3940},"library":"svg"},"arrows_next_icon":{"value":{"url":"https:\/\/wpecomus.com\/furniture\/wp-content\/uploads\/sites\/11\/2024\/07\/arrow-right-1.svg","id":3941},"library":"svg"}},"elements":[],"isInner":false,"widgetType":"ecomus-products-carousel","elType":"widget"}],"isInner":false,"elType":"container"},{"id":"384483fd","settings":{"margin":{"unit":"px","top":"0","right":"0","bottom":"71","left":"0","isLinked":false},"margin_tablet":{"unit":"px","top":"0","right":"0","bottom":"50","left":"0","isLinked":false},"margin_mobile":{"unit":"px","top":"0","right":"0","bottom":"30","left":"0","isLinked":false}},"elements":[{"id":"dce7ad5","settings":{"content_width":"full","title":"Room for inspiration","title_size":"h4","align":"center","align_tablet":"center","typography_typography":"custom","typography_font_size_tablet":{"unit":"px","size":32,"sizes":[]},"typography_font_size_mobile":{"unit":"px","size":22,"sizes":[]}},"elements":[],"isInner":false,"widgetType":"ecomus-heading","elType":"widget"}],"isInner":false,"elType":"container"},{"id":"43ca87f","settings":{"content_width":"full","margin":{"unit":"px","top":"0","right":"0","bottom":"90","left":"0","isLinked":false},"margin_tablet":{"unit":"px","top":"0","right":"0","bottom":"76","left":"0","isLinked":false},"margin_mobile":{"unit":"px","top":"0","right":"0","bottom":"27","left":"0","isLinked":false}},"elements":[{"id":"6dfb3ec0","settings":{"content_width":"full","items":[{"image":{"url":"https:\/\/via.placeholder.com\/748x547\/f1f1f1?text=image"},"_id":"349224b"},{"image":{"url":"https:\/\/via.placeholder.com\/748x547\/f1f1f1?text=image"},"_id":"3d0d932"}],"slides_to_show":1,"slides_to_scroll_tablet":1,"image_spacing_custom":30,"image_spacing_custom_tablet":10,"image_1":{"id":5287,"url":"https:\/\/wpecomus.com\/furniture\/wp-content\/uploads\/sites\/11\/2024\/08\/home_furniture-banner-10.webp","alt":"","source":"library","size":""},"items1":[{"_id":"deee762"}],"image_2":{"id":5289,"url":"https:\/\/wpecomus.com\/furniture\/wp-content\/uploads\/sites\/11\/2024\/08\/home_furniture-banner-12.webp","alt":"","source":"library","size":""},"items2":[],"image_3":{"id":5288,"url":"https:\/\/wpecomus.com\/furniture\/wp-content\/uploads\/sites\/11\/2024\/08\/home_furniture-banner-11.webp","alt":"","source":"library","size":""},"items3":[],"items4":[],"items_1":[{"_id":"728b058","product_items_ids":798,"product_items_position_x":{"unit":"%","size":32,"sizes":[]},"product_items_position_y":{"unit":"%","size":43,"sizes":[]}},{"product_items_ids":871,"product_items_position_x":{"unit":"%","size":49,"sizes":[]},"product_items_position_y":{"unit":"%","size":14,"sizes":[]},"_id":"2b0cf96","product_content_items_position_x":{"unit":"px","size":209,"sizes":[]},"product_content_items_position_y":{"unit":"px","size":-36,"sizes":[]},"product_arrow_items_position_x":{"unit":"px","size":34,"sizes":[]},"product_arrow_items_position_y":{"unit":"px","size":5,"sizes":[]}},{"product_items_ids":720,"product_items_position_x":{"unit":"%","size":49,"sizes":[]},"product_items_position_y":{"unit":"%","size":48,"sizes":[]},"_id":"719b660"}],"items_2":[{"_id":"85c9109","product_items_ids":743,"product_items_position_x":{"unit":"%","size":49,"sizes":[]},"product_items_position_y":{"unit":"%","size":47,"sizes":[]}},{"_id":"26d7dee","product_items_ids":705,"product_items_position_x":{"unit":"%","size":83,"sizes":[]},"product_items_position_y":{"unit":"%","size":61,"sizes":[]}}],"items_3":[{"_id":"cd3b460","product_items_ids":754,"product_items_position_x":{"unit":"%","size":13,"sizes":[]},"product_items_position_y":{"unit":"%","size":49,"sizes":[]}},{"_id":"2d793ae","product_items_ids":798,"product_items_position_x":{"unit":"%","size":37,"sizes":[]},"product_items_position_y":{"unit":"%","size":48,"sizes":[]}}],"items_4":[],"slidesperview_auto":"yes","aspect_ratio_type":"custom","aspect_ratio":"63:31","arrows_horizontal_spacing":{"unit":"px","size":56,"sizes":[]},"image_custom_dimension":{"width":"","height":"680"},"slidesperview_auto_tablet":"yes","navigation_classes_tablet":"arrows","navigation_classes_mobile":"dots","dots_type":"background","width":{"unit":"%","size":75,"sizes":[]},"width_tablet":{"unit":"%","size":"","sizes":[]},"width_mobile":{"unit":"%","size":100,"sizes":[]}},"elements":[],"isInner":false,"widgetType":"ecomus-images-hotspot-carousel","elType":"widget"}],"isInner":false,"elType":"container"},{"id":"2bc1090b","settings":{"boxed_width":{"unit":"px","size":1440,"sizes":[]},"margin":{"unit":"px","top":"0","right":"0","bottom":"83","left":"0","isLinked":false},"margin_tablet":{"unit":"px","top":"0","right":"0","bottom":"70","left":"0","isLinked":false},"margin_mobile":{"unit":"px","top":"0","right":"0","bottom":"24","left":"0","isLinked":false}},"elements":[{"id":"2f6acfac","settings":{"content_width":"full","icons_box":[{"icon":{"value":{"url":"https:\/\/wpecomus.com\/furniture\/wp-content\/uploads\/sites\/11\/2024\/06\/box.svg","id":1397},"library":"svg"},"title":"Free Shipping","description":"You will love at great low prices","_id":"24043c7","image":{"id":5258,"url":"https:\/\/wpecomus.com\/furniture\/wp-content\/uploads\/sites\/11\/2024\/08\/placeholder.png"}},{"icon":{"value":{"url":"https:\/\/wpecomus.com\/furniture\/wp-content\/uploads\/sites\/11\/2024\/06\/card.svg","id":1398},"library":"svg"},"title":"Flexible Payment","description":"Pay with Multiple Credit Cards","_id":"ab05b2c","image":{"id":5259,"url":"https:\/\/wpecomus.com\/furniture\/wp-content\/uploads\/sites\/11\/2024\/08\/placeholder-1.png"}},{"icon":{"value":{"url":"https:\/\/wpecomus.com\/furniture\/wp-content\/uploads\/sites\/11\/2024\/06\/return.svg","id":1399},"library":"svg"},"title":"14 Day Returns","description":"Within 30 days for an exchange","_id":"724d9ff","image":{"id":5260,"url":"https:\/\/wpecomus.com\/furniture\/wp-content\/uploads\/sites\/11\/2024\/08\/placeholder-2.png"}},{"icon":{"value":{"url":"https:\/\/wpecomus.com\/furniture\/wp-content\/uploads\/sites\/11\/2024\/06\/support.svg","id":1400},"library":"svg"},"title":"Premium Support","description":"Outstanding premium support","_id":"f1f11f7","image":{"id":5261,"url":"https:\/\/wpecomus.com\/furniture\/wp-content\/uploads\/sites\/11\/2024\/08\/placeholder-3.png"}}],"position":"left","slides_to_show":4,"slides_to_show_tablet":2,"slides_to_show_mobile":1,"slides_to_scroll_tablet":1,"slides_to_scroll_mobile":1,"navigation_classes":"none","navigation_classes_tablet":"dots","navigation_classes_mobile":"dots","title_typography_typography":"custom","title_typography_font_size_mobile":{"unit":"px","size":18,"sizes":[]},"title_typography_font_weight":"500","title_spacing":{"unit":"px","size":10,"sizes":[]},"title_spacing_mobile":{"unit":"px","size":6,"sizes":[]},"icon_size":{"unit":"px","size":30,"sizes":[]},"icon_border_border":"solid","icon_border_width":{"unit":"px","top":"1","right":"1","bottom":"1","left":"1","isLinked":true},"icon_border_color":"#EEEEEE","border_radius":{"unit":"px","top":"100","right":"100","bottom":"100","left":"100","isLinked":true},"icon_padding":{"unit":"px","top":"20","right":"20.5","bottom":"20","left":"20.5","isLinked":false},"icon_spacing":{"unit":"px","size":20,"sizes":[]},"icon_spacing_mobile":{"unit":"px","size":20,"sizes":[]},"dots_spacing_tablet":{"unit":"px","size":30,"sizes":[]},"position_mobile":"top","alignment_mobile":"center","vertical_alignment":"middle","title_typography_font_size":{"unit":"px","size":18,"sizes":[]},"_padding":{"unit":"px","top":"0","right":"0","bottom":"91","left":"0","isLinked":false},"_padding_tablet":{"unit":"px","top":"0","right":"0","bottom":"77","left":"0","isLinked":false},"_padding_mobile":{"unit":"px","top":"0","right":"0","bottom":"27","left":"0","isLinked":false},"_border_border":"solid","_border_width":{"unit":"px","top":"0","right":"0","bottom":"1","left":"0","isLinked":false},"_border_color":"#EBEBEB","title_color":"#000000","icon_color":"#050505","dots_spacing_mobile":{"unit":"px","size":15,"sizes":[]}},"elements":[],"isInner":false,"widgetType":"ecomus-icon-box-carousel","elType":"widget"}],"isInner":false,"elType":"container"},{"id":"1d469c7f","settings":{"flex_gap":{"column":"18","row":"18","isLinked":true,"unit":"px","size":18},"margin":{"unit":"px","top":"0","right":"0","bottom":"91","left":"0","isLinked":false},"margin_tablet":{"unit":"px","top":"0","right":"0","bottom":"50","left":"0","isLinked":false},"margin_mobile":{"unit":"px","top":"0","right":"0","bottom":"30","left":"0","isLinked":false}},"elements":[{"id":"6575546f","settings":{"content_width":"full","title":"Shop Gram","title_size":"h4","align":"center","typography_typography":"custom","typography_font_size_tablet":{"unit":"px","size":32,"sizes":[]},"typography_font_size_mobile":{"unit":"px","size":22,"sizes":[]}},"elements":[],"isInner":false,"widgetType":"ecomus-heading","elType":"widget"},{"id":"1b5a23b4","settings":{"content_width":"full","title":"Here\u2019s some of our most popular products people are in love with.","title_size":"p","align":"center"},"elements":[],"isInner":false,"widgetType":"ecomus-heading","elType":"widget"}],"isInner":false,"elType":"container"},{"id":"55eb965a","settings":{"content_width":"full"},"elements":[{"id":"1fb231a0","settings":{"content_width":"full","instagram_type":"custom","instagrams":[{"_id":"28199a7","image":{"id":5293,"url":"https:\/\/wpecomus.com\/furniture\/wp-content\/uploads\/sites\/11\/2024\/08\/home_furniture-ins-1-scaled.webp","alt":"","source":"library","size":""},"product_id":871},{"_id":"b573039","image":{"id":5294,"url":"https:\/\/wpecomus.com\/furniture\/wp-content\/uploads\/sites\/11\/2024\/08\/home_furniture-ins-2-scaled.webp","alt":"","source":"library","size":""},"product_id":798},{"_id":"584bd01","image":{"id":5295,"url":"https:\/\/wpecomus.com\/furniture\/wp-content\/uploads\/sites\/11\/2024\/08\/home_furniture-ins-3-scaled.webp","alt":"","source":"library","size":""},"product_id":702},{"_id":"c80252c","image":{"id":5296,"url":"https:\/\/wpecomus.com\/furniture\/wp-content\/uploads\/sites\/11\/2024\/08\/home_furniture-ins-4-scaled.webp","alt":"","source":"library","size":""},"product_id":546},{"_id":"b84ab8f","image":{"id":5297,"url":"https:\/\/wpecomus.com\/furniture\/wp-content\/uploads\/sites\/11\/2024\/08\/home_furniture-ins-5-scaled.webp","alt":"","source":"library","size":""},"product_id":743},{"_id":"3b1ca91","image":{"id":5298,"url":"https:\/\/wpecomus.com\/furniture\/wp-content\/uploads\/sites\/11\/2024\/08\/home_furniture-ins-6-scaled.webp","alt":"","source":"library","size":""},"product_id":705}],"aspect_ratio_type":"square","navigation_classes":"dots","dots_type":"background","dots_position":"inside","image_spacing_custom":0,"slides_to_show_tablet":3,"slides_to_show_mobile":2,"slides_to_scroll_tablet":3,"slides_to_scroll_mobile":2,"image_spacing_custom_tablet":0,"image_spacing_custom_mobile":0,"navigation_classes_tablet":"dots","navigation_classes_mobile":"dots","dots_gap":{"unit":"px","size":4,"sizes":[]},"dots_spacing_mobile":{"unit":"px","size":10,"sizes":[]}},"elements":[],"isInner":false,"widgetType":"ecomus-instagram","elType":"widget"}],"isInner":false,"elType":"container"}],"page_settings":{"hide_page_header":"yes","content_top_spacing":"custom","content_top_padding":{"unit":"px","size":0,"sizes":[]},"content_bottom_spacing":"custom","content_bottom_padding":{"unit":"px","size":0,"sizes":[]}},"version":"0.4","title":"Home Furniture","type":"page"}