{"content":[{"id":"2f8440f8","settings":{"content_width":"full"},"elements":[{"id":"7aafd32a","settings":{"content_width":"full","slides":[{"title":"Summer Escapades","description":"Embrace the sun-kissed season with our collection of breezy","button_text":"Shop collection","_id":"c9ed258","image":{"id":3951,"url":"https:\/\/wpecomus.com\/fashion\/wp-content\/uploads\/sites\/2\/2024\/07\/homev6_slider03.webp","alt":"","source":"library","size":""},"button_link":{"url":"https:\/\/wpecomus.com\/fashion\/product-category\/women\/dresses\/","is_external":"","nofollow":"","custom_attributes":""}},{"title":"Multi-faceted Beauty","description":"Embrace the sun-kissed season with our collection of breezy","button_text":"Shop collection","image":{"id":3949,"url":"https:\/\/wpecomus.com\/fashion\/wp-content\/uploads\/sites\/2\/2024\/07\/homev6_slider01-scaled.webp","alt":"","source":"library","size":""},"_id":"36675ba","button_link":{"url":"https:\/\/wpecomus.com\/fashion\/product-category\/women\/cardigans\/","is_external":"","nofollow":"","custom_attributes":""}},{"title":"Effortless Elegance","description":"Embrace the sun-kissed season with our collection of breezy","button_text":"Shop collection","image":{"id":3950,"url":"https:\/\/wpecomus.com\/fashion\/wp-content\/uploads\/sites\/2\/2024\/07\/homev6_slider02-scaled.webp","alt":"","source":"library","size":""},"_id":"5f5c0f1","button_link":{"url":"https:\/\/wpecomus.com\/fashion\/product-category\/women\/blazers\/","is_external":"","nofollow":"","custom_attributes":""}}],"navigation_classes":"dots","navigation_classes_tablet":"dots","navigation_classes_mobile":"dots","dots_type":"long","dot_align_mobile":"center","content_align_mobile":"center","show_button_icon":"alway","button_icon":{"value":{"url":"https:\/\/wpecomus.com\/fashion\/wp-content\/uploads\/sites\/2\/2024\/07\/arrow-right.svg","id":3886},"library":"svg"},"autoplay":"yes","button_style":"light","button_icon_padding":{"unit":"px","top":"02","right":"0","bottom":"0","left":"0","isLinked":false},"button_icon_indent_mobile":{"unit":"px","size":5,"sizes":[]},"button_icon_padding_mobile":{"unit":"px","top":"03","right":"0","bottom":"0","left":"0","isLinked":false},"button_typography_typography":"custom","button_typography_font_weight":"500","image_height_tablet":{"unit":"px","size":460,"sizes":[]},"image_height_mobile":{"unit":"px","size":300,"sizes":[]},"description_typography_typography":"custom","description_typography_line_height_tablet":{"unit":"px","size":24,"sizes":[]},"description_typography_line_height_mobile":{"unit":"px","size":"","sizes":[]},"content_padding_tablet":{"unit":"px","top":"0","right":"50","bottom":"0","left":"30","isLinked":false},"content_padding_mobile":{"unit":"px","top":"40","right":"10","bottom":"40","left":"10","isLinked":false},"title_typography_typography":"custom","title_typography_font_size_tablet":{"unit":"px","size":40,"sizes":[]},"title_typography_font_size_mobile":{"unit":"px","size":34,"sizes":[]},"button_min_height_mobile":{"unit":"px","size":41,"sizes":[]}},"elements":[],"isInner":false,"widgetType":"ecomus-image-content-slider","elType":"widget"}],"isInner":false,"elType":"container"},{"id":"514f1114","settings":{"container_type":"grid","grid_columns_grid":{"unit":"fr","size":"2"},"grid_rows_grid":{"unit":"fr","size":"1"},"grid_rows_grid_mobile":{"unit":"fr","size":"1"},"grid_align_items":"center","background_background":"classic","background_color":"#FAF8F2","padding":{"unit":"px","top":"100","right":"0","bottom":"59","left":"0","isLinked":false},"grid_gaps_mobile":{"column":"10","row":"10","isLinked":true,"unit":"px"},"padding_tablet":{"unit":"px","top":"85","right":"0","bottom":"50","left":"0","isLinked":false},"padding_mobile":{"unit":"px","top":"30","right":"0","bottom":"30","left":"0","isLinked":false}},"elements":[{"id":"190908b2","settings":{"content_width":"full","title":"Season Collection","title_size":"h4","align_mobile":"center","typography_typography":"custom","typography_font_size_tablet":{"unit":"px","size":32,"sizes":[]},"typography_font_size_mobile":{"unit":"px","size":22,"sizes":[]}},"elements":[],"isInner":false,"widgetType":"ecomus-heading","elType":"widget"},{"id":"415f252c","settings":{"content_width":"full","button_style":"subtle","text":"View all categories","align":"right","icon_align":"right","align_mobile":"center","typography_typography":"custom","typography_font_weight":"600","selected_icon":{"value":{"url":"https:\/\/raw.githubusercontent.com\/drfuri\/demo-content\/main\/ecomus\/fashion\/images\/arrow-top-right.svg","id":1340},"library":"svg"},"button_text":"View all categories","show_button_icon":"alway","button_link":{"url":"https:\/\/wpecomus.com\/fashion\/categories","is_external":"","nofollow":"","custom_attributes":""}},"elements":[],"isInner":false,"widgetType":"ecomus-button","elType":"widget"}],"isInner":false,"elType":"container"},{"id":"761cb6cd","settings":{"background_background":"classic","background_color":"#FAF8F2","padding":{"unit":"px","top":"0","right":"0","bottom":"100","left":"0","isLinked":false},"padding_tablet":{"unit":"px","top":"0","right":"0","bottom":"85","left":"0","isLinked":false},"padding_mobile":{"unit":"px","top":"0","right":"0","bottom":"30","left":"0","isLinked":false},"margin":{"unit":"px","top":"0","right":"0","bottom":"100","left":"0","isLinked":false},"margin_tablet":{"unit":"px","top":"0","right":"0","bottom":"85","left":"0","isLinked":false},"margin_mobile":{"unit":"px","top":"0","right":"0","bottom":"30","left":"0","isLinked":false}},"elements":[{"id":"dd1d2e9","settings":{"content_width":"full","heading":"This is the heading","items":[{"image":{"url":"https:\/\/wpecomus.com\/fashion\/wp-content\/uploads\/sites\/2\/2024\/07\/homev6_cat05.webp","id":3960,"alt":"","source":"library","size":""},"_id":"18f6ef8","product_cat":"women"},{"image":{"url":"https:\/\/wpecomus.com\/fashion\/wp-content\/uploads\/sites\/2\/2024\/07\/homev6_cat01.webp","id":3956,"alt":"","source":"library","size":""},"_id":"da8a7e2","product_cat":"men"},{"image":{"url":"https:\/\/wpecomus.com\/fashion\/wp-content\/uploads\/sites\/2\/2024\/07\/homev6_cat02.webp","id":3957,"alt":"","source":"library","size":""},"_id":"b67c0ce","product_cat":"jewelry"},{"image":{"url":"https:\/\/wpecomus.com\/fashion\/wp-content\/uploads\/sites\/2\/2024\/07\/homev6_cat03.webp","id":3958,"alt":"","source":"library","size":""},"_id":"5f7d7c6","product_cat":"sneakers"},{"_id":"931cf5c","image":{"url":"https:\/\/wpecomus.com\/fashion\/wp-content\/uploads\/sites\/2\/2024\/07\/homev6_cat04.webp","id":3959,"size":"","alt":"","source":"library"},"product_cat":"handbag"},{"_id":"d2359b9","image":{"url":"https:\/\/wpecomus.com\/fashion\/wp-content\/uploads\/sites\/2\/2024\/07\/homev6_cat06.webp","id":3961,"size":"","alt":"","source":"library"},"product_cat":"sunglasses"},{"_id":"f98922f","image":{"url":"https:\/\/wpecomus.com\/fashion\/wp-content\/uploads\/sites\/2\/2024\/07\/homev6_cat07.webp","id":3962,"size":"","alt":"","source":"library"},"product_cat":"shoes"},{"_id":"9c52cac","image":{"url":"https:\/\/wpecomus.com\/fashion\/wp-content\/uploads\/sites\/2\/2024\/07\/homev6_cat08.webp","id":3963,"size":"","alt":"","source":"library"},"product_cat":"accessories"}],"show_button":"","button_type":"text","button_text":"","aspect_ratio_type":"square","slides_to_show":6,"content_align":"center","image_border_radius":{"unit":"%","top":"100","right":"100","bottom":"100","left":"100","isLinked":true},"image_border_radius_tablet":{"unit":"%","top":"","right":"","bottom":"","left":"","isLinked":true},"image_border_radius_mobile":{"unit":"%","top":"","right":"","bottom":"","left":"","isLinked":true},"arrows_size":{"unit":"px","size":10,"sizes":[]},"arrows_width":{"unit":"px","size":31,"sizes":[]},"arrows_height":{"unit":"px","size":31,"sizes":[]},"slides_to_show_tablet":3,"slides_to_show_mobile":2,"slides_to_scroll_tablet":3,"slides_to_scroll_mobile":2,"image_spacing_custom_mobile":15,"navigation_classes_tablet":"dots","navigation_classes_mobile":"dots","image_spacing":{"unit":"px","size":35,"sizes":[]},"arrows_vertical_spacing":{"unit":"px","size":110,"sizes":[]},"source":"custom","count_spacing":{"unit":"px","size":5,"sizes":[]},"image_spacing_custom":50},"elements":[],"isInner":false,"widgetType":"ecomus-categories-carousel","elType":"widget"}],"isInner":false,"elType":"container"},{"id":"7cb977e9","settings":{"margin":{"unit":"px","top":"0","right":"0","bottom":"79","left":"0","isLinked":false},"margin_tablet":{"unit":"px","top":"0","right":"0","bottom":"67","left":"0","isLinked":false},"margin_mobile":{"unit":"px","top":"0","right":"0","bottom":"040","left":"0","isLinked":false}},"elements":[{"id":"2eec179c","settings":{"content_width":"full","tabs":[{"heading":"New arrivals","_id":"01c2172"},{"heading":"Best seller","products":"best_selling_products","_id":"ad81ad8"},{"heading":"On Sale","products":"sale_products","_id":"ce67c0c"}],"pagination_spacing_mobile":{"unit":"px","size":15,"sizes":[]},"heading_spacing_mobile":{"unit":"px","size":30,"sizes":[]},"heading_horizontal_position_mobile":"center","heading_spacing_tablet":{"unit":"px","size":30,"sizes":[]}},"elements":[],"isInner":false,"widgetType":"ecomus-product-tabs-grid","elType":"widget"}],"isInner":false,"elType":"container"},{"id":"72287578","settings":{"flex_direction":"row","flex_gap":{"column":"30","row":"30","isLinked":true,"unit":"px","size":30},"content_width":"full","flex_gap_tablet":{"column":"15","row":"15","isLinked":true,"unit":"px","size":15},"grid_columns_grid":{"unit":"fr","size":"3"},"grid_columns_grid_mobile":{"unit":"fr","size":3,"sizes":[]},"grid_rows_grid":{"unit":"fr","size":"1"},"grid_rows_grid_mobile":{"unit":"fr","size":"1"},"grid_gaps":{"column":"30","row":"30","isLinked":true,"unit":"px"},"grid_gaps_tablet":{"column":"15","row":"15","isLinked":true,"unit":"px"},"mobile_column_alignment":"column_md","margin":{"unit":"px","top":"0","right":"0","bottom":"77","left":"0","isLinked":false},"margin_tablet":{"unit":"px","top":"0","right":"0","bottom":"65","left":"0","isLinked":false},"margin_mobile":{"unit":"px","top":"0","right":"0","bottom":"40","left":"0","isLinked":false},"padding":{"unit":"px","top":"0","right":"40","bottom":"0","left":"40","isLinked":false},"padding_tablet":{"unit":"px","top":"0","right":"30","bottom":"0","left":"30","isLinked":false},"padding_mobile":{"unit":"px","top":"0","right":"15","bottom":"0","left":"15","isLinked":false}},"elements":[{"id":"440dfa23","settings":{"flex_direction":"column","content_width":"full","width":{"unit":"%","size":"33.3333"}},"elements":[{"id":"187d764d","settings":{"image":{"id":3953,"url":"https:\/\/wpecomus.com\/fashion\/wp-content\/uploads\/sites\/2\/2024\/07\/homev6_banner01.webp","alt":"","source":"library","size":""},"title":"UP TO 30% OFF","title_size":"div","sub_title":"Essential Basics","button_text":"Shop now","button_link_type":"only","height":{"unit":"px","size":660,"sizes":[]},"height_tablet":{"unit":"px","size":300,"sizes":[]},"text_align":"center","border_radius":{"unit":"px","top":"0","right":"0","bottom":"0","left":"0","isLinked":false},"title_typography_typography":"custom","title_typography_font_size":{"unit":"px","size":14,"sizes":[]},"title_typography_font_weight":"700","title_typography_text_transform":"uppercase","title_color":"#151515","title_margin":{"unit":"px","top":"0","right":"0","bottom":"23","left":"0","isLinked":false},"sub_title_typography_typography":"custom","sub_title_typography_font_size":{"unit":"px","size":28,"sizes":[]},"sub_title_typography_font_size_tablet":{"unit":"px","size":20,"sizes":[]},"sub_title_typography_font_weight":"400","sub_title_color":"#151515","button_margin_tablet":{"unit":"px","top":"0","right":"0","bottom":"15","left":"0","isLinked":false},"button_border_radius":{"unit":"px","top":"3","right":"3","bottom":"3","left":"3","isLinked":true},"content_width":"full","button_link":{"url":"https:\/\/wpecomus.com\/fashion\/product-category\/women\/","is_external":"","nofollow":"","custom_attributes":""}},"elements":[],"isInner":false,"widgetType":"ecomus-banner","elType":"widget"}],"isInner":true,"elType":"container"},{"id":"1580f62c","settings":{"flex_direction":"column","content_width":"full","width":{"unit":"%","size":"33.3333"}},"elements":[{"id":"59e17e9e","settings":{"image":{"id":3954,"url":"https:\/\/wpecomus.com\/fashion\/wp-content\/uploads\/sites\/2\/2024\/07\/homev6_banner02.webp","alt":"","source":"library","size":""},"title":"UP TO 30% OFF","title_size":"div","sub_title":"Athleisure Wear","button_text":"Shop now","button_link_type":"only","height":{"unit":"px","size":660,"sizes":[]},"height_tablet":{"unit":"px","size":300,"sizes":[]},"text_align":"center","border_radius":{"unit":"px","top":"0","right":"0","bottom":"0","left":"0","isLinked":false},"title_typography_typography":"custom","title_typography_font_size":{"unit":"px","size":14,"sizes":[]},"title_typography_font_weight":"700","title_typography_text_transform":"uppercase","title_color":"#151515","title_margin":{"unit":"px","top":"0","right":"0","bottom":"23","left":"0","isLinked":false},"sub_title_typography_typography":"custom","sub_title_typography_font_size":{"unit":"px","size":28,"sizes":[]},"sub_title_typography_font_size_tablet":{"unit":"px","size":20,"sizes":[]},"sub_title_typography_font_weight":"400","sub_title_color":"#151515","button_margin_tablet":{"unit":"px","top":"0","right":"0","bottom":"15","left":"0","isLinked":false},"button_border_radius":{"unit":"px","top":"3","right":"3","bottom":"3","left":"3","isLinked":true},"content_width":"full","button_link":{"url":"https:\/\/wpecomus.com\/fashion\/product-category\/sunglasses\/","is_external":"","nofollow":"","custom_attributes":""}},"elements":[],"isInner":false,"widgetType":"ecomus-banner","elType":"widget"}],"isInner":true,"elType":"container"},{"id":"2daae9c2","settings":{"flex_direction":"column","content_width":"full","width":{"unit":"%","size":"33.3333"}},"elements":[{"id":"629809e6","settings":{"image":{"id":3955,"url":"https:\/\/wpecomus.com\/fashion\/wp-content\/uploads\/sites\/2\/2024\/07\/homev6_banner03.webp","alt":"","source":"library","size":""},"title":"UP TO 30% OFF","title_size":"div","sub_title":"Seasonal Favorites","button_text":"Shop now","button_link_type":"only","height":{"unit":"px","size":660,"sizes":[]},"height_tablet":{"unit":"px","size":300,"sizes":[]},"text_align":"center","border_radius":{"unit":"px","top":"0","right":"0","bottom":"0","left":"0","isLinked":false},"title_typography_typography":"custom","title_typography_font_size":{"unit":"px","size":14,"sizes":[]},"title_typography_font_weight":"700","title_typography_text_transform":"uppercase","title_color":"#151515","title_margin":{"unit":"px","top":"0","right":"0","bottom":"23","left":"0","isLinked":false},"sub_title_typography_typography":"custom","sub_title_typography_font_size":{"unit":"px","size":28,"sizes":[]},"sub_title_typography_font_size_tablet":{"unit":"px","size":20,"sizes":[]},"sub_title_typography_font_weight":"400","sub_title_color":"#151515","button_margin_tablet":{"unit":"px","top":"0","right":"0","bottom":"15","left":"0","isLinked":false},"button_border_radius":{"unit":"px","top":"3","right":"3","bottom":"3","left":"3","isLinked":true},"content_width":"full","button_link":{"url":"https:\/\/wpecomus.com\/fashion\/product-category\/handbag\/","is_external":"","nofollow":"","custom_attributes":""}},"elements":[],"isInner":false,"widgetType":"ecomus-banner","elType":"widget"}],"isInner":true,"elType":"container"}],"isInner":false,"elType":"container"},{"id":"3c64527f","settings":{"boxed_width":{"unit":"px","size":1440,"sizes":[]},"margin":{"unit":"px","top":"0","right":"0","bottom":"79","left":"0","isLinked":false},"margin_tablet":{"unit":"px","top":"0","right":"0","bottom":"67","left":"0","isLinked":false},"margin_mobile":{"unit":"px","top":"0","right":"0","bottom":"40","left":"0","isLinked":false}},"elements":[{"id":"2078750b","settings":{"content_width":"full","icons_box":[{"icon":{"value":{"url":"https:\/\/raw.githubusercontent.com\/drfuri\/demo-content\/main\/ecomus\/fashion\/images\/box.svg","id":1397},"library":"svg"},"title":"Free Shipping","description":"You will love at great low prices","_id":"82d6a6a"},{"icon":{"value":{"url":"https:\/\/raw.githubusercontent.com\/drfuri\/demo-content\/main\/ecomus\/fashion\/images\/card.svg","id":1398},"library":"svg"},"title":"Flexible Payment","description":"Pay with Multiple Credit Cards","_id":"a15fb08"},{"icon":{"value":{"url":"https:\/\/raw.githubusercontent.com\/drfuri\/demo-content\/main\/ecomus\/fashion\/images\/return.svg","id":1399},"library":"svg"},"title":"14 Day Returns","description":"Within 30 days for an exchange","_id":"edf6df9"},{"_id":"1e7f2a4","icon":{"value":{"url":"https:\/\/raw.githubusercontent.com\/drfuri\/demo-content\/main\/ecomus\/fashion\/images\/support.svg","id":1400},"library":"svg"},"title":"Premium Support","description":"Outstanding premium support"}],"slides_to_show":4,"navigation_classes_tablet":"dots","navigation_classes_mobile":"dots","content_border_border":"none","content_border_width":{"unit":"px","top":"1","right":"1","bottom":"1","left":"1","isLinked":true},"content_border_color":"#EBEBEB","title_typography_typography":"custom","title_typography_font_size":{"unit":"px","size":18,"sizes":[]},"title_typography_font_weight":"500","description_color":"#545454","icon_color":"#000000","icon_size":{"unit":"px","size":30,"sizes":[]},"position":"left","icon_border_border":"solid","icon_border_width":{"unit":"px","top":"1","right":"1","bottom":"1","left":"1","isLinked":true},"icon_border_color":"#ECECEC","border_radius":{"unit":"%","top":"100","right":"100","bottom":"100","left":"100","isLinked":true},"icon_padding":{"unit":"px","top":"20","right":"20","bottom":"20","left":"20","isLinked":true},"dots_spacing_tablet":{"unit":"px","size":20,"sizes":[]},"position_mobile":"top","vertical_alignment":"middle","alignment":"left","alignment_mobile":"center","title_spacing":{"unit":"px","size":5,"sizes":[]},"icon_spacing":{"unit":"px","size":25,"sizes":[]}},"elements":[],"isInner":false,"widgetType":"ecomus-icon-box-carousel","elType":"widget"}],"isInner":false,"elType":"container"},{"id":"633e9b2e","settings":{"margin":{"unit":"px","top":"0","right":"0","bottom":"80","left":"0","isLinked":false},"margin_tablet":{"unit":"px","top":"0","right":"0","bottom":"68","left":"0","isLinked":false},"margin_mobile":{"unit":"px","top":"0","right":"0","bottom":"16","left":"0","isLinked":false}},"elements":[{"id":"56975d25","settings":{"content_width":"full","image":{"id":3967,"url":"https:\/\/wpecomus.com\/fashion\/wp-content\/uploads\/sites\/2\/2024\/07\/homv6_map.webp","alt":"","source":"library","size":""},"title":"Toronto Store","title_size":"h3","description":"<p>301 Front St W Toronto, Canada<br\/>\nsupport@ecomus.com<br\/>\n(08) 8942 1299<\/p>\n\n<p>Mon - Fri, 8:30am - 10:30pm<br\/>\nSaturday, 8:30am - 10:30pm<br\/>\nSunday Closed<\/p>","button_text":"Get Directions","button_style":"subtle","aspect_ratio_type":"custom","aspect_ratio":"15:7","show_button_icon":"alway","button_link":{"url":"https:\/\/maps.app.goo.gl\/RKWwwsLvWKtvTHNq8","is_external":"","nofollow":"","custom_attributes":""}},"elements":[],"isInner":false,"widgetType":"ecomus-image-info","elType":"widget"}],"isInner":false,"elType":"container"},{"id":"68f633f1","settings":{"margin":{"unit":"px","top":"0","right":"0","bottom":"77","left":"0","isLinked":false},"margin_tablet":{"unit":"px","top":"0","right":"0","bottom":"65","left":"0","isLinked":false},"margin_mobile":{"unit":"px","top":"0","right":"0","bottom":"40","left":"0","isLinked":false}},"elements":[{"id":"7e879491","settings":{"items":[{"_id":"59005f5","image":{"id":1378,"url":"https:\/\/wpecomus.com\/fashion\/wp-content\/uploads\/sites\/2\/2024\/06\/001fashion-brand-01.webp","alt":"","source":"library","size":""},"link":{"url":"","is_external":"","nofollow":"","custom_attributes":""}},{"_id":"af02832","image":{"id":1382,"url":"https:\/\/wpecomus.com\/fashion\/wp-content\/uploads\/sites\/2\/2024\/06\/001fashion-brand-06.webp","alt":"","source":"library","size":""},"link":{"url":"","is_external":"","nofollow":"","custom_attributes":""}},{"_id":"dba0e9f","image":{"id":1377,"url":"https:\/\/wpecomus.com\/fashion\/wp-content\/uploads\/sites\/2\/2024\/06\/001fashion-brand-02.png","alt":"","source":"library","size":""},"link":{"url":"","is_external":"","nofollow":"","custom_attributes":""}},{"_id":"f52b6c1","image":{"id":1379,"url":"https:\/\/wpecomus.com\/fashion\/wp-content\/uploads\/sites\/2\/2024\/06\/001fashion-brand-03.webp","alt":"","source":"library","size":""},"link":{"url":"","is_external":"","nofollow":"","custom_attributes":""}},{"_id":"e0d4224","image":{"id":1381,"url":"https:\/\/wpecomus.com\/fashion\/wp-content\/uploads\/sites\/2\/2024\/06\/001fashion-brand-05.webp","alt":"","source":"library","size":""},"link":{"url":"","is_external":"","nofollow":"","custom_attributes":""}},{"_id":"78a5e89","image":{"id":1380,"url":"https:\/\/wpecomus.com\/fashion\/wp-content\/uploads\/sites\/2\/2024\/06\/001fashion-brand-04.webp","alt":"","source":"library","size":""},"link":{"url":"","is_external":"","nofollow":"","custom_attributes":""}},{"_id":"850859c","image":{"id":3968,"url":"https:\/\/wpecomus.com\/fashion\/wp-content\/uploads\/sites\/2\/2024\/07\/homev6_dyson.webp","alt":"","source":"library","size":""},"link":{"url":"","is_external":"","nofollow":"","custom_attributes":""}},{"_id":"4a2466b","image":{"id":3969,"url":"https:\/\/wpecomus.com\/fashion\/wp-content\/uploads\/sites\/2\/2024\/07\/homev6_sonos.webp","alt":"","source":"library","size":""},"link":{"url":"","is_external":"","nofollow":"","custom_attributes":""}}],"slides_to_show_tablet":3,"slides_to_show_mobile":2,"content_width":"full","slides_to_scroll_tablet":3,"slides_to_scroll_mobile":2,"navigation_classes":"none","navigation_classes_tablet":"dots","navigation_classes_mobile":"dots","image_custom_dimension":{"width":"","height":"82"}},"elements":[],"isInner":false,"widgetType":"ecomus-image-carousel","elType":"widget"}],"isInner":false,"elType":"container"}],"page_settings":{"hide_page_header":"yes","content_top_spacing":"custom","content_top_padding":{"unit":"px","size":0,"sizes":[]},"content_bottom_spacing":"custom","content_bottom_padding":{"unit":"px","size":0,"sizes":[]}},"version":"0.4","title":"Home Fashion v6","type":"page"}