{"content":[{"id":"67264fb0","settings":{"content_width":"full"},"elements":[{"id":"7f5766eb","settings":{"slides":[{"title":"Welcome to a real plant family","button_text":"Shop collection","_id":"1ac8782","banner_background_img":{"id":7077,"url":"https:\/\/wpecomus.com\/plant\/wp-content\/uploads\/sites\/33\/2024\/12\/plant-sld-1-scaled.webp","alt":"","source":"library","size":""},"button_link":{"url":"https:\/\/wpecomus.com\/plant\/shop\/","is_external":"","nofollow":"","custom_attributes":""}},{"title":"Plant life made easy","button_text":"Shop collection","banner_background_img":{"id":7078,"url":"https:\/\/wpecomus.com\/plant\/wp-content\/uploads\/sites\/33\/2024\/12\/plant-sld-2-scaled.webp","alt":"","source":"library","size":""},"_id":"0ab5b4f","button_link":{"url":"https:\/\/wpecomus.com\/plant\/product-category\/decor-planters\/","is_external":"","nofollow":"","custom_attributes":""}},{"title":"Gift of a living plant","button_text":"Shop collection","banner_background_img":{"id":7079,"url":"https:\/\/wpecomus.com\/plant\/wp-content\/uploads\/sites\/33\/2024\/12\/plant-sld-3-scaled.webp","alt":"","source":"library","size":""},"_id":"b79cae4","button_link":{"url":"https:\/\/wpecomus.com\/plant\/product-category\/flowering-plants\/","is_external":"","nofollow":"","custom_attributes":""}}],"slides_height":{"unit":"px","size":810,"sizes":[]},"slides_height_tablet":{"unit":"px","size":450,"sizes":[]},"slides_height_mobile":{"unit":"px","size":450,"sizes":[]},"show_button_icon":"alway","button_icon":{"value":{"url":"https:\/\/wpecomus.com\/plant\/wp-content\/uploads\/sites\/33\/2024\/07\/arrow-right.svg","id":3886},"library":"svg"},"navigation_classes":"dots","navigation_classes_tablet":"dots","navigation_classes_mobile":"dots","slides_horizontal_position":"center","slides_text_align":"center","title_color":"#FFFFFF","title_spacing":{"unit":"px","size":18,"sizes":[]},"button_background_color":"#FFFFFF","button_text_color":"#214332","button_border_color":"#FFFFFF","button_background_hover_color":"#FFFFFF","hover_color":"#214332","button_hover_border_color":"#FFFFFF","button_background_effect_hover_color":"#00000040","dots_size_mobile":{"unit":"px","size":4,"sizes":[]},"dots_spacing_tablet":{"unit":"px","size":20,"sizes":[]},"dot_item_color":"#FFFFFF33","dot_item_active_color":"#FFFFFF","dot_align":"center","dots_type":"","autoplay":"yes","autoplay_speed":7000},"elements":[],"isInner":false,"widgetType":"ecomus-slides","elType":"widget"}],"isInner":false,"elType":"container"},{"id":"43646ad1","settings":{"background_background":"classic","margin":{"unit":"px","top":"0","right":"0","bottom":"30","left":"0","isLinked":false},"margin_tablet":{"unit":"px","top":"0","right":"0","bottom":"25","left":"0","isLinked":false},"margin_mobile":{"unit":"px","top":"0","right":"0","bottom":"22","left":"0","isLinked":false},"flex_gap":{"column":"30","row":"30","isLinked":true,"unit":"px","size":30}},"elements":[{"id":"5a76b031","settings":{"title":"AS FEATURED IN","title_size":"div","align":"center","title_color":"#214332","typography_typography":"custom","typography_font_size":{"unit":"px","size":14,"sizes":[]},"typography_font_weight":"700","typography_text_transform":"uppercase","_padding":{"unit":"px","top":"40","right":"0","bottom":"0","left":"0","isLinked":false},"_padding_tablet":{"unit":"px","top":"34","right":"0","bottom":"0","left":"0","isLinked":false},"_padding_mobile":{"unit":"px","top":"24","right":"0","bottom":"0","left":"0","isLinked":false}},"elements":[],"isInner":false,"widgetType":"ecomus-heading","elType":"widget"},{"id":"2e4dc73e","settings":{"items":[{"image":{"id":7086,"url":"https:\/\/wpecomus.com\/plant\/wp-content\/uploads\/sites\/33\/2024\/12\/plant-bn-1.webp","alt":"","source":"library","size":""},"link":{"url":"","is_external":"","nofollow":"","custom_attributes":""},"_id":"adc2fc4"},{"image":{"id":7087,"url":"https:\/\/wpecomus.com\/plant\/wp-content\/uploads\/sites\/33\/2024\/12\/plant-bn-2.webp","alt":"","source":"library","size":""},"link":{"url":"","is_external":"","nofollow":"","custom_attributes":""},"_id":"ae3abe5"},{"image":{"id":7088,"url":"https:\/\/wpecomus.com\/plant\/wp-content\/uploads\/sites\/33\/2024\/12\/plant-bn-3.webp","alt":"","source":"library","size":""},"link":{"url":"","is_external":"","nofollow":"","custom_attributes":""},"_id":"8963a91"},{"image":{"id":7089,"url":"https:\/\/wpecomus.com\/plant\/wp-content\/uploads\/sites\/33\/2024\/12\/plant-bn-4.webp","alt":"","source":"library","size":""},"link":{"url":"","is_external":"","nofollow":"","custom_attributes":""},"_id":"684fc09"}],"slides_to_show":4,"slides_to_show_tablet":2,"slides_to_scroll_tablet":2,"navigation_classes":"none","navigation_classes_tablet":"dots","border_color":"#02010100","padding":{"unit":"px","top":"0","right":"0","bottom":"0","left":"0","isLinked":true},"dots_size_tablet":{"unit":"px","size":20,"sizes":[]},"dots_size_mobile":{"unit":"px","size":16,"sizes":[]},"dots_spacing_tablet":{"unit":"px","size":30,"sizes":[]},"dots_spacing_mobile":{"unit":"px","size":30,"sizes":[]},"_padding":{"unit":"px","top":"0","right":"0","bottom":"55","left":"0","isLinked":false},"_padding_tablet":{"unit":"px","top":"0","right":"0","bottom":"46","left":"0","isLinked":false},"_padding_mobile":{"unit":"px","top":"0","right":"0","bottom":"33","left":"0","isLinked":false}},"elements":[],"isInner":false,"widgetType":"ecomus-image-carousel","elType":"widget"}],"isInner":false,"elType":"container"},{"id":"69b66fed","settings":{"margin":{"unit":"px","top":"0","right":"0","bottom":"86","left":"0","isLinked":false},"margin_tablet":{"unit":"px","top":"0","right":"0","bottom":"73","left":"0","isLinked":false},"margin_mobile":{"unit":"px","top":"0","right":"0","bottom":"64","left":"0","isLinked":false}},"elements":[{"id":"42bb07c3","settings":{"content_width":{"unit":"%","size":68,"sizes":[]},"testimonials":[{"testimonial_name":"Vincent Pahm","testimonial_company":"Aglaonema Siam","_id":"124a9c8","testimonial_title":"","testimonial_subtitle":"OUR CUSTOMERS' RAVE REVIEWS","testimonial_content":"I've ordered from a lot of places, a lot! and I must say that this place here has the best shipping experience ever.Thank you guys so much for this \u2665\ufe0f","testimonial_image":{"id":7090,"url":"https:\/\/wpecomus.com\/plant\/wp-content\/uploads\/sites\/33\/2024\/12\/plant-testi-1.webp","alt":"","source":"library","size":""},"testimonial_link":{"url":"https:\/\/wpecomus.com\/plant\/product\/aglaonema-siam\/","is_external":"","nofollow":"","custom_attributes":""}},{"testimonial_name":"Robert Smith","testimonial_company":"Burgundy Rubber Tree","_id":"c201a03","testimonial_title":"","testimonial_subtitle":"OUR CUSTOMERS' RAVE REVIEWS","testimonial_content":"Love my new indoor plant! It arrived healthy and adds a refreshing touch to my home. Super easy to care for, highly recommended!","testimonial_image":{"id":7091,"url":"https:\/\/wpecomus.com\/plant\/wp-content\/uploads\/sites\/33\/2024\/12\/plant-testi-2.webp","alt":"","source":"library","size":""},"testimonial_link":{"url":"https:\/\/wpecomus.com\/plant\/product\/burgundy-rubber-tree\/","is_external":"","nofollow":"","custom_attributes":""}}],"item_padding":{"unit":"px","top":"85","right":"123","bottom":"85","left":"123","isLinked":false},"thumbnail_width":{"unit":"px","size":367,"sizes":[]},"content_width_tablet":{"unit":"%","size":60,"sizes":[]},"content_width_mobile":{"unit":"%","size":100,"sizes":[]},"quoter_item_color":"#FFFFFF","content_item_title_color":"#FFFFFF","content_item_content_color":"#FFFFFF","content_item_content_typo_typography":"custom","content_item_content_typo_font_size":{"unit":"px","size":28,"sizes":[]},"content_item_content_typo_line_height":{"unit":"px","size":44.8,"sizes":[]},"content_item_name_color":"#FFFFFF","content_item_company_color":"#FFFFFF","_background_background":"classic","_background_color":"#214332","_background_color_stop":{"unit":"%","size":10,"sizes":[]},"_background_color_b":"#1E2028","_background_gradient_angle":{"unit":"deg","size":270,"sizes":[]},"navigation_classes_mobile":"dots","item_padding_tablet":{"unit":"px","top":"85","right":"62","bottom":"85","left":"62","isLinked":false},"item_padding_mobile":{"unit":"px","top":"30","right":"15","bottom":"30","left":"15","isLinked":false},"thumbnail_width_tablet":{"unit":"px","size":230,"sizes":[]},"thumbnail_width_mobile":{"unit":"%","size":100,"sizes":[]},"content_item_subtitle_color":"#FFFFFF","content_item_content_typo_font_size_tablet":{"unit":"px","size":16,"sizes":[]},"content_item_content_typo_line_height_tablet":{"unit":"px","size":25.6,"sizes":[]},"content_item_content_typo_line_height_mobile":{"unit":"px","size":"","sizes":[]},"content_item_rating_size":{"unit":"px","size":18,"sizes":[]},"arrows_color":"#FFFFFF","arrows_border_color":"#FFFFFF","arrows_hover_color":"#000000","arrows_hover_border_color":"#FFFFFF","dot_item_color":"#FFFFFF33","dot_item_active_color":"#FFFFFF","_border_radius":{"unit":"px","top":"10","right":"10","bottom":"10","left":"10","isLinked":true},"arrows_hover_bgcolor":"#FFFFFF","arrows_disable_color":"#FFFFFF24","arrows_disable_border_color":"#FFFFFF24","image_item_border_radius":{"unit":"px","top":"10","right":"10","bottom":"10","left":"10","isLinked":true},"thumbnail_spacing_tablet":{"unit":"px","size":0,"sizes":[]}},"elements":[],"isInner":false,"widgetType":"ecomus-testimonial-carousel","elType":"widget"}],"isInner":false,"elType":"container"},{"id":"1bb2adfd","settings":{"background_background":"classic","background_color":"#E7ECD2","padding":{"unit":"px","top":"62","right":"0","bottom":"72","left":"0","isLinked":false},"padding_tablet":{"unit":"px","top":"69","right":"0","bottom":"61","left":"0","isLinked":false},"padding_mobile":{"unit":"px","top":"61","right":"0","bottom":"34","left":"0","isLinked":false},"margin":{"unit":"px","top":"0","right":"0","bottom":"100","left":"0","isLinked":false},"margin_tablet":{"unit":"px","top":"0","right":"0","bottom":"85","left":"0","isLinked":false},"margin_mobile":{"unit":"px","top":"0","right":"0","bottom":"75","left":"0","isLinked":false}},"elements":[{"id":"2b0cd43d","settings":{"show_heading":"yes","heading":"Featured Products","hide_rating":"none","slides_to_show_tablet":3,"slides_to_show_mobile":2,"slides_to_scroll_tablet":1,"image_spacing_custom_mobile":15,"navigation_classes":"none","navigation_classes_tablet":"none","navigation_classes_mobile":"none","slidesperview_auto":"yes","slidesperview_auto_tablet":"yes","slidesperview_auto_mobile":"yes","heading_typography_font_size_mobile":{"unit":"px","size":18,"sizes":[]},"heading_spacing":{"unit":"px","size":50,"sizes":[]},"heading_spacing_tablet":{"unit":"px","size":50,"sizes":[]},"heading_spacing_mobile":{"unit":"px","size":30,"sizes":[]},"button_style":"light","button_icon_indent":{"unit":"px","size":0,"sizes":[]},"button_icon_size":{"unit":"px","size":10,"sizes":[]},"arrows_heading_size":{"unit":"px","size":11,"sizes":[]},"heading_color":"#172E22","arrows_heading_disable_border_color":"#21433224","product_title_typography_typography":"custom","product_title_typography_font_size":{"unit":"px","size":16,"sizes":[]}},"elements":[],"isInner":false,"widgetType":"ecomus-products-carousel","elType":"widget"}],"isInner":false,"elType":"container"},{"id":"7c6f3cc1","settings":{"flex_direction":"row","flex_gap":{"unit":"px","size":30,"column":"30","row":"30","isLinked":true},"flex_gap_mobile":{"column":"15","row":"15","isLinked":true,"unit":"px","size":15},"margin":{"unit":"px","top":"0","right":"0","bottom":"100","left":"0","isLinked":false},"margin_tablet":{"unit":"px","top":"0","right":"0","bottom":"85","left":"0","isLinked":false},"margin_mobile":{"unit":"px","top":"0","right":"0","bottom":"75","left":"0","isLinked":false}},"elements":[{"id":"42eb6e51","settings":{"flex_direction":"column","content_width":"full","width":{"unit":"%","size":"50"}},"elements":[{"id":"5c6cd091","settings":{"youtube_url":"https:\/\/www.youtube.com\/embed\/4H95VPQFexc?playsinline=1&autoplay=1&controls=0&mute=1&loop=1&playlist=4H95VPQFexc&enablejsapi=1&rel=0&modestbranding=1","vimeo_url":"https:\/\/vimeo.com\/235215203","banners_background_image":{"id":7092,"url":"https:\/\/wpecomus.com\/plant\/wp-content\/uploads\/sites\/33\/2024\/12\/plant-bn-5.webp","alt":"","source":"library","size":""},"height":{"unit":"px","size":547,"sizes":[]},"icon_color":"#FFFFFF","icon_bg_color":"#F3F3F399","height_tablet":{"unit":"px","size":384,"sizes":[]},"height_mobile":{"unit":"px","size":268,"sizes":[]},"box_shadow":"","border_radius":{"unit":"px","top":"10","right":"10","bottom":"10","left":"10","isLinked":true}},"elements":[],"isInner":false,"widgetType":"ecomus-video-popup","elType":"widget"}],"isInner":true,"elType":"container"},{"id":"14d48510","settings":{"flex_direction":"column","content_width":"full","width":{"unit":"%","size":"50"},"flex_justify_content":"center","flex_gap":{"column":"0","row":"0","isLinked":true,"unit":"px","size":0},"padding":{"unit":"px","top":"20","right":"20","bottom":"20","left":"90","isLinked":false},"padding_tablet":{"unit":"px","top":"0","right":"20","bottom":"0","left":"20","isLinked":false},"padding_mobile":{"unit":"px","top":"14","right":"14","bottom":"24","left":"14","isLinked":false}},"elements":[{"id":"6479991","settings":{"title":"LIFE GATHERS AROUND PLANTS","title_size":"div","title_color":"#172E22","typography_typography":"custom","typography_font_weight":"700","typography_text_transform":"uppercase","_margin":{"unit":"px","top":"0","right":"0","bottom":"14","left":"0","isLinked":false}},"elements":[],"isInner":false,"widgetType":"ecomus-heading","elType":"widget"},{"id":"52cfe225","settings":{"title":"Straight from the Greenhouse","title_size":"h3","title_color":"#172E22","typography_typography":"custom","typography_font_size_tablet":{"unit":"px","size":40,"sizes":[]},"typography_font_size_mobile":{"unit":"px","size":24,"sizes":[]},"_margin":{"unit":"px","top":"0","right":"0","bottom":"24","left":"0","isLinked":false},"_margin_tablet":{"unit":"px","top":"0","right":"0","bottom":"18","left":"0","isLinked":false},"_margin_mobile":{"unit":"px","top":"0","right":"0","bottom":"16","left":"0","isLinked":false}},"elements":[],"isInner":false,"widgetType":"ecomus-heading","elType":"widget"},{"id":"79ce772d","settings":{"title":"Follow along on a Bird of Paradise\u2019s journey from our greenhouse to your home, and learn how we care for your plant every step of the way.","title_size":"div","title_color":"#214332","typography_typography":"custom","typography_font_size":{"unit":"px","size":16,"sizes":[]},"typography_font_size_mobile":{"unit":"px","size":14,"sizes":[]},"_margin":{"unit":"px","top":"0","right":"0","bottom":"50","left":"0","isLinked":false}},"elements":[],"isInner":false,"widgetType":"ecomus-heading","elType":"widget"},{"id":"7bebb9d7","settings":{"button_text":"Learn more","button_background_color":"#214332","button_border_color":"#214332","button_background_hover_color":"#214332","button_hover_border_color":"#214332","button_link":{"url":"https:\/\/wpecomus.com\/plant\/shop\/","is_external":"","nofollow":"","custom_attributes":""}},"elements":[],"isInner":false,"widgetType":"ecomus-button","elType":"widget"}],"isInner":true,"elType":"container"}],"isInner":false,"elType":"container"},{"id":"66aaa7d","settings":{"flex_direction":"column","margin":{"unit":"px","top":"0","right":"0","bottom":"87","left":"0","isLinked":false},"margin_tablet":{"unit":"px","top":"0","right":"0","bottom":"73","left":"0","isLinked":false},"margin_mobile":{"unit":"px","top":"0","right":"0","bottom":"65","left":"0","isLinked":false}},"elements":[{"id":"7e9d93c8","settings":{"content_width":"full","flex_gap":{"column":"97","row":"97","isLinked":true,"unit":"px","size":97},"flex_gap_tablet":{"column":"50","row":"50","isLinked":true,"unit":"px","size":50},"flex_gap_mobile":{"column":"30","row":"30","isLinked":true,"unit":"px","size":30},"background_background":"classic","background_color":"#FFFFFF","border_radius":{"unit":"px","top":"10","right":"10","bottom":"10","left":"10","isLinked":true},"padding":{"unit":"px","top":"100","right":"15","bottom":"100","left":"15","isLinked":false},"padding_tablet":{"unit":"px","top":"85","right":"15","bottom":"85","left":"15","isLinked":false},"padding_mobile":{"unit":"px","top":"75","right":"15","bottom":"75","left":"15","isLinked":false}},"elements":[{"id":"1f4335e","settings":{"title":"We\u2019re solving the biggest problems in furniture","title_size":"h4","align":"center","title_color":"#214332","typography_typography":"custom","typography_font_size_tablet":{"unit":"px","size":32,"sizes":[]},"typography_font_size_mobile":{"unit":"px","size":22,"sizes":[]}},"elements":[],"isInner":false,"widgetType":"ecomus-heading","elType":"widget"},{"id":"29c49822","settings":{"icons_box":[{"icon":{"value":{"url":"https:\/\/wpecomus.com\/plant\/wp-content\/uploads\/sites\/33\/2024\/07\/global.svg","id":3943},"library":"svg"},"title":"Free Standard Shipping","description":"Every single order ships for free. No minimums, no tiers, no fine print whatsoever.","_id":"385a522","image":{"id":7070,"url":"https:\/\/wpecomus.com\/plant\/wp-content\/uploads\/sites\/33\/2024\/12\/placeholder.png"}},{"icon":{"value":{"url":"https:\/\/wpecomus.com\/plant\/wp-content\/uploads\/sites\/33\/2024\/12\/icon-smile-2.svg","id":7093},"library":"svg"},"title":"30-Days Customer Guarantee","description":"Our innovative modular design is driven by the belief that furniture should fit this home, and the next one.","_id":"afe5aa5","image":{"id":7071,"url":"https:\/\/wpecomus.com\/plant\/wp-content\/uploads\/sites\/33\/2024\/12\/placeholder-1.png"}},{"icon":{"value":{"url":"https:\/\/wpecomus.com\/plant\/wp-content\/uploads\/sites\/33\/2024\/12\/plantpot.svg","id":7094},"library":"svg"},"title":"Local Stores","description":"We use materials like sustainably-forested wood, strengthened steel hardware, and top-grain Italian leather.","_id":"a81860e","image":{"id":7072,"url":"https:\/\/wpecomus.com\/plant\/wp-content\/uploads\/sites\/33\/2024\/12\/placeholder-2.png"}}],"slides_to_show_tablet":3,"slides_to_scroll_tablet":1,"navigation_classes":"none","navigation_classes_tablet":"none","navigation_classes_mobile":"dots","alignment":"center","content_padding":{"unit":"px","top":"0","right":"64","bottom":"0","left":"64","isLinked":false},"content_padding_tablet":{"unit":"px","top":"0","right":"0","bottom":"0","left":"0","isLinked":false},"title_color":"#214332","title_typography_typography":"custom","title_typography_font_size":{"unit":"px","size":18,"sizes":[]},"title_spacing":{"unit":"px","size":14,"sizes":[]},"title_spacing_mobile":{"unit":"px","size":9,"sizes":[]},"description_color":"#214332","icon_color":"#214332","icon_size":{"unit":"px","size":60,"sizes":[]},"icon_size_mobile":{"unit":"px","size":30,"sizes":[]},"icon_spacing":{"unit":"px","size":44,"sizes":[]},"icon_spacing_mobile":{"unit":"px","size":25,"sizes":[]},"dots_spacing_mobile":{"unit":"px","size":15,"sizes":[]}},"elements":[],"isInner":false,"widgetType":"ecomus-icon-box-carousel","elType":"widget"}],"isInner":true,"elType":"container"}],"isInner":false,"elType":"container"},{"id":"50636333","settings":{"margin":{"unit":"px","top":"0","right":"0","bottom":"85","left":"0","isLinked":false},"margin_tablet":{"unit":"px","top":"0","right":"0","bottom":"72","left":"0","isLinked":false},"margin_mobile":{"unit":"px","top":"0","right":"0","bottom":"55","left":"0","isLinked":false}},"elements":[{"id":"14386c47","settings":{"show_heading":"yes","heading":"Shop by Collection","source":"custom","items":[{"image":{"id":6994,"url":"https:\/\/wpecomus.com\/plant\/wp-content\/uploads\/sites\/33\/2024\/12\/plant-cat-1.webp","alt":"","source":"library","size":""},"_id":"bbaa461","product_cat":"all-plants"},{"image":{"id":6993,"url":"https:\/\/wpecomus.com\/plant\/wp-content\/uploads\/sites\/33\/2024\/12\/plant-cat-2.webp","alt":"","source":"library","size":""},"product_cat":"pet-friendly-plants","_id":"5c25bfa"},{"image":{"id":6995,"url":"https:\/\/wpecomus.com\/plant\/wp-content\/uploads\/sites\/33\/2024\/12\/plant-cat-3.webp","alt":"","source":"library","size":""},"product_cat":"for-beginners","_id":"c1161d8"},{"image":{"id":6996,"url":"https:\/\/wpecomus.com\/plant\/wp-content\/uploads\/sites\/33\/2024\/12\/plant-cat-4.webp","alt":"","source":"library","size":""},"product_cat":"flowering-plants","_id":"168ec3f"},{"image":{"id":6997,"url":"https:\/\/wpecomus.com\/plant\/wp-content\/uploads\/sites\/33\/2024\/12\/plant-cat-5.webp","alt":"","source":"library","size":""},"product_cat":"decor-planters","_id":"efcc20d"}],"button_text":"","show_button_icon":"alway","aspect_ratio_type":"vertical","slidesperview_auto":"yes","image_spacing":{"unit":"px","size":19,"sizes":[]},"title_spacing":{"unit":"px","size":0,"sizes":[]},"count_spacing":{"unit":"px","size":5,"sizes":[]},"button_padding":{"unit":"px","top":"0","right":"0","bottom":"0","left":"0","isLinked":true},"button_border_radius":{"unit":"px","top":"100","right":"100","bottom":"100","left":"100","isLinked":true},"button_min_width":{"unit":"px","size":45,"sizes":[]},"button_min_height":{"unit":"px","size":45,"sizes":[]},"button_icon_indent":{"unit":"px","size":0,"sizes":[]},"button_icon_size":{"unit":"px","size":10,"sizes":[]},"slides_to_show_tablet":2,"slides_to_show_mobile":1,"slides_to_scroll_tablet":1,"slides_to_scroll_mobile":1,"image_spacing_custom_mobile":15,"navigation_classes":"none","navigation_classes_tablet":"none","navigation_classes_mobile":"none","slidesperview_auto_tablet":"yes","slidesperview_auto_mobile":"yes","heading_typography_font_size_mobile":{"unit":"px","size":18,"sizes":[]},"heading_padding":{"unit":"px","top":"0","right":"0","bottom":"0","left":"0","isLinked":false},"image_spacing_mobile":{"unit":"px","size":15,"sizes":[]},"arrows_heading_width_mobile":{"unit":"px","size":24,"sizes":[]},"arrows_heading_height_mobile":{"unit":"px","size":24,"sizes":[]},"heading_color":"#172E22","image_border_radius":{"unit":"px","top":"10","right":"10","bottom":"10","left":"10","isLinked":true},"title_color":"#172E22","button_text_color":"#214332","button_background_hover_color":"#214332","hover_color":"#F5F5EC","button_background_color":"#F5F5EC","arrows_disable_border_color":"#21433224","view_all_btn_title":"View All","view_all_btn_text":"Click here"},"elements":[],"isInner":false,"widgetType":"ecomus-categories-carousel","elType":"widget"}],"isInner":false,"elType":"container"},{"id":"4e25a625","settings":{"flex_direction":"row","flex_gap":{"unit":"px","size":30,"column":"30","row":"30","isLinked":true},"flex_direction_tablet":"column","flex_direction_mobile":"column-reverse","margin":{"unit":"px","top":"0","right":"0","bottom":"97","left":"0","isLinked":false},"margin_tablet":{"unit":"px","top":"0","right":"0","bottom":"82","left":"0","isLinked":false},"margin_mobile":{"unit":"px","top":"0","right":"0","bottom":"29","left":"0","isLinked":false},"flex_gap_mobile":{"column":"15","row":"15","isLinked":true,"unit":"px","size":15}},"elements":[{"id":"43214ef9","settings":{"flex_direction":"column","content_width":"full","width":{"unit":"%","size":"50"},"width_tablet":{"unit":"%","size":100,"sizes":[]},"width_mobile":{"unit":"%","size":"","sizes":[]},"flex_justify_content":"center","flex_gap":{"column":"0","row":"0","isLinked":true,"unit":"px","size":0},"flex_gap_tablet":{"column":"","row":"","isLinked":true,"unit":"px","size":null},"flex_gap_mobile":{"column":"","row":"","isLinked":true,"unit":"px","size":null},"padding_tablet":{"unit":"px","top":"20","right":"20","bottom":"20","left":"20","isLinked":true},"padding_mobile":{"unit":"px","top":"14","right":"14","bottom":"24","left":"14","isLinked":false}},"elements":[{"id":"3cec6747","settings":{"title":"GET THE GROW-HOW","title_size":"div","title_color":"#172E22","typography_typography":"custom","typography_font_weight":"700","typography_text_transform":"uppercase","_margin":{"unit":"px","top":"0","right":"0","bottom":"14","left":"0","isLinked":false}},"elements":[],"isInner":false,"widgetType":"ecomus-heading","elType":"widget"},{"id":"2f79b557","settings":{"title":"Ultimate Guide to<br class=\"hidden-md hidden-sm\" \/>\nSummer Plant Care","title_size":"h3","typography_typography":"custom","typography_font_size_tablet":{"unit":"px","size":40,"sizes":[]},"typography_font_size_mobile":{"unit":"px","size":24,"sizes":[]},"title_color":"#172E22","_margin":{"unit":"px","top":"0","right":"0","bottom":"24","left":"0","isLinked":false},"_margin_tablet":{"unit":"px","top":"0","right":"0","bottom":"18","left":"0","isLinked":false},"_margin_mobile":{"unit":"px","top":"0","right":"0","bottom":"16","left":"0","isLinked":false}},"elements":[],"isInner":false,"widgetType":"ecomus-heading","elType":"widget"},{"id":"29cff904","settings":{"title":"Keep your plants healthy and thriving this summer! Get pro tips from our expert Grow-How\u00ae Team.","title_size":"div","_margin":{"unit":"px","top":"0","right":"0","bottom":"34","left":"0","isLinked":false},"_margin_mobile":{"unit":"px","top":"0","right":"0","bottom":"18","left":"0","isLinked":false},"title_color":"#214332","typography_typography":"custom","typography_font_size":{"unit":"px","size":16,"sizes":[]},"typography_font_size_mobile":{"unit":"px","size":14,"sizes":[]}},"elements":[],"isInner":false,"widgetType":"ecomus-heading","elType":"widget"},{"id":"382e7150","settings":{"button_text":"Summer Care Tips","button_typography_typography":"custom","button_typography_font_weight":"400","button_background_color":"#214332","button_border_color":"#214332","button_background_hover_color":"#214332","button_hover_border_color":"#214332","button_link":{"url":"https:\/\/wpecomus.com\/plant\/shop\/","is_external":"","nofollow":"","custom_attributes":""}},"elements":[],"isInner":false,"widgetType":"ecomus-button","elType":"widget"}],"isInner":true,"elType":"container"},{"id":"5eff2e3d","settings":{"flex_direction":"column","content_width":"full","width":{"unit":"%","size":"50"},"width_tablet":{"unit":"%","size":100,"sizes":[]},"width_mobile":{"unit":"%","size":"","sizes":[]},"flex_direction_tablet":"column"},"elements":[{"id":"79966e7e","settings":{"image":{"id":7096,"url":"https:\/\/wpecomus.com\/plant\/wp-content\/uploads\/sites\/33\/2024\/12\/plant-bn-6.webp","alt":"","source":"library","size":""},"image_size":"full","width":{"unit":"%","size":100,"sizes":[]},"image_border_radius":{"unit":"px","top":"10","right":"10","bottom":"10","left":"10","isLinked":true}},"elements":[],"isInner":false,"widgetType":"image","elType":"widget"}],"isInner":true,"elType":"container"}],"isInner":false,"elType":"container"},{"id":"3dddff78","settings":{"flex_direction":"column","flex_gap":{"column":"0","row":"0","isLinked":true,"unit":"px","size":0},"margin":{"unit":"px","top":"0","right":"0","bottom":"73","left":"0","isLinked":false},"margin_tablet":{"unit":"px","top":"0","right":"0","bottom":"62","left":"0","isLinked":false},"margin_mobile":{"unit":"px","top":"0","right":"0","bottom":"29","left":"0","isLinked":false}},"elements":[{"id":"18ff4268","settings":{"content_width":"full","flex_gap":{"column":"0","row":"0","isLinked":true,"unit":"px","size":0},"border_border":"solid","border_width":{"unit":"px","top":"3","right":"0","bottom":"0","left":"0","isLinked":false},"border_color":"#214332"},"elements":[{"id":"10fe1a71","settings":{"title":"Show us how you #Ecomusyourspace!","title_size":"h4","align":"center","title_color":"#172E22","typography_typography":"custom","typography_font_size":{"unit":"px","size":28,"sizes":[]},"typography_font_size_mobile":{"unit":"px","size":18,"sizes":[]},"_margin":{"unit":"px","top":"73","right":"0","bottom":"38","left":"0","isLinked":false},"_margin_tablet":{"unit":"px","top":"62","right":"0","bottom":"38","left":"0","isLinked":false},"_margin_mobile":{"unit":"px","top":"29","right":"0","bottom":"30","left":"0","isLinked":false}},"elements":[],"isInner":false,"widgetType":"ecomus-heading","elType":"widget"},{"id":"58eff57a","settings":{"instagram_type":"custom","instagrams":[{"_id":"764352b","image":{"id":7097,"url":"https:\/\/wpecomus.com\/plant\/wp-content\/uploads\/sites\/33\/2024\/12\/plant-ins-1.webp","alt":"","source":"library","size":""},"product_id":546},{"image":{"id":7098,"url":"https:\/\/wpecomus.com\/plant\/wp-content\/uploads\/sites\/33\/2024\/12\/plant-ins-2.webp","alt":"","source":"library","size":""},"product_id":782,"_id":"86a8453"},{"image":{"id":7099,"url":"https:\/\/wpecomus.com\/plant\/wp-content\/uploads\/sites\/33\/2024\/12\/plant-ins-3.webp","alt":"","source":"library","size":""},"product_id":775,"_id":"776698c"},{"image":{"id":7100,"url":"https:\/\/wpecomus.com\/plant\/wp-content\/uploads\/sites\/33\/2024\/12\/plant-ins-4.webp","alt":"","source":"library","size":""},"product_id":766,"_id":"e705279"},{"image":{"id":7101,"url":"https:\/\/wpecomus.com\/plant\/wp-content\/uploads\/sites\/33\/2024\/12\/plant-ins-5.webp","alt":"","source":"library","size":""},"product_id":754,"_id":"8c502a2"}],"aspect_ratio_type":"","slides_to_show_tablet":3,"slides_to_show_mobile":2,"slides_to_scroll_tablet":1,"image_spacing_custom":10,"navigation_classes":"none","navigation_classes_tablet":"dots","image_border_radius":{"unit":"px","top":"10","right":"10","bottom":"10","left":"10","isLinked":true},"dots_size_tablet":{"unit":"px","size":20,"sizes":[]},"dots_size_mobile":{"unit":"px","size":16,"sizes":[]},"dots_spacing_tablet":{"unit":"px","size":30,"sizes":[]},"dots_spacing_mobile":{"unit":"px","size":15,"sizes":[]},"dot_item_active_color":"#214332"},"elements":[],"isInner":false,"widgetType":"ecomus-instagram","elType":"widget"}],"isInner":true,"elType":"container"}],"isInner":false,"elType":"container"}],"page_settings":{"hide_page_header":"yes","content_top_spacing":"custom","content_top_padding":{"unit":"px","size":0,"sizes":[]},"content_bottom_spacing":"custom","content_bottom_padding":{"unit":"px","size":0,"sizes":[]},"background_background":"classic","background_color":"#F5F5EC"},"version":"0.4","title":"Home","type":"page"}