{"content":[{"id":"7300fdab","settings":{"content_width":"full"},"elements":[{"id":"348fbaf4","settings":{"content_width":"full","slides":[{"title":"Mix. Match. MagSafe","description":"Snap on a case, wallet, wireless charger, or battery pack.","button_text":"Shop Collection","_id":"bfee66b","button_link_type":"slide","banner_background_img":{"id":5684,"url":"https:\/\/wpecomus.com\/electronic\/wp-content\/uploads\/sites\/12\/2024\/08\/accessories-sl-1.webp","alt":"","source":"library","size":""},"background_position":"center center","button_link":{"url":"https:\/\/wpecomus.com\/electronic\/categories\/","is_external":"","nofollow":"","custom_attributes":""}},{"title":"Ecomus Docking","description":"Fast wireless charging on-the-go.","button_text":"Shop Collection","button_link_type":"slide","banner_background_img":{"id":5685,"url":"https:\/\/wpecomus.com\/electronic\/wp-content\/uploads\/sites\/12\/2024\/08\/accessories-sl-2.webp","alt":"","source":"library","size":""},"_id":"f552382","background_position":"center center","button_link":{"url":"https:\/\/wpecomus.com\/electronic\/categories\/","is_external":"","nofollow":"","custom_attributes":""}},{"title":"Accessory Sale","description":"Up to 40% off chargers, earbuds, and more.","button_text":"Shop Collection","button_link_type":"slide","banner_background_img":{"id":5686,"url":"https:\/\/wpecomus.com\/electronic\/wp-content\/uploads\/sites\/12\/2024\/08\/accessories-sl-3.webp","alt":"","source":"library","size":""},"_id":"11cc4e8","background_position":"center center","button_link":{"url":"https:\/\/wpecomus.com\/electronic\/categories\/","is_external":"","nofollow":"","custom_attributes":""}}],"slides_height":{"unit":"px","size":771,"sizes":[]},"slides_height_tablet":{"unit":"px","size":665,"sizes":[]},"slides_height_mobile":{"unit":"px","size":244,"sizes":[]},"show_button_icon":"alway","slides_padding":{"unit":"px","top":"60","right":"0","bottom":"0","left":"0","isLinked":false},"slides_padding_tablet":{"unit":"px","top":"38","right":"0","bottom":"0","left":"0","isLinked":false},"slides_padding_mobile":{"unit":"px","top":"19","right":"0","bottom":"0","left":"0","isLinked":false},"slides_horizontal_position":"center","slides_vertical_position":"top","slides_text_align":"center","title_typography_typography":"custom","title_typography_font_size":{"unit":"px","size":68,"sizes":[]},"title_typography_font_size_tablet":{"unit":"px","size":50,"sizes":[]},"title_typography_font_size_mobile":{"unit":"px","size":32,"sizes":[]},"title_spacing":{"unit":"px","size":13,"sizes":[]},"title_spacing_mobile":{"unit":"px","size":19,"sizes":[]},"description_color":"#000000","description_typography_typography":"custom","description_typography_font_size":{"unit":"px","size":22,"sizes":[]},"description_typography_font_size_mobile":{"unit":"px","size":0,"sizes":[]},"description_typography_font_weight":"500","description_spacing_tablet":{"unit":"px","size":28,"sizes":[]},"description_spacing_mobile":{"unit":"px","size":0,"sizes":[]},"button_style":"outline-dark","button_border_width":{"unit":"px","size":2,"sizes":[]},"arrows_show":"1","arrows_width_tablet":{"unit":"px","size":40,"sizes":[]},"arrows_width_mobile":{"unit":"px","size":36,"sizes":[]},"arrows_height_tablet":{"unit":"px","size":40,"sizes":[]},"arrows_height_mobile":{"unit":"px","size":36,"sizes":[]},"width_tablet":{"unit":"%","size":"","sizes":[]},"width_mobile":{"unit":"%","size":"","sizes":[]},"center_mode":"yes","infinite":"yes","width":{"unit":"%","size":63,"sizes":[]},"slides_container_width":{"unit":"px","size":1187,"sizes":[]},"hover_color":"#FF0B0B","button_hover_border_color":"#FF0B0B","button_icon":{"value":{"url":"https:\/\/wpecomus.com\/electronic\/wp-content\/uploads\/sites\/12\/2024\/07\/arrow-right.svg","id":3886},"library":"svg"},"button_icon_padding":{"unit":"px","top":"2","right":"0","bottom":"0","left":"0","isLinked":false},"arrows_horizontal_spacing":{"unit":"px","size":-74,"sizes":[]},"arrows_horizontal_spacing_tablet":{"unit":"px","size":32,"sizes":[]},"arrows_horizontal_spacing_mobile":{"unit":"px","size":15,"sizes":[]},"arrows_border_color":"#EBEBEB"},"elements":[],"isInner":false,"widgetType":"ecomus-slides","elType":"widget"}],"isInner":false,"elType":"container"},{"id":"2e119643","settings":{"boxed_width":{"unit":"px","size":1440,"sizes":[]},"margin":{"unit":"px","top":"0","right":"0","bottom":"60","left":"0","isLinked":false},"margin_tablet":{"unit":"px","top":"0","right":"0","bottom":"46","left":"0","isLinked":false},"margin_mobile":{"unit":"px","top":"0","right":"0","bottom":"24","left":"0","isLinked":false}},"elements":[{"id":"5aa5ba9e","settings":{"content_width":"full","icons_box":[{"icon":{"value":{"url":"https:\/\/wpecomus.com\/electronic\/wp-content\/uploads\/sites\/12\/2024\/06\/box.svg","id":1397},"library":"svg"},"title":"Free Shipping","description":"You will love at great low prices","_id":"24043c7","image":{"id":5662,"url":"https:\/\/wpecomus.com\/electronic\/wp-content\/uploads\/sites\/12\/2024\/08\/placeholder-4.png"}},{"icon":{"value":{"url":"https:\/\/wpecomus.com\/electronic\/wp-content\/uploads\/sites\/12\/2024\/06\/card.svg","id":1398},"library":"svg"},"title":"Flexible Payment","description":"Pay with Multiple Credit Cards","_id":"ab05b2c","image":{"id":5663,"url":"https:\/\/wpecomus.com\/electronic\/wp-content\/uploads\/sites\/12\/2024\/08\/placeholder-5.png"}},{"icon":{"value":{"url":"https:\/\/wpecomus.com\/electronic\/wp-content\/uploads\/sites\/12\/2024\/06\/return.svg","id":1399},"library":"svg"},"title":"14 Day Returns","description":"Within 30 days for an exchange","_id":"724d9ff","image":{"id":5664,"url":"https:\/\/wpecomus.com\/electronic\/wp-content\/uploads\/sites\/12\/2024\/08\/placeholder-6.png"}},{"icon":{"value":{"url":"https:\/\/wpecomus.com\/electronic\/wp-content\/uploads\/sites\/12\/2024\/06\/support.svg","id":1400},"library":"svg"},"title":"Premium Support","description":"Outstanding premium support","_id":"f1f11f7","image":{"id":5665,"url":"https:\/\/wpecomus.com\/electronic\/wp-content\/uploads\/sites\/12\/2024\/08\/placeholder-7.png"}}],"position":"left","slides_to_show":4,"slides_to_show_tablet":2,"slides_to_show_mobile":1,"slides_to_scroll_tablet":1,"slides_to_scroll_mobile":1,"navigation_classes":"none","navigation_classes_tablet":"dots","navigation_classes_mobile":"dots","title_typography_typography":"custom","title_typography_font_size_mobile":{"unit":"px","size":18,"sizes":[]},"title_typography_font_weight":"500","title_spacing":{"unit":"px","size":10,"sizes":[]},"title_spacing_mobile":{"unit":"px","size":6,"sizes":[]},"icon_size":{"unit":"px","size":30,"sizes":[]},"icon_border_border":"solid","icon_border_width":{"unit":"px","top":"1","right":"1","bottom":"1","left":"1","isLinked":true},"icon_border_color":"#EEEEEE","border_radius":{"unit":"px","top":"100","right":"100","bottom":"100","left":"100","isLinked":true},"icon_padding":{"unit":"px","top":"20","right":"20.5","bottom":"20","left":"20.5","isLinked":false},"icon_spacing":{"unit":"px","size":20,"sizes":[]},"icon_spacing_mobile":{"unit":"px","size":20,"sizes":[]},"dots_spacing_tablet":{"unit":"px","size":15,"sizes":[]},"position_mobile":"top","alignment_mobile":"center","vertical_alignment":"middle","title_typography_font_size":{"unit":"px","size":18,"sizes":[]},"_padding":{"unit":"px","top":"66","right":"0","bottom":"66","left":"0","isLinked":false},"_padding_tablet":{"unit":"px","top":"56","right":"0","bottom":"53","left":"0","isLinked":false},"_padding_mobile":{"unit":"px","top":"33","right":"0","bottom":"33","left":"0","isLinked":false},"_border_border":"solid","_border_width":{"unit":"px","top":"0","right":"0","bottom":"1","left":"0","isLinked":false},"_border_color":"#EBEBEB","icon_color":"#000000"},"elements":[],"isInner":false,"widgetType":"ecomus-icon-box-carousel","elType":"widget"}],"isInner":false,"elType":"container"},{"id":"40a27656","settings":{"flex_direction":"row","flex_gap":{"unit":"px","size":18,"column":"18","row":"18","isLinked":true},"flex_direction_tablet":"row","flex_align_items":"center","flex_gap_mobile":{"column":"","row":"","isLinked":true,"unit":"px","size":null},"margin":{"unit":"px","top":"0","right":"0","bottom":"60","left":"0","isLinked":false},"margin_tablet":{"unit":"px","top":"0","right":"0","bottom":"50","left":"0","isLinked":false},"margin_mobile":{"unit":"px","top":"0","right":"0","bottom":"30","left":"0","isLinked":false},"flex_justify_content":"space-between","flex_justify_content_tablet":"space-between","flex_align_items_tablet":"center"},"elements":[{"id":"2f13301f","settings":{"flex_direction":"column","content_width":"full","width":{"unit":"%","size":"50"},"width_tablet":{"unit":"%","size":50,"sizes":[]},"width_mobile":{"unit":"%","size":"","sizes":[]}},"elements":[{"id":"197fa2de","settings":{"content_width":"full","title":"Hot Deals","title_size":"h4","typography_typography":"custom","typography_font_size_tablet":{"unit":"px","size":32,"sizes":[]},"typography_font_size_mobile":{"unit":"px","size":28,"sizes":[]}},"elements":[],"isInner":false,"widgetType":"ecomus-heading","elType":"widget"}],"isInner":true,"elType":"container"},{"id":"7148ce56","settings":{"flex_direction":"column","content_width":"full","width":{"unit":"custom","size":"auto"},"width_tablet":{"unit":"custom","size":"auto","sizes":[]},"width_mobile":{"unit":"%","size":"","sizes":[]}},"elements":[{"id":"3903cdf6","settings":{"content_width":"full","form_align_tablet":"flex-start","type":"2"},"elements":[],"isInner":false,"widgetType":"ecomus-countdown","elType":"widget"}],"isInner":true,"elType":"container"}],"isInner":false,"elType":"container"},{"id":"7da742d","settings":{"margin":{"unit":"px","top":"0","right":"0","bottom":"70","left":"0","isLinked":false},"margin_tablet":{"unit":"px","top":"0","right":"0","bottom":"59","left":"0","isLinked":false},"margin_mobile":{"unit":"px","top":"0","right":"0","bottom":"52","left":"0","isLinked":false}},"elements":[{"id":"b410ea8","settings":{"content_width":"full","title":"","show_addtocart_button":"","slides_to_show_tablet":3,"slides_to_show_mobile":2,"slides_to_scroll_tablet":3,"slides_to_scroll_mobile":2,"image_spacing_custom_mobile":15,"navigation_classes_tablet":"dots","navigation_classes_mobile":"dots","content_padding":{"unit":"px","top":"0","right":"0","bottom":"0","left":"0","isLinked":false},"content_border_border":"none","content_border_radius":{"unit":"px","top":"0","right":"0","bottom":"0","left":"0","isLinked":true},"item_border_color":"#02010100","item_background_color":"#F8F8F8","product_title_spacing":{"unit":"px","size":20,"sizes":[]},"arrows_show":"1","arrows_type":"outline-dark","arrows_horizontal_spacing":{"unit":"px","size":-82,"sizes":[]},"product_title_color_hover":"#FF0B0B","hide_attributes":"","arrows_bgcolor":"#FFFFFF","item_border_radius":{"unit":"px","top":"10","right":"10","bottom":"10","left":"10","isLinked":true},"arrows_vertical_spacing":{"unit":"%","size":50,"sizes":[]},"arrows_vertical_spacing_tablet":{"unit":"%","size":"","sizes":[]},"arrows_vertical_spacing_mobile":{"unit":"%","size":"","sizes":[]}},"elements":[],"isInner":false,"widgetType":"ecomus-flash-sale","elType":"widget"}],"isInner":false,"elType":"container"},{"id":"13c0e190","settings":{"margin":{"unit":"px","top":"0","right":"0","bottom":"57","left":"0","isLinked":false},"margin_tablet":{"unit":"px","top":"0","right":"0","bottom":"48","left":"0","isLinked":false},"margin_mobile":{"unit":"px","top":"0","right":"0","bottom":"57","left":"0","isLinked":false}},"elements":[{"id":"49fee921","settings":{"content_width":"full","title":"Shop by category","title_size":"h4","align":"center","typography_typography":"custom","typography_font_size_tablet":{"unit":"px","size":32,"sizes":[]},"typography_font_size_mobile":{"unit":"px","size":28,"sizes":[]}},"elements":[],"isInner":false,"widgetType":"ecomus-heading","elType":"widget"}],"isInner":false,"elType":"container"},{"id":"326d3df2","settings":{"margin":{"unit":"px","top":"0","right":"0","bottom":"35","left":"0","isLinked":false},"margin_tablet":{"unit":"px","top":"0","right":"0","bottom":"29","left":"0","isLinked":false},"margin_mobile":{"unit":"px","top":"0","right":"0","bottom":"26","left":"0","isLinked":false},"boxed_width_mobile":{"unit":"%","size":"","sizes":[]}},"elements":[{"id":"2faed232","settings":{"content_width":"full","icons_box":[{"icon":{"value":{"url":"https:\/\/wpecomus.com\/electronic\/wp-content\/uploads\/sites\/12\/2024\/08\/Group_731.svg","id":5694},"library":"svg"},"title":"Cables","description":"","_id":"d31b752","image":{"id":5694,"url":"https:\/\/wpecomus.com\/electronic\/wp-content\/uploads\/sites\/12\/2024\/08\/Group_731.svg","alt":"","source":"library","size":""},"link":{"url":"https:\/\/wpecomus.com\/electronic\/product-category\/cables\/","is_external":"","nofollow":"","custom_attributes":""},"icon_type":"image","icon_url":"https:\/\/wpecomus.com\/electronic\/wp-content\/uploads\/sites\/12\/2024\/08\/Group_731.svg"},{"icon":{"value":{"url":"https:\/\/wpecomus.com\/electronic\/wp-content\/uploads\/sites\/12\/2024\/08\/accessories_732.svg","id":5687},"library":"svg"},"title":"Screen protection","description":"","_id":"d320a1d","image":{"id":5687,"url":"https:\/\/wpecomus.com\/electronic\/wp-content\/uploads\/sites\/12\/2024\/08\/accessories_732.svg","alt":"","source":"library","size":""},"link":{"url":"https:\/\/wpecomus.com\/electronic\/product-category\/screen-protection\/","is_external":"","nofollow":"","custom_attributes":""},"icon_type":"image","icon_url":"https:\/\/wpecomus.com\/electronic\/wp-content\/uploads\/sites\/12\/2024\/08\/accessories_732.svg"},{"icon":{"value":{"url":"https:\/\/wpecomus.com\/electronic\/wp-content\/uploads\/sites\/12\/2024\/08\/accessories_733.svg","id":5688},"library":"svg"},"title":"Chargers","description":"","_id":"7d37c37","image":{"id":5688,"url":"https:\/\/wpecomus.com\/electronic\/wp-content\/uploads\/sites\/12\/2024\/08\/accessories_733.svg","alt":"","source":"library","size":""},"link":{"url":"https:\/\/wpecomus.com\/electronic\/product-category\/chargers\/","is_external":"","nofollow":"","custom_attributes":""},"icon_type":"image","icon_url":"https:\/\/wpecomus.com\/electronic\/wp-content\/uploads\/sites\/12\/2024\/08\/accessories_733.svg"},{"icon":{"value":{"url":"https:\/\/wpecomus.com\/electronic\/wp-content\/uploads\/sites\/12\/2024\/08\/accessories_734.svg","id":5689},"library":"svg"},"title":"Audio","description":"","_id":"188dfbb","image":{"id":5689,"url":"https:\/\/wpecomus.com\/electronic\/wp-content\/uploads\/sites\/12\/2024\/08\/accessories_734.svg","alt":"","source":"library","size":""},"link":{"url":"https:\/\/wpecomus.com\/electronic\/product-category\/audio\/","is_external":"","nofollow":"","custom_attributes":""},"icon_type":"image","icon_url":"https:\/\/wpecomus.com\/electronic\/wp-content\/uploads\/sites\/12\/2024\/08\/accessories_734.svg"},{"icon":{"value":{"url":"https:\/\/wpecomus.com\/electronic\/wp-content\/uploads\/sites\/12\/2024\/08\/accessories_735.svg","id":5690},"library":"svg"},"title":"Wireless Chargers","description":"","_id":"21606bd","image":{"id":5690,"url":"https:\/\/wpecomus.com\/electronic\/wp-content\/uploads\/sites\/12\/2024\/08\/accessories_735.svg","alt":"","source":"library","size":""},"link":{"url":"https:\/\/wpecomus.com\/electronic\/product-category\/chargers\/","is_external":"","nofollow":"","custom_attributes":""},"icon_type":"image","icon_url":"https:\/\/wpecomus.com\/electronic\/wp-content\/uploads\/sites\/12\/2024\/08\/accessories_735.svg"},{"icon":{"value":{"url":"https:\/\/wpecomus.com\/electronic\/wp-content\/uploads\/sites\/12\/2024\/08\/accessories_736.svg","id":5691},"library":"svg"},"title":"MagSafe","description":"","_id":"a96a6c6","image":{"id":5691,"url":"https:\/\/wpecomus.com\/electronic\/wp-content\/uploads\/sites\/12\/2024\/08\/accessories_736.svg","alt":"","source":"library","size":""},"link":{"url":"https:\/\/wpecomus.com\/electronic\/product-category\/magsafe\/","is_external":"","nofollow":"","custom_attributes":""},"icon_type":"image","icon_url":"https:\/\/wpecomus.com\/electronic\/wp-content\/uploads\/sites\/12\/2024\/08\/accessories_736.svg"},{"icon":{"value":{"url":"https:\/\/wpecomus.com\/electronic\/wp-content\/uploads\/sites\/12\/2024\/08\/accessories_916.svg","id":5692},"library":"svg"},"title":"Gaming","description":"","_id":"d2a7e40","image":{"id":5692,"url":"https:\/\/wpecomus.com\/electronic\/wp-content\/uploads\/sites\/12\/2024\/08\/accessories_916.svg","alt":"","source":"library","size":""},"link":{"url":"https:\/\/wpecomus.com\/electronic\/product-category\/gaming\/","is_external":"","nofollow":"","custom_attributes":""},"icon_type":"image","icon_url":"https:\/\/wpecomus.com\/electronic\/wp-content\/uploads\/sites\/12\/2024\/08\/accessories_916.svg"},{"icon":{"value":{"url":"https:\/\/wpecomus.com\/electronic\/wp-content\/uploads\/sites\/12\/2024\/08\/accessories_917.svg","id":5693},"library":"svg"},"title":"Storage","description":"","_id":"981605c","image":{"id":5693,"url":"https:\/\/wpecomus.com\/electronic\/wp-content\/uploads\/sites\/12\/2024\/08\/accessories_917.svg","alt":"","source":"library","size":""},"link":{"url":"https:\/\/wpecomus.com\/electronic\/product-category\/storage\/","is_external":"","nofollow":"","custom_attributes":""},"icon_type":"image","icon_url":"https:\/\/wpecomus.com\/electronic\/wp-content\/uploads\/sites\/12\/2024\/08\/accessories_917.svg"}],"slides_to_show":6,"slides_to_show_tablet":3,"slides_to_show_mobile":2,"slides_to_scroll_tablet":3,"slides_to_scroll_mobile":2,"image_spacing_custom":70,"image_spacing_custom_tablet":30,"image_spacing_custom_mobile":15,"navigation_classes_tablet":"dots","navigation_classes_mobile":"dots","icon_box_carousel_padding":{"unit":"px","top":"56","right":"50","bottom":"56","left":"50","isLinked":false},"icon_box_carousel_padding_tablet":{"unit":"px","top":"47","right":"30","bottom":"47","left":"30","isLinked":false},"icon_box_carousel_padding_mobile":{"unit":"px","top":"16","right":"15","bottom":"15","left":"15","isLinked":false},"alignment":"stretch","title_color":"#000000","title_typography_typography":"custom","title_typography_font_size":{"unit":"px","size":20,"sizes":[]},"title_typography_font_size_mobile":{"unit":"px","size":16,"sizes":[]},"title_typography_font_weight":"500","title_spacing":{"unit":"px","size":0,"sizes":[]},"icon_background_color":"#FFFFFF","icon_border_border":"solid","icon_border_width":{"unit":"px","top":"1","right":"1","bottom":"1","left":"1","isLinked":true},"icon_border_color":"#EBEBEB","border_radius":{"unit":"px","top":"200","right":"200","bottom":"200","left":"200","isLinked":true},"icon_padding":{"unit":"px","top":"0","right":"0","bottom":"0","left":"0","isLinked":true},"icon_spacing":{"unit":"px","size":20,"sizes":[]},"arrows_show":"1","arrows_horizontal_spacing":{"unit":"px","size":-82,"sizes":[]},"arrows_horizontal_spacing_tablet":{"unit":"%","size":"","sizes":[]},"arrows_horizontal_spacing_mobile":{"unit":"%","size":0,"sizes":[]},"arrows_vertical_spacing":{"unit":"%","size":50,"sizes":[]},"arrows_vertical_spacing_tablet":{"unit":"%","size":44,"sizes":[]},"arrows_vertical_spacing_mobile":{"unit":"%","size":"","sizes":[]},"dots_spacing_mobile":{"unit":"px","size":15,"sizes":[]},"_background_background":"classic","_background_color":"#F8F8F8","_border_radius":{"unit":"px","top":"10","right":"10","bottom":"10","left":"10","isLinked":true},"title_hover_color":"#FF0B0B","_padding_mobile":{"unit":"px","top":"0","right":"0","bottom":"020","left":"0","isLinked":false},"arrows_type":"outline-dark","arrows_bgcolor":"#FFFFFF","title_ellipsis":"yes","dots_spacing_tablet":{"unit":"px","size":0,"sizes":[]},"_padding_tablet":{"unit":"px","top":"0","right":"0","bottom":"20","left":"0","isLinked":false}},"elements":[],"isInner":false,"widgetType":"ecomus-icon-box-carousel","elType":"widget"}],"isInner":false,"elType":"container"},{"id":"2a877380","settings":{"flex_direction":"row","flex_gap":{"unit":"px","size":30,"column":"30","row":"30","isLinked":true},"flex_gap_mobile":{"column":"15","row":"15","isLinked":true,"unit":"px","size":15},"margin":{"unit":"px","top":"0","right":"0","bottom":"93","left":"0","isLinked":false},"margin_tablet":{"unit":"px","top":"0","right":"0","bottom":"79","left":"0","isLinked":false},"margin_mobile":{"unit":"px","top":"0","right":"0","bottom":"69","left":"0","isLinked":false}},"elements":[{"id":"594ec867","settings":{"flex_direction":"column","content_width":"full","width":{"unit":"%","size":"50"}},"elements":[{"id":"75441886","settings":{"content_width":"full","image":{"id":5695,"url":"https:\/\/wpecomus.com\/electronic\/wp-content\/uploads\/sites\/12\/2024\/08\/accessories-bn-1.webp","alt":"","source":"library","size":""},"title":"UV charger","description":"Every piece is made to last beyond the season","height":{"unit":"px","size":810,"sizes":[]},"height_mobile":{"unit":"px","size":495,"sizes":[]},"button_text":"Shop Collection","show_button_icon":"alway","horizontal_position":"left","banner_padding":{"unit":"px","top":"45","right":"45","bottom":"45","left":"45","isLinked":true},"banner_padding_tablet":{"unit":"px","top":"36","right":"36","bottom":"36","left":"36","isLinked":true},"banner_padding_mobile":{"unit":"px","top":"14","right":"14","bottom":"14","left":"14","isLinked":true},"title_typography_typography":"custom","title_typography_font_size":{"unit":"px","size":42,"sizes":[]},"title_typography_font_size_tablet":{"unit":"px","size":32,"sizes":[]},"title_typography_font_size_mobile":{"unit":"px","size":28,"sizes":[]},"title_color":"#000000","title_margin":{"unit":"px","top":"0","right":"0","bottom":"13","left":"0","isLinked":false},"title_margin_mobile":{"unit":"px","top":"0","right":"0","bottom":"9","left":"0","isLinked":false},"description_typography_typography":"custom","description_typography_font_size_tablet":{"unit":"px","size":16,"sizes":[]},"description_typography_font_size_mobile":{"unit":"px","size":16,"sizes":[]},"description_typography_line_height_tablet":{"unit":"px","size":19.2,"sizes":[]},"description_typography_line_height_mobile":{"unit":"px","size":"","sizes":[]},"description_color":"#545454","description_margin":{"unit":"px","top":"0","right":"0","bottom":"18","left":"0","isLinked":false},"description_margin_mobile":{"unit":"px","top":"0","right":"0","bottom":"13","left":"0","isLinked":false},"button_margin":{"unit":"px","top":"0","right":"0","bottom":"0","left":"0","isLinked":false},"button_style":"subtle","button_link":{"url":"https:\/\/wpecomus.com\/electronic\/product-category\/chargers\/","is_external":"","nofollow":"","custom_attributes":""},"hover_color":"#FF0B0B","button_hover_border_color":"#FF0B0B","text_align":""},"elements":[],"isInner":false,"widgetType":"ecomus-banner","elType":"widget"}],"isInner":true,"elType":"container"},{"id":"7b190a97","settings":{"flex_direction":"column","content_width":"full","width":{"unit":"%","size":"50"}},"elements":[{"id":"123fc852","settings":{"content_width":"full","image":{"id":5696,"url":"https:\/\/wpecomus.com\/electronic\/wp-content\/uploads\/sites\/12\/2024\/08\/accessories-bn-2.webp","alt":"","source":"library","size":""},"title":"Ness Headphone","description":"Every piece is made to last beyond the season","height":{"unit":"px","size":810,"sizes":[]},"height_mobile":{"unit":"px","size":495,"sizes":[]},"button_text":"Shop Collection","show_button_icon":"alway","horizontal_position":"left","banner_padding":{"unit":"px","top":"45","right":"45","bottom":"45","left":"45","isLinked":true},"banner_padding_tablet":{"unit":"px","top":"36","right":"36","bottom":"36","left":"36","isLinked":true},"banner_padding_mobile":{"unit":"px","top":"14","right":"14","bottom":"14","left":"14","isLinked":true},"title_typography_typography":"custom","title_typography_font_size":{"unit":"px","size":42,"sizes":[]},"title_typography_font_size_tablet":{"unit":"px","size":32,"sizes":[]},"title_typography_font_size_mobile":{"unit":"px","size":28,"sizes":[]},"title_color":"#000000","title_margin":{"unit":"px","top":"0","right":"0","bottom":"13","left":"0","isLinked":false},"title_margin_mobile":{"unit":"px","top":"0","right":"0","bottom":"9","left":"0","isLinked":false},"description_typography_typography":"custom","description_typography_font_size_tablet":{"unit":"px","size":16,"sizes":[]},"description_typography_font_size_mobile":{"unit":"px","size":16,"sizes":[]},"description_typography_line_height_tablet":{"unit":"px","size":19.2,"sizes":[]},"description_typography_line_height_mobile":{"unit":"px","size":"","sizes":[]},"description_color":"#545454","description_margin":{"unit":"px","top":"0","right":"0","bottom":"18","left":"0","isLinked":false},"description_margin_mobile":{"unit":"px","top":"0","right":"0","bottom":"13","left":"0","isLinked":false},"button_margin":{"unit":"px","top":"0","right":"0","bottom":"0","left":"0","isLinked":false},"button_style":"subtle","button_link":{"url":"https:\/\/wpecomus.com\/electronic\/product-category\/headphone\/","is_external":"","nofollow":"","custom_attributes":""},"text_align":""},"elements":[],"isInner":false,"widgetType":"ecomus-banner","elType":"widget"}],"isInner":true,"elType":"container"}],"isInner":false,"elType":"container"},{"id":"31e1b4e8","settings":{"margin":{"unit":"px","top":"0","right":"0","bottom":"52","left":"0","isLinked":false},"margin_tablet":{"unit":"px","top":"0","right":"0","bottom":"50","left":"0","isLinked":false},"margin_mobile":{"unit":"px","top":"0","right":"0","bottom":"30","left":"0","isLinked":false}},"elements":[{"id":"3d3db605","settings":{"content_width":"full","title":"Best Seller","title_size":"h4","align":"center","typography_typography":"custom","typography_font_size_tablet":{"unit":"px","size":32,"sizes":[]},"typography_font_size_mobile":{"unit":"px","size":28,"sizes":[]}},"elements":[],"isInner":false,"widgetType":"ecomus-heading","elType":"widget"}],"isInner":false,"elType":"container"},{"id":"79470819","settings":{"margin":{"unit":"px","top":"0","right":"0","bottom":"35","left":"0","isLinked":false},"margin_tablet":{"unit":"px","top":"0","right":"0","bottom":"29","left":"0","isLinked":false},"margin_mobile":{"unit":"px","top":"0","right":"0","bottom":"26","left":"0","isLinked":false}},"elements":[{"id":"52bbc1e6","settings":{"content_width":"full","heading":"This is the text","show_addtocart_button":"yes","hide_rating":"none","slides_to_show_tablet":3,"slides_to_show_mobile":2,"slides_to_scroll_tablet":1,"slides_to_scroll_mobile":2,"image_spacing_custom_mobile":15,"navigation_classes_tablet":"dots","navigation_classes_mobile":"dots","product_item_border_border":"solid","product_item_border_width":{"unit":"px","top":"1","right":"1","bottom":"1","left":"1","isLinked":true},"product_item_border_color":"#EBEBEB","product_item_padding":{"unit":"px","top":"10","right":"10","bottom":"10","left":"10","isLinked":true},"product_item_border_radius":{"unit":"px","top":"10","right":"10","bottom":"10","left":"10","isLinked":true},"product_image_border_radius":{"unit":"px","top":"10","right":"10","bottom":"10","left":"10","isLinked":true},"product_summary_padding":{"unit":"px","top":"10","right":"5","bottom":"20","left":"5","isLinked":false},"arrows_show":"1","arrows_type":"outline-dark","arrows_horizontal_spacing":{"unit":"px","size":-82,"sizes":[]},"dots_spacing_mobile":{"unit":"px","size":15,"sizes":[]},"tag":"","product_title_hover_color":"#FF0B0B","arrows_bgcolor":"#FFFFFF","product_button_icon":"none","arrows_vertical_spacing":{"unit":"%","size":50,"sizes":[]},"arrows_vertical_spacing_tablet":{"unit":"%","size":"","sizes":[]},"arrows_vertical_spacing_mobile":{"unit":"%","size":"","sizes":[]},"product_item_padding_mobile":{"unit":"px","top":"5","right":"5","bottom":"5","left":"5","isLinked":true},"product_summary_padding_mobile":{"unit":"px","top":"10","right":"5","bottom":"10","left":"5","isLinked":false}},"elements":[],"isInner":false,"widgetType":"ecomus-products-carousel","elType":"widget"}],"isInner":false,"elType":"container"},{"id":"10e946ae","settings":{"margin":{"unit":"px","top":"0","right":"0","bottom":"52","left":"0","isLinked":false},"margin_tablet":{"unit":"px","top":"0","right":"0","bottom":"40","left":"0","isLinked":false},"margin_mobile":{"unit":"px","top":"0","right":"0","bottom":"23","left":"0","isLinked":false}},"elements":[{"id":"7b4084a1","settings":{"content_width":{"unit":"%","size":68,"sizes":[]},"testimonials":[{"testimonial_name":"Robert smith","testimonial_company":"3-in-1 Wireless Charging","_id":"124a9c8","testimonial_title":"","testimonial_subtitle":"Our customer's reviews","testimonial_content":"Consider if the headphones support any advanced audio technologies, such as noise cancellation or surround sound, depending on your preferences. Comfort is crucial for long listening sessions","testimonial_image":{"id":5697,"url":"https:\/\/wpecomus.com\/electronic\/wp-content\/uploads\/sites\/12\/2024\/08\/accessories-tt-1.webp","alt":"","source":"library","size":""},"testimonial_link":{"url":"https:\/\/wpecomus.com\/electronic\/product\/3-in-1-wireless-charger-for-apple-devices\/","is_external":"","nofollow":"","custom_attributes":""}},{"testimonial_name":"Robert smith","testimonial_company":"Beats Studio Buds","_id":"c201a03","testimonial_title":"","testimonial_subtitle":"Our customer's reviews","testimonial_content":"Love love love! This product is so easy to use!   I absolutely love the this product. High-quality headphones deliver a balanced and clear sound. Look for headphones with good bass, clear mids.","testimonial_image":{"id":5698,"url":"https:\/\/wpecomus.com\/electronic\/wp-content\/uploads\/sites\/12\/2024\/08\/accessories-tt-2.webp","alt":"","source":"library","size":""},"testimonial_link":{"url":"https:\/\/wpecomus.com\/electronic\/product\/beats-studio-buds\/","is_external":"","nofollow":"","custom_attributes":""}}],"item_padding":{"unit":"px","top":"85","right":"123","bottom":"85","left":"123","isLinked":false},"thumbnail_width":{"unit":"px","size":367,"sizes":[]},"content_width_tablet":{"unit":"%","size":60,"sizes":[]},"content_width_mobile":{"unit":"%","size":100,"sizes":[]},"quoter_item_color":"#FFFFFF","content_item_title_color":"#FFFFFF","content_item_content_color":"#FFFFFF","content_item_content_typo_typography":"custom","content_item_content_typo_font_size":{"unit":"px","size":28,"sizes":[]},"content_item_content_typo_line_height":{"unit":"px","size":44.8,"sizes":[]},"content_item_name_color":"#FFFFFF","content_item_company_color":"#FFFFFF","_background_background":"gradient","_background_color":"#1F1F28CC","_background_color_stop":{"unit":"%","size":10,"sizes":[]},"_background_color_b":"#1E2028","_background_gradient_angle":{"unit":"deg","size":270,"sizes":[]},"navigation_classes_mobile":"dots","item_padding_tablet":{"unit":"px","top":"85","right":"62","bottom":"85","left":"62","isLinked":false},"item_padding_mobile":{"unit":"px","top":"30","right":"15","bottom":"30","left":"15","isLinked":false},"thumbnail_width_tablet":{"unit":"px","size":214,"sizes":[]},"thumbnail_width_mobile":{"unit":"%","size":100,"sizes":[]},"content_item_subtitle_color":"#FFFFFF","content_item_content_typo_font_size_tablet":{"unit":"px","size":16,"sizes":[]},"content_item_content_typo_line_height_tablet":{"unit":"px","size":25.6,"sizes":[]},"content_item_content_typo_line_height_mobile":{"unit":"px","size":"","sizes":[]},"content_item_rating_size":{"unit":"px","size":18,"sizes":[]},"arrows_color":"#FFFFFF","arrows_border_color":"#FFFFFF","arrows_hover_color":"#000000","arrows_hover_border_color":"#FFFFFF","dot_item_color":"#FFFFFF33","dot_item_active_color":"#FFFFFF","_border_radius":{"unit":"px","top":"10","right":"10","bottom":"10","left":"10","isLinked":true},"arrows_hover_bgcolor":"#FFFFFF","arrows_disable_color":"#FFFFFF24","arrows_disable_border_color":"#FFFFFF24"},"elements":[],"isInner":false,"widgetType":"ecomus-testimonial-carousel","elType":"widget"}],"isInner":false,"elType":"container"},{"id":"70763356","settings":{"margin":{"unit":"px","top":"0","right":"0","bottom":"30","left":"0","isLinked":false},"margin_tablet":{"unit":"px","top":"0","right":"0","bottom":"70","left":"0","isLinked":false},"margin_mobile":{"unit":"px","top":"0","right":"0","bottom":"65","left":"0","isLinked":false}},"elements":[{"id":"3ee6cdb7","settings":{"content_width":"full","icons_box":[{"icon":{"value":{"url":"https:\/\/wpecomus.com\/electronic\/wp-content\/uploads\/sites\/12\/2024\/09\/dyson.svg","id":5926},"library":"svg"},"title":"","description":"","_id":"c132d95","image":{"id":5674,"url":"https:\/\/wpecomus.com\/electronic\/wp-content\/uploads\/sites\/12\/2024\/08\/placeholder-16.png"}},{"icon":{"value":{"url":"https:\/\/wpecomus.com\/electronic\/wp-content\/uploads\/sites\/12\/2024\/09\/sony.svg","id":5927},"library":"svg"},"title":"","description":"","_id":"7ae2044","image":{"id":5675,"url":"https:\/\/wpecomus.com\/electronic\/wp-content\/uploads\/sites\/12\/2024\/08\/placeholder-17.png"}},{"icon":{"value":{"url":"https:\/\/wpecomus.com\/electronic\/wp-content\/uploads\/sites\/12\/2024\/09\/samsung.svg","id":5928},"library":"svg"},"title":"","description":"","_id":"b774b4d","image":{"id":5676,"url":"https:\/\/wpecomus.com\/electronic\/wp-content\/uploads\/sites\/12\/2024\/08\/placeholder-18.png"}},{"icon":{"value":{"url":"https:\/\/wpecomus.com\/electronic\/wp-content\/uploads\/sites\/12\/2024\/09\/oneplus.svg","id":5929},"library":"svg"},"title":"","description":"","_id":"ed619f7","image":{"id":5677,"url":"https:\/\/wpecomus.com\/electronic\/wp-content\/uploads\/sites\/12\/2024\/08\/placeholder-19.png"}},{"icon":{"value":{"url":"https:\/\/wpecomus.com\/electronic\/wp-content\/uploads\/sites\/12\/2024\/09\/monster.svg","id":5930},"library":"svg"},"title":"","description":"","_id":"3aa703e","image":{"id":5678,"url":"https:\/\/wpecomus.com\/electronic\/wp-content\/uploads\/sites\/12\/2024\/08\/placeholder-20.png"}},{"icon":{"value":{"url":"https:\/\/wpecomus.com\/electronic\/wp-content\/uploads\/sites\/12\/2024\/09\/sonos.svg","id":5931},"library":"svg"},"title":"","description":"","_id":"d8c79ea","image":{"id":5679,"url":"https:\/\/wpecomus.com\/electronic\/wp-content\/uploads\/sites\/12\/2024\/08\/placeholder-21.png"}}],"slides_to_show":6,"slides_to_show_tablet":3,"slides_to_show_mobile":2,"slides_to_scroll_tablet":3,"slides_to_scroll_mobile":2,"navigation_classes":"none","navigation_classes_tablet":"dots","navigation_classes_mobile":"dots","alignment":"center","icon_size":{"unit":"px","size":121,"sizes":[]},"icon_spacing_tablet":{"unit":"px","size":0,"sizes":[]},"dots_spacing_tablet":{"unit":"px","size":0,"sizes":[]}},"elements":[],"isInner":false,"widgetType":"ecomus-icon-box-carousel","elType":"widget"}],"isInner":false,"elType":"container"},{"id":"28b09f24","settings":{"flex_gap":{"column":"16","row":"16","isLinked":true,"unit":"px","size":16},"margin":{"unit":"px","top":"0","right":"0","bottom":"60","left":"0","isLinked":false},"margin_tablet":{"unit":"px","top":"0","right":"0","bottom":"50","left":"0","isLinked":false},"margin_mobile":{"unit":"px","top":"0","right":"0","bottom":"30","left":"0","isLinked":false}},"elements":[{"id":"6d327c9c","settings":{"content_width":"full","title":"Shop Gram","title_size":"h4","align":"center","typography_typography":"custom","typography_font_size_tablet":{"unit":"px","size":32,"sizes":[]},"typography_font_size_mobile":{"unit":"px","size":28,"sizes":[]}},"elements":[],"isInner":false,"widgetType":"ecomus-heading","elType":"widget"},{"id":"3452200d","settings":{"content_width":"full","title":"Inspire and let yourself be inspired, from one unique fashion to another.","title_size":"div","align":"center","typography_typography":"custom","typography_font_size":{"unit":"px","size":16,"sizes":[]},"typography_font_size_mobile":{"unit":"px","size":14,"sizes":[]}},"elements":[],"isInner":false,"widgetType":"ecomus-heading","elType":"widget"}],"isInner":false,"elType":"container"},{"id":"1581f619","settings":{"margin":{"unit":"px","top":"0","right":"0","bottom":"60","left":"0","isLinked":false},"margin_tablet":{"unit":"px","top":"0","right":"0","bottom":"51","left":"0","isLinked":false},"margin_mobile":{"unit":"px","top":"0","right":"0","bottom":"45","left":"0","isLinked":false}},"elements":[{"id":"1b350308","settings":{"content_width":"full","instagram_type":"custom","instagrams":[{"_id":"81d5306","image":{"id":5699,"url":"https:\/\/wpecomus.com\/electronic\/wp-content\/uploads\/sites\/12\/2024\/08\/accessories-ins-1.webp","alt":"","source":"library","size":""},"product_id":782},{"image":{"id":5700,"url":"https:\/\/wpecomus.com\/electronic\/wp-content\/uploads\/sites\/12\/2024\/08\/accessories-ins-2.webp","alt":"","source":"library","size":""},"product_id":798,"_id":"d934e18"},{"image":{"id":5701,"url":"https:\/\/wpecomus.com\/electronic\/wp-content\/uploads\/sites\/12\/2024\/08\/accessories-ins-3.webp","alt":"","source":"library","size":""},"product_id":743,"_id":"464eb33"},{"image":{"id":5702,"url":"https:\/\/wpecomus.com\/electronic\/wp-content\/uploads\/sites\/12\/2024\/08\/accessories-ins-4.webp","alt":"","source":"library","size":""},"product_id":702,"_id":"5b9b2e0"},{"image":{"id":5703,"url":"https:\/\/wpecomus.com\/electronic\/wp-content\/uploads\/sites\/12\/2024\/08\/accessories-ins-5.webp","alt":"","source":"library","size":""},"product_id":738,"_id":"e38a4f3"},{"image":{"id":5704,"url":"https:\/\/wpecomus.com\/electronic\/wp-content\/uploads\/sites\/12\/2024\/08\/accessories-ins-6.webp","alt":"","source":"library","size":""},"product_id":693,"_id":"8ebb1b0"},{"image":{"id":5705,"url":"https:\/\/wpecomus.com\/electronic\/wp-content\/uploads\/sites\/12\/2024\/08\/accessories-ins-7.webp","alt":"","source":"library","size":""},"product_id":743,"_id":"25ac9a0"},{"image":{"id":5706,"url":"https:\/\/wpecomus.com\/electronic\/wp-content\/uploads\/sites\/12\/2024\/08\/accessories-ins-8.webp","alt":"","source":"library","size":""},"product_id":546,"_id":"9fd0e37"}],"aspect_ratio_type":"square","slides_to_show_tablet":3,"slides_to_show_mobile":2,"slides_to_scroll_tablet":3,"slides_to_scroll_mobile":2,"image_spacing_custom":6,"navigation_classes":"none","navigation_classes_tablet":"dots","navigation_classes_mobile":"dots"},"elements":[],"isInner":false,"widgetType":"ecomus-instagram","elType":"widget"}],"isInner":false,"elType":"container"}],"page_settings":{"hide_page_header":"yes","content_top_spacing":"custom","content_top_padding":{"unit":"px","size":0,"sizes":[]},"content_bottom_spacing":"custom","content_bottom_padding":{"unit":"px","size":0,"sizes":[]}},"version":"0.4","title":"Home Accessories new","type":"page"}