{"content":[{"id":"7c673b16","settings":{"content_width":"full","padding":{"unit":"px","top":"0","right":"40","bottom":"0","left":"40","isLinked":false},"margin":{"unit":"px","top":"0","right":"0","bottom":"54","left":"0","isLinked":false},"margin_tablet":{"unit":"px","top":"0","right":"0","bottom":"45","left":"0","isLinked":false},"margin_mobile":{"unit":"px","top":"0","right":"0","bottom":"40","left":"0","isLinked":false},"padding_tablet":{"unit":"px","top":"0","right":"30","bottom":"0","left":"30","isLinked":false},"padding_mobile":{"unit":"px","top":"0","right":"0","bottom":"0","left":"0","isLinked":false}},"elements":[{"id":"2e9e6d8b","settings":{"content_width":"full","overflow":"hidden","border_radius":{"unit":"px","top":"60","right":"60","bottom":"60","left":"60","isLinked":true},"border_radius_tablet":{"unit":"px","top":"20","right":"20","bottom":"20","left":"20","isLinked":true},"border_radius_mobile":{"unit":"px","top":"0","right":"0","bottom":"0","left":"0","isLinked":true}},"elements":[{"id":"507948d","settings":{"slides":[{"title":"Ecomus<br> Wireless Headphones","button_text":"Shop collection","_id":"7c167b9","before_title":"ICONIC DESIGN AND BRILLIANT ACOUSTICS","button_link_type":"slide","banner_background_img":{"id":6625,"url":"https:\/\/wpecomus.com\/electronic\/wp-content\/uploads\/sites\/12\/2024\/12\/phc-sld-1.webp","alt":"","source":"library","size":""},"background_position_mobile":"center center","button_link":{"url":"https:\/\/wpecomus.com\/headphone\/product-category\/headphones\/","is_external":"","nofollow":"","custom_attributes":""}},{"title":"Soundscapes<br> Redefined","button_text":"Shop collection","before_title":"ICONIC DESIGN AND BRILLIANT ACOUSTICS","button_link_type":"slide","banner_background_img":{"id":6626,"url":"https:\/\/wpecomus.com\/electronic\/wp-content\/uploads\/sites\/12\/2024\/12\/phc-sld-2.webp","alt":"","source":"library","size":""},"_id":"7766ded","button_link":{"url":"https:\/\/wpecomus.com\/headphone\/product-category\/head\/","is_external":"","nofollow":"","custom_attributes":""},"custom_style":"yes","custom_slides_horizontal_position":"right","custom_slides_horizontal_position_mobile":"left"},{"title":"Immerse <br>Yourself in Sound","button_text":"Shop collection","before_title":"UNLEASH THE POWER OF PRECISION SOUND","button_link_type":"slide","banner_background_img":{"id":6627,"url":"https:\/\/wpecomus.com\/electronic\/wp-content\/uploads\/sites\/12\/2024\/12\/phc-sld-3.webp","alt":"","source":"library","size":""},"_id":"17d7dea","background_position_mobile":"center center","button_link":{"url":"https:\/\/wpecomus.com\/headphone\/product-category\/earbuds\/","is_external":"","nofollow":"","custom_attributes":""}}],"slides_height":{"unit":"px","size":796,"sizes":[]},"show_button_icon":"alway","button_icon":{"value":{"url":"https:\/\/wpecomus.com\/electronic\/wp-content\/uploads\/sites\/12\/2024\/07\/arrow-right.svg","id":3886},"library":"svg"},"navigation_classes":"dots","title_color":"#FFFFFF","title_typography_typography":"custom","title_typography_font_size":{"unit":"px","size":68,"sizes":[]},"title_typography_font_weight":"600","title_spacing":{"unit":"px","size":38,"sizes":[]},"before_title_color":"#FFFFFF","before_title_typography_typography":"custom","before_title_typography_font_size":{"unit":"px","size":14,"sizes":[]},"before_title_typography_font_weight":"700","before_title_typography_text_transform":"uppercase","before_title_spacing":{"unit":"px","size":14,"sizes":[]},"button_background_color":"#FFFFFF","button_text_color":"#000000","button_border_color":"#FFFFFF","button_background_hover_color":"#FFFFFF","hover_color":"#000000","button_hover_border_color":"#FFFFFF","button_background_effect_hover_color":"#00000040","dots_type":"long","dot_item_color":"#FFFFFF66","dot_item_active_color":"#FFFFFF","dot_align":"center","slides_height_tablet":{"unit":"px","size":421,"sizes":[]},"slides_height_mobile":{"unit":"px","size":350,"sizes":[]},"navigation_classes_tablet":"dots","title_typography_font_size_tablet":{"unit":"px","size":50,"sizes":[]},"title_typography_font_size_mobile":{"unit":"px","size":32,"sizes":[]},"title_spacing_tablet":{"unit":"px","size":20,"sizes":[]},"title_spacing_mobile":{"unit":"px","size":24,"sizes":[]},"dots_spacing_tablet":{"unit":"px","size":30,"sizes":[]}},"elements":[],"isInner":false,"widgetType":"ecomus-slides","elType":"widget"}],"isInner":true,"elType":"container"}],"isInner":false,"elType":"container"},{"id":"43cb79d0","settings":{"margin":{"unit":"px","top":"0","right":"0","bottom":"54","left":"0","isLinked":false},"margin_tablet":{"unit":"px","top":"0","right":"0","bottom":"45","left":"0","isLinked":false},"margin_mobile":{"unit":"px","top":"0","right":"0","bottom":"40","left":"0","isLinked":false}},"elements":[{"id":"7496277a","settings":{"show_heading":"","heading":"This is heading","items":[{"button_text":"New Releases","button_link":{"url":"https:\/\/wpecomus.com\/headphone\/shop\/?orderby=date","is_external":"","nofollow":"","custom_attributes":""},"_id":"2b60407","image":{"id":6628,"url":"https:\/\/wpecomus.com\/headphone\/wp-content\/uploads\/sites\/31\/2024\/12\/phc-cat-1.avif","alt":"","source":"library","size":""}},{"button_text":"Best Deals","button_link":{"url":"https:\/\/wpecomus.com\/headphone\/shop\/?orderby=popularity","is_external":"","nofollow":"","custom_attributes":""},"image":{"id":6629,"url":"https:\/\/wpecomus.com\/headphone\/wp-content\/uploads\/sites\/31\/2024\/12\/phc-cat-2.avif","alt":"","source":"library","size":""},"_id":"baef162"},{"button_text":"Open-Ear","button_link":{"url":"https:\/\/wpecomus.com\/headphone\/product-category\/open-ear\/","is_external":"","nofollow":"","custom_attributes":""},"image":{"id":6616,"url":"https:\/\/wpecomus.com\/headphone\/wp-content\/uploads\/sites\/31\/2024\/12\/phc-cat-1.webp","alt":"","source":"library","size":""},"_id":"35d2d74"},{"button_text":"Earbuds","button_link":{"url":"https:\/\/wpecomus.com\/headphone\/product-category\/earbuds\/","is_external":"","nofollow":"","custom_attributes":""},"image":{"id":6785,"url":"https:\/\/wpecomus.com\/headphone\/wp-content\/uploads\/sites\/31\/2024\/12\/phc-cat-2.webp","alt":"","source":"library","size":""},"_id":"1bd1865"},{"button_text":"Headphones","button_link":{"url":"https:\/\/wpecomus.com\/headphone\/product-category\/headphones\/","is_external":"","nofollow":"","custom_attributes":""},"image":{"id":6631,"url":"https:\/\/wpecomus.com\/headphone\/wp-content\/uploads\/sites\/31\/2024\/12\/phc-cat-3.webp","alt":"","source":"library","size":""},"_id":"21e30b6"},{"button_text":"Speakers","button_link":{"url":"https:\/\/wpecomus.com\/headphone\/product-category\/speakers\/","is_external":"","nofollow":"","custom_attributes":""},"image":{"id":6632,"url":"https:\/\/wpecomus.com\/headphone\/wp-content\/uploads\/sites\/31\/2024\/12\/phc-cat-4.webp","alt":"","source":"library","size":""},"_id":"9e9ca02"},{"button_text":"Head","button_link":{"url":"https:\/\/wpecomus.com\/headphone\/product-category\/head\/","is_external":"","nofollow":"","custom_attributes":""},"image":{"id":6633,"url":"https:\/\/wpecomus.com\/headphone\/wp-content\/uploads\/sites\/31\/2024\/12\/phc-cat-5.webp","alt":"","source":"library","size":""},"_id":"43836d2"}],"aspect_ratio_type":"","slides_to_show":6,"content_horizontal_position":"center","content_vertical_position":"middle","content_text_align":"center","content_position":"below","content_item_bg_color":"#F6F6F6","content_item_padding":{"unit":"px","top":"35","right":"0","bottom":"35","left":"0","isLinked":false},"button_margin":{"unit":"px","top":"19","right":"0","bottom":"0","left":"0","isLinked":false},"button_style":"text","button_typography_typography":"custom","button_typography_font_size":{"unit":"px","size":18,"sizes":[]},"button_typography_font_weight":"500","arrows_show":"1","arrows_type":"outline","arrows_horizontal_spacing":{"unit":"px","size":-82,"sizes":[]},"arrows_bgcolor":"#FFFFFF","slides_to_show_tablet":4,"slides_to_show_mobile":2,"slides_to_scroll_tablet":1,"slides_to_scroll_mobile":2,"image_spacing_custom_mobile":15,"navigation_classes_mobile":"dots","content_item_padding_tablet":{"unit":"px","top":"15","right":"0","bottom":"15","left":"0","isLinked":false},"image_padding":{"unit":"px","top":"0","right":"43","bottom":"0","left":"43","isLinked":false},"image_padding_tablet":{"unit":"px","top":"0","right":"23","bottom":"0","left":"23","isLinked":false},"image_padding_mobile":{"unit":"px","top":"0","right":"30","bottom":"0","left":"30","isLinked":false},"image_border_radius":{"unit":"px","top":"500","right":"500","bottom":"500","left":"500","isLinked":true},"button_margin_mobile":{"unit":"px","top":"15","right":"0","bottom":"0","left":"0","isLinked":false},"button_typography_font_size_mobile":{"unit":"px","size":15,"sizes":[]},"dots_spacing_mobile":{"unit":"px","size":15,"sizes":[]},"view_all_btn_image":{"id":"","url":"https:\/\/wpecomus.com\/electronic\/wp-content\/plugins\/elementor\/assets\/images\/placeholder.png"},"content_item_border_radius":{"unit":"px","top":"20","right":"20","bottom":"20","left":"20","isLinked":true},"hover_zoom":"yes"},"elements":[],"isInner":false,"widgetType":"ecomus-image-box-carousel","elType":"widget"}],"isInner":false,"elType":"container"},{"id":"5ceded3f","settings":{"flex_direction":"row","flex_gap":{"column":"30","row":"30","isLinked":true,"unit":"px","size":30},"flex_gap_mobile":{"column":"15","row":"15","isLinked":true,"unit":"px","size":15},"flex_wrap_mobile":"nowrap","mobile_column_alignment":"column_md","margin":{"unit":"px","top":"0","right":"0","bottom":"38","left":"0","isLinked":false},"margin_tablet":{"unit":"px","top":"0","right":"0","bottom":"32","left":"0","isLinked":false},"margin_mobile":{"unit":"px","top":"0","right":"0","bottom":"28","left":"0","isLinked":false}},"elements":[{"id":"27e07778","settings":{"content_width":"full"},"elements":[{"id":"645b6f63","settings":{"image":{"id":6634,"url":"https:\/\/wpecomus.com\/electronic\/wp-content\/uploads\/sites\/12\/2024\/12\/phc-bn-1.webp","alt":"","source":"library","size":""},"title":"HEADPHONE","title_size":"div","sub_title":"Designed for All Occasions","button_text":"Shop now","text_align":"center","height":{"unit":"px","size":590,"sizes":[]},"height_tablet":{"unit":"px","size":500,"sizes":[]},"height_mobile":{"unit":"px","size":250,"sizes":[]},"banner_padding":{"unit":"px","top":"47","right":"47","bottom":"47","left":"47","isLinked":true},"banner_padding_tablet":{"unit":"px","top":"15","right":"15","bottom":"15","left":"15","isLinked":true},"title_typography_typography":"custom","title_typography_font_size":{"unit":"px","size":14,"sizes":[]},"title_typography_font_weight":"700","title_typography_text_transform":"uppercase","title_margin":{"unit":"px","top":"0","right":"0","bottom":"5","left":"0","isLinked":false},"sub_title_typography_typography":"custom","sub_title_typography_font_size":{"unit":"px","size":28,"sizes":[]},"sub_title_typography_font_size_tablet":{"unit":"px","size":20,"sizes":[]},"sub_title_typography_font_size_mobile":{"unit":"px","size":18,"sizes":[]},"sub_title_typography_font_weight":"600","sub_title_typography_line_height":{"unit":"px","size":33.6,"sizes":[]},"sub_title_typography_line_height_tablet":{"unit":"px","size":24,"sizes":[]},"sub_title_typography_line_height_mobile":{"unit":"px","size":"","sizes":[]},"sub_title_margin":{"unit":"px","top":"0","right":"20","bottom":"25","left":"20","isLinked":false},"sub_title_margin_tablet":{"unit":"px","top":"0","right":"0","bottom":"18","left":"0","isLinked":false},"sub_title_margin_mobile":{"unit":"px","top":"0","right":"30","bottom":"12","left":"30","isLinked":false},"button_margin":{"unit":"px","top":"0","right":"0","bottom":"0","left":"0","isLinked":false},"button_link":{"url":"https:\/\/wpecomus.com\/headphone\/product-category\/headphones\/","is_external":"","nofollow":"","custom_attributes":""},"border_radius":{"unit":"px","top":"20","right":"20","bottom":"20","left":"20","isLinked":true}},"elements":[],"isInner":false,"widgetType":"ecomus-banner","elType":"widget"}],"isInner":true,"elType":"container"},{"id":"15743891","settings":{"content_width":"full"},"elements":[{"id":"3548e89b","settings":{"image":{"id":6635,"url":"https:\/\/wpecomus.com\/electronic\/wp-content\/uploads\/sites\/12\/2024\/12\/phc-bn-2.webp","alt":"","source":"library","size":""},"title":"30% Off","title_size":"div","sub_title":"Comfort, unlimited movement","button_text":"Shop now","text_align":"center","height":{"unit":"px","size":590,"sizes":[]},"height_tablet":{"unit":"px","size":500,"sizes":[]},"height_mobile":{"unit":"px","size":250,"sizes":[]},"banner_padding":{"unit":"px","top":"47","right":"47","bottom":"47","left":"47","isLinked":true},"banner_padding_tablet":{"unit":"px","top":"15","right":"15","bottom":"15","left":"15","isLinked":true},"title_typography_typography":"custom","title_typography_font_size":{"unit":"px","size":14,"sizes":[]},"title_typography_font_weight":"700","title_typography_text_transform":"uppercase","title_margin":{"unit":"px","top":"0","right":"0","bottom":"5","left":"0","isLinked":false},"sub_title_typography_typography":"custom","sub_title_typography_font_size":{"unit":"px","size":28,"sizes":[]},"sub_title_typography_font_size_tablet":{"unit":"px","size":20,"sizes":[]},"sub_title_typography_font_size_mobile":{"unit":"px","size":18,"sizes":[]},"sub_title_typography_font_weight":"600","sub_title_typography_line_height":{"unit":"px","size":33.6,"sizes":[]},"sub_title_typography_line_height_tablet":{"unit":"px","size":24,"sizes":[]},"sub_title_typography_line_height_mobile":{"unit":"px","size":"","sizes":[]},"sub_title_margin":{"unit":"px","top":"0","right":"20","bottom":"25","left":"20","isLinked":false},"sub_title_margin_tablet":{"unit":"px","top":"0","right":"0","bottom":"18","left":"0","isLinked":false},"sub_title_margin_mobile":{"unit":"px","top":"0","right":"30","bottom":"12","left":"30","isLinked":false},"button_margin":{"unit":"px","top":"0","right":"0","bottom":"0","left":"0","isLinked":false},"button_link":{"url":"https:\/\/wpecomus.com\/headphone\/product-category\/head\/","is_external":"","nofollow":"","custom_attributes":""},"border_radius":{"unit":"px","top":"20","right":"20","bottom":"20","left":"20","isLinked":true}},"elements":[],"isInner":false,"widgetType":"ecomus-banner","elType":"widget"}],"isInner":true,"elType":"container"},{"id":"22bb54ba","settings":{"content_width":"full"},"elements":[{"id":"17484e5b","settings":{"image":{"id":6636,"url":"https:\/\/wpecomus.com\/electronic\/wp-content\/uploads\/sites\/12\/2024\/12\/phc-bn-3.webp","alt":"","source":"library","size":""},"title":"FREE SHIPPING","title_size":"div","sub_title":"Iconic design and brilliant acoustics","button_text":"Shop now","text_align":"center","height":{"unit":"px","size":590,"sizes":[]},"height_tablet":{"unit":"px","size":500,"sizes":[]},"height_mobile":{"unit":"px","size":250,"sizes":[]},"banner_padding":{"unit":"px","top":"47","right":"47","bottom":"47","left":"47","isLinked":true},"banner_padding_tablet":{"unit":"px","top":"15","right":"0","bottom":"15","left":"0","isLinked":false},"title_typography_typography":"custom","title_typography_font_size":{"unit":"px","size":14,"sizes":[]},"title_typography_font_weight":"700","title_typography_text_transform":"uppercase","title_margin":{"unit":"px","top":"0","right":"0","bottom":"5","left":"0","isLinked":false},"sub_title_typography_typography":"custom","sub_title_typography_font_size":{"unit":"px","size":28,"sizes":[]},"sub_title_typography_font_size_tablet":{"unit":"px","size":20,"sizes":[]},"sub_title_typography_font_size_mobile":{"unit":"px","size":18,"sizes":[]},"sub_title_typography_font_weight":"600","sub_title_typography_line_height":{"unit":"px","size":33.6,"sizes":[]},"sub_title_typography_line_height_tablet":{"unit":"px","size":24,"sizes":[]},"sub_title_typography_line_height_mobile":{"unit":"px","size":"","sizes":[]},"sub_title_margin":{"unit":"px","top":"0","right":"15","bottom":"25","left":"15","isLinked":false},"sub_title_margin_tablet":{"unit":"px","top":"0","right":"0","bottom":"18","left":"0","isLinked":false},"sub_title_margin_mobile":{"unit":"px","top":"0","right":"15","bottom":"12","left":"15","isLinked":false},"button_margin":{"unit":"px","top":"0","right":"0","bottom":"0","left":"0","isLinked":false},"button_link":{"url":"https:\/\/wpecomus.com\/headphone\/product-category\/earbuds\/","is_external":"","nofollow":"","custom_attributes":""},"border_radius":{"unit":"px","top":"20","right":"20","bottom":"20","left":"20","isLinked":true}},"elements":[],"isInner":false,"widgetType":"ecomus-banner","elType":"widget"}],"isInner":true,"elType":"container"}],"isInner":false,"elType":"container"},{"id":"5295827c","settings":[],"elements":[{"id":"1f44086","settings":{"image":{"id":6637,"url":"https:\/\/wpecomus.com\/electronic\/wp-content\/uploads\/sites\/12\/2024\/12\/phc-bn-4.webp","alt":"","source":"library","size":""},"title":"ECOMUS HEADPHONE DESIGN","title_size":"div","sub_title":"Uniting Performance","description":"Fast wireless charging on-the-go.","height":{"unit":"px","size":548,"sizes":[]},"height_tablet":{"unit":"px","size":269,"sizes":[]},"height_mobile":{"unit":"px","size":300,"sizes":[]},"button_text":"Shop Collection","horizontal_position":"left","vertical_position":"middle","text_align":"","banner_padding":{"unit":"px","top":"0","right":"50","bottom":"0","left":"50","isLinked":false},"banner_padding_tablet":{"unit":"px","top":"0","right":"70","bottom":"0","left":"70","isLinked":false},"banner_padding_mobile":{"unit":"px","top":"0","right":"30","bottom":"0","left":"30","isLinked":false},"title_typography_typography":"custom","title_typography_font_size":{"unit":"px","size":14,"sizes":[]},"title_typography_font_weight":"700","title_typography_text_transform":"uppercase","title_margin":{"unit":"px","top":"0","right":"0","bottom":"5","left":"0","isLinked":false},"sub_title_typography_typography":"custom","sub_title_typography_font_size":{"unit":"px","size":42,"sizes":[]},"sub_title_typography_font_size_tablet":{"unit":"px","size":32,"sizes":[]},"sub_title_typography_font_size_mobile":{"unit":"px","size":22,"sizes":[]},"sub_title_typography_font_weight":"600","sub_title_typography_line_height":{"unit":"px","size":50.4,"sizes":[]},"sub_title_typography_line_height_tablet":{"unit":"px","size":38.4,"sizes":[]},"sub_title_typography_line_height_mobile":{"unit":"px","size":26.4,"sizes":[]},"sub_title_margin":{"unit":"px","top":"0","right":"0","bottom":"15","left":"0","isLinked":false},"description_typography_typography":"custom","description_typography_font_size":{"unit":"px","size":20,"sizes":[]},"description_typography_font_size_mobile":{"unit":"px","size":14,"sizes":[]},"description_margin":{"unit":"px","top":"0","right":"0","bottom":"26","left":"0","isLinked":false},"description_margin_mobile":{"unit":"px","top":"0","right":"0","bottom":"15","left":"0","isLinked":false},"button_margin":{"unit":"px","top":"0","right":"0","bottom":"0","left":"0","isLinked":false},"button_link":{"url":"https:\/\/wpecomus.com\/headphone\/product-category\/headphones\/","is_external":"","nofollow":"","custom_attributes":""},"border_radius":{"unit":"px","top":"20","right":"20","bottom":"20","left":"20","isLinked":true}},"elements":[],"isInner":false,"widgetType":"ecomus-banner","elType":"widget"}],"isInner":false,"elType":"container"},{"id":"334db5c9","settings":{"content_width":"full","flex_gap":{"column":"0","row":"0","isLinked":true,"unit":"px","size":0}},"elements":[{"id":"2812e072","settings":{"items":[{"text":"Featured products","_id":"1be1b54","icon":{"value":{"url":"https:\/\/wpecomus.com\/headphone\/wp-content\/uploads\/sites\/31\/2024\/12\/ext.svg","id":6790},"library":"svg"},"image":{"id":"","url":"https:\/\/wpecomus.com\/electronic\/wp-content\/plugins\/elementor\/assets\/images\/placeholder.png"}}],"padding":{"unit":"px","top":"68","right":"0","bottom":"68","left":"0","isLinked":false},"padding_tablet":{"unit":"px","top":"57","right":"0","bottom":"57","left":"0","isLinked":false},"padding_mobile":{"unit":"px","top":"34","right":"0","bottom":"34","left":"0","isLinked":false},"gap":{"unit":"px","size":65,"sizes":[]},"gap_tablet":{"unit":"px","size":55,"sizes":[]},"gap_mobile":{"unit":"px","size":48,"sizes":[]},"background_color":"#FFFFFF","icon_size":{"unit":"px","size":40,"sizes":[]},"icon_size_mobile":{"unit":"px","size":20,"sizes":[]},"icon_color":"#000000","spacing":{"unit":"px","size":65,"sizes":[]},"spacing_tablet":{"unit":"px","size":55,"sizes":[]},"spacing_mobile":{"unit":"px","size":48,"sizes":[]},"text_typography_typography":"custom","text_typography_font_size":{"unit":"px","size":80,"sizes":[]},"text_typography_font_size_tablet":{"unit":"px","size":60,"sizes":[]},"text_typography_font_size_mobile":{"unit":"px","size":40,"sizes":[]},"text_typography_font_weight":"600","text_color":"#000000"},"elements":[],"isInner":false,"widgetType":"ecomus-marquee","elType":"widget"}],"isInner":false,"elType":"container"},{"id":"2e826f58","settings":{"margin":{"unit":"px","top":"0","right":"0","bottom":"66","left":"0","isLinked":false},"margin_tablet":{"unit":"px","top":"0","right":"0","bottom":"56","left":"0","isLinked":false},"margin_mobile":{"unit":"px","top":"0","right":"0","bottom":"45","left":"0","isLinked":false}},"elements":[{"id":"581820db","settings":{"products":[{"_id":"366b3d6","ids":32,"product_id":6650,"text":"<a href=\"https:\/\/wpecomus.com\/electronic\/product-category\/headphone\/\">Gaming X- Seri 1<\/a>","description":"<ul class=\"no-style\">\n<li><svg xmlns=\"http:\/\/www.w3.org\/2000\/svg\" width=\"12\" height=\"10\" viewBox=\"0 0 12 10\" fill=\"none\"><path d=\"M4.59503 9.13837C4.48049 9.2536 4.32419 9.31788 4.16186 9.31788C3.99953 9.31788 3.84323 9.2536 3.72869 9.13837L0.26926 5.67837C-0.0897535 5.31935 -0.0897535 4.73718 0.26926 4.37885L0.702432 3.94556C1.06156 3.58655 1.64305 3.58655 2.00206 3.94556L4.16189 6.10548L9.99794 0.269261C10.3571 -0.0897535 10.9391 -0.0897535 11.2976 0.269261L11.7307 0.702547C12.0898 1.06156 12.0898 1.64362 11.7307 2.00206L4.59503 9.13837Z\" fill=\"CurrentColor\"><\/path><\/svg> 32 hours of listening<\/li>\n<li><svg xmlns=\"http:\/\/www.w3.org\/2000\/svg\" width=\"12\" height=\"10\" viewBox=\"0 0 12 10\" fill=\"none\"><path d=\"M4.59503 9.13837C4.48049 9.2536 4.32419 9.31788 4.16186 9.31788C3.99953 9.31788 3.84323 9.2536 3.72869 9.13837L0.26926 5.67837C-0.0897535 5.31935 -0.0897535 4.73718 0.26926 4.37885L0.702432 3.94556C1.06156 3.58655 1.64305 3.58655 2.00206 3.94556L4.16189 6.10548L9.99794 0.269261C10.3571 -0.0897535 10.9391 -0.0897535 11.2976 0.269261L11.7307 0.702547C12.0898 1.06156 12.0898 1.64362 11.7307 2.00206L4.59503 9.13837Z\" fill=\"CurrentColor\"><\/path><\/svg> Bluetooth@ 5.1<\/li>\n<li><svg xmlns=\"http:\/\/www.w3.org\/2000\/svg\" width=\"12\" height=\"10\" viewBox=\"0 0 12 10\" fill=\"none\"><path d=\"M4.59503 9.13837C4.48049 9.2536 4.32419 9.31788 4.16186 9.31788C3.99953 9.31788 3.84323 9.2536 3.72869 9.13837L0.26926 5.67837C-0.0897535 5.31935 -0.0897535 4.73718 0.26926 4.37885L0.702432 3.94556C1.06156 3.58655 1.64305 3.58655 2.00206 3.94556L4.16189 6.10548L9.99794 0.269261C10.3571 -0.0897535 10.9391 -0.0897535 11.2976 0.269261L11.7307 0.702547C12.0898 1.06156 12.0898 1.64362 11.7307 2.00206L4.59503 9.13837Z\" fill=\"CurrentColor\"><\/path><\/svg> 30mm beryllium drivers<\/li>\n<li><svg xmlns=\"http:\/\/www.w3.org\/2000\/svg\" width=\"12\" height=\"10\" viewBox=\"0 0 12 10\" fill=\"none\"><path d=\"M4.59503 9.13837C4.48049 9.2536 4.32419 9.31788 4.16186 9.31788C3.99953 9.31788 3.84323 9.2536 3.72869 9.13837L0.26926 5.67837C-0.0897535 5.31935 -0.0897535 4.73718 0.26926 4.37885L0.702432 3.94556C1.06156 3.58655 1.64305 3.58655 2.00206 3.94556L4.16189 6.10548L9.99794 0.269261C10.3571 -0.0897535 10.9391 -0.0897535 11.2976 0.269261L11.7307 0.702547C12.0898 1.06156 12.0898 1.64362 11.7307 2.00206L4.59503 9.13837Z\" fill=\"CurrentColor\"><\/path><\/svg> 4 beamforming microphones<\/li>\n<li><svg xmlns=\"http:\/\/www.w3.org\/2000\/svg\" width=\"12\" height=\"10\" viewBox=\"0 0 12 10\" fill=\"none\"><path d=\"M4.59503 9.13837C4.48049 9.2536 4.32419 9.31788 4.16186 9.31788C3.99953 9.31788 3.84323 9.2536 3.72869 9.13837L0.26926 5.67837C-0.0897535 5.31935 -0.0897535 4.73718 0.26926 4.37885L0.702432 3.94556C1.06156 3.58655 1.64305 3.58655 2.00206 3.94556L4.16189 6.10548L9.99794 0.269261C10.3571 -0.0897535 10.9391 -0.0897535 11.2976 0.269261L11.7307 0.702547C12.0898 1.06156 12.0898 1.64362 11.7307 2.00206L4.59503 9.13837Z\" fill=\"CurrentColor\"><\/path><\/svg> Warranty : 1-year<\/li>\n<\/ul>","button_text":"View details"},{"ids":32,"product_id":6654,"text":"<a href=\"https:\/\/wpecomus.com\/electronic\/product-category\/headphone\/\">Gaming X- Seri 1<\/a>","description":"<ul class=\"no-style\">\n<li><svg xmlns=\"http:\/\/www.w3.org\/2000\/svg\" width=\"12\" height=\"10\" viewBox=\"0 0 12 10\" fill=\"none\"><path d=\"M4.59503 9.13837C4.48049 9.2536 4.32419 9.31788 4.16186 9.31788C3.99953 9.31788 3.84323 9.2536 3.72869 9.13837L0.26926 5.67837C-0.0897535 5.31935 -0.0897535 4.73718 0.26926 4.37885L0.702432 3.94556C1.06156 3.58655 1.64305 3.58655 2.00206 3.94556L4.16189 6.10548L9.99794 0.269261C10.3571 -0.0897535 10.9391 -0.0897535 11.2976 0.269261L11.7307 0.702547C12.0898 1.06156 12.0898 1.64362 11.7307 2.00206L4.59503 9.13837Z\" fill=\"CurrentColor\"><\/path><\/svg> 28 hours of listening<\/li>\n<li><svg xmlns=\"http:\/\/www.w3.org\/2000\/svg\" width=\"12\" height=\"10\" viewBox=\"0 0 12 10\" fill=\"none\"><path d=\"M4.59503 9.13837C4.48049 9.2536 4.32419 9.31788 4.16186 9.31788C3.99953 9.31788 3.84323 9.2536 3.72869 9.13837L0.26926 5.67837C-0.0897535 5.31935 -0.0897535 4.73718 0.26926 4.37885L0.702432 3.94556C1.06156 3.58655 1.64305 3.58655 2.00206 3.94556L4.16189 6.10548L9.99794 0.269261C10.3571 -0.0897535 10.9391 -0.0897535 11.2976 0.269261L11.7307 0.702547C12.0898 1.06156 12.0898 1.64362 11.7307 2.00206L4.59503 9.13837Z\" fill=\"CurrentColor\"><\/path><\/svg> Bluetooth@ 5.1<\/li>\n<li><svg xmlns=\"http:\/\/www.w3.org\/2000\/svg\" width=\"12\" height=\"10\" viewBox=\"0 0 12 10\" fill=\"none\"><path d=\"M4.59503 9.13837C4.48049 9.2536 4.32419 9.31788 4.16186 9.31788C3.99953 9.31788 3.84323 9.2536 3.72869 9.13837L0.26926 5.67837C-0.0897535 5.31935 -0.0897535 4.73718 0.26926 4.37885L0.702432 3.94556C1.06156 3.58655 1.64305 3.58655 2.00206 3.94556L4.16189 6.10548L9.99794 0.269261C10.3571 -0.0897535 10.9391 -0.0897535 11.2976 0.269261L11.7307 0.702547C12.0898 1.06156 12.0898 1.64362 11.7307 2.00206L4.59503 9.13837Z\" fill=\"CurrentColor\"><\/path><\/svg> 30mm beryllium drivers<\/li>\n<li><svg xmlns=\"http:\/\/www.w3.org\/2000\/svg\" width=\"12\" height=\"10\" viewBox=\"0 0 12 10\" fill=\"none\"><path d=\"M4.59503 9.13837C4.48049 9.2536 4.32419 9.31788 4.16186 9.31788C3.99953 9.31788 3.84323 9.2536 3.72869 9.13837L0.26926 5.67837C-0.0897535 5.31935 -0.0897535 4.73718 0.26926 4.37885L0.702432 3.94556C1.06156 3.58655 1.64305 3.58655 2.00206 3.94556L4.16189 6.10548L9.99794 0.269261C10.3571 -0.0897535 10.9391 -0.0897535 11.2976 0.269261L11.7307 0.702547C12.0898 1.06156 12.0898 1.64362 11.7307 2.00206L4.59503 9.13837Z\" fill=\"CurrentColor\"><\/path><\/svg> 3 beamforming microphones<\/li>\n<li><svg xmlns=\"http:\/\/www.w3.org\/2000\/svg\" width=\"12\" height=\"10\" viewBox=\"0 0 12 10\" fill=\"none\"><path d=\"M4.59503 9.13837C4.48049 9.2536 4.32419 9.31788 4.16186 9.31788C3.99953 9.31788 3.84323 9.2536 3.72869 9.13837L0.26926 5.67837C-0.0897535 5.31935 -0.0897535 4.73718 0.26926 4.37885L0.702432 3.94556C1.06156 3.58655 1.64305 3.58655 2.00206 3.94556L4.16189 6.10548L9.99794 0.269261C10.3571 -0.0897535 10.9391 -0.0897535 11.2976 0.269261L11.7307 0.702547C12.0898 1.06156 12.0898 1.64362 11.7307 2.00206L4.59503 9.13837Z\" fill=\"CurrentColor\"><\/path><\/svg> Warranty : 3-year<\/li>\n<\/ul>","_id":"b96b101","button_text":"View details","highlights":"yes","highlight":"yes"},{"ids":32,"product_id":6657,"text":"<a href=\"https:\/\/wpecomus.com\/electronic\/product-category\/headphone\/\">Gaming X- Seri 1<\/a>","description":"<ul class=\"no-style\">\n<li><svg xmlns=\"http:\/\/www.w3.org\/2000\/svg\" width=\"12\" height=\"10\" viewBox=\"0 0 12 10\" fill=\"none\"><path d=\"M4.59503 9.13837C4.48049 9.2536 4.32419 9.31788 4.16186 9.31788C3.99953 9.31788 3.84323 9.2536 3.72869 9.13837L0.26926 5.67837C-0.0897535 5.31935 -0.0897535 4.73718 0.26926 4.37885L0.702432 3.94556C1.06156 3.58655 1.64305 3.58655 2.00206 3.94556L4.16189 6.10548L9.99794 0.269261C10.3571 -0.0897535 10.9391 -0.0897535 11.2976 0.269261L11.7307 0.702547C12.0898 1.06156 12.0898 1.64362 11.7307 2.00206L4.59503 9.13837Z\" fill=\"CurrentColor\"><\/path><\/svg> 30 hours of listening<\/li>\n<li><svg xmlns=\"http:\/\/www.w3.org\/2000\/svg\" width=\"12\" height=\"10\" viewBox=\"0 0 12 10\" fill=\"none\"><path d=\"M4.59503 9.13837C4.48049 9.2536 4.32419 9.31788 4.16186 9.31788C3.99953 9.31788 3.84323 9.2536 3.72869 9.13837L0.26926 5.67837C-0.0897535 5.31935 -0.0897535 4.73718 0.26926 4.37885L0.702432 3.94556C1.06156 3.58655 1.64305 3.58655 2.00206 3.94556L4.16189 6.10548L9.99794 0.269261C10.3571 -0.0897535 10.9391 -0.0897535 11.2976 0.269261L11.7307 0.702547C12.0898 1.06156 12.0898 1.64362 11.7307 2.00206L4.59503 9.13837Z\" fill=\"CurrentColor\"><\/path><\/svg> Bluetooth@ 5.1<\/li>\n<li><svg xmlns=\"http:\/\/www.w3.org\/2000\/svg\" width=\"12\" height=\"10\" viewBox=\"0 0 12 10\" fill=\"none\"><path d=\"M4.59503 9.13837C4.48049 9.2536 4.32419 9.31788 4.16186 9.31788C3.99953 9.31788 3.84323 9.2536 3.72869 9.13837L0.26926 5.67837C-0.0897535 5.31935 -0.0897535 4.73718 0.26926 4.37885L0.702432 3.94556C1.06156 3.58655 1.64305 3.58655 2.00206 3.94556L4.16189 6.10548L9.99794 0.269261C10.3571 -0.0897535 10.9391 -0.0897535 11.2976 0.269261L11.7307 0.702547C12.0898 1.06156 12.0898 1.64362 11.7307 2.00206L4.59503 9.13837Z\" fill=\"CurrentColor\"><\/path><\/svg> 30mm beryllium drivers<\/li>\n<li><svg xmlns=\"http:\/\/www.w3.org\/2000\/svg\" width=\"12\" height=\"10\" viewBox=\"0 0 12 10\" fill=\"none\"><path d=\"M4.59503 9.13837C4.48049 9.2536 4.32419 9.31788 4.16186 9.31788C3.99953 9.31788 3.84323 9.2536 3.72869 9.13837L0.26926 5.67837C-0.0897535 5.31935 -0.0897535 4.73718 0.26926 4.37885L0.702432 3.94556C1.06156 3.58655 1.64305 3.58655 2.00206 3.94556L4.16189 6.10548L9.99794 0.269261C10.3571 -0.0897535 10.9391 -0.0897535 11.2976 0.269261L11.7307 0.702547C12.0898 1.06156 12.0898 1.64362 11.7307 2.00206L4.59503 9.13837Z\" fill=\"CurrentColor\"><\/path><\/svg> 3 beamforming microphones<\/li>\n<li><svg xmlns=\"http:\/\/www.w3.org\/2000\/svg\" width=\"12\" height=\"10\" viewBox=\"0 0 12 10\" fill=\"none\"><path d=\"M4.59503 9.13837C4.48049 9.2536 4.32419 9.31788 4.16186 9.31788C3.99953 9.31788 3.84323 9.2536 3.72869 9.13837L0.26926 5.67837C-0.0897535 5.31935 -0.0897535 4.73718 0.26926 4.37885L0.702432 3.94556C1.06156 3.58655 1.64305 3.58655 2.00206 3.94556L4.16189 6.10548L9.99794 0.269261C10.3571 -0.0897535 10.9391 -0.0897535 11.2976 0.269261L11.7307 0.702547C12.0898 1.06156 12.0898 1.64362 11.7307 2.00206L4.59503 9.13837Z\" fill=\"CurrentColor\"><\/path><\/svg> Warranty : 2-year<\/li>\n<\/ul>","_id":"7f212ec","button_text":"View details"}],"product_title_typography_typography":"custom","product_title_typography_font_size":{"unit":"px","size":20,"sizes":[]},"product_price_typography_typography":"custom","product_price_typography_font_size":{"unit":"px","size":20,"sizes":[]},"product_item_border_radius":{"unit":"px","top":"20","right":"20","bottom":"20","left":"20","isLinked":true},"product_price_spacing":{"unit":"px","size":18,"sizes":[]},"product_title_spacing":{"unit":"px","size":10,"sizes":[]},"hide_rating":"","slides_to_show_tablet":3,"slides_to_show_mobile":1,"slides_to_scroll_tablet":1,"slides_to_scroll_mobile":1,"navigation_classes":"none","navigation_classes_tablet":"none","navigation_classes_mobile":"dots","product_title_typography_font_size_tablet":{"unit":"px","size":16,"sizes":[]},"product_title_spacing_mobile":{"unit":"px","size":0,"sizes":[]},"product_attributes_spacing_mobile":{"unit":"px","size":6,"sizes":[]},"product_price_spacing_mobile":{"unit":"px","size":9,"sizes":[]},"dots_spacing_mobile":{"unit":"px","size":15,"sizes":[]}},"elements":[],"isInner":false,"widgetType":"ecomus-product-price-tables-carousel","elType":"widget"}],"isInner":false,"elType":"container"},{"id":"1d0d8e53","settings":{"margin":{"unit":"px","top":"0","right":"0","bottom":"65","left":"0","isLinked":false},"margin_tablet":{"unit":"px","top":"0","right":"0","bottom":"55","left":"0","isLinked":false},"margin_mobile":{"unit":"px","top":"0","right":"0","bottom":"26","left":"0","isLinked":false}},"elements":[{"id":"35d5c378","settings":{"icons_box":[{"icon":{"value":{"url":"https:\/\/wpecomus.com\/electronic\/wp-content\/uploads\/sites\/12\/2024\/06\/box.svg","id":1397},"library":"svg"},"title":"Free Premium Shipping","description":"Free ground shipping on orders of $99 or more in the U.S. and $250 in Canada","_id":"2f1bf17","image":{"id":6617,"url":"https:\/\/wpecomus.com\/electronic\/wp-content\/uploads\/sites\/12\/2024\/12\/placeholder.png"}},{"icon":{"value":{"url":"https:\/\/wpecomus.com\/electronic\/wp-content\/uploads\/sites\/12\/2024\/12\/guar.svg","id":6638},"library":"svg"},"title":"Product Protection","description":"Rest easy with our <a href=\"https:\/\/support.masterdynamic.com\/hc\/en-us\/p\/warranty\" style=\"text-decoration: underline;\">manufacturer warranty<\/a>, ensuring that your product is protected","_id":"9a91f09","image":{"id":6618,"url":"https:\/\/wpecomus.com\/electronic\/wp-content\/uploads\/sites\/12\/2024\/12\/placeholder-1.png"}},{"icon":{"value":{"url":"https:\/\/wpecomus.com\/electronic\/wp-content\/uploads\/sites\/12\/2024\/06\/return.svg","id":1399},"library":"svg"},"title":"Free Returns in 14 Days","description":"We offer a generous 14-days return policy, allowing you to shop with confidence","_id":"5dfa39d","image":{"id":6619,"url":"https:\/\/wpecomus.com\/electronic\/wp-content\/uploads\/sites\/12\/2024\/12\/placeholder-2.png"}}],"slides_to_show_tablet":2,"slides_to_show_mobile":1,"slides_to_scroll_tablet":1,"slides_to_scroll_mobile":1,"image_spacing_custom":0,"navigation_classes":"none","navigation_classes_tablet":"dots","navigation_classes_mobile":"dots","icon_box_carousel_padding":{"unit":"px","top":"36","right":"0","bottom":"36","left":"0","isLinked":false},"icon_box_carousel_padding_tablet":{"unit":"px","top":"15","right":"0","bottom":"15","left":"0","isLinked":false},"icon_box_carousel_padding_mobile":{"unit":"px","top":"0","right":"0","bottom":"0","left":"0","isLinked":true},"icon_box_carousel_border_border":"solid","icon_box_carousel_border_width":{"unit":"px","top":"1","right":"1","bottom":"1","left":"1","isLinked":true},"icon_box_carousel_border_color":"#EBEBEB","icon_box_carousel_border_radius":{"unit":"px","top":"20","right":"20","bottom":"20","left":"20","isLinked":true},"alignment":"center","content_padding":{"unit":"px","top":"15","right":"74","bottom":"15","left":"74","isLinked":false},"content_padding_tablet":{"unit":"px","top":"15","right":"15","bottom":"15","left":"15","isLinked":true},"content_padding_mobile":{"unit":"px","top":"15","right":"15","bottom":"15","left":"15","isLinked":true},"content_border_width_mobile":{"unit":"px","top":"0","right":"0","bottom":"0","left":"0","isLinked":true},"content_border_color":"#EBEBEB","title_typography_typography":"custom","title_typography_font_size":{"unit":"px","size":18,"sizes":[]},"title_typography_font_weight":"600","title_spacing":{"unit":"px","size":14,"sizes":[]},"title_spacing_tablet":{"unit":"px","size":11,"sizes":[]},"title_spacing_mobile":{"unit":"px","size":9,"sizes":[]},"description_color":"#545454","description_typography_font_size":{"unit":"px","size":14,"sizes":[]},"icon_color":"#000000","icon_size":{"unit":"px","size":28,"sizes":[]},"icon_spacing":{"unit":"px","size":24,"sizes":[]},"icon_spacing_tablet":{"unit":"px","size":20,"sizes":[]},"icon_spacing_mobile":{"unit":"px","size":15,"sizes":[]},"dots_spacing_mobile":{"unit":"px","size":15,"sizes":[]},"icon_box_carousel_border_between":"yes"},"elements":[],"isInner":false,"widgetType":"ecomus-icon-box-carousel","elType":"widget"}],"isInner":false,"elType":"container"},{"id":"525513dc","settings":{"flex_direction":"column","content_width":"full","flex_gap":{"column":"0","row":"0","isLinked":true,"unit":"px","size":0},"flex_gap_tablet":{"column":"","row":"","isLinked":true,"unit":"px","size":null},"flex_gap_mobile":{"column":"","row":"","isLinked":true,"unit":"px","size":null},"padding":{"unit":"px","top":"0","right":"40","bottom":"0","left":"40","isLinked":false},"padding_tablet":{"unit":"px","top":"0","right":"30","bottom":"0","left":"30","isLinked":false},"padding_mobile":{"unit":"px","top":"0","right":"0","bottom":"0","left":"0","isLinked":true},"margin":{"unit":"px","top":"0","right":"0","bottom":"65","left":"0","isLinked":false},"margin_tablet":{"unit":"px","top":"0","right":"0","bottom":"55","left":"0","isLinked":false},"margin_mobile":{"unit":"px","top":"0","right":"0","bottom":"48","left":"0","isLinked":false}},"elements":[{"id":"30fd303a","settings":{"content_width":"full","background_background":"classic","background_color":"#F6F6F6","border_radius":{"unit":"px","top":"60","right":"60","bottom":"60","left":"60","isLinked":true},"padding":{"unit":"px","top":"60","right":"50","bottom":"100","left":"50","isLinked":false},"flex_gap":{"column":"60","row":"60","isLinked":true,"unit":"px","size":60},"flex_gap_tablet":{"column":"50","row":"50","isLinked":true,"unit":"px","size":50},"flex_gap_mobile":{"column":"30","row":"30","isLinked":true,"unit":"px","size":30},"padding_tablet":{"unit":"px","top":"51","right":"30","bottom":"85","left":"30","isLinked":false},"padding_mobile":{"unit":"px","top":"18","right":"15","bottom":"30","left":"15","isLinked":false},"border_radius_mobile":{"unit":"px","top":"0","right":"0","bottom":"0","left":"0","isLinked":true}},"elements":[{"id":"5d66dd91","settings":{"title":"Our best sellers","title_size":"h4","align":"center","alignment":"center","typography_typography":"custom","typography_font_size_tablet":{"unit":"px","size":32,"sizes":[]},"typography_font_size_mobile":{"unit":"px","size":22,"sizes":[]},"typography_font_weight":"600"},"elements":[],"isInner":false,"widgetType":"ecomus-heading","elType":"widget"},{"id":"40dd97f6","settings":[],"elements":[{"id":"5e3f17da","settings":{"heading":"This is the text","hide_rating":"none","product_item_padding":{"unit":"px","top":"10","right":"10","bottom":"30","left":"10","isLinked":false},"arrows_show":"1","arrows_horizontal_spacing":{"unit":"px","size":-82,"sizes":[]},"slides_to_show_tablet":3,"slides_to_show_mobile":2,"slides_to_scroll_tablet":1,"slides_to_scroll_mobile":2,"image_spacing_custom_mobile":15,"navigation_classes_mobile":"dots","product_item_background_color":"#FFFFFF","product_item_border_radius":{"unit":"px","top":"20","right":"20","bottom":"20","left":"20","isLinked":true},"dots_spacing_mobile":{"unit":"px","size":15,"sizes":[]},"ids":",743,738,6650,720,6657,6654","arrows_vertical_spacing":{"unit":"%","size":50,"sizes":[]},"arrows_vertical_spacing_tablet":{"unit":"%","size":"","sizes":[]},"arrows_vertical_spacing_mobile":{"unit":"%","size":"","sizes":[]},"navigation_classes_tablet":"dots"},"elements":[],"isInner":false,"widgetType":"ecomus-products-carousel","elType":"widget"}],"isInner":true,"elType":"container"}],"isInner":true,"elType":"container"}],"isInner":false,"elType":"container"},{"id":"54705558","settings":{"flex_gap":{"column":"85","row":"85","isLinked":true,"unit":"px","size":85},"flex_gap_tablet":{"column":"30","row":"30","isLinked":true,"unit":"px","size":30},"margin":{"unit":"px","top":"0","right":"0","bottom":"85","left":"0","isLinked":false},"margin_tablet":{"unit":"px","top":"0","right":"0","bottom":"30","left":"0","isLinked":false}},"elements":[{"id":"38681a93","settings":{"title":"What clients say about us","title_size":"h4","align":"center","alignment":"center","typography_typography":"custom","typography_font_size_tablet":{"unit":"px","size":32,"sizes":[]},"typography_font_size_mobile":{"unit":"px","size":22,"sizes":[]},"typography_font_weight":"600"},"elements":[],"isInner":false,"widgetType":"ecomus-heading","elType":"widget"},{"id":"236116a1","settings":{"testimonials":[{"testimonial_name":"Jenifer Unix","testimonial_company":"INZONE H9 Wireless Gaming Headset","_id":"5c6fa65","testimonial_title":"","testimonial_quote":{"value":{"url":"https:\/\/wpecomus.com\/electronic\/wp-content\/uploads\/sites\/12\/2024\/06\/quoter.svg","id":1839},"library":"svg"},"testimonial_content":"The sound is great, the design is beautiful, and it's comfortable to use. I am very satisfied with this product.","testimonial_image":{"id":6640,"url":"https:\/\/wpecomus.com\/electronic\/wp-content\/uploads\/sites\/12\/2024\/12\/phc-test-1.webp","alt":"","source":"library","size":""},"testimonial_link":{"url":"https:\/\/wpecomus.com\/headphone\/product\/inzone-h9-wireless-gaming-headset\/","is_external":"","nofollow":"","custom_attributes":""}},{"testimonial_name":"Robert Smith","testimonial_company":"LinkBuds S Wireless Earbuds","_id":"21e2de1","testimonial_title":"","testimonial_quote":{"value":{"url":"https:\/\/wpecomus.com\/electronic\/wp-content\/uploads\/sites\/12\/2024\/06\/quoter.svg","id":1839},"library":"svg"},"testimonial_content":"The sound is very sharp and the bass is powerful. The design is elegant and the build quality is very good. I am very pleased with my choice.","testimonial_image":{"id":6641,"url":"https:\/\/wpecomus.com\/electronic\/wp-content\/uploads\/sites\/12\/2024\/12\/phc-test-2.webp","alt":"","source":"library","size":""},"testimonial_link":{"url":"https:\/\/wpecomus.com\/headphone\/product\/linkbuds-s-wireless-earbuds\/","is_external":"","nofollow":"","custom_attributes":""}}],"navigation_classes_mobile":"dots","thumbnail_width":{"unit":"%","size":35,"sizes":[]},"thumbnail_width_tablet":{"unit":"%","size":48,"sizes":[]},"thumbnail_width_mobile":{"unit":"%","size":100,"sizes":[]},"content_width":{"unit":"%","size":62,"sizes":[]},"content_width_tablet":{"unit":"%","size":52,"sizes":[]},"content_width_mobile":{"unit":"%","size":100,"sizes":[]},"space_between":{"unit":"px","size":"","sizes":[]},"image_item_position":"left","image_item_border_radius":{"unit":"px","top":"20","right":"20","bottom":"20","left":"20","isLinked":true},"quoter_item_color":"#000000","quoter_item_size_tablet":{"unit":"px","size":43,"sizes":[]},"quoter_item_size_mobile":{"unit":"px","size":36,"sizes":[]},"content_item_content_spacing":{"unit":"px","size":22,"sizes":[]},"content_item_content_spacing_tablet":{"unit":"px","size":9,"sizes":[]},"show_divider":"yes","content_item_name_spacing_tablet":{"unit":"px","size":16,"sizes":[]},"content_item_company_typo_typography":"custom","content_item_rating_size":{"unit":"px","size":18,"sizes":[]},"content_item_rating_color":"#FF7B54","content_item_rating_spacing":{"unit":"px","size":18,"sizes":[]},"content_item_rating_spacing_tablet":{"unit":"px","size":0,"sizes":[]},"arrows_position":"center","arrows_width":{"unit":"px","size":46,"sizes":[]},"arrows_width_tablet":{"unit":"px","size":40,"sizes":[]},"arrows_height":{"unit":"px","size":46,"sizes":[]},"arrows_height_tablet":{"unit":"px","size":40,"sizes":[]},"_padding_tablet":{"unit":"px","top":"0","right":"83","bottom":"0","left":"83","isLinked":false},"_padding_mobile":{"unit":"px","top":"0","right":"0","bottom":"0","left":"0","isLinked":false},"arrows_bgcolor":"#FFFFFF","arrows_show":"1","_padding":{"unit":"px","top":"0","right":"127","bottom":"0","left":"127","isLinked":false}},"elements":[],"isInner":false,"widgetType":"ecomus-testimonial-carousel","elType":"widget"}],"isInner":false,"elType":"container"},{"id":"1891e2c6","settings":{"margin":{"unit":"px","top":"0","right":"0","bottom":"65","left":"0","isLinked":false},"margin_tablet":{"unit":"px","top":"0","right":"0","bottom":"55","left":"0","isLinked":false},"margin_mobile":{"unit":"px","top":"0","right":"0","bottom":"19","left":"0","isLinked":false},"flex_gap":{"column":"0","row":"0","isLinked":true,"unit":"px","size":0}},"elements":[{"id":"286c2b45","settings":{"items":[{"_id":"59005f5","image":{"id":1378,"url":"https:\/\/wpecomus.com\/electronic\/wp-content\/uploads\/sites\/12\/2024\/06\/001fashion-brand-01.webp","alt":"","source":"library","size":""},"link":{"url":"","is_external":"","nofollow":"","custom_attributes":""}},{"_id":"af02832","image":{"id":1382,"url":"https:\/\/wpecomus.com\/electronic\/wp-content\/uploads\/sites\/12\/2024\/06\/001fashion-brand-06.webp","alt":"","source":"library","size":""},"link":{"url":"","is_external":"","nofollow":"","custom_attributes":""}},{"_id":"dba0e9f","image":{"id":6642,"url":"https:\/\/wpecomus.com\/electronic\/wp-content\/uploads\/sites\/12\/2024\/12\/brand-3.png","alt":"","source":"library","size":""},"link":{"url":"","is_external":"","nofollow":"","custom_attributes":""}},{"_id":"f52b6c1","image":{"id":1379,"url":"https:\/\/wpecomus.com\/electronic\/wp-content\/uploads\/sites\/12\/2024\/06\/001fashion-brand-03.webp","alt":"","source":"library","size":""},"link":{"url":"","is_external":"","nofollow":"","custom_attributes":""}},{"_id":"e0d4224","image":{"id":1381,"url":"https:\/\/wpecomus.com\/electronic\/wp-content\/uploads\/sites\/12\/2024\/06\/001fashion-brand-05.webp","alt":"","source":"library","size":""},"link":{"url":"","is_external":"","nofollow":"","custom_attributes":""}},{"_id":"78a5e89","image":{"id":1380,"url":"https:\/\/wpecomus.com\/electronic\/wp-content\/uploads\/sites\/12\/2024\/06\/001fashion-brand-04.webp","alt":"","source":"library","size":""},"link":{"url":"","is_external":"","nofollow":"","custom_attributes":""}}],"slides_to_show_tablet":3,"slides_to_show_mobile":2,"navigation_classes_mobile":"dots","navigation_classes":"none","navigation_classes_tablet":"dots","border_radius":{"unit":"px","top":"20","right":"20","bottom":"20","left":"20","isLinked":true}},"elements":[],"isInner":false,"widgetType":"ecomus-image-carousel","elType":"widget"}],"isInner":false,"elType":"container"}],"page_settings":{"hide_page_header":"yes","content_top_spacing":"custom","content_top_padding":{"unit":"px","size":0,"sizes":[]},"content_bottom_spacing":"custom","content_bottom_padding":{"unit":"px","size":0,"sizes":[]}},"version":"0.4","title":"Home Headphone Library New","type":"page"}