{"content":[{"id":"125c6e24","settings":{"content_width":"full","padding":{"unit":"px","top":"0","right":"0","bottom":"0","left":"0","isLinked":false}},"elements":[{"id":"10c0106c","settings":{"slides":[{"title":"Special Editions","description":"Iconic brands and artists collection","button_text":"SHOP NOW","_id":"073af42","banner_background_img":{"id":6717,"url":"https:\/\/wpecomus.com\/socks\/wp-content\/uploads\/sites\/22\/2024\/12\/home-socks-slide-1.jpg","alt":"","source":"library","size":""},"background_position_x_tablet":{"unit":"%","size":-7,"sizes":[]},"background_position_mobile":"initial","background_position_x_mobile":{"unit":"%","size":47,"sizes":[]},"button_icon":{"value":{"url":"https:\/\/raw.githubusercontent.com\/drfuri\/demo-content\/main\/ecomus\/fashion\/images\/arrow-right.svg","id":2722},"library":"svg"},"button_icon_align":"right","banner_background_img_mobile":{"url":"https:\/\/wpecomus.com\/socks\/wp-content\/uploads\/sites\/22\/2024\/11\/home-socks-slide-mobile-1.jpg","id":6532,"size":"","alt":"","source":"library"},"button_link":{"url":"https:\/\/wpecomus.com\/socks\/product-category\/special-editions\/","is_external":"","nofollow":"","custom_attributes":""},"background_position":"center center","background_position_tablet":"center center"},{"title":"Our Favorite Socks","description":"Iconic brands and favorite collection","button_text":"SHOP NOW","_id":"77c2de2","banner_background_img":{"id":6530,"url":"https:\/\/wpecomus.com\/socks\/wp-content\/uploads\/sites\/22\/2024\/11\/home-socks-slide-2-scaled.jpg","alt":"","source":"library","size":""},"background_position_x_tablet":{"unit":"%","size":50,"sizes":[]},"background_position_mobile":"initial","background_position_x_mobile":{"unit":"%","size":52,"sizes":[]},"button_icon":{"value":{"url":"https:\/\/raw.githubusercontent.com\/drfuri\/demo-content\/main\/ecomus\/fashion\/images\/arrow-right.svg","id":2722},"library":"svg"},"button_icon_align":"right","banner_background_img_mobile":{"url":"https:\/\/wpecomus.com\/socks\/wp-content\/uploads\/sites\/22\/2024\/11\/home-socks-slide-mobile-2.jpg","id":6533,"size":"","alt":"","source":"library"},"button_link":{"url":"https:\/\/wpecomus.com\/socks\/product-category\/favorite-socks\/","is_external":"","nofollow":"","custom_attributes":""},"background_position":"center center","background_position_tablet":"center center"},{"title":"Sock Editions","description":"Iconic brands and sock collection","button_text":"SHOP NOW","_id":"6a5613f","banner_background_img":{"id":6718,"url":"https:\/\/wpecomus.com\/socks\/wp-content\/uploads\/sites\/22\/2024\/12\/home-socks-slide-3-scaled.jpg","alt":"","source":"library","size":""},"background_position_x_tablet":{"unit":"%","size":45,"sizes":[]},"background_position_mobile":"initial","background_position_x_mobile":{"unit":"%","size":54,"sizes":[]},"button_icon":{"value":{"url":"https:\/\/raw.githubusercontent.com\/drfuri\/demo-content\/main\/ecomus\/fashion\/images\/arrow-right.svg","id":2722},"library":"svg"},"button_icon_align":"right","banner_background_img_mobile":{"url":"https:\/\/wpecomus.com\/socks\/wp-content\/uploads\/sites\/22\/2024\/11\/home-socks-slide-mobile-3-scaled.jpg","id":6534,"size":"","alt":"","source":"library"},"button_link":{"url":"https:\/\/wpecomus.com\/socks\/product-category\/sock-editions\/","is_external":"","nofollow":"","custom_attributes":""},"background_position":"center center","background_position_tablet":"center center"}],"slides_height":{"unit":"px","size":810,"sizes":[]},"navigation_classes":"dots","slides_height_tablet":{"unit":"px","size":435,"sizes":[]},"slides_height_mobile":{"unit":"px","size":300,"sizes":[]},"navigation_classes_tablet":"dots","navigation_classes_mobile":"dots","dots_type":"background","button_icon_indent_mobile":{"unit":"px","size":5,"sizes":[]},"button_icon_padding_mobile":{"unit":"px","top":"2","right":"0","bottom":"0","left":"0","isLinked":false},"autoplay_speed":7000,"title_typography_typography":"custom","title_typography_font_size":{"unit":"px","size":68,"sizes":[]},"title_typography_font_weight":"400","description_typography_typography":"custom","description_typography_font_weight":"400","button_padding":{"unit":"px","top":"17","right":"30","bottom":"15","left":"30","isLinked":false},"button_typography_typography":"custom","button_typography_font_size":{"unit":"px","size":14,"sizes":[]},"button_typography_font_weight":"600","button_typography_letter_spacing":{"unit":"px","size":2,"sizes":[]},"button_background_color":"#FCF151","button_text_color":"#000000","button_border_color":"#000000","button_background_hover_color":"#FCF151","hover_color":"#000000","button_background_effect_hover_color":"#00000040","title_typography_font_size_tablet":{"unit":"px","size":50,"sizes":[]},"title_typography_font_size_mobile":{"unit":"px","size":32,"sizes":[]},"description_typography_font_size_mobile":{"unit":"px","size":14,"sizes":[]},"description_spacing_mobile":{"unit":"px","size":18,"sizes":[]},"button_padding_mobile":{"unit":"px","top":"12","right":"24","bottom":"10","left":"24","isLinked":false},"dots_gap_mobile":{"unit":"px","size":2,"sizes":[]},"dots_spacing_mobile":{"unit":"px","size":15,"sizes":[]},"dot_align_mobile":"center"},"elements":[],"isInner":false,"widgetType":"ecomus-slides","elType":"widget"}],"isInner":false,"elType":"container"},{"id":"7dd866a9","settings":{"content_width":"full","padding":{"unit":"px","top":"53","right":"0","bottom":"43","left":"0","isLinked":false},"padding_mobile":{"unit":"px","top":"30","right":"0","bottom":"26","left":"0","isLinked":false}},"elements":[{"id":"7736cc9b","settings":{"items":[{"text":"Up to 60% off and free shipping!","_id":"dda73cf","icon":{"value":{"url":"https:\/\/wpecomus.com\/socks\/wp-content\/uploads\/sites\/22\/2024\/11\/lightning-marquee.svg","id":6541},"library":"svg"},"image":{"id":"","url":"https:\/\/wpecomus.com\/socks\/wp-content\/plugins\/elementor\/assets\/images\/placeholder.png"}},{"text":"Prime time to buy one get one free","icon":{"value":{"url":"https:\/\/wpecomus.com\/socks\/wp-content\/uploads\/sites\/22\/2024\/11\/lightning-marquee.svg","id":6541},"library":"svg"},"image":{"id":"","url":"https:\/\/wpecomus.com\/socks\/wp-content\/plugins\/elementor\/assets\/images\/placeholder.png"},"_id":"c7649aa"}],"speed":0.2,"icon_color":"#000000","gap":{"unit":"px","size":58,"sizes":[]},"background_color":"#FFFFFF","icon_size":{"unit":"px","size":50,"sizes":[]},"spacing":{"unit":"px","size":58,"sizes":[]},"text_typography_typography":"custom","text_typography_font_size":{"unit":"px","size":52,"sizes":[]},"text_typography_font_weight":"400","gap_tablet":{"unit":"px","size":40,"sizes":[]},"spacing_tablet":{"unit":"px","size":40,"sizes":[]},"text_typography_font_size_tablet":{"unit":"px","size":40,"sizes":[]},"icon_size_mobile":{"unit":"px","size":35,"sizes":[]},"text_typography_font_size_mobile":{"unit":"px","size":24,"sizes":[]}},"elements":[],"isInner":false,"widgetType":"ecomus-marquee","elType":"widget"}],"isInner":false,"elType":"container"},{"id":"77f4d131","settings":[],"elements":[{"id":"64f3b6a","settings":{"icons_box":[{"icon":{"value":"","library":""},"title":"Huge Selection","description":"With over 1,600 fun sock styles, our <a class=\"em-button em-button-subtle em-font-normal em-color-dark\" href=\"https:\/\/wpecomus.com\/socks\/shop\/\" style=\"font-size: inherit\">sock\nselection<\/a> is unmatched!","_id":"78c4a44","image":{"id":6512,"url":"https:\/\/wpecomus.com\/socks\/wp-content\/uploads\/sites\/22\/2024\/11\/placeholder.png"}},{"icon":{"value":"","library":""},"title":"Perfect Gift","description":"Every order arrives wrapped in a\ncute friendly mailer to look like a present","_id":"b91c917","image":{"id":6513,"url":"https:\/\/wpecomus.com\/socks\/wp-content\/uploads\/sites\/22\/2024\/11\/placeholder-1.png"}},{"icon":{"value":"","library":""},"title":"Pay Your Way","description":"We accept all major credit cards and offer\ninstallments through Shop Pay.","_id":"93afb1c","image":{"id":6514,"url":"https:\/\/wpecomus.com\/socks\/wp-content\/uploads\/sites\/22\/2024\/11\/placeholder-2.png"}}],"alignment":"center","content_padding":{"unit":"px","top":"0","right":"30","bottom":"0","left":"30","isLinked":false},"title_color":"#000000","title_typography_typography":"custom","title_typography_font_size":{"unit":"px","size":42,"sizes":[]},"title_typography_font_weight":"400","title_spacing":{"unit":"px","size":10,"sizes":[]},"description_color":"#000000","description_typography_typography":"custom","description_typography_font_size":{"unit":"px","size":18,"sizes":[]},"description_typography_font_weight":"400","_padding":{"unit":"px","top":"82","right":"0","bottom":"98","left":"0","isLinked":false},"_background_background":"classic","_background_color":"#FCF151","title_typography_font_size_tablet":{"unit":"px","size":28,"sizes":[]},"description_typography_font_size_tablet":{"unit":"px","size":14,"sizes":[]},"navigation_classes_tablet":"dots","title_typography_font_size_mobile":{"unit":"px","size":21,"sizes":[]},"dots_spacing_mobile":{"unit":"px","size":15,"sizes":[]},"_padding_mobile":{"unit":"px","top":"58","right":"0","bottom":"070","left":"0","isLinked":false},"_padding_tablet":{"unit":"px","top":"60","right":"0","bottom":"75","left":"0","isLinked":false}},"elements":[],"isInner":false,"widgetType":"ecomus-icon-box-carousel","elType":"widget"}],"isInner":false,"elType":"container"},{"id":"652e89c1","settings":{"flex_direction":"row","flex_gap":{"unit":"px","size":30,"column":"30","row":"30","isLinked":true},"flex_gap_mobile":{"column":"15","row":"15","isLinked":true,"unit":"px","size":15},"mobile_column_alignment":"column_md","padding":{"unit":"px","top":"30","right":"0","bottom":"30","left":"0","isLinked":false},"padding_mobile":{"unit":"px","top":"20","right":"0","bottom":"20","left":"0","isLinked":false}},"elements":[{"id":"7c0b45db","settings":{"flex_direction":"column","content_width":"full","width":{"unit":"%","size":"50"}},"elements":[{"id":"306b490","settings":{"image":{"id":6545,"url":"https:\/\/wpecomus.com\/socks\/wp-content\/uploads\/sites\/22\/2024\/11\/home-socks-banner-1.jpg","alt":"","source":"library","size":""},"title":"UP TO 30% OFF","title_size":"div","sub_title":"Beachwear on Sale","button_text":"Shop now","button_link_type":"only","height":{"unit":"px","size":700,"sizes":[]},"height_tablet":{"unit":"px","size":500,"sizes":[]},"text_align":"center","border_radius":{"unit":"px","top":"0","right":"0","bottom":"0","left":"0","isLinked":false},"title_typography_typography":"custom","title_typography_font_size":{"unit":"px","size":14,"sizes":[]},"title_typography_font_weight":"700","title_typography_text_transform":"uppercase","title_color":"#FFFFFF","title_margin":{"unit":"px","top":"0","right":"0","bottom":"23","left":"0","isLinked":false},"sub_title_typography_typography":"custom","sub_title_typography_font_size":{"unit":"px","size":28,"sizes":[]},"sub_title_typography_font_size_tablet":{"unit":"px","size":20,"sizes":[]},"sub_title_typography_font_weight":"400","sub_title_color":"#FFFFFF","button_margin_tablet":{"unit":"px","top":"0","right":"0","bottom":"30","left":"0","isLinked":false},"content_width":"full","height_mobile":{"unit":"px","size":300,"sizes":[]},"button_margin":{"unit":"px","top":"0","right":"0","bottom":"80","left":"0","isLinked":false},"button_margin_mobile":{"unit":"px","top":"0","right":"0","bottom":"20","left":"0","isLinked":false},"button_style":"","button_padding":{"unit":"px","top":"14","right":"24","bottom":"12","left":"24","isLinked":false},"button_typography_typography":"custom","button_typography_font_size":{"unit":"px","size":14,"sizes":[]},"button_typography_font_weight":"600","button_typography_text_transform":"uppercase","button_typography_letter_spacing":{"unit":"px","size":2,"sizes":[]},"button_background_color":"#C7FCFF","button_text_color":"#000000","button_border_color":"#000000","button_background_hover_color":"#C7FCFF","hover_color":"#000000","button_hover_border_color":"#000000","button_background_effect_hover_color":"#00000040","title_margin_mobile":{"unit":"px","top":"0","right":"0","bottom":"0","left":"0","isLinked":false},"sub_title_typography_font_size_mobile":{"unit":"px","size":18,"sizes":[]},"sub_title_margin_mobile":{"unit":"px","top":"0","right":"0","bottom":"10","left":"0","isLinked":false},"description_typography_typography":"custom","button_padding_mobile":{"unit":"px","top":"12","right":"24","bottom":"10","left":"24","isLinked":false},"button_link":{"url":"https:\/\/wpecomus.com\/socks\/product-category\/beachwear\/","is_external":"","nofollow":"","custom_attributes":""}},"elements":[],"isInner":false,"widgetType":"ecomus-banner","elType":"widget"}],"isInner":true,"elType":"container"},{"id":"23064d7f","settings":{"flex_direction":"column","content_width":"full","width":{"unit":"%","size":"50"}},"elements":[{"id":"40176c6d","settings":{"image":{"id":6546,"url":"https:\/\/wpecomus.com\/socks\/wp-content\/uploads\/sites\/22\/2024\/11\/home-socks-banner-2.jpg","alt":"","source":"library","size":""},"title":"UP TO 30% OFF","title_size":"div","sub_title":"Low Socks on Sale","button_text":"Shop now","button_link_type":"only","height":{"unit":"px","size":700,"sizes":[]},"height_tablet":{"unit":"px","size":500,"sizes":[]},"text_align":"center","border_radius":{"unit":"px","top":"0","right":"0","bottom":"0","left":"0","isLinked":false},"title_typography_typography":"custom","title_typography_font_size":{"unit":"px","size":14,"sizes":[]},"title_typography_font_weight":"700","title_typography_text_transform":"uppercase","title_color":"#FFFFFF","title_margin":{"unit":"px","top":"0","right":"0","bottom":"23","left":"0","isLinked":false},"sub_title_typography_typography":"custom","sub_title_typography_font_size":{"unit":"px","size":28,"sizes":[]},"sub_title_typography_font_size_tablet":{"unit":"px","size":20,"sizes":[]},"sub_title_typography_font_weight":"400","sub_title_color":"#FFFFFF","button_margin_tablet":{"unit":"px","top":"0","right":"0","bottom":"30","left":"0","isLinked":false},"content_width":"full","height_mobile":{"unit":"px","size":300,"sizes":[]},"button_margin":{"unit":"px","top":"0","right":"0","bottom":"80","left":"0","isLinked":false},"button_margin_mobile":{"unit":"px","top":"0","right":"0","bottom":"20","left":"0","isLinked":false},"button_style":"","button_padding":{"unit":"px","top":"14","right":"24","bottom":"12","left":"24","isLinked":false},"button_typography_typography":"custom","button_typography_font_size":{"unit":"px","size":14,"sizes":[]},"button_typography_font_weight":"600","button_typography_text_transform":"uppercase","button_typography_letter_spacing":{"unit":"px","size":2,"sizes":[]},"button_background_color":"#FFB1D2","button_text_color":"#000000","button_border_color":"#000000","button_background_hover_color":"#FFB1D2","hover_color":"#000000","button_hover_border_color":"#000000","button_background_effect_hover_color":"#00000040","title_margin_mobile":{"unit":"px","top":"0","right":"0","bottom":"0","left":"0","isLinked":true},"sub_title_typography_font_size_mobile":{"unit":"px","size":18,"sizes":[]},"sub_title_margin_mobile":{"unit":"px","top":"0","right":"0","bottom":"10","left":"0","isLinked":false},"button_padding_mobile":{"unit":"px","top":"12","right":"24","bottom":"10","left":"24","isLinked":false},"button_link":{"url":"https:\/\/wpecomus.com\/socks\/product-category\/low-socks\/","is_external":"","nofollow":"","custom_attributes":""}},"elements":[],"isInner":false,"widgetType":"ecomus-banner","elType":"widget"}],"isInner":true,"elType":"container"}],"isInner":false,"elType":"container"},{"id":"1c031219","settings":{"padding":{"unit":"px","top":"60","right":"0","bottom":"90","left":"0","isLinked":false},"padding_mobile":{"unit":"px","top":"45","right":"0","bottom":"50","left":"0","isLinked":false}},"elements":[{"id":"2c0394b7","settings":{"title":"Summer Styles","title_size":"h4","align":"center","image":{"url":"","id":"","size":"","alt":"","source":"library"},"icon_spacing":{"unit":"px","size":17,"sizes":[]},"_padding":{"unit":"px","top":"0","right":"0","bottom":"44","left":"0","isLinked":false},"typography_typography":"custom","typography_font_size_tablet":{"unit":"px","size":32,"sizes":[]},"icon_size_tablet":{"unit":"px","size":40,"sizes":[]},"typography_font_size_mobile":{"unit":"px","size":22,"sizes":[]},"_padding_mobile":{"unit":"px","top":"0","right":"0","bottom":"10","left":"0","isLinked":false},"icon":{"value":{"url":"https:\/\/wpecomus.com\/socks\/wp-content\/uploads\/sites\/22\/2024\/11\/heading-sun.svg","id":6554},"library":"svg"},"_padding_tablet":{"unit":"px","top":"0","right":"0","bottom":"24","left":"0","isLinked":false}},"elements":[],"isInner":false,"widgetType":"ecomus-heading","elType":"widget"},{"id":"7ba64d5e","settings":{"content_width":"full","slides_to_scroll":4,"slides_to_show_tablet":3,"slides_to_show_mobile":2,"slides_to_scroll_tablet":3,"slides_to_scroll_mobile":2,"image_spacing_custom_mobile":15,"dots_gap_tablet":{"unit":"px","size":2,"sizes":[]},"dot_item_color":"#D4D4D4","dot_item_active_color":"#0F0F0F","heading":"This is the heading","navigation_classes_tablet":"dots","navigation_classes_mobile":"dots","arrows_vertical_spacing":{"unit":"%","size":"","sizes":[]},"arrows_vertical_spacing_tablet":{"unit":"%","size":"","sizes":[]},"arrows_vertical_spacing_mobile":{"unit":"%","size":"","sizes":[]},"arrows_show":"1","arrows_type":"outline","arrows_horizontal_spacing":{"unit":"px","size":-82,"sizes":[]},"product_image_border_radius_tablet":{"unit":"px","top":"0","right":"0","bottom":"0","left":"0","isLinked":true},"hide_rating":"none","alignment":"center","product_image_border_border":"solid","product_image_border_width":{"unit":"px","top":"1","right":"1","bottom":"1","left":"1","isLinked":true},"product_image_border_color":"#EBEBEB","product_summary_padding":{"unit":"px","top":"15","right":"0","bottom":"0","left":"0","isLinked":false},"arrows_bgcolor":"#FFFFFF","arrows_border_color":"#000000","arrows_disable_bgcolor":"#FFFFFF","arrows_disable_border_color":"#00000024"},"elements":[],"isInner":false,"widgetType":"ecomus-products-carousel","elType":"widget"}],"isInner":false,"elType":"container"},{"id":"76015b65","settings":{"flex_gap":{"column":"15","row":"15","isLinked":true,"unit":"px","size":15},"background_background":"classic","background_image":{"id":6551,"url":"https:\/\/wpecomus.com\/socks\/wp-content\/uploads\/sites\/22\/2024\/11\/home-socks-bg-scaled.jpg","alt":"","source":"library","size":""},"background_position":"center center","background_repeat":"no-repeat","background_size":"cover","padding":{"unit":"px","top":"215","right":"0","bottom":"216","left":"0","isLinked":false},"padding_tablet":{"unit":"px","top":"55","right":"0","bottom":"56","left":"0","isLinked":false},"padding_mobile":{"unit":"px","top":"35","right":"0","bottom":"35","left":"0","isLinked":false}},"elements":[{"id":"522a107d","settings":{"title":"FOR EVERYONE, EVERYDAY","title_size":"h6","typography_typography":"custom","typography_font_size":{"unit":"px","size":14,"sizes":[]},"typography_font_weight":"600","typography_letter_spacing":{"unit":"px","size":2,"sizes":[]},"align_mobile":"center"},"elements":[],"isInner":false,"widgetType":"ecomus-heading","elType":"widget"},{"id":"32d7ed68","settings":{"title":"Made sustainably.","typography_typography":"custom","_padding":{"unit":"px","top":"0","right":"0","bottom":"10","left":"0","isLinked":false},"typography_font_size_tablet":{"unit":"px","size":50,"sizes":[]},"align_mobile":"center","typography_font_size_mobile":{"unit":"px","size":32,"sizes":[]},"_padding_mobile":{"unit":"px","top":"0","right":"0","bottom":"0","left":"0","isLinked":false}},"elements":[],"isInner":false,"widgetType":"ecomus-heading","elType":"widget"},{"id":"1ec29f59","settings":{"title":"Our versatile socks are made with an earth-friendly blend of<br> organic and recycled materials.","title_size":"p","title_color":"#000000","typography_typography":"custom","typography_font_size":{"unit":"px","size":18,"sizes":[]},"typography_font_weight":"400","_padding":{"unit":"px","top":"0","right":"0","bottom":"17","left":"0","isLinked":false},"align_mobile":"center","alignment_mobile":"center","_padding_mobile":{"unit":"px","top":"0","right":"20","bottom":"7","left":"20","isLinked":false}},"elements":[],"isInner":false,"widgetType":"ecomus-heading","elType":"widget"},{"id":"b6cd466","settings":{"button_text":"Shop Now","button_padding":{"unit":"px","top":"17","right":"30","bottom":"15","left":"30","isLinked":false},"button_typography_typography":"custom","button_typography_font_size":{"unit":"px","size":14,"sizes":[]},"button_typography_font_weight":"600","button_typography_text_transform":"uppercase","button_typography_letter_spacing":{"unit":"px","size":2,"sizes":[]},"button_background_color":"#C1FB9B","button_text_color":"#000000","button_border_color":"#000000","button_background_hover_color":"#C1FB9B","hover_color":"#000000","button_hover_border_color":"#000000","button_background_effect_hover_color":"#00000040","align_mobile":"center","button_padding_mobile":{"unit":"px","top":"12","right":"24","bottom":"10","left":"24","isLinked":false},"button_link":{"url":"https:\/\/wpecomus.com\/socks\/product-category\/made-sustainably\/","is_external":"","nofollow":"","custom_attributes":""}},"elements":[],"isInner":false,"widgetType":"ecomus-button","elType":"widget"}],"isInner":false,"elType":"container"},{"id":"2539d9c8","settings":{"background_background":"classic","background_color":"#A6E57C","padding":{"unit":"px","top":"100","right":"0","bottom":"87","left":"0","isLinked":false},"padding_tablet":{"unit":"px","top":"85","right":"0","bottom":"50","left":"0","isLinked":false},"padding_mobile":{"unit":"px","top":"70","right":"0","bottom":"30","left":"0","isLinked":false}},"elements":[{"id":"53b41d80","settings":{"title":"Styles that are hot right now","title_size":"h4","align":"center","image":{"url":"","id":"","size":"","alt":"","source":"library"},"icon_spacing":{"unit":"px","size":7,"sizes":[]},"typography_typography":"custom","typography_font_size_tablet":{"unit":"px","size":32,"sizes":[]},"alignment_mobile":"center","typography_font_size_mobile":{"unit":"px","size":22,"sizes":[]}},"elements":[],"isInner":false,"widgetType":"ecomus-heading","elType":"widget"}],"isInner":false,"elType":"container"},{"id":"3e6a7e4c","settings":{"container_type":"grid","grid_columns_grid":{"unit":"fr","size":"2"},"grid_rows_grid":{"unit":"fr","size":"2"},"grid_rows_grid_mobile":{"unit":"fr","size":"2"},"background_background":"classic","background_color":"#A6E57C","padding":{"unit":"px","top":"0","right":"0","bottom":"100","left":"0","isLinked":false},"grid_gaps_tablet":{"column":"15","row":"15","isLinked":true,"unit":"px"},"padding_tablet":{"unit":"px","top":"0","right":"0","bottom":"80","left":"0","isLinked":false},"padding_mobile":{"unit":"px","top":"0","right":"0","bottom":"70","left":"0","isLinked":false},"grid_gaps":{"column":"30","row":"30","isLinked":true,"unit":"px"}},"elements":[{"id":"1b1b7caa","settings":{"image":{"id":6547,"url":"https:\/\/wpecomus.com\/socks\/wp-content\/uploads\/sites\/22\/2024\/11\/home-socks-banner-3.jpg","alt":"","source":"library","size":""},"title":"","height":{"unit":"px","size":480,"sizes":[]},"button_text":"BEST SELLERS","show_button_icon":"hover","vertical_position":"middle","text_align":"center","button_style":"","button_padding":{"unit":"px","top":"16","right":"30","bottom":"14","left":"30","isLinked":false},"button_typography_typography":"custom","button_typography_font_size":{"unit":"px","size":14,"sizes":[]},"button_typography_font_weight":"600","button_typography_text_transform":"uppercase","button_background_color":"#FFFFFF","button_text_color":"#000000","button_border_color":"#000000","button_background_hover_color":"#FFFFFF","hover_color":"#000000","button_hover_border_color":"#000000","button_background_effect_hover_color":"#00000040","text":"","border_radius":{"unit":"px","top":"0","right":"0","bottom":"0","left":"0","isLinked":true},"height_tablet":{"unit":"px","size":390,"sizes":[]},"height_mobile":{"unit":"px","size":250,"sizes":[]},"button_padding_mobile":{"unit":"px","top":"12","right":"24","bottom":"10","left":"24","isLinked":false},"button_link":{"url":"https:\/\/wpecomus.com\/socks\/product-category\/special-editions\/","is_external":"","nofollow":"","custom_attributes":""},"button_margin":{"unit":"px","top":"0","right":"0","bottom":"0","left":"0","isLinked":true}},"elements":[],"isInner":false,"widgetType":"ecomus-banner","elType":"widget"},{"id":"48733020","settings":{"image":{"id":6548,"url":"https:\/\/wpecomus.com\/socks\/wp-content\/uploads\/sites\/22\/2024\/11\/home-socks-banner-4.jpg","alt":"","source":"library","size":""},"title":"","height":{"unit":"px","size":480,"sizes":[]},"button_text":"SOCKS FOR WOMEN","show_button_icon":"hover","vertical_position":"middle","text_align":"center","button_style":"","button_padding":{"unit":"px","top":"16","right":"30","bottom":"14","left":"30","isLinked":false},"button_typography_typography":"custom","button_typography_font_size":{"unit":"px","size":14,"sizes":[]},"button_typography_font_weight":"600","button_typography_text_transform":"uppercase","button_background_color":"#FFFFFF","button_text_color":"#000000","button_border_color":"#000000","button_background_hover_color":"#FFFFFF","hover_color":"#000000","button_hover_border_color":"#000000","button_background_effect_hover_color":"#00000040","text":"","border_radius":{"unit":"px","top":"0","right":"0","bottom":"0","left":"0","isLinked":true},"height_tablet":{"unit":"px","size":390,"sizes":[]},"height_mobile":{"unit":"px","size":250,"sizes":[]},"button_padding_mobile":{"unit":"px","top":"12","right":"24","bottom":"10","left":"24","isLinked":false},"button_link":{"url":"https:\/\/wpecomus.com\/socks\/product-category\/sock-editions\/","is_external":"","nofollow":"","custom_attributes":""},"button_margin":{"unit":"px","top":"0","right":"0","bottom":"0","left":"0","isLinked":true}},"elements":[],"isInner":false,"widgetType":"ecomus-banner","elType":"widget"},{"id":"75cd56f3","settings":{"image":{"id":6549,"url":"https:\/\/wpecomus.com\/socks\/wp-content\/uploads\/sites\/22\/2024\/11\/home-socks-banner-5.jpg","alt":"","source":"library","size":""},"title":"","height":{"unit":"px","size":480,"sizes":[]},"button_text":"SOCKS FOR MEN","show_button_icon":"hover","vertical_position":"middle","text_align":"center","button_style":"","button_padding":{"unit":"px","top":"16","right":"30","bottom":"14","left":"30","isLinked":false},"button_typography_typography":"custom","button_typography_font_size":{"unit":"px","size":14,"sizes":[]},"button_typography_font_weight":"600","button_typography_text_transform":"uppercase","button_background_color":"#FFFFFF","button_text_color":"#000000","button_border_color":"#000000","button_background_hover_color":"#FFFFFF","hover_color":"#000000","button_hover_border_color":"#000000","button_background_effect_hover_color":"#00000040","text":"","border_radius":{"unit":"px","top":"0","right":"0","bottom":"0","left":"0","isLinked":true},"height_tablet":{"unit":"px","size":390,"sizes":[]},"height_mobile":{"unit":"px","size":250,"sizes":[]},"button_padding_mobile":{"unit":"px","top":"12","right":"24","bottom":"10","left":"24","isLinked":false},"button_link":{"url":"https:\/\/wpecomus.com\/socks\/product-category\/low-socks\/","is_external":"","nofollow":"","custom_attributes":""},"button_margin":{"unit":"px","top":"0","right":"0","bottom":"0","left":"0","isLinked":true}},"elements":[],"isInner":false,"widgetType":"ecomus-banner","elType":"widget"},{"id":"1390b078","settings":{"image":{"id":6550,"url":"https:\/\/wpecomus.com\/socks\/wp-content\/uploads\/sites\/22\/2024\/11\/home-socks-banner-6.jpg","alt":"","source":"library","size":""},"title":"","height":{"unit":"px","size":480,"sizes":[]},"button_text":"FUN KIDS SOCKS","show_button_icon":"hover","vertical_position":"middle","text_align":"center","button_style":"","button_padding":{"unit":"px","top":"16","right":"30","bottom":"14","left":"30","isLinked":false},"button_typography_typography":"custom","button_typography_font_size":{"unit":"px","size":14,"sizes":[]},"button_typography_font_weight":"600","button_typography_text_transform":"uppercase","button_background_color":"#FFFFFF","button_text_color":"#000000","button_border_color":"#000000","button_background_hover_color":"#FFFFFF","hover_color":"#000000","button_hover_border_color":"#000000","button_background_effect_hover_color":"#00000040","text":"","border_radius":{"unit":"px","top":"0","right":"0","bottom":"0","left":"0","isLinked":true},"height_tablet":{"unit":"px","size":390,"sizes":[]},"height_mobile":{"unit":"px","size":250,"sizes":[]},"button_padding_mobile":{"unit":"px","top":"12","right":"24","bottom":"10","left":"24","isLinked":false},"button_link":{"url":"https:\/\/wpecomus.com\/socks\/product-category\/favorite-socks\/","is_external":"","nofollow":"","custom_attributes":""},"button_margin":{"unit":"px","top":"0","right":"0","bottom":"0","left":"0","isLinked":true}},"elements":[],"isInner":false,"widgetType":"ecomus-banner","elType":"widget"}],"isInner":false,"elType":"container"},{"id":"218e197","settings":{"padding":{"unit":"px","top":"102","right":"0","bottom":"75","left":"0","isLinked":false},"padding_tablet":{"unit":"px","top":"83","right":"0","bottom":"60","left":"0","isLinked":false},"padding_mobile":{"unit":"px","top":"65","right":"0","bottom":"47","left":"0","isLinked":false}},"elements":[{"id":"7cba11a4","settings":{"title":"Our Favorite Socks","title_size":"h4","align":"center","image":{"url":"","id":"","size":"","alt":"","source":"library"},"icon_spacing":{"unit":"px","size":17,"sizes":[]},"_padding":{"unit":"px","top":"0","right":"0","bottom":"44","left":"0","isLinked":false},"typography_typography":"custom","typography_font_size_tablet":{"unit":"px","size":32,"sizes":[]},"icon_size_tablet":{"unit":"px","size":40,"sizes":[]},"_padding_tablet":{"unit":"px","top":"0","right":"0","bottom":"24","left":"0","isLinked":false},"alignment_mobile":"center","typography_font_size_mobile":{"unit":"px","size":22,"sizes":[]},"_padding_mobile":{"unit":"px","top":"0","right":"0","bottom":"10","left":"0","isLinked":false},"icon":{"value":{"url":"https:\/\/wpecomus.com\/socks\/wp-content\/uploads\/sites\/22\/2024\/11\/heading-heart.svg","id":6552},"library":"svg"}},"elements":[],"isInner":false,"widgetType":"ecomus-heading","elType":"widget"},{"id":"490392b5","settings":{"content_width":"full","slides_to_scroll":4,"slides_to_show_tablet":3,"slides_to_show_mobile":2,"slides_to_scroll_tablet":3,"slides_to_scroll_mobile":2,"image_spacing_custom_mobile":15,"dots_gap_tablet":{"unit":"px","size":2,"sizes":[]},"dot_item_color":"#D4D4D4","dot_item_active_color":"#0F0F0F","heading":"This is the heading","navigation_classes_tablet":"dots","navigation_classes_mobile":"dots","arrows_vertical_spacing":{"unit":"%","size":"","sizes":[]},"arrows_vertical_spacing_tablet":{"unit":"%","size":"","sizes":[]},"arrows_vertical_spacing_mobile":{"unit":"%","size":"","sizes":[]},"arrows_show":"1","arrows_type":"outline","arrows_horizontal_spacing":{"unit":"px","size":-82,"sizes":[]},"product_image_border_radius_tablet":{"unit":"px","top":"0","right":"0","bottom":"0","left":"0","isLinked":true},"type":"featured_products","orderby":"title","hide_rating":"none","alignment":"center","product_image_border_border":"solid","product_image_border_width":{"unit":"px","top":"1","right":"1","bottom":"1","left":"1","isLinked":true},"product_image_border_color":"#EBEBEB","product_summary_padding":{"unit":"px","top":"15","right":"0","bottom":"0","left":"0","isLinked":false},"arrows_bgcolor":"#FFFFFF","arrows_border_color":"#000000","arrows_disable_bgcolor":"#FFFFFFF5","arrows_disable_border_color":"#00000024"},"elements":[],"isInner":false,"widgetType":"ecomus-products-carousel","elType":"widget"}],"isInner":false,"elType":"container"},{"id":"4a8f1604","settings":{"flex_gap":{"column":"","row":"","isLinked":true,"unit":"px","size":null},"border_border":"solid","border_width":{"unit":"px","top":"0","right":"0","bottom":"1","left":"0","isLinked":false},"border_color":"#EBEBEB","padding":{"unit":"px","top":"90","right":"0","bottom":"100","left":"0","isLinked":false},"background_background":"classic","background_color":"#FCF151","padding_tablet":{"unit":"px","top":"75","right":"0","bottom":"80","left":"0","isLinked":false},"flex_gap_mobile":{"column":"35","row":"35","isLinked":true,"unit":"px","size":35},"padding_mobile":{"unit":"px","top":"35","right":"0","bottom":"35","left":"0","isLinked":false}},"elements":[{"id":"1f1d4b0a","settings":{"content_width":"full","title":"See what our other sock lovers think","title_size":"h4","align":"center","icon_spacing":{"unit":"px","size":7,"sizes":[]},"typography_typography":"custom","typography_font_size_tablet":{"unit":"px","size":32,"sizes":[]},"alignment_mobile":"center","typography_font_size_mobile":{"unit":"px","size":22,"sizes":[]},"_padding":{"unit":"px","top":"0","right":"0","bottom":"83","left":"0","isLinked":false},"_padding_tablet":{"unit":"px","top":"0","right":"0","bottom":"25","left":"0","isLinked":false},"_padding_mobile":{"unit":"px","top":"0","right":"0","bottom":"0","left":"0","isLinked":true}},"elements":[],"isInner":false,"widgetType":"ecomus-heading","elType":"widget"},{"id":"50556313","settings":{"testimonials":[{"testimonial_name":"Robert Smith","_id":"060ec67","testimonial_title":"","testimonial_content":"\u201cI always find something stylish and affordable on this web fashion site\u201d","testimonial_text":"Customer from USA","testimonial_product_id":6595,"image":{"id":6555,"url":"https:\/\/wpecomus.com\/socks\/wp-content\/uploads\/sites\/22\/2024\/11\/home-socks-test-1.jpg","alt":"","source":"library","size":""}},{"testimonial_name":"Allen Lyn","testimonial_title":"","testimonial_content":"\"I love the variety of styles and the high-quality clothing on this web fashion site.\"","testimonial_text":"Customer from France","testimonial_product_id":6599,"_id":"ecea334","image":{"id":6556,"url":"https:\/\/wpecomus.com\/socks\/wp-content\/uploads\/sites\/22\/2024\/11\/home-socks-test-2.jpg","alt":"","source":"library","size":""}},{"testimonial_name":"Peter Rope","testimonial_title":"","testimonial_content":"\"I've been using this product for a few weeks now, and I'm so impressed!\"","testimonial_text":"Customer from USA","testimonial_product_id":6594,"_id":"19e023e","image":{"id":6559,"url":"https:\/\/wpecomus.com\/socks\/wp-content\/uploads\/sites\/22\/2024\/11\/home-socks-instagram-2.jpg","alt":"","source":"library","size":""}}],"navigation_classes_tablet":"dots","navigation_classes_mobile":"dots","image_spacing_custom_mobile":15,"content_width":"full","slides_to_show_tablet":2,"slides_to_show_mobile":1,"slides_to_scroll_tablet":2,"slides_to_scroll_mobile":1,"slides_to_show":2,"arrows_show":"1","item_padding":{"unit":"px","top":"0","right":"0","bottom":"0","left":"0","isLinked":true},"item_border_border":"none","image_border_radius":{"unit":"px","top":"0","right":"0","bottom":"0","left":"0","isLinked":true},"rating_color":"#212529","product_border_border":"solid","product_border_width":{"unit":"px","top":"1","right":"0","bottom":"0","left":"0","isLinked":false},"product_border_color":"#000000","rating_margin_mobile":{"unit":"px","top":"0","right":"0","bottom":"10","left":"0","isLinked":false},"title_typography_typography":"custom","title_typography_font_size_tablet":{"unit":"px","size":0,"sizes":[]},"title_spacing_tablet":{"unit":"px","size":0,"sizes":[]},"content_typography_typography":"custom","content_typography_font_weight":"400","content_spacing_tablet":{"unit":"px","size":10,"sizes":[]},"text_color":"#545454","text_typography_typography":"custom","text_typography_font_weight":"400","text_spacing_tablet":{"unit":"px","size":10,"sizes":[]},"product_title_spacing_tablet":{"unit":"px","size":1,"sizes":[]},"dots_spacing_mobile":{"unit":"px","size":10,"sizes":[]},"image_spacing_custom":70,"content_typography_font_size":{"unit":"px","size":16,"sizes":[]},"content_spacing":{"unit":"px","size":36,"sizes":[]},"text_spacing":{"unit":"px","size":5,"sizes":[]},"image_spacing_custom_tablet":30,"arrows_bgcolor":"#FCF151","arrows_border_color":"#000000","arrows_hover_bgcolor":"#000000","arrows_hover_border_color":"#00000024","arrows_disable_border_color":"#00000024","arrows_hover_color":"#FFF7F7"},"elements":[],"isInner":false,"widgetType":"ecomus-testimonial-carousel-2","elType":"widget"}],"isInner":false,"elType":"container"},{"id":"42d8caa7","settings":{"flex_gap":{"column":"30","row":"30","isLinked":true,"unit":"px","size":30},"border_width":{"unit":"px","top":"0","right":"0","bottom":"1","left":"0","isLinked":false},"border_color":"#EBEBEB","padding":{"unit":"px","top":"98","right":"0","bottom":"80","left":"0","isLinked":false},"padding_tablet":{"unit":"px","top":"72","right":"0","bottom":"72","left":"0","isLinked":false},"padding_mobile":{"unit":"px","top":"40","right":"0","bottom":"40","left":"0","isLinked":false}},"elements":[{"id":"24b1f81e","settings":{"title":"Our Socks On You\n","title_size":"h4","align":"center","image":{"url":"","id":"","size":"","alt":"","source":"library"},"icon_spacing":{"unit":"px","size":17,"sizes":[]},"_padding":{"unit":"px","top":"0","right":"0","bottom":"44","left":"0","isLinked":false},"_padding_tablet":{"unit":"px","top":"0","right":"0","bottom":"20","left":"0","isLinked":false},"typography_typography":"custom","typography_font_size_tablet":{"unit":"px","size":32,"sizes":[]},"typography_font_size_mobile":{"unit":"px","size":22,"sizes":[]},"icon_size_tablet":{"unit":"px","size":40,"sizes":[]},"_padding_mobile":{"unit":"px","top":"0","right":"0","bottom":"0","left":"0","isLinked":false},"icon":{"value":{"url":"https:\/\/wpecomus.com\/socks\/wp-content\/uploads\/sites\/22\/2024\/11\/heading-instagram.svg","id":6553},"library":"svg"},"icon_size":{"unit":"px","size":38,"sizes":[]}},"elements":[],"isInner":false,"widgetType":"ecomus-heading","elType":"widget"},{"id":"31995bf2","settings":{"instagram_type":"custom","limit":5,"slides_to_show_tablet":3,"slides_to_show_mobile":2,"image_spacing_custom_tablet":7,"image_spacing_custom_mobile":7,"navigation_classes":"dots","navigation_classes_tablet":"dots","navigation_classes_mobile":"dots","instagrams":[{"_id":"d64a8d1","image":{"id":6558,"url":"https:\/\/wpecomus.com\/socks\/wp-content\/uploads\/sites\/22\/2024\/11\/home-socks-instagram-1.jpg","alt":"","source":"library","size":""},"product_id":6595},{"_id":"6b391fb","image":{"id":6559,"url":"https:\/\/wpecomus.com\/socks\/wp-content\/uploads\/sites\/22\/2024\/11\/home-socks-instagram-2.jpg","alt":"","source":"library","size":""},"product_id":6599},{"_id":"166877d","image":{"id":6560,"url":"https:\/\/wpecomus.com\/socks\/wp-content\/uploads\/sites\/22\/2024\/11\/home-socks-instagram-3.jpg","alt":"","source":"library","size":""},"product_id":6594},{"_id":"361a114","image":{"id":6561,"url":"https:\/\/wpecomus.com\/socks\/wp-content\/uploads\/sites\/22\/2024\/11\/home-socks-instagram-4.jpg","alt":"","source":"library","size":""},"product_id":6595},{"_id":"5a60148","image":{"id":6562,"url":"https:\/\/wpecomus.com\/socks\/wp-content\/uploads\/sites\/22\/2024\/11\/home-socks-instagram-5.jpg","alt":"","source":"library","size":""},"product_id":6594}],"aspect_ratio_type":"square","icon_border_radius":{"unit":"%","top":"","right":"","bottom":"","left":"","isLinked":true},"content_width":"full","image_border_radius":{"unit":"px","top":"0","right":"0","bottom":"0","left":"0","isLinked":true}},"elements":[],"isInner":false,"widgetType":"ecomus-instagram","elType":"widget"}],"isInner":false,"elType":"container"}],"page_settings":{"hide_page_header":"yes","content_top_spacing":"custom","content_top_padding":{"unit":"px","size":0,"sizes":[]},"content_bottom_spacing":"custom","content_bottom_padding":{"unit":"px","size":0,"sizes":[]}},"version":"0.4","title":"Home Socks Library","type":"page"}