{"content":[{"id":"afdb73f","settings":{"content_width":"full","margin":{"unit":"px","top":"0","right":"0","bottom":"66","left":"0","isLinked":false},"margin_tablet":{"unit":"px","top":"0","right":"0","bottom":"56","left":"0","isLinked":false},"margin_mobile":{"unit":"px","top":"0","right":"0","bottom":"49","left":"0","isLinked":false}},"elements":[{"id":"1f8904b2","settings":{"content_width":"full","slides":[{"title":"SUMMER SHOES","button_text":"Shop collection","_id":"73b2fe1","before_title":"MUST HAVES","banner_background_img":{"id":6713,"url":"https:\/\/wpecomus.com\/sneaker\/wp-content\/uploads\/sites\/18\/2024\/11\/sneaker-sld-4.webp","alt":"","source":"library","size":""},"background_position_tablet":"initial","background_position_mobile":"initial","background_position_x_tablet":{"unit":"%","size":63,"sizes":[]},"background_position_x_mobile":{"unit":"%","size":53,"sizes":[]},"button_link":{"url":"https:\/\/wpecomus.com\/sneaker\/product-category\/men\/","is_external":"","nofollow":"","custom_attributes":""}},{"title":"NIKE AIR MAX 1","button_text":"Shop collection","_id":"9053034","before_title":"FREE SHIPPING","banner_background_img":{"id":6604,"url":"https:\/\/wpecomus.com\/sneaker\/wp-content\/uploads\/sites\/18\/2024\/11\/sneaker-sld-2.webp","alt":"","source":"library","size":""},"background_position_mobile":"initial","background_position_x_mobile":{"unit":"%","size":53,"sizes":[]},"button_link":{"url":"https:\/\/wpecomus.com\/sneaker\/shop\/","is_external":"","nofollow":"","custom_attributes":""}},{"title":"STAN SMITH","button_text":"Shop collection","_id":"445f701","before_title":"10% OFF TODAY","banner_background_img":{"id":6605,"url":"https:\/\/wpecomus.com\/sneaker\/wp-content\/uploads\/sites\/18\/2024\/11\/sneaker-sld-3.webp","alt":"","source":"library","size":""},"background_position_mobile":"initial","background_position_x_mobile":{"unit":"%","size":53,"sizes":[]},"button_link":{"url":"https:\/\/wpecomus.com\/sneaker\/product\/rivalry-86-low-wonder\/","is_external":"","nofollow":"","custom_attributes":""}}],"slides_height":{"unit":"px","size":830,"sizes":[]},"show_button_icon":"alway","navigation_classes":"dots","title_color":"#000000","title_typography_typography":"custom","title_typography_font_size":{"unit":"px","size":70,"sizes":[]},"title_typography_font_weight":"800","title_typography_text_transform":"uppercase","title_spacing":{"unit":"px","size":38,"sizes":[]},"before_title_color":"#000000","before_title_typography_typography":"custom","before_title_typography_font_size":{"unit":"px","size":20,"sizes":[]},"before_title_typography_font_weight":"800","before_title_typography_text_transform":"uppercase","before_title_spacing":{"unit":"px","size":9,"sizes":[]},"dots_type":"line","slides_height_tablet":{"unit":"px","size":446,"sizes":[]},"slides_height_mobile":{"unit":"px","size":270,"sizes":[]},"navigation_classes_tablet":"dots","title_typography_font_size_tablet":{"unit":"px","size":50,"sizes":[]},"title_typography_font_size_mobile":{"unit":"px","size":32,"sizes":[]},"title_spacing_mobile":{"unit":"px","size":24,"sizes":[]},"before_title_typography_font_size_mobile":{"unit":"px","size":16,"sizes":[]},"dots_spacing_mobile":{"unit":"px","size":15,"sizes":[]},"dot_align_tablet":"center","button_icon":{"value":{"url":"https:\/\/wpecomus.com\/sneaker\/wp-content\/uploads\/sites\/18\/2024\/07\/arrow-right.svg","id":3886},"library":"svg"}},"elements":[],"isInner":false,"widgetType":"ecomus-slides","elType":"widget"}],"isInner":false,"elType":"container"},{"id":"58ce08a5","settings":{"margin":{"unit":"px","top":"0","right":"0","bottom":"60","left":"0","isLinked":false},"margin_tablet":{"unit":"px","top":"0","right":"0","bottom":"51","left":"0","isLinked":false},"margin_mobile":{"unit":"px","top":"0","right":"0","bottom":"45","left":"0","isLinked":false}},"elements":[{"id":"606461c7","settings":{"content_width":"full","show_heading":"","heading":"This is heading","items":[{"button_text":"All Sneaker","button_link":{"url":"https:\/\/wpecomus.com\/sneaker\/shop\/","is_external":"","nofollow":"","custom_attributes":""},"_id":"e6f1b64","image":{"id":6606,"url":"https:\/\/wpecomus.com\/sneaker\/wp-content\/uploads\/sites\/18\/2024\/11\/sneaker-cat-1.webp","alt":"","source":"library","size":""}},{"button_text":"Men","button_link":{"url":"https:\/\/wpecomus.com\/sneaker\/product-category\/men\/","is_external":"","nofollow":"","custom_attributes":""},"_id":"e95d48d","image":{"id":6607,"url":"https:\/\/wpecomus.com\/sneaker\/wp-content\/uploads\/sites\/18\/2024\/11\/sneaker-cat-2.webp","alt":"","source":"library","size":""}},{"button_text":"Women","button_link":{"url":"https:\/\/wpecomus.com\/sneaker\/product-category\/women\/","is_external":"","nofollow":"","custom_attributes":""},"_id":"4d02008","image":{"id":6608,"url":"https:\/\/wpecomus.com\/sneaker\/wp-content\/uploads\/sites\/18\/2024\/11\/sneaker-cat-3.webp","alt":"","source":"library","size":""}},{"button_text":"Kid","button_link":{"url":"https:\/\/wpecomus.com\/sneaker\/product-category\/kid\/","is_external":"","nofollow":"","custom_attributes":""},"_id":"e5a5308","image":{"id":6609,"url":"https:\/\/wpecomus.com\/sneaker\/wp-content\/uploads\/sites\/18\/2024\/11\/sneaker-cat-4.webp","alt":"","source":"library","size":""}}],"aspect_ratio_type":"custom","aspect_ratio":"10:9","show_button_icon":"hover","slides_to_show":4,"slides_to_show_tablet":2,"slides_to_scroll_tablet":2,"navigation_classes":"none","navigation_classes_tablet":"dots","content_horizontal_position":"center","button_margin":{"unit":"px","top":"0","right":"0","bottom":"30","left":"0","isLinked":false},"button_margin_mobile":{"unit":"px","top":"0","right":"0","bottom":"15","left":"0","isLinked":false},"button_style":"light","button_padding":{"unit":"px","top":"16","right":"15","bottom":"15","left":"15","isLinked":false},"button_typography_typography":"custom","button_typography_font_size":{"unit":"px","size":14,"sizes":[]},"button_typography_font_weight":"700","button_typography_text_transform":"uppercase","dots_gap_tablet":{"unit":"px","size":5,"sizes":[]},"dots_gap_mobile":{"unit":"px","size":2,"sizes":[]},"dots_size_tablet":{"unit":"px","size":20,"sizes":[]},"dots_size_mobile":{"unit":"px","size":16,"sizes":[]},"dots_spacing_mobile":{"unit":"px","size":15,"sizes":[]},"image_border_radius":{"unit":"px","top":"4","right":"4","bottom":"4","left":"4","isLinked":true}},"elements":[],"isInner":false,"widgetType":"ecomus-image-box-carousel","elType":"widget"}],"isInner":false,"elType":"container"},{"id":"719dc5b5","settings":{"margin":{"unit":"px","top":"0","right":"0","bottom":"66","left":"0","isLinked":false},"margin_tablet":{"unit":"px","top":"0","right":"0","bottom":"56","left":"0","isLinked":false},"margin_mobile":{"unit":"px","top":"0","right":"0","bottom":"50","left":"0","isLinked":false},"flex_gap":{"column":"0","row":"0","isLinked":true,"unit":"px","size":0}},"elements":[{"id":"6713ba68","settings":{"items":[{"_id":"59005f5","image":{"id":6610,"url":"https:\/\/wpecomus.com\/sneaker\/wp-content\/uploads\/sites\/18\/2024\/11\/001fashion-brand-01.webp","alt":"","source":"library","size":""},"link":{"url":"","is_external":"","nofollow":"","custom_attributes":""}},{"_id":"af02832","image":{"id":6611,"url":"https:\/\/wpecomus.com\/sneaker\/wp-content\/uploads\/sites\/18\/2024\/11\/001fashion-brand-06.webp","alt":"","source":"library","size":""},"link":{"url":"","is_external":"","nofollow":"","custom_attributes":""}},{"_id":"dba0e9f","image":{"id":6612,"url":"https:\/\/wpecomus.com\/sneaker\/wp-content\/uploads\/sites\/18\/2024\/11\/001fashion-brand-02-png.webp","alt":"","source":"library","size":""},"link":{"url":"","is_external":"","nofollow":"","custom_attributes":""}},{"_id":"f52b6c1","image":{"id":6613,"url":"https:\/\/wpecomus.com\/sneaker\/wp-content\/uploads\/sites\/18\/2024\/11\/001fashion-brand-03.webp","alt":"","source":"library","size":""},"link":{"url":"","is_external":"","nofollow":"","custom_attributes":""}},{"_id":"e0d4224","image":{"id":6614,"url":"https:\/\/wpecomus.com\/sneaker\/wp-content\/uploads\/sites\/18\/2024\/11\/001fashion-brand-05.webp","alt":"","source":"library","size":""},"link":{"url":"","is_external":"","nofollow":"","custom_attributes":""}},{"_id":"78a5e89","image":{"id":6615,"url":"https:\/\/wpecomus.com\/sneaker\/wp-content\/uploads\/sites\/18\/2024\/11\/001fashion-brand-04.webp","alt":"","source":"library","size":""},"link":{"url":"","is_external":"","nofollow":"","custom_attributes":""}}],"slides_to_show_tablet":3,"slides_to_show_mobile":2,"navigation_classes_mobile":"dots","navigation_classes":"none","navigation_classes_tablet":"dots","dots_gap_tablet":{"unit":"px","size":5,"sizes":[]},"dots_gap_mobile":{"unit":"px","size":2,"sizes":[]},"dots_size_tablet":{"unit":"px","size":20,"sizes":[]},"dots_size_mobile":{"unit":"px","size":16,"sizes":[]},"dots_spacing_mobile":{"unit":"px","size":15,"sizes":[]}},"elements":[],"isInner":false,"widgetType":"ecomus-image-carousel","elType":"widget"}],"isInner":false,"elType":"container"},{"id":"8f493ba","settings":{"flex_direction":"row","flex_gap":{"unit":"px","size":30,"column":"30","row":"30","isLinked":true},"flex_gap_mobile":{"column":"15","row":"15","isLinked":true,"unit":"px","size":15},"margin":{"unit":"px","top":"0","right":"0","bottom":"59","left":"0","isLinked":false},"margin_tablet":{"unit":"px","top":"0","right":"0","bottom":"50","left":"0","isLinked":false},"margin_mobile":{"unit":"px","top":"0","right":"0","bottom":"47","left":"0","isLinked":false}},"elements":[{"id":"6daa11d5","settings":{"content_width":"full","width":{"unit":"%","size":"50"}},"elements":[{"id":"4573c8e6","settings":{"image":{"id":6616,"url":"https:\/\/wpecomus.com\/sneaker\/wp-content\/uploads\/sites\/18\/2024\/11\/sneaker-bn-1.webp","alt":"","source":"library","size":""},"title":"Men collection","description":"Every piece is made to last beyond the season","height":{"unit":"px","size":800,"sizes":[]},"button_text":"SHOP COLLECTIONS","show_button_icon":"alway","button_link_type":"only","horizontal_position":"left","vertical_position":"top","banner_padding":{"unit":"px","top":"53","right":"57","bottom":"53","left":"57","isLinked":false},"title_typography_typography":"custom","title_typography_font_size":{"unit":"px","size":28,"sizes":[]},"title_typography_font_weight":"700","title_typography_text_transform":"uppercase","title_margin":{"unit":"px","top":"0","right":"0","bottom":"12","left":"0","isLinked":false},"description_typography_typography":"custom","description_typography_font_size":{"unit":"px","size":20,"sizes":[]},"description_margin":{"unit":"px","top":"0","right":"0","bottom":"23","left":"0","isLinked":false},"button_margin":{"unit":"px","top":"0","right":"0","bottom":"0","left":"0","isLinked":false},"button_style":"subtle","button_text_color":"#FFFFFF","height_mobile":{"unit":"px","size":315,"sizes":[]},"horizontal_position_mobile":"center","vertical_position_mobile":"middle","text_align_mobile":"center","banner_padding_tablet":{"unit":"px","top":"39","right":"42","bottom":"39","left":"42","isLinked":false},"banner_padding_mobile":{"unit":"px","top":"14","right":"14","bottom":"14","left":"14","isLinked":true},"title_typography_font_size_tablet":{"unit":"px","size":20,"sizes":[]},"title_typography_font_size_mobile":{"unit":"px","size":18,"sizes":[]},"description_typography_font_size_tablet":{"unit":"px","size":14,"sizes":[]},"button_link":{"url":"https:\/\/wpecomus.com\/sneaker\/product-category\/men\/","is_external":"","nofollow":"","custom_attributes":""},"text_align":"","description_margin_tablet":{"unit":"px","top":"0","right":"0","bottom":"17","left":"0","isLinked":false}},"elements":[],"isInner":false,"widgetType":"ecomus-banner","elType":"widget"}],"isInner":true,"elType":"container"},{"id":"21f93699","settings":{"content_width":"full","width":{"unit":"%","size":"50"},"padding":{"unit":"px","top":0,"right":0,"bottom":0,"left":0,"isLinked":true},"flex_gap":{"unit":"px","size":30,"column":"30","row":"30","isLinked":true},"flex_gap_mobile":{"column":"15","row":"15","isLinked":true,"unit":"px","size":15}},"elements":[{"id":"8edb580","settings":{"content_width":"full","flex_gap":{"column":"","row":"","isLinked":true,"unit":"px","size":null}},"elements":[{"id":"690f5eeb","settings":{"title":"WOMEN COLLECTION","height":{"unit":"px","size":385,"sizes":[]},"button_text":"SHOP COLLECTIONS","show_button_icon":"alway","horizontal_position":"left","vertical_position":"bottom","banner_padding":{"unit":"px","top":"44","right":"43","bottom":"44","left":"43","isLinked":false},"title_typography_typography":"custom","title_typography_font_size":{"unit":"px","size":28,"sizes":[]},"title_typography_font_weight":"700","title_typography_text_transform":"uppercase","title_margin":{"unit":"px","top":"0","right":"0","bottom":"12","left":"0","isLinked":false},"description_typography_typography":"custom","description_typography_font_size":{"unit":"px","size":20,"sizes":[]},"description_margin":{"unit":"px","top":"0","right":"0","bottom":"23","left":"0","isLinked":false},"button_margin":{"unit":"px","top":"0","right":"0","bottom":"0","left":"0","isLinked":false},"button_style":"subtle","button_text_color":"#FFFFFF","image":{"id":6617,"url":"https:\/\/wpecomus.com\/sneaker\/wp-content\/uploads\/sites\/18\/2024\/11\/sneaker-bn-2-png.webp","alt":"","source":"library","size":""},"height_mobile":{"unit":"px","size":315,"sizes":[]},"horizontal_position_mobile":"center","vertical_position_mobile":"middle","text_align_mobile":"center","banner_padding_tablet":{"unit":"px","top":"33","right":"32","bottom":"33","left":"32","isLinked":false},"banner_padding_mobile":{"unit":"px","top":"14","right":"14","bottom":"14","left":"14","isLinked":true},"title_typography_font_size_tablet":{"unit":"px","size":20,"sizes":[]},"title_typography_font_size_mobile":{"unit":"px","size":18,"sizes":[]},"button_link":{"url":"https:\/\/wpecomus.com\/sneaker\/product-category\/women\/","is_external":"","nofollow":"","custom_attributes":""},"button_link_type":"only"},"elements":[],"isInner":false,"widgetType":"ecomus-banner","elType":"widget"}],"isInner":true,"elType":"container"},{"id":"3b650851","settings":{"content_width":"full"},"elements":[{"id":"384b5f47","settings":{"title":"KID COLLECTION","height":{"unit":"px","size":385,"sizes":[]},"button_text":"SHOP COLLECTIONS","show_button_icon":"alway","horizontal_position":"left","vertical_position":"bottom","banner_padding":{"unit":"px","top":"44","right":"43","bottom":"44","left":"43","isLinked":false},"title_typography_typography":"custom","title_typography_font_size":{"unit":"px","size":28,"sizes":[]},"title_typography_font_weight":"700","title_typography_text_transform":"uppercase","title_margin":{"unit":"px","top":"0","right":"0","bottom":"12","left":"0","isLinked":false},"description_typography_typography":"custom","description_typography_font_size":{"unit":"px","size":20,"sizes":[]},"description_margin":{"unit":"px","top":"0","right":"0","bottom":"23","left":"0","isLinked":false},"button_margin":{"unit":"px","top":"0","right":"0","bottom":"0","left":"0","isLinked":false},"button_style":"subtle","button_text_color":"#FFFFFF","image":{"id":6618,"url":"https:\/\/wpecomus.com\/sneaker\/wp-content\/uploads\/sites\/18\/2024\/11\/sneaker-bn-3.webp","alt":"","source":"library","size":""},"height_mobile":{"unit":"px","size":315,"sizes":[]},"horizontal_position_mobile":"center","vertical_position_mobile":"middle","text_align_mobile":"center","banner_padding_tablet":{"unit":"px","top":"33","right":"32","bottom":"33","left":"32","isLinked":false},"banner_padding_mobile":{"unit":"px","top":"14","right":"14","bottom":"14","left":"14","isLinked":true},"title_typography_font_size_tablet":{"unit":"px","size":20,"sizes":[]},"title_typography_font_size_mobile":{"unit":"px","size":18,"sizes":[]},"button_link":{"url":"https:\/\/wpecomus.com\/sneaker\/product-category\/kid\/","is_external":"","nofollow":"","custom_attributes":""},"button_link_type":"only"},"elements":[],"isInner":false,"widgetType":"ecomus-banner","elType":"widget"}],"isInner":true,"elType":"container"}],"isInner":true,"elType":"container"}],"isInner":false,"elType":"container"},{"id":"50df19c5","settings":{"flex_direction":"row","flex_gap":{"unit":"px","size":30,"column":"30","row":"30","isLinked":true},"flex_direction_mobile":"column-reverse","flex_gap_mobile":{"column":"15","row":"15","isLinked":true,"unit":"px","size":15},"margin":{"unit":"px","top":"0","right":"0","bottom":"125","left":"0","isLinked":false},"margin_tablet":{"unit":"px","top":"0","right":"0","bottom":"110","left":"0","isLinked":false},"margin_mobile":{"unit":"px","top":"0","right":"0","bottom":"75","left":"0","isLinked":false}},"elements":[{"id":"30db3185","settings":{"flex_direction":"column","content_width":"full","width":{"unit":"%","size":"50"}},"elements":[{"id":"6c8f4f70","settings":{"columns":"2","limit":4,"pagination":"","product_rows_spacing":{"unit":"px","size":20,"sizes":[]},"product_title_typography_typography":"custom","product_title_typography_font_size":{"unit":"px","size":16,"sizes":[]},"product_title_typography_font_weight":"800","product_title_typography_text_transform":"uppercase"},"elements":[],"isInner":false,"widgetType":"ecomus-product-grid","elType":"widget"}],"isInner":true,"elType":"container"},{"id":"765eb812","settings":{"flex_direction":"column","content_width":"full","width":{"unit":"%","size":"50"},"flex_direction_tablet":"column"},"elements":[{"id":"46297702","settings":{"image":{"id":6619,"url":"https:\/\/wpecomus.com\/sneaker\/wp-content\/uploads\/sites\/18\/2024\/11\/sneaker-bn-4.webp","alt":"","source":"library","size":""},"title":"SEASON COLLECTION","description":"Every piece is made to last beyond the season","height":{"unit":"px","size":945,"sizes":[]},"button_text":"SHOP COLLECTIONS","show_button_icon":"alway","button_link_type":"only","horizontal_position":"left","vertical_position":"bottom","banner_padding":{"unit":"px","top":"71","right":"52","bottom":"71","left":"52","isLinked":false},"title_typography_typography":"custom","title_typography_font_size":{"unit":"px","size":28,"sizes":[]},"title_typography_font_weight":"700","title_typography_text_transform":"uppercase","title_margin":{"unit":"px","top":"0","right":"0","bottom":"12","left":"0","isLinked":false},"description_typography_typography":"custom","description_typography_font_size":{"unit":"px","size":20,"sizes":[]},"description_margin":{"unit":"px","top":"0","right":"0","bottom":"23","left":"0","isLinked":false},"button_margin":{"unit":"px","top":"0","right":"0","bottom":"0","left":"0","isLinked":false},"button_style":"subtle","button_text_color":"#FFFFFF","height_tablet":{"unit":"px","size":557,"sizes":[]},"height_mobile":{"unit":"px","size":462,"sizes":[]},"horizontal_position_mobile":"left","vertical_position_mobile":"bottom","text_align_mobile":"left","banner_padding_mobile":{"unit":"px","top":"19","right":"18","bottom":"19","left":"18","isLinked":false},"title_typography_font_size_mobile":{"unit":"px","size":18,"sizes":[]},"description_typography_font_size_mobile":{"unit":"px","size":16,"sizes":[]},"button_link":{"url":"https:\/\/wpecomus.com\/sneaker\/shop\/","is_external":"","nofollow":"","custom_attributes":""},"text_align":""},"elements":[],"isInner":false,"widgetType":"ecomus-banner","elType":"widget"}],"isInner":true,"elType":"container"}],"isInner":false,"elType":"container"},{"id":"568592c7","settings":{"flex_direction":"column","margin":{"unit":"px","top":"0","right":"0","bottom":"90","left":"0","isLinked":false},"margin_tablet":{"unit":"px","top":"0","right":"0","bottom":"76","left":"0","isLinked":false},"margin_mobile":{"unit":"px","top":"0","right":"0","bottom":"60","left":"0","isLinked":false}},"elements":[{"id":"619c69e5","settings":{"image":{"id":6620,"url":"https:\/\/wpecomus.com\/sneaker\/wp-content\/uploads\/sites\/18\/2024\/11\/sneaker-bn-5.webp","alt":"","source":"library","size":""},"items":[{"_id":"b4aa88e","product_items_ids":546,"product_items_position_x":{"unit":"%","size":37,"sizes":[]},"product_items_position_y":{"unit":"%","size":44,"sizes":[]},"product_content_items_position_y":{"unit":"px","size":-105,"sizes":[]}},{"_id":"60fa204","product_items_ids":775,"product_items_position_x":{"unit":"%","size":64,"sizes":[]},"product_items_position_y":{"unit":"%","size":21,"sizes":[]},"product_content_items_position_y":{"unit":"px","size":-102,"sizes":[]}}],"item_dots_bgcolor":"#000000","item_dots_color":"#FFFFFF","image_border_radius":{"unit":"px","top":"0","right":"0","bottom":"0","left":"0","isLinked":false}},"elements":[],"isInner":false,"widgetType":"ecomus-image-hotspot","elType":"widget"}],"isInner":false,"elType":"container"},{"id":"5ca08f65","settings":{"flex_direction":"row","flex_gap":{"unit":"px","size":30,"column":"30","row":"30","isLinked":true},"flex_direction_tablet":"column","flex_gap_mobile":{"column":"15","row":"15","isLinked":true,"unit":"px","size":15},"margin":{"unit":"px","top":"0","right":"0","bottom":"122","left":"0","isLinked":false},"margin_tablet":{"unit":"px","top":"0","right":"0","bottom":"60","left":"0","isLinked":false},"margin_mobile":{"unit":"px","top":"0","right":"0","bottom":"56","left":"0","isLinked":false}},"elements":[{"id":"33484187","settings":{"flex_direction":"row","content_width":"full","width":{"unit":"%","size":"50"},"flex_direction_mobile":"row","flex_justify_content":"space-between","flex_gap":{"column":"30","row":"30","isLinked":true,"unit":"px","size":30},"flex_gap_mobile":{"column":"15","row":"15","isLinked":true,"unit":"px","size":15},"flex_wrap_mobile":"nowrap","width_mobile":{"unit":"%","size":100,"sizes":[]},"width_tablet":{"unit":"%","size":100,"sizes":[]}},"elements":[{"id":"7f62c33a","settings":{"image":{"id":6621,"url":"https:\/\/wpecomus.com\/sneaker\/wp-content\/uploads\/sites\/18\/2024\/11\/sneaker-bn-6.webp","alt":"","source":"library","size":""},"image_size":"full","width":{"unit":"%","size":100,"sizes":[]},"_element_width":"initial","_element_custom_width":{"unit":"%","size":50,"sizes":[]},"height_tablet":{"unit":"%","size":100,"sizes":[]},"height_mobile":{"unit":"%","size":"","sizes":[]},"object-fit_tablet":"cover"},"elements":[],"isInner":false,"widgetType":"image","elType":"widget"},{"id":"84dd5cd","settings":{"image":{"id":6593,"url":"https:\/\/wpecomus.com\/sneaker\/wp-content\/uploads\/sites\/18\/2024\/11\/sneaker-bn-7.webp","alt":"","source":"library","size":""},"image_size":"full","width":{"unit":"%","size":100,"sizes":[]},"_element_width":"initial","_element_custom_width":{"unit":"%","size":50,"sizes":[]},"height_tablet":{"unit":"%","size":100,"sizes":[]},"height_mobile":{"unit":"%","size":"","sizes":[]},"object-fit_tablet":"cover"},"elements":[],"isInner":false,"widgetType":"image","elType":"widget"}],"isInner":true,"elType":"container"},{"id":"26fae0b6","settings":{"flex_direction":"column","content_width":"full","width":{"unit":"%","size":"50"},"flex_justify_content":"center","flex_gap":{"column":"15","row":"15","isLinked":true,"unit":"px","size":15},"padding":{"unit":"px","top":"20","right":"20","bottom":"20","left":"90","isLinked":false},"padding_tablet":{"unit":"px","top":"15","right":"0","bottom":"15","left":"0","isLinked":false},"width_mobile":{"unit":"%","size":100,"sizes":[]},"width_tablet":{"unit":"%","size":100,"sizes":[]}},"elements":[{"id":"10d9f0e1","settings":{"title":"ABOUT US","title_size":"div","title_color":"#000000","typography_typography":"custom","typography_font_weight":"700","typography_text_transform":"uppercase","typography_line_height":{"unit":"custom","size":"1","sizes":[]},"typography_line_height_tablet":{"unit":"custom","size":"","sizes":[]},"typography_line_height_mobile":{"unit":"custom","size":"","sizes":[]}},"elements":[],"isInner":false,"widgetType":"ecomus-heading","elType":"widget"},{"id":"7d2008ae","settings":{"title":"A SERVICE-FIRST HOME FOR CONTEMPORARY STYLE","title_size":"h4","typography_typography":"custom","typography_font_size_tablet":{"unit":"px","size":32,"sizes":[]},"typography_font_size_mobile":{"unit":"px","size":22,"sizes":[]},"typography_font_weight":"700","typography_text_transform":"uppercase","_margin":{"unit":"px","top":"0","right":"0","bottom":"9","left":"0","isLinked":false},"_margin_tablet":{"unit":"px","top":"0","right":"0","bottom":"4","left":"0","isLinked":false},"_margin_mobile":{"unit":"px","top":"0","right":"0","bottom":"1","left":"0","isLinked":false}},"elements":[],"isInner":false,"widgetType":"ecomus-heading","elType":"widget"},{"id":"7bc76ab6","settings":{"title":"Rooted in Amsterdam street culture we\u2019ve always supported local initiatives, creatives and athletes from day one. Working on unique collaborations with both local and international brands and hosting regular events and parties in our shops for our community. Something we\u2019ll continue doing wherever we go.","title_size":"div","typography_typography":"custom","typography_font_size":{"unit":"px","size":16,"sizes":[]},"typography_font_size_mobile":{"unit":"px","size":14,"sizes":[]},"_margin":{"unit":"px","top":"0","right":"0","bottom":"18","left":"0","isLinked":false},"_margin_tablet":{"unit":"px","top":"0","right":"0","bottom":"8","left":"0","isLinked":false},"_margin_mobile":{"unit":"px","top":"0","right":"0","bottom":"1","left":"0","isLinked":false}},"elements":[],"isInner":false,"widgetType":"ecomus-heading","elType":"widget"},{"id":"1dadc1fa","settings":{"button_text":"Shop collection","show_button_icon":"alway","button_style":"subtle","button_typography_typography":"custom","button_typography_text_transform":"uppercase","button_link":{"url":"https:\/\/wpecomus.com\/sneaker\/shop\/","is_external":"","nofollow":"","custom_attributes":""}},"elements":[],"isInner":false,"widgetType":"ecomus-button","elType":"widget"}],"isInner":true,"elType":"container"}],"isInner":false,"elType":"container"},{"id":"2a769298","settings":{"flex_direction":"row","content_width":"full","width":{"unit":"%","size":100,"sizes":[]},"flex_justify_content":"center","flex_align_items":"center","background_background":"classic","background_image":{"id":6622,"url":"https:\/\/wpecomus.com\/sneaker\/wp-content\/uploads\/sites\/18\/2024\/11\/sneaker-bn-8.webp","alt":"","source":"library","size":""},"padding":{"unit":"px","top":"104","right":"30","bottom":"130","left":"30","isLinked":false},"presetTitle":"Container","presetIcon":"eicon-container","margin":{"unit":"px","top":"0","right":"0","bottom":"87","left":"0","isLinked":false},"margin_tablet":{"unit":"px","top":"0","right":"0","bottom":"73","left":"0","isLinked":false},"margin_mobile":{"unit":"px","top":"0","right":"0","bottom":"34","left":"0","isLinked":false},"padding_tablet":{"unit":"px","top":"88","right":"30","bottom":"110","left":"30","isLinked":false},"padding_mobile":{"unit":"px","top":"78","right":"15","bottom":"97","left":"15","isLinked":false},"background_size":"cover"},"elements":[{"id":"57173f07","settings":{"boxed_width":{"unit":"px","size":950,"sizes":[]},"flex_direction":"column","flex_align_items":"center","background_background":"classic"},"elements":[{"id":"6fb37c87","settings":{"content_width":"full","flex_gap":{"column":"17","row":"17","isLinked":true,"unit":"px","size":17},"flex_gap_mobile":{"column":"10","row":"10","isLinked":true,"unit":"px","size":10},"background_background":"classic","background_color":"#FFFFFF","padding":{"unit":"px","top":"81","right":"182","bottom":"88","left":"182","isLinked":false},"padding_tablet":{"unit":"px","top":"50","right":"120","bottom":"50","left":"120","isLinked":false},"padding_mobile":{"unit":"px","top":"20","right":"20","bottom":"20","left":"20","isLinked":true}},"elements":[{"id":"388ef8a4","settings":{"title":"BECOME PART <br> OF THE ECOMUS DISTRICT","title_size":"h5","align":"center","typography_typography":"custom","typography_font_weight":"700","typography_font_size_mobile":{"unit":"px","size":18,"sizes":[]}},"elements":[],"isInner":false,"widgetType":"ecomus-heading","elType":"widget"},{"id":"5db1ad7e","settings":{"title":"Promotions, new products and sales. Directly to your inbox.","title_size":"div","align":"center","title_color":"#000000","typography_typography":"custom","typography_font_size":{"unit":"px","size":16,"sizes":[]},"_margin":{"unit":"px","top":"0","right":"0","bottom":"8","left":"0","isLinked":false}},"elements":[],"isInner":false,"widgetType":"ecomus-heading","elType":"widget"},{"id":"7cae874d","settings":{"form":"215","form_type":"row","button_typography_typography":"custom","button_typography_text_transform":"uppercase","button_color":"#000000","button_bgcolor":"#FBF24A","button_bordercolor":"#FBF24A","button_hover_color":"#000000","button_hover_bgcolor":"#FBF24A","button_hover_bordercolor":"#FBF24A","input_width":{"unit":"%","size":"","sizes":[]},"input_width_mobile":{"unit":"%","size":65,"sizes":[]},"button_padding_mobile":{"unit":"px","top":"16","right":"10","bottom":"15","left":"10","isLinked":false},"button_background_effect_hover_color":"#00000040"},"elements":[],"isInner":false,"widgetType":"ecomus-subscribe-box","elType":"widget"}],"isInner":true,"elType":"container"}],"isInner":true,"elType":"container"}],"isInner":false,"elType":"container"},{"id":"48652ded","settings":{"flex_direction":"column","margin":{"unit":"px","top":"0","right":"0","bottom":"85","left":"0","isLinked":false},"margin_tablet":{"unit":"px","top":"0","right":"0","bottom":"72","left":"0","isLinked":false},"margin_mobile":{"unit":"px","top":"0","right":"0","bottom":"34","left":"0","isLinked":false}},"elements":[{"id":"1591b7ab","settings":{"icons_box":[{"icon":{"value":{"url":"https:\/\/wpecomus.com\/sneaker\/wp-content\/uploads\/sites\/18\/2024\/07\/global.svg","id":3943},"library":"svg"},"title":"Free shipping","description":"You will love at great low prices","_id":"ae25b91","image":{"id":6596,"url":"https:\/\/wpecomus.com\/sneaker\/wp-content\/uploads\/sites\/18\/2024\/11\/placeholder.png"}},{"icon":{"value":{"url":"https:\/\/wpecomus.com\/sneaker\/wp-content\/uploads\/sites\/18\/2024\/07\/payment.svg","id":3944},"library":"svg"},"title":"Flexible Payment","description":"Pay with Multiple Credit Cards","_id":"df4e4d6","image":{"id":6597,"url":"https:\/\/wpecomus.com\/sneaker\/wp-content\/uploads\/sites\/18\/2024\/11\/placeholder-1.png"}},{"icon":{"value":{"url":"https:\/\/wpecomus.com\/sneaker\/wp-content\/uploads\/sites\/18\/2024\/07\/return.svg","id":3945},"library":"svg"},"title":"14 Day Returns","description":"Within 30 days for an exchange","_id":"65f47a2","image":{"id":6598,"url":"https:\/\/wpecomus.com\/sneaker\/wp-content\/uploads\/sites\/18\/2024\/11\/placeholder-2.png"}}],"slides_to_show_tablet":3,"slides_to_show_mobile":1,"slides_to_scroll_tablet":1,"slides_to_scroll_mobile":1,"navigation_classes":"none","navigation_classes_tablet":"none","navigation_classes_mobile":"dots","alignment":"center","title_color":"#000000","title_typography_typography":"custom","title_typography_font_size":{"unit":"px","size":14,"sizes":[]},"title_typography_font_weight":"700","title_typography_text_transform":"uppercase","title_spacing":{"unit":"px","size":14,"sizes":[]},"title_spacing_mobile":{"unit":"px","size":8,"sizes":[]},"icon_size":{"unit":"px","size":40,"sizes":[]},"icon_size_mobile":{"unit":"px","size":30,"sizes":[]},"icon_spacing":{"unit":"px","size":23,"sizes":[]},"icon_spacing_mobile":{"unit":"px","size":14,"sizes":[]},"dots_spacing_mobile":{"unit":"px","size":15,"sizes":[]},"icon_color":"#000000"},"elements":[],"isInner":false,"widgetType":"ecomus-icon-box-carousel","elType":"widget"}],"isInner":false,"elType":"container"}],"page_settings":{"header_text_color":"light","hide_page_header":"yes","content_top_spacing":"custom","content_top_padding":{"unit":"px","size":0,"sizes":[]},"content_bottom_spacing":"custom","content_bottom_padding":{"unit":"px","size":0,"sizes":[]}},"version":"0.4","title":"Home Sneaker","type":"page"}