{"content":[{"id":"4885f994","settings":{"content_width":"full","min_height_tablet":{"unit":"vh","size":"","sizes":[]},"min_height_mobile":{"unit":"vh","size":"","sizes":[]}},"elements":[{"id":"5bb871c9","settings":{"content_width":"full","slides":[{"title":"Urban<br class=\"hidden-xs hidden-sm\"\/> Street Style","button_text":"Shop collection","_id":"a8b0be8","banner_background_img":{"id":3921,"url":"https:\/\/wpecomus.com\/fashion\/wp-content\/uploads\/sites\/2\/2024\/07\/homev4_slider1-scaled.webp","alt":"","source":"library","size":""},"before_title":"Hot COLLECTION","background_position_mobile":"center center","button_link":{"url":"https:\/\/wpecomus.com\/fashion\/product-category\/women\/blazers\/","is_external":"","nofollow":"","custom_attributes":""}},{"title":"The weather<br class=\"hidden-xs hidden-sm\"\/> Style","button_text":"Shop collection","_id":"0f25e63","banner_background_img":{"id":3922,"url":"https:\/\/wpecomus.com\/fashion\/wp-content\/uploads\/sites\/2\/2024\/07\/homev4_slider2.webp","alt":"","source":"library","size":""},"before_title":"New Collection","background_position_mobile":"center center","button_link":{"url":"https:\/\/wpecomus.com\/fashion\/product-category\/women\/dresses\/","is_external":"","nofollow":"","custom_attributes":""}},{"title":"Mysterious <br class=\"hidden-xs hidden-sm\"\/> Style","button_text":"Shop collection","_id":"3b05b93","banner_background_img":{"id":3923,"url":"https:\/\/wpecomus.com\/fashion\/wp-content\/uploads\/sites\/2\/2024\/07\/homev4_slider3.webp","alt":"","source":"library","size":""},"before_title":"Trend Collection","background_position_mobile":"center center","button_link":{"url":"https:\/\/wpecomus.com\/fashion\/product-category\/women\/sweaters\/","is_external":"","nofollow":"","custom_attributes":""}}],"slides_height":{"unit":"vh","size":100,"sizes":[]},"slides_height_tablet":{"unit":"px","size":400,"sizes":[]},"slides_height_mobile":{"unit":"px","size":250,"sizes":[]},"title_spacing":{"unit":"px","size":32,"sizes":[]},"slides_content_width":{"unit":"px","size":546,"sizes":[]},"slides_content_background_color":"#000000","slides_content_padding":{"unit":"px","top":"62","right":"50","bottom":"70","left":"50","isLinked":false},"title_color":"#FFFFFF","title_typography_typography":"custom","title_typography_font_size":{"unit":"px","size":56,"sizes":[]},"title_typography_line_height":{"unit":"px","size":68,"sizes":[]},"before_title_color":"#FFFFFF","navigation_classes":"dots","slides_content_border_radius":{"unit":"px","top":"10","right":"10","bottom":"10","left":"10","isLinked":true},"button_border_border":"solid","button_border_width":{"unit":"px","top":"1","right":"1","bottom":"1","left":"1","isLinked":true},"dot_position":"right","dots_position":"right","navigation_classes_tablet":"dots","navigation_classes_mobile":"dots","infinite":"yes","slides_horizontal_position_mobile":"center","slides_vertical_position_mobile":"middle","slides_text_align_mobile":"center","slides_content_width_tablet":{"unit":"%","size":55,"sizes":[]},"slides_content_width_mobile":{"unit":"%","size":70,"sizes":[]},"slides_content_background_color_tablet":"#0000004D","slides_content_padding_tablet":{"unit":"px","top":"16","right":"20","bottom":"20","left":"20","isLinked":false},"title_typography_font_size_tablet":{"unit":"px","size":42,"sizes":[]},"title_typography_font_size_mobile":{"unit":"px","size":24,"sizes":[]},"title_typography_line_height_tablet":{"unit":"px","size":48,"sizes":[]},"title_typography_line_height_mobile":{"unit":"px","size":28,"sizes":[]},"before_title_typography_typography":"custom","before_title_typography_font_size_mobile":{"unit":"px","size":12,"sizes":[]},"button_typography_typography":"custom","button_typography_font_size_tablet":{"unit":"px","size":14,"sizes":[]},"dots_gap_tablet":{"unit":"px","size":2,"sizes":[]},"dots_size_tablet":{"unit":"px","size":5,"sizes":[]},"dots_spacing_tablet":{"unit":"px","size":20,"sizes":[]},"dots_spacing_mobile":{"unit":"px","size":10,"sizes":[]},"dot_item_color":"#00000033","dot_item_active_color":"#000000","dots_type":"","show_button_icon":"alway","button_icon":{"value":{"url":"https:\/\/wpecomus.com\/fashion\/wp-content\/uploads\/sites\/2\/2024\/07\/arrow-right.svg","id":3886},"library":"svg"},"button_style":"outline-dark","button_text_color":"#FCFCFC","button_border_color":"#FFFFFF","button_icon_padding":{"unit":"px","top":"2","right":"0","bottom":"0","left":"0","isLinked":false}},"elements":[],"isInner":false,"widgetType":"ecomus-slides","elType":"widget"}],"isInner":false,"elType":"container"},{"id":"19862835","settings":{"content_width":"full"},"elements":[{"id":"6839f876","settings":{"content_width":"full","items":[{"text":"Limited Time Offer: Fashion Sale you can't resist","_id":"084f307","icon":{"value":{"url":"https:\/\/wpecomus.com\/fashion\/wp-content\/uploads\/sites\/2\/2024\/07\/arrow-top2.svg","id":4048},"library":"svg"},"image":{"id":"","url":"https:\/\/raw.githubusercontent.com\/drfuri\/demo-content\/main\/ecomus\/fashion\/images\/placeholder.png"}},{"text":"free shipping and returns","icon":{"value":{"url":"https:\/\/wpecomus.com\/fashion\/wp-content\/uploads\/sites\/2\/2024\/07\/arrow-top2.svg","id":4048},"library":"svg"},"_id":"7bfa7dc","image":{"id":"","url":"https:\/\/raw.githubusercontent.com\/drfuri\/demo-content\/main\/ecomus\/fashion\/images\/placeholder.png"}},{"text":"New Season, New Styles: Fashion Sale you can't miss","icon":{"value":{"url":"https:\/\/wpecomus.com\/fashion\/wp-content\/uploads\/sites\/2\/2024\/07\/arrow-top2.svg","id":4048},"library":"svg"},"_id":"d527967","image":{"id":"","url":"https:\/\/raw.githubusercontent.com\/drfuri\/demo-content\/main\/ecomus\/fashion\/images\/placeholder.png"}}],"padding":{"unit":"px","top":"19","right":"0","bottom":"19","left":"0","isLinked":false},"gap":{"unit":"px","size":29,"sizes":[]},"background_color":"#8054FF","icon_size":{"unit":"px","size":6,"sizes":[]},"spacing":{"unit":"px","size":30,"sizes":[]},"text_typography_typography":"custom","text_typography_font_size":{"unit":"px","size":12,"sizes":[]},"text_typography_font_weight":"600","text_typography_text_transform":"uppercase","text_typography_line_height":{"unit":"px","size":22,"sizes":[]},"text_typography_letter_spacing":{"unit":"px","size":0.8,"sizes":[]},"text_color":"#FFFFFF","icon_color":"#FFFFFF"},"elements":[],"isInner":false,"widgetType":"ecomus-marquee","elType":"widget"}],"isInner":false,"elType":"container"},{"id":"37d9d085","settings":{"flex_direction":"row","flex_gap":{"unit":"px","size":30,"column":"30","row":"30","isLinked":true},"mobile_column_alignment":"column_md","content_width":"full","padding":{"unit":"px","top":"33","right":"40","bottom":"33","left":"40","isLinked":false},"padding_mobile":{"unit":"px","top":"31","right":"15","bottom":"30","left":"15","isLinked":false},"presetTitle":"Container","presetIcon":"eicon-container","flex_gap_tablet":{"column":"30","row":"30","isLinked":true,"unit":"px","size":30},"margin_mobile":{"unit":"px","top":"0","right":"16","bottom":"0","left":"0","isLinked":false},"padding_tablet":{"unit":"px","top":"33","right":"30","bottom":"33","left":"30","isLinked":false},"flex_gap_mobile":{"column":"15","row":"15","isLinked":true,"unit":"px","size":15},"tablet_column_alignment":"column_xs"},"elements":[{"id":"63c0b90e","settings":{"flex_direction":"column","content_width":"full","width":{"unit":"%","size":33.333},"width_mobile":{"unit":"px","size":10},"_flex_size":"none","_element_width_mobile":"initial"},"elements":[{"id":"1f896bb","settings":{"content_width":"full","image":{"id":4000,"url":"https:\/\/wpecomus.com\/fashion\/wp-content\/uploads\/sites\/2\/2024\/07\/homev4_banner1.webp","alt":"","source":"library","size":""},"title":"Mordern Backpack","button_text":"Shop now","sub_title":"Start from <b>$199<\/b>","banner_type":"stretch","title_color":"#000000","sub_title_color":"#000000","banner_padding":{"unit":"px","top":"56","right":"50","bottom":"50","left":"50","isLinked":false},"button_style":"subtle","button_type":"subtle","button_show_icon":"yes","content_align":"stretch","border_radius":{"unit":"px","top":"0","right":"0","bottom":"0","left":"0","isLinked":true},"button_typography_typography":"custom","button_typography_font_size_tablet":{"unit":"px","size":14,"sizes":[]},"banner_padding_tablet":{"unit":"px","top":"15","right":"15","bottom":"15","left":"15","isLinked":true},"banner_padding_mobile":{"unit":"px","top":"15","right":"15","bottom":"15","left":"15","isLinked":true},"show_button_icon":"alway","button_link":{"url":"https:\/\/wpecomus.com\/fashion\/product\/mini-crossbody-bag\/","is_external":"","nofollow":"","custom_attributes":""},"sub_title_typography_typography":"custom","sub_title_typography_font_size_tablet":{"unit":"px","size":16,"sizes":[]}},"elements":[],"isInner":false,"widgetType":"ecomus-banner","elType":"widget"}],"isInner":true,"elType":"container"},{"id":"54b1e4a","settings":{"flex_direction":"column","content_width":"full","width":{"unit":"%","size":33.333}},"elements":[{"id":"65a269f3","settings":{"content_width":"full","image":{"id":4001,"url":"https:\/\/wpecomus.com\/fashion\/wp-content\/uploads\/sites\/2\/2024\/07\/homev4_banner2.webp","alt":"","source":"library","size":""},"title":"Season Collection","button_text":"Shop now","sub_title":"Start from <b>$199<\/b>","banner_type":"stretch","title_color":"#000000","sub_title_color":"#000000","banner_padding":{"unit":"px","top":"56","right":"50","bottom":"50","left":"50","isLinked":false},"button_style":"subtle","button_type":"subtle","button_show_icon":"yes","content_align":"stretch","border_radius":{"unit":"px","top":"0","right":"0","bottom":"0","left":"0","isLinked":true},"button_typography_typography":"custom","button_typography_font_size_tablet":{"unit":"px","size":14,"sizes":[]},"banner_padding_tablet":{"unit":"px","top":"15","right":"15","bottom":"15","left":"15","isLinked":true},"banner_padding_mobile":{"unit":"px","top":"15","right":"15","bottom":"15","left":"15","isLinked":true},"show_button_icon":"alway","button_link":{"url":"https:\/\/wpecomus.com\/fashion\/product\/shoulder-bag\/","is_external":"","nofollow":"","custom_attributes":""},"sub_title_typography_typography":"custom","sub_title_typography_font_size_tablet":{"unit":"px","size":16,"sizes":[]}},"elements":[],"isInner":false,"widgetType":"ecomus-banner","elType":"widget"}],"isInner":true,"elType":"container"},{"id":"57bce53c","settings":{"flex_direction":"column","content_width":"full","width":{"unit":"%","size":33.333}},"elements":[{"id":"62ddd5a3","settings":{"content_width":"full","image":{"id":4002,"url":"https:\/\/wpecomus.com\/fashion\/wp-content\/uploads\/sites\/2\/2024\/07\/homev4_banner3.webp","alt":"","source":"library","size":""},"title":"Stradivarius top trainers","button_text":"Shop now","sub_title":"Start from <b>$199<\/b>","title_color":"#000000","sub_title_color":"#000000","banner_padding":{"unit":"px","top":"56","right":"50","bottom":"50","left":"50","isLinked":false},"button_style":"subtle","button_type":"subtle","button_show_icon":"yes","content_align":"stretch","border_radius":{"unit":"px","top":"0","right":"0","bottom":"0","left":"0","isLinked":true},"button_typography_typography":"custom","button_typography_font_size_tablet":{"unit":"px","size":14,"sizes":[]},"banner_padding_tablet":{"unit":"px","top":"15","right":"15","bottom":"15","left":"15","isLinked":true},"banner_padding_mobile":{"unit":"px","top":"15","right":"15","bottom":"15","left":"15","isLinked":true},"show_button_icon":"alway","button_link":{"url":"https:\/\/wpecomus.com\/fashion\/product\/faux-leather-sneakers\/","is_external":"","nofollow":"","custom_attributes":""},"sub_title_typography_typography":"custom","sub_title_typography_font_size_tablet":{"unit":"px","size":16,"sizes":[]}},"elements":[],"isInner":false,"widgetType":"ecomus-banner","elType":"widget"}],"isInner":true,"elType":"container"}],"isInner":false,"elType":"container"},{"id":"4cef4a46","settings":{"flex_gap":{"column":"13","row":"13","isLinked":true,"unit":"px","size":13},"padding":{"unit":"px","top":"47","right":"0","bottom":"120","left":"0","isLinked":false},"padding_mobile":{"unit":"px","top":"17","right":"0","bottom":"70","left":"0","isLinked":false}},"elements":[{"id":"32e0662","settings":{"content_width":"full","title":"New Arrivals\n","title_size":"h4","align":"center","typography_typography":"custom","typography_font_size_tablet":{"unit":"px","size":32,"sizes":[]},"typography_font_size_mobile":{"unit":"px","size":22,"sizes":[]}},"elements":[],"isInner":false,"widgetType":"ecomus-heading","elType":"widget"},{"id":"4cd34d1f","settings":{"content_width":"full","editor":"Shop the Latest Styles: Stay ahead of the curve with our newest arrivals ","align":"center","text_color":"#545454","typography_typography":"custom","typography_font_size":{"unit":"px","size":16,"sizes":[]},"typography_font_weight":"400","_margin":{"unit":"px","top":"0","right":"0","bottom":"16","left":"0","isLinked":false},"typography_font_size_mobile":{"unit":"px","size":14,"sizes":[]},"typography_line_height_mobile":{"unit":"px","size":20,"sizes":[]}},"elements":[],"isInner":false,"widgetType":"text-editor","elType":"widget"},{"id":"6fbe63","settings":{"content_width":"full","limit":8},"elements":[],"isInner":false,"widgetType":"ecomus-product-grid","elType":"widget"}],"isInner":false,"elType":"container"},{"id":"5450b726","settings":{"background_background":"classic","background_color":"#FBF7F0","padding":{"unit":"px","top":"130","right":"0","bottom":"130","left":"0","isLinked":false},"padding_mobile":{"unit":"px","top":"30","right":"0","bottom":"45","left":"0","isLinked":false},"padding_tablet":{"unit":"px","top":"90","right":"0","bottom":"90","left":"0","isLinked":false}},"elements":[{"id":"3320572","settings":{"testimonials":[{"testimonial_name":"Robert Smith","testimonial_company":"Patterned scarf","_id":"711aecc","testimonial_title":"","testimonial_subtitle":"OUR CUSTOMER'S RAVE REVIEWS","testimonial_content":"\"I have been shopping with this web fashion site for over a year now<br class=\"hidden-xs hidden-sm\"\/>and I can confidently say it is the best online fashion site out there.The shipping is always fast and the customer service team is friendly and helpful. I highly recommend this site to anyone looking for affordable clothing.\"","testimonial_image":{"id":4003,"url":"https:\/\/wpecomus.com\/fashion\/wp-content\/uploads\/sites\/2\/2024\/07\/homev4_testi1.webp","alt":"","source":"library","size":""},"testimonial_link":{"url":"https:\/\/wpecomus.com\/fashion\/product\/patterned-scarf\/","is_external":"","nofollow":"","custom_attributes":""}},{"testimonial_name":"Jenifer Unix","testimonial_company":"Sweetheart-neckline Top","testimonial_title":"","testimonial_subtitle":"OUR CUSTOMER'S RAVE REVIEWS","testimonial_content":"I've been shopping on this online fashion store for over a year now, and I can confidently say it's the best one out there.  Highly recommend this site to anyone looking for affordable clothing. Highly recommended!","testimonial_image":{"id":4004,"url":"https:\/\/wpecomus.com\/fashion\/wp-content\/uploads\/sites\/2\/2024\/07\/homev4_testi2.webp","alt":"","source":"library","size":""},"testimonial_link":{"url":"https:\/\/wpecomus.com\/fashion\/product\/sweetheart-neckline-top\/","is_external":"","nofollow":"","custom_attributes":""},"_id":"65636fd"}],"thumbnail_width":{"unit":"%","size":"","sizes":[]},"thumbnail_width_tablet":{"unit":"%","size":"","sizes":[]},"thumbnail_width_mobile":{"unit":"%","size":"","sizes":[]},"content_width":{"unit":"%","size":45,"sizes":[]},"content_width_tablet":{"unit":"%","size":"","sizes":[]},"content_width_mobile":{"unit":"%","size":100,"sizes":[]},"navigation_classes_tablet":"arrows","navigation_classes_mobile":"dots","content_item_name_color":"#000000"},"elements":[],"isInner":false,"widgetType":"ecomus-testimonial-carousel","elType":"widget"}],"isInner":false,"elType":"container"},{"id":"6396ab0e","settings":{"padding":{"unit":"px","top":"90","right":"0","bottom":"0","left":"0","isLinked":false},"padding_mobile":{"unit":"px","top":"40","right":"0","bottom":"0","left":"0","isLinked":false}},"elements":[{"id":"4a710e2","settings":{"content_width":"full","title":"Shop by categories\n","title_size":"h4","align":"center","typography_typography":"custom","typography_font_size_tablet":{"unit":"px","size":32,"sizes":[]},"typography_font_size_mobile":{"unit":"px","size":22,"sizes":[]},"_margin":{"unit":"px","top":"0","right":"0","bottom":"49","left":"0","isLinked":false},"_margin_tablet":{"unit":"px","top":"0","right":"0","bottom":"29","left":"0","isLinked":false},"_margin_mobile":{"unit":"px","top":"0","right":"0","bottom":"10","left":"0","isLinked":false}},"elements":[],"isInner":false,"widgetType":"ecomus-heading","elType":"widget"},{"id":"580544ec","settings":{"content_width":"full","heading":"","items":[{"button_text":"Clothing","_id":"9383101","image":{"id":4011,"url":"https:\/\/wpecomus.com\/fashion\/wp-content\/uploads\/sites\/2\/2024\/07\/homev4_cat1.webp","alt":"","source":"library","size":""},"button_link":{"url":"https:\/\/wpecomus.com\/fashion\/product-category\/women\/","is_external":"","nofollow":"","custom_attributes":""}},{"button_text":"Sunglasses","_id":"76393cb","image":{"id":4012,"url":"https:\/\/wpecomus.com\/fashion\/wp-content\/uploads\/sites\/2\/2024\/07\/homev4_cat2.webp","alt":"","source":"library","size":""},"button_link":{"url":"https:\/\/wpecomus.com\/fashion\/product-category\/sunglasses\/","is_external":"","nofollow":"","custom_attributes":""}},{"button_text":"Sneakers","_id":"e8fa921","image":{"id":4013,"url":"https:\/\/wpecomus.com\/fashion\/wp-content\/uploads\/sites\/2\/2024\/07\/homev4_cat3.webp","alt":"","source":"library","size":""},"button_link":{"url":"https:\/\/wpecomus.com\/fashion\/product-category\/women\/sneakers\/","is_external":"","nofollow":"","custom_attributes":""}},{"button_text":"Bags","_id":"bbe6124","image":{"id":4014,"url":"https:\/\/wpecomus.com\/fashion\/wp-content\/uploads\/sites\/2\/2024\/07\/homev4_cat4.webp","alt":"","source":"library","size":""},"button_link":{"url":"https:\/\/wpecomus.com\/fashion\/product-category\/handbag\/","is_external":"","nofollow":"","custom_attributes":""}},{"_id":"464bac8","image":{"id":4015,"url":"https:\/\/wpecomus.com\/fashion\/wp-content\/uploads\/sites\/2\/2024\/07\/homev4_cat5.webp","alt":"","source":"library","size":""},"button_text":"Men","button_link":{"url":"https:\/\/wpecomus.com\/fashion\/product-category\/men\/","is_external":"","nofollow":"","custom_attributes":""}}],"aspect_ratio_type":"vertical","slides_to_show":4,"slides_to_show_tablet":2,"slides_to_scroll_tablet":2,"content_horizontal_position":"center","content_text_align":"","slides_to_show_mobile":2,"slides_to_scroll_mobile":2,"image_spacing_custom_mobile":15,"navigation_classes_mobile":"dots","content_border_radius":{"unit":"px","top":"0","right":"0","bottom":"0","left":"0","isLinked":true},"button_margin_mobile":{"unit":"px","top":"0","right":"0","bottom":"15","left":"0","isLinked":false},"dots_spacing_mobile":{"unit":"px","size":10,"sizes":[]},"show_button_icon":"hover","button_style":"light","button_padding":{"unit":"px","top":"15","right":"30","bottom":"15","left":"30","isLinked":false},"button_icon_size":{"unit":"px","size":8,"sizes":[]},"button_padding_mobile":{"unit":"px","top":"13","right":"15","bottom":"13","left":"15","isLinked":false},"button_icon_indent_mobile":{"unit":"px","size":0,"sizes":[]},"button_icon_size_mobile":{"unit":"px","size":0,"sizes":[]},"navigation_classes_tablet":"dots"},"elements":[],"isInner":false,"widgetType":"ecomus-image-box-carousel","elType":"widget"}],"isInner":false,"elType":"container"},{"id":"c1293bc","settings":{"padding":{"unit":"px","top":"70","right":"0","bottom":"20","left":"0","isLinked":false},"padding_mobile":{"unit":"px","top":"30","right":"0","bottom":"0","left":"0","isLinked":false}},"elements":[{"id":"6769e945","settings":{"content_width":"full","icons_box":[{"icon":{"value":{"url":"http:\/\/localhost:3000\/dev\/ecomus\/wp-content\/uploads\/sites\/28\/2024\/06\/box.svg","id":1397},"library":"svg"},"title":"Free Shipping","description":"You will love at great low prices","_id":"82d6a6a"},{"icon":{"value":{"url":"http:\/\/localhost:3000\/dev\/ecomus\/wp-content\/uploads\/sites\/28\/2024\/06\/card.svg","id":1398},"library":"svg"},"title":"Flexible Payment","description":"Pay with Multiple Credit Cards","_id":"a15fb08"},{"icon":{"value":{"url":"http:\/\/localhost:3000\/dev\/ecomus\/wp-content\/uploads\/sites\/28\/2024\/06\/return.svg","id":1399},"library":"svg"},"title":"14 Day Returns","description":"Within 30 days for an exchange","_id":"edf6df9"},{"_id":"1e7f2a4","icon":{"value":{"url":"http:\/\/localhost:3000\/dev\/ecomus\/wp-content\/uploads\/sites\/28\/2024\/06\/support.svg","id":1400},"library":"svg"},"title":"Premium Support","description":"Outstanding premium support"}],"slides_to_show":4,"navigation_classes_tablet":"dots","navigation_classes_mobile":"dots","content_padding":{"unit":"px","top":"26","right":"20","bottom":"26","left":"20","isLinked":false},"content_border_border":"solid","content_border_width":{"unit":"px","top":"1","right":"1","bottom":"1","left":"1","isLinked":true},"content_border_color":"#EBEBEB","title_typography_typography":"custom","title_typography_font_size":{"unit":"px","size":18,"sizes":[]},"title_typography_font_weight":"400","description_color":"#080808","icon_color":"#000000","icon_size":{"unit":"px","size":30,"sizes":[]},"title_spacing":{"unit":"px","size":10,"sizes":[]},"dots_spacing_mobile":{"unit":"px","size":20,"sizes":[]},"alignment":"center","icon_spacing":{"unit":"px","size":30,"sizes":[]},"slides_to_show_tablet":2,"slides_to_show_mobile":1,"slides_to_scroll_tablet":2,"slides_to_scroll_mobile":1},"elements":[],"isInner":false,"widgetType":"ecomus-icon-box-carousel","elType":"widget"}],"isInner":false,"elType":"container"},{"id":"2398077a","settings":{"flex_direction":"column","boxed_width":{"unit":"px","size":1440,"sizes":[]},"flex_gap":{"column":"15","row":"15","isLinked":true,"unit":"px","size":15},"flex_gap_mobile":{"column":"5","row":"5","isLinked":true,"unit":"px","size":5},"padding_mobile":{"unit":"px","top":"40","right":"0","bottom":"0","left":"0","isLinked":false},"padding":{"unit":"px","top":"54","right":"0","bottom":"0","left":"0","isLinked":false},"content_width":"full"},"elements":[{"id":"17552620","settings":{"title":"Shop Gram","title_size":"h4","align":"center","typography_typography":"custom","typography_font_size_tablet":{"unit":"px","size":32,"sizes":[]},"typography_font_size_mobile":{"unit":"px","size":22,"sizes":[]}},"elements":[],"isInner":false,"widgetType":"ecomus-heading","elType":"widget"},{"id":"402a2daa","settings":{"editor":"<p>Inspire and let yourself be inspired, from one unique fashion to another.<\/p>","align":"center","text_color":"#545454","typography_typography":"custom","typography_font_family":"Albert Sans","typography_font_size":{"unit":"px","size":16,"sizes":[]},"typography_font_weight":"400","typography_line_height":{"unit":"px","size":22,"sizes":[]},"_margin":{"unit":"px","top":"0","right":"0","bottom":"30","left":"0","isLinked":false},"_margin_mobile":{"unit":"px","top":"10","right":"0","bottom":"10","left":"0","isLinked":false},"typography_font_size_mobile":{"unit":"px","size":14,"sizes":[]},"typography_line_height_mobile":{"unit":"px","size":20,"sizes":[]}},"elements":[],"isInner":false,"widgetType":"text-editor","elType":"widget"},{"id":"6062f70c","settings":{"instagram_type":"custom","limit":5,"slides_to_show_tablet":3,"slides_to_show_mobile":2,"image_spacing_custom_tablet":7,"image_spacing_custom_mobile":7,"navigation_classes":"none","navigation_classes_tablet":"dots","navigation_classes_mobile":"dots","instagrams":[{"_id":"d64a8d1","image":{"id":1389,"url":"https:\/\/wpecomus.com\/fashion\/wp-content\/uploads\/sites\/2\/2024\/06\/im1.webp","alt":"","source":"library","size":""},"product_id":775},{"_id":"6b391fb","image":{"id":1390,"url":"https:\/\/wpecomus.com\/fashion\/wp-content\/uploads\/sites\/2\/2024\/06\/im2.webp","alt":"","source":"library","size":""},"product_id":666},{"_id":"166877d","image":{"id":1391,"url":"https:\/\/wpecomus.com\/fashion\/wp-content\/uploads\/sites\/2\/2024\/06\/im3.webp","alt":"","source":"library","size":""},"product_id":1367},{"_id":"361a114","image":{"id":1392,"url":"https:\/\/wpecomus.com\/fashion\/wp-content\/uploads\/sites\/2\/2024\/06\/im4.webp","alt":"","source":"library","size":""},"product_id":993},{"_id":"5a60148","image":{"id":1393,"url":"https:\/\/wpecomus.com\/fashion\/wp-content\/uploads\/sites\/2\/2024\/06\/im5.webp","alt":"","source":"library","size":""},"product_id":1005}],"aspect_ratio_type":"square","image_spacing_custom":0,"image_border_radius":{"unit":"px","top":"0","right":"0","bottom":"0","left":"0","isLinked":true},"dots_position":"inside","dots_spacing_inside_tablet":{"unit":"px","size":25,"sizes":[]},"dots_spacing_inside_mobile":{"unit":"px","size":15,"sizes":[]},"dots_type":"background","dots_gap_mobile":{"unit":"px","size":2,"sizes":[]},"dots_spacing_mobile":{"unit":"px","size":10,"sizes":[]}},"elements":[],"isInner":false,"widgetType":"ecomus-instagram","elType":"widget"}],"isInner":false,"elType":"container"}],"page_settings":{"hide_page_header":"yes","content_top_spacing":"custom","content_top_padding":{"unit":"px","size":0,"sizes":[]},"content_bottom_spacing":"custom","content_bottom_padding":{"unit":"px","size":0,"sizes":[]},"footer_background":"dark"},"version":"0.4","title":"Home Fashion v4","type":"page"}