{"content":[{"id":"3e8db120","settings":{"content_width":"full"},"elements":[{"id":"4547a8e1","settings":{"content_width":"full","title":"Discover Electric<br\/>\nElegance","button_text":"Shop collection","youtube_url":"https:\/\/www.youtube.com\/watch?v=K4TOrB7at0Y","before_title":"30% OFF ALL ORDERS","show_button_icon":"alway","image_source":"hosted","hosted_url":{"url":"https:\/\/wpecomus.com\/bike\/wp-content\/uploads\/sites\/15\/2024\/10\/home-bike-video.mp4","is_external":"","nofollow":"","custom_attributes":""},"video_mute":"yes","video_loop":"yes","button_text_color":"#FFFFFF","button_hover_border_color":"#FFFFFF","height":{"unit":"vh","size":100,"sizes":[]},"height_tablet":{"unit":"%","size":100,"sizes":[]},"height_mobile":{"unit":"px","size":300,"sizes":[]},"banner_horizontal_position_mobile":"center","banner_vertical_position_mobile":"middle","content_text_align_mobile":"center","content_bg_color_mobile":"#21232880","content_spacing_tablet":{"unit":"px","top":"40","right":"30","bottom":"40","left":"30","isLinked":false},"video_thumbnail":{"id":6138,"url":"https:\/\/wpecomus.com\/bike\/wp-content\/uploads\/sites\/15\/2024\/06\/home-bike-blog-1.jpg","alt":"","source":"library","size":""},"content_spacing_mobile":{"unit":"px","top":"20","right":"20","bottom":"20","left":"20","isLinked":true},"button_link":{"url":"https:\/\/wpecomus.com\/bike\/shop\/","is_external":"","nofollow":"","custom_attributes":""},"button_icon":{"value":{"url":"https:\/\/wpecomus.com\/bike\/wp-content\/uploads\/sites\/15\/2024\/07\/arrow-right.svg","id":3886},"library":"svg"},"button_background_color":"#02010100","button_border_color":"#FFFFFF","button_background_hover_color":"#02010100"},"elements":[],"isInner":false,"widgetType":"ecomus-video-banner","elType":"widget"}],"isInner":false,"elType":"container"},{"id":"5bf58c84","settings":{"content_width":"full"},"elements":[{"id":"560db04f","settings":{"content_width":"full","items":[{"text":"New season, new styles: fashion sale you can't miss","_id":"40daab5","icon":{"value":{"url":"https:\/\/wpecomus.com\/bike\/wp-content\/uploads\/sites\/15\/2024\/09\/polygon.svg","id":5776},"library":"svg"},"image":{"id":"","url":"https:\/\/wpecomus.com\/bike\/wp-content\/plugins\/elementor\/assets\/images\/placeholder.png"}},{"text":"Limited time offer: fashion sale you can't resist","icon":{"value":{"url":"https:\/\/wpecomus.com\/bike\/wp-content\/uploads\/sites\/15\/2024\/09\/polygon.svg","id":5776},"library":"svg"},"_id":"605079a","image":{"id":"","url":"https:\/\/wpecomus.com\/bike\/wp-content\/plugins\/elementor\/assets\/images\/placeholder.png"}},{"text":"Free shipping and returns","icon":{"value":{"url":"https:\/\/wpecomus.com\/bike\/wp-content\/uploads\/sites\/15\/2024\/09\/polygon.svg","id":5776},"library":"svg"},"_id":"a248665","image":{"id":"","url":"https:\/\/wpecomus.com\/bike\/wp-content\/plugins\/elementor\/assets\/images\/placeholder.png"}}],"speed":0.2,"padding":{"unit":"px","top":"20","right":"0","bottom":"19","left":"0","isLinked":false},"padding_tablet":{"unit":"px","top":"17","right":"0","bottom":"16","left":"0","isLinked":false},"padding_mobile":{"unit":"px","top":"15","right":"0","bottom":"15","left":"0","isLinked":false},"gap":{"unit":"px","size":30,"sizes":[]},"background_color":"#372B25","icon_size":{"unit":"px","size":7,"sizes":[]},"icon_color":"#FFFFFF","spacing":{"unit":"px","size":30,"sizes":[]},"text_typography_typography":"custom","text_typography_font_size":{"unit":"px","size":12,"sizes":[]},"text_typography_font_weight":"600","text_typography_text_transform":"uppercase","text_color":"#FFFFFF","gap_mobile":{"unit":"px","size":22.5,"sizes":[]},"spacing_mobile":{"unit":"px","size":22.5,"sizes":[]}},"elements":[],"isInner":false,"widgetType":"ecomus-marquee","elType":"widget"}],"isInner":false,"elType":"container"},{"id":"4cd2cf8a","settings":{"background_background":"classic","background_image":{"id":6119,"url":"https:\/\/wpecomus.com\/bike\/wp-content\/uploads\/sites\/15\/2024\/10\/home-bike-image-box-bg-scaled.jpg","alt":"","source":"library","size":""},"padding":{"unit":"px","top":"83","right":"0","bottom":"70","left":"0","isLinked":false},"background_repeat":"no-repeat","background_size":"cover","padding_mobile":{"unit":"px","top":"60","right":"0","bottom":"55","left":"0","isLinked":false},"padding_tablet":{"unit":"px","top":"70","right":"0","bottom":"100","left":"0","isLinked":false}},"elements":[{"id":"3963ed82","settings":{"content_width":"full","title":"Perfect Electric Bike","title_size":"h4","align":"center","typography_typography":"custom","typography_font_size_mobile":{"unit":"px","size":22,"sizes":[]},"typography_font_weight":"600","_margin":{"unit":"px","top":"0","right":"0","bottom":"60","left":"0","isLinked":false},"_margin_tablet":{"unit":"px","top":"0","right":"0","bottom":"30","left":"0","isLinked":false},"_margin_mobile":{"unit":"px","top":"0","right":"0","bottom":"10","left":"0","isLinked":false},"typography_font_size_tablet":{"unit":"px","size":32,"sizes":[]}},"elements":[],"isInner":false,"widgetType":"ecomus-heading","elType":"widget"},{"id":"62d3f5ff","settings":{"content_width":"full","heading":"","items":[{"button_text":"Learn more","_id":"2e1b8e1","image":{"id":6116,"url":"https:\/\/wpecomus.com\/bike\/wp-content\/uploads\/sites\/15\/2024\/10\/home-bike-banner-1.jpg","alt":"","source":"library","size":""},"title":"Ecomus RadRover","description":"Built for adventures big and small.","before_title":"A BEAST OF A BIKE","button_link":{"url":"https:\/\/wpecomus.com\/bike\/product-brand\/radrover\/","is_external":"","nofollow":"","custom_attributes":""}},{"button_text":"Learn more","_id":"8eb5386","image":{"id":6117,"url":"https:\/\/wpecomus.com\/bike\/wp-content\/uploads\/sites\/15\/2024\/10\/home-bike-banner-2.jpg","alt":"","source":"library","size":""},"before_title":"FULLY-LOADED SIDEKICK","title":"Ecomus RadRunner","description":"A better question is what can't this bike do.","button_link":{"url":"https:\/\/wpecomus.com\/bike\/product-brand\/radrunner\/","is_external":"","nofollow":"","custom_attributes":""}},{"button_text":"Learn more","_id":"060f31d","image":{"id":6118,"url":"https:\/\/wpecomus.com\/bike\/wp-content\/uploads\/sites\/15\/2024\/10\/home-bike-banner-3.jpg","alt":"","source":"library","size":""},"before_title":"THE ELEVATED RIDE","title":"Ecomus Elevated","description":"An up-for-anything ebike. For up-for-anything lives.","button_link":{"url":"https:\/\/wpecomus.com\/bike\/product-brand\/elevated\/","is_external":"","nofollow":"","custom_attributes":""}}],"slides_to_scroll":2,"slides_to_scroll_mobile":1,"content_horizontal_position":"center","dots_spacing_tablet":{"unit":"px","size":30,"sizes":[]},"content_border_radius":{"unit":"px","top":"0","right":"0","bottom":"0","left":"0","isLinked":true},"button_typography_typography":"custom","button_typography_font_size":{"unit":"px","size":14,"sizes":[]},"button_width":{"unit":"px","size":297,"sizes":[]},"button_width_mobile":{"unit":"px","size":200,"sizes":[]},"button_padding_mobile":{"unit":"px","top":"10","right":"10","bottom":"10","left":"10","isLinked":false},"button_min_width":{"unit":"px","size":134,"sizes":[]},"button_min_height":{"unit":"px","size":46,"sizes":[]},"button_icon_size":{"unit":"px","size":10,"sizes":[]},"heading_typography_typography":"custom","button_icon_size_mobile":{"unit":"px","size":9,"sizes":[]},"slides_to_show_tablet":2,"slides_to_show_mobile":1,"image_border_radius":{"unit":"px","top":"20","right":"20","bottom":"20","left":"20","isLinked":true},"button_typography_font_size_mobile":{"unit":"px","size":16,"sizes":[]},"button_min_width_mobile":{"unit":"px","size":122,"sizes":[]},"button_min_height_mobile":{"unit":"px","size":38,"sizes":[]},"button_icon_padding":{"unit":"px","top":"4","right":"0","bottom":"0","left":"0","isLinked":false},"button_icon_padding_mobile":{"unit":"px","top":"0","right":"0","bottom":"0","left":"0","isLinked":true},"navigation_classes_tablet":"dots","arrows_show":"1","show_heading":"","content_position":"below","content_vertical_position":"middle","content_text_align":"center","before_title_typography_typography":"custom","before_title_typography_font_weight":"700","description_margin":{"unit":"px","top":"10","right":"0","bottom":"0","left":"0","isLinked":false},"button_background_color":"#F67D0D","button_text_color":"#FFFFFF","button_border_color":"#F67D0D","button_background_hover_color":"#F67D0D","content_item_bg_color":"#FFFFFF","content_item_spacing":{"unit":"px","top":"10","right":"10","bottom":"10","left":"10","isLinked":true},"aspect_ratio_type":"square","navigation_classes":"dots","content_item_padding":{"unit":"px","top":"10","right":"10","bottom":"40","left":"10","isLinked":false},"content_item_border_radius":{"unit":"px","top":"20","right":"20","bottom":"20","left":"20","isLinked":true},"title_typography_typography":"custom","title_typography_font_weight":"600","dots_spacing_mobile":{"unit":"px","size":10,"sizes":[]},"button_hover_border_color":"#F67D0D","description_color":"#212328"},"elements":[],"isInner":false,"widgetType":"ecomus-image-box-carousel","elType":"widget"}],"isInner":false,"elType":"container"},{"id":"13cfc651","settings":[],"elements":[{"id":"4eea9ef8","settings":{"content_width":"full","title":"Bikes that fit your lifestyle","title_size":"h4","align":"flex-start","typography_typography":"custom","typography_font_size_mobile":{"unit":"px","size":22,"sizes":[]},"typography_font_weight":"600","_margin":{"unit":"px","top":"65","right":"0","bottom":"60","left":"0","isLinked":false},"_margin_tablet":{"unit":"px","top":"0","right":"0","bottom":"30","left":"0","isLinked":false},"_margin_mobile":{"unit":"px","top":"0","right":"0","bottom":"28","left":"0","isLinked":false},"typography_font_size_tablet":{"unit":"px","size":32,"sizes":[]}},"elements":[],"isInner":false,"widgetType":"ecomus-heading","elType":"widget"}],"isInner":false,"elType":"container"},{"id":"491d4079","settings":{"overflow":"hidden"},"elements":[{"id":"d10c881","settings":{"content_width":"full","show_heading":"","heading":"This is heading","items":[{"button_text":"Off-road","_id":"e0a253f","image":{"id":6120,"url":"https:\/\/wpecomus.com\/bike\/wp-content\/uploads\/sites\/15\/2024\/10\/home-bike-banner-4.jpg","alt":"","source":"library","size":""},"button_link":{"url":"https:\/\/wpecomus.com\/bike\/product-category\/off-road\/","is_external":"","nofollow":"","custom_attributes":""}},{"button_text":"Cargo","_id":"7a576fc","image":{"id":6121,"url":"https:\/\/wpecomus.com\/bike\/wp-content\/uploads\/sites\/15\/2024\/10\/home-bike-banner-5.jpg","alt":"","source":"library","size":""},"button_link":{"url":"https:\/\/wpecomus.com\/bike\/product-category\/cargo\/","is_external":"","nofollow":"","custom_attributes":""}},{"button_text":"Commuter","_id":"12b5711","image":{"id":6122,"url":"https:\/\/wpecomus.com\/bike\/wp-content\/uploads\/sites\/15\/2024\/10\/home-bike-banner-6.jpg","alt":"","source":"library","size":""},"button_link":{"url":"https:\/\/wpecomus.com\/bike\/product-category\/commuter\/","is_external":"","nofollow":"","custom_attributes":""}},{"button_text":"Folding","_id":"c1db155","image":{"id":6123,"url":"https:\/\/wpecomus.com\/bike\/wp-content\/uploads\/sites\/15\/2024\/10\/home-bike-banner-7.jpg","alt":"","source":"library","size":""},"button_link":{"url":"https:\/\/wpecomus.com\/bike\/product-category\/folding\/","is_external":"","nofollow":"","custom_attributes":""}},{"button_text":"High-step","image":{"id":6124,"url":"https:\/\/wpecomus.com\/bike\/wp-content\/uploads\/sites\/15\/2024\/10\/home-bike-banner-8.jpg","alt":"","source":"library","size":""},"_id":"031206d","button_link":{"url":"https:\/\/wpecomus.com\/bike\/product-category\/high-step\/","is_external":"","nofollow":"","custom_attributes":""}}],"aspect_ratio_type":"custom","slides_to_show":4,"navigation_classes":"none","slidesperview_auto":"yes","width":{"unit":"px","size":352,"sizes":[]},"width_mobile":{"unit":"px","size":321,"sizes":[]},"slide_spacing_right":{"unit":"px","size":295,"sizes":[]},"content_horizontal_position":"center","button_margin":{"unit":"px","top":"0","right":"0","bottom":"40","left":"0","isLinked":false},"button_style":"light","button_typography_typography":"custom","button_typography_font_size":{"unit":"px","size":20,"sizes":[]},"show_button_icon":"hover","image_border_radius":{"unit":"px","top":"20","right":"20","bottom":"20","left":"20","isLinked":true},"button_padding":{"unit":"px","top":"16","right":"30","bottom":"16","left":"30","isLinked":false},"slides_to_show_tablet":3,"navigation_classes_tablet":"dots","slide_spacing_right_tablet":{"unit":"px","size":30,"sizes":[]},"slidesperview_auto_tablet":"yes","slides_to_show_mobile":2,"image_spacing_custom_mobile":15,"slidesperview_auto_mobile":"yes","slide_spacing_right_mobile":{"unit":"px","size":16,"sizes":[]},"aspect_ratio":"3:4","button_margin_tablet":{"unit":"px","top":"0","right":"0","bottom":"25","left":"0","isLinked":false},"button_padding_tablet":{"unit":"px","top":"12","right":"16","bottom":"12","left":"16","isLinked":false},"button_typography_font_family":"Sora","button_text_color":"#000000","button_typography_font_weight":"500"},"elements":[],"isInner":false,"widgetType":"ecomus-image-box-carousel","elType":"widget"}],"isInner":false,"elType":"container"},{"id":"3207f55","settings":{"flex_direction":"row","flex_gap":{"unit":"px","size":30,"column":"30","row":"30","isLinked":true},"flex_gap_mobile":{"column":"15","row":"15","isLinked":true,"unit":"px","size":15},"mobile_column_alignment":"column_md","padding":{"unit":"px","top":"65","right":"0","bottom":"65","left":"0","isLinked":false},"flex_gap_tablet":{"column":"15","row":"15","isLinked":true,"unit":"px","size":15},"padding_mobile":{"unit":"px","top":"50","right":"0","bottom":"50","left":"0","isLinked":false},"padding_tablet":{"unit":"px","top":"55","right":"0","bottom":"50","left":"0","isLinked":false}},"elements":[{"id":"2299abd2","settings":{"flex_direction":"column","content_width":"full","width":{"unit":"%","size":"50"}},"elements":[{"id":"77971e9d","settings":{"content_width":"full","image":{"id":6125,"url":"https:\/\/wpecomus.com\/bike\/wp-content\/uploads\/sites\/15\/2024\/10\/home-bike-banner-9.jpg","alt":"","source":"library","size":""},"title":"Ride more trails in less time","description":"Ride more trails in less time","height":{"unit":"px","size":500,"sizes":[]},"button_text":"Shop now","horizontal_position":"left","banner_padding":{"unit":"px","top":"0","right":"50","bottom":"55","left":"50","isLinked":false},"banner_padding_mobile":{"unit":"px","top":"23","right":"23","bottom":"23","left":"23","isLinked":true},"border_radius":{"unit":"px","top":"20","right":"20","bottom":"20","left":"20","isLinked":true},"title_typography_typography":"custom","title_typography_font_weight":"600","title_margin":{"unit":"px","top":"0","right":"0","bottom":"5","left":"0","isLinked":false},"description_typography_typography":"custom","description_typography_font_size":{"unit":"px","size":16,"sizes":[]},"button_margin":{"unit":"px","top":"0","right":"0","bottom":"0","left":"0","isLinked":true},"button_padding":{"unit":"px","top":"14","right":"25","bottom":"14","left":"25","isLinked":false},"height_mobile":{"unit":"px","size":250,"sizes":[]},"button_padding_mobile":{"unit":"px","top":"12","right":"25","bottom":"12","left":"25","isLinked":false},"text_align":"","banner_padding_tablet":{"unit":"px","top":"0","right":"20","bottom":"30","left":"30","isLinked":false},"button_link":{"url":"https:\/\/wpecomus.com\/bike\/product-category\/sport\/","is_external":"","nofollow":"","custom_attributes":""},"button_style":"","button_background_color":"#FFFFFF","button_text_color":"#050505","button_border_color":"#FFFFFF","button_background_hover_color":"#FFFFFF","hover_color":"#000000","button_hover_border_color":"#FFFFFF","button_background_effect_hover_color":"#00000038","button_icon":{"value":{"url":"https:\/\/wpecomus.com\/bike\/wp-content\/uploads\/sites\/15\/2024\/11\/home-bike-logo.svg","id":6460},"library":"svg"}},"elements":[],"isInner":false,"widgetType":"ecomus-banner","elType":"widget"}],"isInner":true,"elType":"container"},{"id":"1796ec64","settings":{"flex_direction":"column","content_width":"full","width":{"unit":"%","size":"50"}},"elements":[{"id":"19ce96e1","settings":{"content_width":"full","image":{"id":6126,"url":"https:\/\/wpecomus.com\/bike\/wp-content\/uploads\/sites\/15\/2024\/10\/home-bike-banner-10.jpg","alt":"","source":"library","size":""},"title":"The future of freeride is here","description":"Enhance the experience of every ride.","height":{"unit":"px","size":500,"sizes":[]},"button_text":"Shop now","horizontal_position":"left","banner_padding":{"unit":"px","top":"0","right":"50","bottom":"55","left":"50","isLinked":false},"banner_padding_mobile":{"unit":"px","top":"23","right":"23","bottom":"23","left":"23","isLinked":true},"border_radius":{"unit":"px","top":"20","right":"20","bottom":"20","left":"20","isLinked":true},"title_typography_typography":"custom","title_typography_font_weight":"600","title_margin":{"unit":"px","top":"0","right":"0","bottom":"5","left":"0","isLinked":false},"description_typography_typography":"custom","description_typography_font_size":{"unit":"px","size":16,"sizes":[]},"button_margin":{"unit":"px","top":"0","right":"0","bottom":"0","left":"0","isLinked":true},"button_padding":{"unit":"px","top":"14","right":"25","bottom":"14","left":"25","isLinked":false},"height_mobile":{"unit":"px","size":250,"sizes":[]},"text_align":"","banner_padding_tablet":{"unit":"px","top":"0","right":"20","bottom":"30","left":"30","isLinked":false},"button_link":{"url":"https:\/\/wpecomus.com\/bike\/product-category\/mountain\/","is_external":"","nofollow":"","custom_attributes":""},"button_style":"","button_padding_mobile":{"unit":"px","top":"12","right":"25","bottom":"12","left":"25","isLinked":false},"button_background_color":"#FFFFFF","button_text_color":"#050505","button_border_color":"#FFFFFF","button_background_hover_color":"#FFFFFF","hover_color":"#000000","button_hover_border_color":"#FFFFFF","button_background_effect_hover_color":"#00000038"},"elements":[],"isInner":false,"widgetType":"ecomus-banner","elType":"widget"}],"isInner":true,"elType":"container"}],"isInner":false,"elType":"container"},{"id":"5a050343","settings":{"background_background":"classic","background_color":"#F5F3EB","padding":{"unit":"px","top":"76","right":"0","bottom":"90","left":"0","isLinked":false},"padding_mobile":{"unit":"px","top":"55","right":"0","bottom":"60","left":"0","isLinked":false},"overflow":"hidden","padding_tablet":{"unit":"px","top":"57","right":"0","bottom":"80","left":"0","isLinked":false}},"elements":[{"id":"38e38491","settings":{"content_width":"full","slides_to_show_tablet":3,"slides_to_show_mobile":1,"image_spacing_custom_tablet":30,"image_spacing_custom_mobile":15,"navigation_classes_tablet":"none","navigation_classes_mobile":"none","product_border_radius":{"unit":"px","top":"0","right":"0","bottom":"0","left":"0","isLinked":true},"slides_to_scroll_tablet":1,"slides_to_scroll_mobile":1,"dots_gap_mobile":{"unit":"px","size":3,"sizes":[]},"dots_size_tablet":{"unit":"px","size":6,"sizes":[]},"dot_item_color":"#D4D4D4","dot_item_active_color":"#111111","heading":"Select your steed","show_heading":"yes","arrows_heading_size":{"unit":"px","size":12,"sizes":[]},"heading_spacing":{"unit":"px","size":50,"sizes":[]},"heading_spacing_mobile":{"unit":"px","size":25,"sizes":[]},"slidesperview_auto":"yes","width":{"unit":"px","size":352,"sizes":[]},"slide_spacing_right":{"unit":"px","size":295,"sizes":[]},"limit":8,"heading_typography_typography":"custom","heading_typography_font_weight":"600","heading_color":"#000000","slidesperview_auto_tablet":"yes","slide_spacing_right_tablet":{"unit":"px","size":30,"sizes":[]},"heading_typography_font_size_tablet":{"unit":"px","size":32,"sizes":[]},"heading_typography_font_size_mobile":{"unit":"px","size":22,"sizes":[]},"navigation_classes":"none","arrows_radius":{"unit":"%","top":"","right":"","bottom":"","left":"","isLinked":true},"slidesperview_auto_mobile":"yes","width_mobile":{"unit":"%","size":70,"sizes":[]},"slide_spacing_right_mobile":{"unit":"px","size":15,"sizes":[]}},"elements":[],"isInner":false,"widgetType":"ecomus-products-carousel","elType":"widget"}],"isInner":false,"elType":"container"},{"id":"4107d865","settings":{"flex_direction":"row","flex_gap":{"unit":"px","size":0,"column":"0","row":"0","isLinked":true},"flex_align_items":"center","padding":{"unit":"px","top":"74","right":"0","bottom":"68","left":"0","isLinked":false},"flex_direction_tablet":"column","flex_gap_tablet":{"column":"10","row":"10","isLinked":true,"unit":"px","size":10},"padding_tablet":{"unit":"px","top":"60","right":"0","bottom":"50","left":"0","isLinked":false}},"elements":[{"id":"296231d0","settings":{"flex_direction":"column","content_width":"full","width":{"unit":"%","size":"50"},"width_tablet":{"unit":"%","size":100,"sizes":[]},"width_mobile":{"unit":"%","size":"","sizes":[]}},"elements":[{"id":"11a64ddb","settings":{"content_width":"full","title":"Green Commuting<br\/>\nRedefined","typography_typography":"custom","typography_font_weight":"600","align_tablet":"center","typography_font_size_tablet":{"unit":"px","size":50,"sizes":[]},"typography_font_size_mobile":{"unit":"px","size":32,"sizes":[]}},"elements":[],"isInner":false,"widgetType":"ecomus-heading","elType":"widget"}],"isInner":true,"elType":"container"},{"id":"7ec3f98c","settings":{"flex_direction":"column","content_width":"full","width":{"unit":"%","size":"50"},"flex_align_items":"flex-end","width_tablet":{"unit":"%","size":100,"sizes":[]},"width_mobile":{"unit":"%","size":"","sizes":[]},"flex_align_items_tablet":"center"},"elements":[{"id":"2da6c167","settings":{"content_width":"full","title":"Make commuting a breeze with our electric bikes.<br class=\"hidden-xs\"\/>\nEffortless rides, happy","title_size":"div","typography_typography":"custom","typography_font_size":{"unit":"px","size":20,"sizes":[]},"align_tablet":"center","typography_font_size_tablet":{"unit":"px","size":14,"sizes":[]}},"elements":[],"isInner":false,"widgetType":"ecomus-heading","elType":"widget"}],"isInner":true,"elType":"container"}],"isInner":false,"elType":"container"},{"id":"6c2cb567","settings":{"padding":{"unit":"px","top":"0","right":"0","bottom":"53","left":"0","isLinked":false}},"elements":[{"id":"3497083","settings":{"content_width":"full","youtube_url":"https:\/\/www.youtube.com\/watch?v=XHOmBV4js_E","vimeo_url":"https:\/\/vimeo.com\/235215203","insert_url":"yes","external_url":{"url":"https:\/\/wpecomus.com\/bike\/wp-content\/uploads\/sites\/15\/2024\/10\/home-bike-video.mp4","is_external":"","nofollow":"","custom_attributes":""},"banners_background_image":{"id":6127,"url":"https:\/\/wpecomus.com\/bike\/wp-content\/uploads\/sites\/15\/2024\/10\/home-bike-video-popup-bg-scaled.jpg","alt":"","source":"library","size":""},"border_radius":{"unit":"px","top":"20","right":"20","bottom":"20","left":"20","isLinked":true},"height_tablet":{"unit":"px","size":475,"sizes":[]},"height_mobile":{"unit":"px","size":220,"sizes":[]},"video_type":"self_hosted"},"elements":[],"isInner":false,"widgetType":"ecomus-video-popup","elType":"widget"}],"isInner":false,"elType":"container"},{"id":"40c3f158","settings":{"border_width":{"unit":"px","top":"0","right":"0","bottom":"0","left":"0","isLinked":false},"border_color":"#EBEBEB","padding":{"unit":"px","top":"88","right":"0","bottom":"63","left":"0","isLinked":false},"background_background":"classic","background_color":"#F5F3EB","padding_mobile":{"unit":"px","top":"40","right":"0","bottom":"30","left":"0","isLinked":false}},"elements":[{"id":"3f14be69","settings":{"content_width":"full","title":"Reliable service and support.\n","title_size":"h4","align":"center","_margin":{"unit":"px","top":"0","right":"0","bottom":"30","left":"0","isLinked":false},"typography_typography":"custom","typography_font_size_mobile":{"unit":"px","size":22,"sizes":[]},"_margin_mobile":{"unit":"px","top":"0","right":"0","bottom":"10","left":"0","isLinked":false},"typography_font_weight":"600","typography_font_size_tablet":{"unit":"px","size":32,"sizes":[]}},"elements":[],"isInner":false,"widgetType":"ecomus-heading","elType":"widget"},{"id":"46108bc6","settings":{"content_width":"full","icons_box":[{"icon":{"value":{"url":"https:\/\/wpecomus.com\/bike\/wp-content\/uploads\/sites\/15\/2024\/10\/shipping-4.svg","id":6131},"library":"svg"},"title":"Free, fast shipping","description":"Wait less, ride more. Enjoy fast, free shipping on all ebike orders.","_id":"82d6a6a","image":{"id":"","url":"https:\/\/wpecomus.com\/bike\/wp-content\/plugins\/elementor\/assets\/images\/placeholder.png"}},{"icon":{"value":{"url":"https:\/\/wpecomus.com\/bike\/wp-content\/uploads\/sites\/15\/2024\/10\/warranty.svg","id":6132},"library":"svg"},"title":"2 year warranty","description":"Ride in confidence. We\u2019ve got you covered.","_id":"a15fb08","image":{"id":"","url":"https:\/\/wpecomus.com\/bike\/wp-content\/plugins\/elementor\/assets\/images\/placeholder.png"}},{"icon":{"value":{"url":"https:\/\/wpecomus.com\/bike\/wp-content\/uploads\/sites\/15\/2024\/06\/support.svg","id":1400},"library":"svg"},"title":"Explore our help center","description":"Can\u2019t choose a bike? Need to fix a flat? We\u2019re here to help.","_id":"edf6df9","image":{"id":"","url":"https:\/\/wpecomus.com\/bike\/wp-content\/plugins\/elementor\/assets\/images\/placeholder.png"}}],"navigation_classes_tablet":"dots","navigation_classes_mobile":"dots","content_padding":{"unit":"px","top":"26","right":"20","bottom":"26","left":"20","isLinked":false},"content_border_color":"#EBEBEB","content_border_radius":{"unit":"px","top":"10","right":"10","bottom":"10","left":"10","isLinked":true},"title_typography_typography":"custom","title_typography_font_size":{"unit":"px","size":20,"sizes":[]},"title_typography_font_weight":"600","description_color":"#848484","icon_color":"#000000","icon_size":{"unit":"px","size":40,"sizes":[]},"alignment":"center","icon_spacing":{"unit":"px","size":30,"sizes":[]},"arrows_type":"outline","slides_to_show_tablet":2,"slides_to_show_mobile":1,"slides_to_scroll_tablet":2,"slides_to_scroll_mobile":1,"title_spacing":{"unit":"px","size":10,"sizes":[]},"title_color":"#000000","content_padding_mobile":{"unit":"px","top":"0","right":"10","bottom":"0","left":"10","isLinked":false},"icon_size_mobile":{"unit":"px","size":30,"sizes":[]},"dots_spacing_mobile":{"unit":"px","size":10,"sizes":[]},"icon_spacing_mobile":{"unit":"px","size":23,"sizes":[]}},"elements":[],"isInner":false,"widgetType":"ecomus-icon-box-carousel","elType":"widget"}],"isInner":false,"elType":"container"},{"id":"4f694aee","settings":{"border_width":{"unit":"px","top":"0","right":"0","bottom":"1","left":"0","isLinked":false},"border_color":"#EBEBEB","padding":{"unit":"px","top":"80","right":"0","bottom":"23","left":"0","isLinked":false},"padding_tablet":{"unit":"px","top":"70","right":"0","bottom":"55","left":"0","isLinked":false},"padding_mobile":{"unit":"px","top":"50","right":"0","bottom":"30","left":"0","isLinked":false}},"elements":[{"id":"4553b1c3","settings":{"content_width":"full","title":"Guides for everything<br\/>\nyou need","title_size":"h4","align":"flex-start","_margin":{"unit":"px","top":"0","right":"0","bottom":"50","left":"0","isLinked":false},"typography_typography":"custom","typography_font_weight":"600","typography_font_size_tablet":{"unit":"px","size":32,"sizes":[]},"typography_font_size_mobile":{"unit":"px","size":22,"sizes":[]},"_margin_tablet":{"unit":"px","top":"0","right":"0","bottom":"30","left":"0","isLinked":false},"_margin_mobile":{"unit":"px","top":"0","right":"0","bottom":"10","left":"0","isLinked":false}},"elements":[],"isInner":false,"widgetType":"ecomus-heading","elType":"widget"},{"id":"4ed19373","settings":{"content_width":"full","navigation_classes_tablet":"arrows","navigation_classes_mobile":"dots","dots_spacing_mobile":{"unit":"px","size":15,"sizes":[]},"slides_to_show_tablet":2,"slides_to_show_mobile":1,"slides_to_scroll_tablet":2,"slides_to_scroll_mobile":1,"post_carousel_padding":{"unit":"px","top":"11","right":"16","bottom":"11","left":"16","isLinked":false}},"elements":[],"isInner":false,"widgetType":"ecomus-posts-carousel","elType":"widget"}],"isInner":false,"elType":"container"},{"id":"6dc8fc51","settings":{"content_width":"full"},"elements":[{"id":"12a65bd8","settings":{"content_width":"full","text":"Divider","color":"#EBEBEB"},"elements":[],"isInner":false,"widgetType":"divider","elType":"widget"}],"isInner":false,"elType":"container"},{"id":"19c986c1","settings":{"margin_mobile":{"unit":"px","top":"0","right":"0","bottom":"16","left":"0","isLinked":false},"padding":{"unit":"px","top":"73","right":"0","bottom":"0","left":"0","isLinked":false},"padding_tablet":{"unit":"px","top":"50","right":"0","bottom":"0","left":"0","isLinked":false},"padding_mobile":{"unit":"px","top":"30","right":"0","bottom":"0","left":"0","isLinked":false}},"elements":[{"id":"59b976b1","settings":{"content_width":"full","title":"Find a store","title_size":"h4","align":"center","_margin":{"unit":"px","top":"0","right":"0","bottom":"53","left":"0","isLinked":false},"typography_typography":"custom","typography_font_weight":"600","typography_font_size_tablet":{"unit":"px","size":32,"sizes":[]},"typography_font_size_mobile":{"unit":"px","size":22,"sizes":[]},"_margin_mobile":{"unit":"px","top":"0","right":"0","bottom":"30","left":"0","isLinked":false},"_margin_tablet":{"unit":"px","top":"0","right":"0","bottom":"43","left":"0","isLinked":false}},"elements":[],"isInner":false,"widgetType":"ecomus-heading","elType":"widget"},{"id":"43446b73","settings":{"content_width":"full","image":{"id":6133,"url":"https:\/\/wpecomus.com\/bike\/wp-content\/uploads\/sites\/15\/2024\/10\/home-bike-map-scaled.jpg","alt":"","source":"library","size":""},"title":"Toronto Store","title_size":"h3","description":"<p>301 Front St W Toronto, Canada<br\/>\nsupport@ecomus.com<br\/>\n(08) 8942 1299<\/p>\n\n<p>Mon - Fri, 8:30am - 10:30pm<br\/>\nSaturday, 8:30am - 10:30pm<br\/>\nSunday Closed<\/p>","button_text":"Get Directions","button_style":"subtle","aspect_ratio_type":"custom","aspect_ratio":"15:7","show_button_icon":"alway","button_link":{"url":"https:\/\/wpecomus.com\/bike\/store-locations\/","is_external":"","nofollow":"","custom_attributes":""},"text_align":"","horizontal_position":"right","margin":{"unit":"px","top":"0","right":"50","bottom":"0","left":"0","isLinked":false},"border_radius":{"unit":"px","top":"20","right":"20","bottom":"20","left":"20","isLinked":true},"content_border_radius":{"unit":"px","top":"20","right":"20","bottom":"20","left":"20","isLinked":true},"title_typography_typography":"custom","title_typography_font_weight":"600","margin_mobile":{"unit":"px","top":"0","right":"0","bottom":"0","left":"0","isLinked":true}},"elements":[],"isInner":false,"widgetType":"ecomus-image-info","elType":"widget"}],"isInner":false,"elType":"container"},{"id":"235be087","settings":{"margin_mobile":{"unit":"px","top":"0","right":"0","bottom":"40","left":"0","isLinked":false},"padding":{"unit":"px","top":"55","right":"0","bottom":"55","left":"0","isLinked":false},"padding_mobile":{"unit":"px","top":"0","right":"0","bottom":"0","left":"0","isLinked":true},"padding_tablet":{"unit":"px","top":"45","right":"0","bottom":"55","left":"0","isLinked":false}},"elements":[{"id":"3efbd2b1","settings":{"items":[{"_id":"59005f5","image":{"id":6146,"url":"https:\/\/wpecomus.com\/bike\/wp-content\/uploads\/sites\/15\/2024\/10\/home-bike-brand-01.png","alt":"","source":"library","size":""},"link":{"url":"","is_external":"","nofollow":"","custom_attributes":""}},{"_id":"af02832","image":{"id":6147,"url":"https:\/\/wpecomus.com\/bike\/wp-content\/uploads\/sites\/15\/2024\/10\/home-bike-brand-02.png","alt":"","source":"library","size":""},"link":{"url":"","is_external":"","nofollow":"","custom_attributes":""}},{"_id":"dba0e9f","image":{"id":6148,"url":"https:\/\/wpecomus.com\/bike\/wp-content\/uploads\/sites\/15\/2024\/10\/home-bike-brand-03.png","alt":"","source":"library","size":""},"link":{"url":"","is_external":"","nofollow":"","custom_attributes":""}},{"_id":"f52b6c1","image":{"id":6149,"url":"https:\/\/wpecomus.com\/bike\/wp-content\/uploads\/sites\/15\/2024\/10\/home-bike-brand-04.png","alt":"","source":"library","size":""},"link":{"url":"","is_external":"","nofollow":"","custom_attributes":""}},{"_id":"e0d4224","image":{"id":6150,"url":"https:\/\/wpecomus.com\/bike\/wp-content\/uploads\/sites\/15\/2024\/10\/home-bike-brand-05.png","alt":"","source":"library","size":""},"link":{"url":"","is_external":"","nofollow":"","custom_attributes":""}},{"_id":"78a5e89","image":{"id":6151,"url":"https:\/\/wpecomus.com\/bike\/wp-content\/uploads\/sites\/15\/2024\/10\/home-bike-brand-06.png","alt":"","source":"library","size":""},"link":{"url":"","is_external":"","nofollow":"","custom_attributes":""}}],"slides_to_show_tablet":3,"slides_to_show_mobile":2,"content_width":"full","slides_to_scroll_tablet":3,"slides_to_scroll_mobile":2,"navigation_classes":"none","navigation_classes_tablet":"dots","navigation_classes_mobile":"dots","image_custom_dimension":{"width":"","height":"82"},"border_color":"#02010100","padding_mobile":{"unit":"px","top":"0","right":"0","bottom":"0","left":"0","isLinked":true},"dots_spacing_tablet":{"unit":"px","size":20,"sizes":[]}},"elements":[],"isInner":false,"widgetType":"ecomus-image-carousel","elType":"widget"}],"isInner":false,"elType":"container"}],"page_settings":{"page_header_top_padding":{"unit":"px","size":"","sizes":[]},"page_header_bottom_padding":{"unit":"px","size":"","sizes":[]},"content_top_spacing":"custom","content_top_padding":{"unit":"px","size":0,"sizes":[]},"hide_page_header":"yes","content_bottom_spacing":"custom","content_bottom_padding":{"unit":"px","size":0,"sizes":[]}},"version":"0.4","title":"Home Bike","type":"page"}