	{"content":[{"id":"138f04d8","settings":{"content_width":"full","margin":{"unit":"px","top":"0","right":"0","bottom":"63","left":"0","isLinked":false},"margin_tablet":{"unit":"px","top":"0","right":"0","bottom":"53","left":"0","isLinked":false},"margin_mobile":{"unit":"px","top":"0","right":"0","bottom":"47","left":"0","isLinked":false}},"elements":[{"id":"6bfb3425","settings":{"content_width":"full","items":[{"image":{"id":5274,"url":"https:\/\/wpecomus.com\/pod\/wp-content\/uploads\/sites\/10\/2024\/08\/homepod_slider1.webp","alt":"","source":"library","size":""},"_id":"218fdb9"},{"image":{"id":5275,"url":"https:\/\/wpecomus.com\/pod\/wp-content\/uploads\/sites\/10\/2024\/08\/homepod_slider2.webp","alt":"","source":"library","size":""},"_id":"1b9e146"},{"image":{"id":5276,"url":"https:\/\/wpecomus.com\/pod\/wp-content\/uploads\/sites\/10\/2024\/08\/homepod_slider3.webp","alt":"","source":"library","size":""},"_id":"600a1ab"},{"_id":"d0660e8","image":{"id":5277,"url":"https:\/\/wpecomus.com\/pod\/wp-content\/uploads\/sites\/10\/2024\/08\/homepod_slider4.webp","alt":"","source":"library","size":""}},{"_id":"a109913","image":{"id":5278,"url":"https:\/\/wpecomus.com\/pod\/wp-content\/uploads\/sites\/10\/2024\/08\/homepod_slider5.webp","alt":"","source":"library","size":""}}],"subtitle":"30% off all orders","title":"Graphic Tees <br class=\"hidden-xs\" \/>Collection","button_style":"outline-dark","button_text":"Shop collection","image_size":"custom","image_custom_dimension":{"width":"640","height":"817"},"text_align":"","aspect_ratio_type":"custom","aspect_ratio":"18:23","show_button_icon":"alway","button_icon":{"value":{"url":"https:\/\/wpecomus.com\/pod\/wp-content\/uploads\/sites\/10\/2024\/07\/arrow-right.svg","id":3886},"library":"svg"},"button_link":{"url":"https:\/\/wpecomus.com\/pod\/shop\/?product_status=on_sale","is_external":"","nofollow":"","custom_attributes":""},"image_border_radius":{"unit":"px","top":"0","right":"0","bottom":"0","left":"0","isLinked":true}},"elements":[],"isInner":false,"widgetType":"ecomus-hero-images","elType":"widget"}],"isInner":false,"elType":"container"},{"id":"3b0fbdb2","settings":{"container_type":"grid","grid_columns_grid":{"unit":"fr","size":"2"},"grid_rows_grid":{"unit":"fr","size":"1"},"grid_rows_grid_mobile":{"unit":"fr","size":"1"},"grid_gaps":{"column":"8","row":"8","isLinked":true,"unit":"px"},"grid_justify_items_mobile":"center","grid_align_items":"center","margin":{"unit":"px","top":"0","right":"0","bottom":"59","left":"0","isLinked":false},"margin_tablet":{"unit":"px","top":"0","right":"0","bottom":"50","left":"0","isLinked":false},"margin_mobile":{"unit":"px","top":"0","right":"0","bottom":"30","left":"0","isLinked":false}},"elements":[{"id":"7c3449fa","settings":{"content_width":"full","title":"Shop by categories","title_size":"h4","typography_typography":"custom","typography_font_size_tablet":{"unit":"px","size":32,"sizes":[]},"typography_font_size_mobile":{"unit":"px","size":22,"sizes":[]}},"elements":[],"isInner":false,"widgetType":"ecomus-heading","elType":"widget"},{"id":"6bee67bf","settings":{"content_width":"full","button_style":"subtle","text":"View all categories","align":"right","selected_icon":{"value":{"url":"http:\/\/localhost\/ecomus\/wp-content\/uploads\/2024\/06\/arrow-top-right.svg","id":1003},"library":"svg"},"icon_align":"right","typography_typography":"custom","typography_font_weight":"600","hover_color":"#814037","button_text":"View all categories","button_link":{"url":"https:\/\/wpecomus.com\/pod\/categories\/","is_external":"","nofollow":"","custom_attributes":""},"show_button_icon":"alway"},"elements":[],"isInner":false,"widgetType":"ecomus-button","elType":"widget"}],"isInner":false,"elType":"container"},{"id":"3f0afd6","settings":{"margin":{"unit":"px","top":"0","right":"0","bottom":"90","left":"0","isLinked":false},"margin_tablet":{"unit":"px","top":"0","right":"0","bottom":"76","left":"0","isLinked":false},"margin_mobile":{"unit":"px","top":"0","right":"0","bottom":"67","left":"0","isLinked":false}},"elements":[{"id":"13669cdd","settings":{"content_width":"full","heading":"This is the heading","items":[{"image":{"id":"","url":"https:\/\/wpecomus.com\/pod\/wp-content\/plugins\/elementor\/assets\/images\/placeholder.png"},"_id":"aa20f19","product_cat":"clothing"},{"image":{"id":"","url":"https:\/\/wpecomus.com\/pod\/wp-content\/plugins\/elementor\/assets\/images\/placeholder.png"},"product_cat":"clothing","_id":"140fc8e"},{"image":{"id":"","url":"https:\/\/wpecomus.com\/pod\/wp-content\/plugins\/elementor\/assets\/images\/placeholder.png"},"product_cat":"clothing","_id":"21db0ab"},{"image":{"id":"","url":"https:\/\/wpecomus.com\/pod\/wp-content\/plugins\/elementor\/assets\/images\/placeholder.png"},"product_cat":"clothing","_id":"ae7d03d"},{"image":{"id":"","url":"https:\/\/wpecomus.com\/pod\/wp-content\/plugins\/elementor\/assets\/images\/placeholder.png"},"product_cat":"clothing","_id":"64ec71c"},{"image":{"id":"","url":"https:\/\/wpecomus.com\/pod\/wp-content\/plugins\/elementor\/assets\/images\/placeholder.png"},"product_cat":"clothing","_id":"e4f4c67"}],"show_button":"","button_text":"","aspect_ratio_type":"square","slides_to_show":6,"navigation_classes_tablet":"dots","navigation_classes_mobile":"dots","content_align":"center","image_max_width":{"unit":"px","size":198,"sizes":[]},"image_border_radius":{"unit":"px","top":"100","right":"100","bottom":"100","left":"100","isLinked":true},"title_typography_typography":"custom","title_typography_font_size":{"unit":"px","size":18,"sizes":[]},"title_typography_font_size_mobile":{"unit":"px","size":15,"sizes":[]},"title_typography_font_weight":"500","title_spacing":{"unit":"px","size":12,"sizes":[]},"count_spacing":{"unit":"px","size":5,"sizes":[]},"arrows_width":{"unit":"px","size":31,"sizes":[]},"arrows_height":{"unit":"px","size":31,"sizes":[]},"dots_spacing_mobile":{"unit":"px","size":15,"sizes":[]},"slides_to_show_tablet":3,"slides_to_show_mobile":2,"slides_to_scroll_tablet":3,"slides_to_scroll_mobile":2,"image_spacing_custom_mobile":15},"elements":[],"isInner":false,"widgetType":"ecomus-categories-carousel","elType":"widget"}],"isInner":false,"elType":"container"},{"id":"5f60232c","settings":{"flex_direction":"row","flex_gap":{"unit":"px","size":30,"column":"30","row":"30","isLinked":true},"flex_gap_tablet":{"column":"15","row":"15","isLinked":true,"unit":"px","size":15},"margin":{"unit":"px","top":"0","right":"0","bottom":"66","left":"0","isLinked":false},"margin_tablet":{"unit":"px","top":"0","right":"0","bottom":"56","left":"0","isLinked":false},"margin_mobile":{"unit":"px","top":"0","right":"0","bottom":"49","left":"0","isLinked":false}},"elements":[{"id":"3cf3d004","settings":{"content_width":"full","width":{"unit":"%","size":"50"}},"elements":[{"id":"2f2f77e0","settings":{"content_width":"full","image":{"id":5294,"url":"https:\/\/wpecomus.com\/pod\/wp-content\/uploads\/sites\/10\/2024\/08\/homepod_banner5.webp","alt":"","source":"library","size":""},"title":"","height":{"unit":"px","size":650,"sizes":[]},"height_tablet":{"unit":"px","size":615,"sizes":[]},"height_mobile":{"unit":"px","size":415,"sizes":[]},"button_text":"Valentine's Day Gift","banner_button_icon":"hover","border_radius":{"unit":"px","top":"10","right":"10","bottom":"10","left":"10","isLinked":true},"button_padding_mobile":{"unit":"px","top":"10","right":"18","bottom":"10","left":"18","isLinked":false},"button_margin":{"unit":"px","top":"0","right":"0","bottom":"32","left":"0","isLinked":false},"button_margin_mobile":{"unit":"px","top":"0","right":"0","bottom":"15","left":"0","isLinked":false},"button_link":{"url":"https:\/\/wpecomus.com\/pod\/product-category\/shop-clothing\/","is_external":"","nofollow":"","custom_attributes":""},"show_button_icon":"hover","title_typography_typography":"custom","button_typography_typography":"custom","button_typography_font_size":{"unit":"px","size":18,"sizes":[]},"button_typography_font_weight":"500","button_typography_font_size_mobile":{"unit":"px","size":16,"sizes":[]},"button_icon_indent_mobile":{"unit":"px","size":0,"sizes":[]},"button_icon_size_mobile":{"unit":"px","size":0,"sizes":[]},"button_icon_indent_tablet":{"unit":"px","size":0,"sizes":[]},"button_icon_size_tablet":{"unit":"px","size":0,"sizes":[]}},"elements":[],"isInner":false,"widgetType":"ecomus-banner","elType":"widget"}],"isInner":true,"elType":"container"},{"id":"7a30f737","settings":{"content_width":"full","width":{"unit":"%","size":"50"},"padding":{"unit":"px","top":0,"right":0,"bottom":0,"left":0,"isLinked":true},"flex_gap":{"unit":"px","size":0,"column":"0","row":"0","isLinked":true}},"elements":[{"id":"1a199dff","settings":{"content_width":"full","flex_direction":"row","flex_direction_mobile":"row","flex_gap":{"column":"30","row":"30","isLinked":true,"unit":"px","size":30},"flex_gap_tablet":{"column":"15","row":"15","isLinked":true,"unit":"px","size":15},"margin":{"unit":"px","top":"0","right":"0","bottom":"30","left":"0","isLinked":false},"margin_tablet":{"unit":"px","top":"0","right":"0","bottom":"15","left":"0","isLinked":false}},"elements":[{"id":"25440641","settings":{"content_width":"full","image":{"id":5296,"url":"https:\/\/wpecomus.com\/pod\/wp-content\/uploads\/sites\/10\/2024\/08\/homepod_banner6.webp","alt":"","source":"library","size":""},"title":"","height":{"unit":"px","size":310,"sizes":[]},"height_tablet":{"unit":"px","size":300,"sizes":[]},"height_mobile":{"unit":"px","size":200,"sizes":[]},"button_text":"Birthdays","banner_button_icon":"hover","border_radius":{"unit":"px","top":"10","right":"10","bottom":"10","left":"10","isLinked":true},"button_padding_mobile":{"unit":"px","top":"10","right":"18","bottom":"10","left":"18","isLinked":false},"button_margin":{"unit":"px","top":"0","right":"0","bottom":"32","left":"0","isLinked":false},"button_margin_mobile":{"unit":"px","top":"0","right":"0","bottom":"15","left":"0","isLinked":false},"_element_width":"initial","_element_custom_width":{"unit":"%","size":50,"sizes":[]},"_element_custom_width_mobile":{"unit":"custom","size":"calc(50% - 7.5px)","sizes":[]},"button_link":{"url":"https:\/\/wpecomus.com\/pod\/product-category\/shop-posters\/","is_external":"","nofollow":"","custom_attributes":""},"show_button_icon":"hover","button_typography_typography":"custom","button_typography_font_size":{"unit":"px","size":18,"sizes":[]},"button_typography_font_weight":"500","button_typography_font_size_mobile":{"unit":"px","size":16,"sizes":[]},"button_icon_indent_mobile":{"unit":"px","size":0,"sizes":[]},"button_icon_size_mobile":{"unit":"px","size":0,"sizes":[]},"button_icon_indent_tablet":{"unit":"px","size":0,"sizes":[]},"button_icon_size_tablet":{"unit":"px","size":0,"sizes":[]}},"elements":[],"isInner":false,"widgetType":"ecomus-banner","elType":"widget"},{"id":"7d811973","settings":{"content_width":"full","image":{"id":5297,"url":"https:\/\/wpecomus.com\/pod\/wp-content\/uploads\/sites\/10\/2024\/08\/homepod_banner7.webp","alt":"","source":"library","size":""},"title":"","height":{"unit":"px","size":310,"sizes":[]},"height_tablet":{"unit":"px","size":300,"sizes":[]},"height_mobile":{"unit":"px","size":200,"sizes":[]},"button_text":"Baby Showers","banner_button_icon":"hover","border_radius":{"unit":"px","top":"10","right":"10","bottom":"10","left":"10","isLinked":true},"button_padding_mobile":{"unit":"px","top":"10","right":"15","bottom":"10","left":"15","isLinked":false},"button_margin":{"unit":"px","top":"0","right":"0","bottom":"32","left":"0","isLinked":false},"button_margin_mobile":{"unit":"px","top":"0","right":"0","bottom":"15","left":"0","isLinked":false},"_element_width":"initial","_element_custom_width":{"unit":"%","size":50,"sizes":[]},"_element_custom_width_mobile":{"unit":"custom","size":"calc(50% - 7.5px)","sizes":[]},"button_link":{"url":"https:\/\/wpecomus.com\/pod\/product-category\/shop-stickers\/","is_external":"","nofollow":"","custom_attributes":""},"show_button_icon":"hover","button_typography_typography":"custom","button_typography_font_size":{"unit":"px","size":18,"sizes":[]},"button_typography_font_weight":"500","button_typography_font_size_mobile":{"unit":"px","size":16,"sizes":[]},"button_icon_indent_mobile":{"unit":"px","size":0,"sizes":[]},"button_icon_size_mobile":{"unit":"px","size":0,"sizes":[]},"button_padding_tablet":{"unit":"px","top":"14","right":"15","bottom":"14","left":"15","isLinked":false},"button_icon_indent_tablet":{"unit":"px","size":0,"sizes":[]},"button_icon_size_tablet":{"unit":"px","size":0,"sizes":[]}},"elements":[],"isInner":false,"widgetType":"ecomus-banner","elType":"widget"}],"isInner":true,"elType":"container"},{"id":"43be9d95","settings":{"content_width":"full"},"elements":[{"id":"496cfa8e","settings":{"content_width":"full","image":{"id":5298,"url":"https:\/\/wpecomus.com\/pod\/wp-content\/uploads\/sites\/10\/2024\/08\/homepod_banner8.webp","alt":"","source":"library","size":""},"title":"","height":{"unit":"px","size":310,"sizes":[]},"height_tablet":{"unit":"px","size":300,"sizes":[]},"height_mobile":{"unit":"px","size":200,"sizes":[]},"button_text":"Personalized Gifts","banner_button_icon":"hover","border_radius":{"unit":"px","top":"10","right":"10","bottom":"10","left":"10","isLinked":true},"button_padding_mobile":{"unit":"px","top":"10","right":"18","bottom":"10","left":"18","isLinked":false},"button_margin":{"unit":"px","top":"0","right":"0","bottom":"32","left":"0","isLinked":false},"button_margin_mobile":{"unit":"px","top":"0","right":"0","bottom":"15","left":"0","isLinked":false},"button_link":{"url":"https:\/\/wpecomus.com\/pod\/product-category\/gift-cards\/","is_external":"","nofollow":"","custom_attributes":""},"show_button_icon":"hover","button_typography_typography":"custom","button_typography_font_size":{"unit":"px","size":18,"sizes":[]},"button_typography_font_weight":"500","button_typography_font_size_mobile":{"unit":"px","size":16,"sizes":[]},"button_icon_indent_mobile":{"unit":"px","size":0,"sizes":[]},"button_icon_size_mobile":{"unit":"px","size":0,"sizes":[]},"button_icon_indent_tablet":{"unit":"px","size":0,"sizes":[]},"button_icon_size_tablet":{"unit":"px","size":0,"sizes":[]}},"elements":[],"isInner":false,"widgetType":"ecomus-banner","elType":"widget"}],"isInner":true,"elType":"container"}],"isInner":true,"elType":"container"}],"isInner":false,"elType":"container"},{"id":"18194b2","settings":{"margin":{"unit":"px","top":"0","right":"0","bottom":"70","left":"0","isLinked":false},"margin_tablet":{"unit":"px","top":"0","right":"0","bottom":"59","left":"0","isLinked":false},"margin_mobile":{"unit":"px","top":"0","right":"0","bottom":"52","left":"0","isLinked":false}},"elements":[{"id":"438bee29","settings":{"content_width":"full","tabs":[{"heading":"Best seller","_id":"8e0661d"},{"heading":"New arrivals","_id":"f03e06c","products":"best_selling_products"},{"heading":"On Sale","products":"sale_products","_id":"703ad01"}],"heading_typography_typography":"custom","heading_typography_font_weight":"400","heading_color":"#545454","heading_spacing":{"unit":"px","size":71,"sizes":[]},"heading_active_typography_typography":"custom","heading_active_typography_font_weight":"500","heading_active_color":"#000000","slides_to_show_tablet":3,"slides_to_scroll_tablet":3,"navigation_classes_tablet":"arrows","arrows_horizontal_spacing":{"unit":"px","size":-82,"sizes":[]},"arrows_border_color":"#EBEBEB","slides_to_show_mobile":2,"slides_to_scroll_mobile":2,"image_spacing_custom_mobile":15,"navigation_classes_mobile":"dots","heading_horizontal_position_mobile":"left","heading_spacing_tablet":{"unit":"px","size":31,"sizes":[]},"heading_spacing_mobile":{"unit":"px","size":30,"sizes":[]},"dots_spacing_mobile":{"unit":"px","size":15,"sizes":[]},"limit":5,"arrows_show":"1","arrows_vertical_spacing":{"unit":"%","size":40,"sizes":[]},"arrows_vertical_spacing_tablet":{"unit":"%","size":"","sizes":[]},"arrows_vertical_spacing_mobile":{"unit":"%","size":"","sizes":[]}},"elements":[],"isInner":false,"widgetType":"ecomus-product-tabs-carousel","elType":"widget"}],"isInner":false,"elType":"container"},{"id":"5fa7c210","settings":{"flex_direction":"row","flex_direction_mobile":"row","flex_gap":{"column":"30","row":"30","isLinked":true,"unit":"px","size":30},"flex_gap_tablet":{"column":"15","row":"15","isLinked":true,"unit":"px","size":15},"mobile_column_alignment":"column_md","margin":{"unit":"px","top":"0","right":"0","bottom":"62","left":"0","isLinked":false},"margin_tablet":{"unit":"px","top":"0","right":"0","bottom":"52","left":"0","isLinked":false},"margin_mobile":{"unit":"px","top":"0","right":"0","bottom":"46","left":"0","isLinked":false}},"elements":[{"id":"133a201a","settings":{"content_width":"full"},"elements":[{"id":"4a1f75a1","settings":{"content_width":"full","image":{"id":5293,"url":"https:\/\/wpecomus.com\/pod\/wp-content\/uploads\/sites\/10\/2024\/08\/homepod_banner1.webp","alt":"","source":"library","size":""},"title":"Desert Vibes Tee","sub_title":"Start from $12","height":{"unit":"px","size":510,"sizes":[]},"height_tablet":{"unit":"px","size":400,"sizes":[]},"height_mobile":{"unit":"px","size":300,"sizes":[]},"content_align":"stretch","button_style":"subtle","button_text":"Shop now","horizontal_position":"left","vertical_position":"top","banner_padding":{"unit":"px","top":"38","right":"41","bottom":"38","left":"41","isLinked":false},"banner_padding_tablet":{"unit":"px","top":"18","right":"16","bottom":"18","left":"16","isLinked":false},"border_radius":{"unit":"px","top":"10","right":"10","bottom":"10","left":"10","isLinked":true},"description_margin":{"unit":"%","top":"","right":"","bottom":"","left":"","isLinked":true},"description_margin_tablet":{"unit":"%","top":"","right":"","bottom":"","left":"","isLinked":true},"description_margin_mobile":{"unit":"%","top":"","right":"","bottom":"","left":"","isLinked":true},"button_text_color":"#FFFFFF","button_link":{"url":"https:\/\/wpecomus.com\/pod\/product\/empathy-crop-tee\/","is_external":"","nofollow":"","custom_attributes":""},"show_button_icon":"alway","button_icon":{"value":{"url":"https:\/\/wpecomus.com\/pod\/wp-content\/uploads\/sites\/10\/2024\/07\/arrow-right.svg","id":3886},"library":"svg"},"button_icon_size":{"unit":"px","size":9,"sizes":[]}},"elements":[],"isInner":false,"widgetType":"ecomus-banner","elType":"widget"}],"isInner":true,"elType":"container"},{"id":"5236b9e6","settings":{"content_width":"full"},"elements":[{"id":"214334f3","settings":{"content_width":"full","image":{"id":5299,"url":"https:\/\/wpecomus.com\/pod\/wp-content\/uploads\/sites\/10\/2024\/08\/homepod_banner2.webp","alt":"","source":"library","size":""},"title":"Personalized Gifts","sub_title":"Start from $20","height":{"unit":"px","size":510,"sizes":[]},"height_tablet":{"unit":"px","size":400,"sizes":[]},"height_mobile":{"unit":"px","size":300,"sizes":[]},"content_align":"stretch","button_style":"subtle","button_text":"Shop now","horizontal_position":"left","vertical_position":"top","banner_padding":{"unit":"px","top":"38","right":"41","bottom":"38","left":"41","isLinked":false},"banner_padding_tablet":{"unit":"px","top":"18","right":"16","bottom":"18","left":"16","isLinked":false},"border_radius":{"unit":"px","top":"10","right":"10","bottom":"10","left":"10","isLinked":true},"description_margin":{"unit":"%","top":"","right":"","bottom":"","left":"","isLinked":true},"description_margin_tablet":{"unit":"%","top":"","right":"","bottom":"","left":"","isLinked":true},"description_margin_mobile":{"unit":"%","top":"","right":"","bottom":"","left":"","isLinked":true},"button_text_color":"#FFFFFF","button_link":{"url":"https:\/\/wpecomus.com\/pod\/product\/santa-sleigher-t-shirt\/","is_external":"","nofollow":"","custom_attributes":""},"show_button_icon":"alway","button_icon":{"value":{"url":"https:\/\/wpecomus.com\/pod\/wp-content\/uploads\/sites\/10\/2024\/07\/arrow-right.svg","id":3886},"library":"svg"},"button_icon_size":{"unit":"px","size":9,"sizes":[]}},"elements":[],"isInner":false,"widgetType":"ecomus-banner","elType":"widget"}],"isInner":true,"elType":"container"},{"id":"556eb11","settings":{"content_width":"full"},"elements":[{"id":"70145374","settings":{"content_width":"full","image":{"id":5300,"url":"https:\/\/wpecomus.com\/pod\/wp-content\/uploads\/sites\/10\/2024\/08\/homepod_banner3.webp","alt":"","source":"library","size":""},"title":"Custom Pet Portrait","sub_title":"Start from $30","height":{"unit":"px","size":510,"sizes":[]},"height_tablet":{"unit":"px","size":400,"sizes":[]},"height_mobile":{"unit":"px","size":300,"sizes":[]},"content_align":"stretch","button_style":"subtle","button_text":"Shop now","horizontal_position":"left","vertical_position":"top","banner_padding":{"unit":"px","top":"38","right":"41","bottom":"38","left":"41","isLinked":false},"banner_padding_tablet":{"unit":"px","top":"18","right":"16","bottom":"18","left":"16","isLinked":false},"border_radius":{"unit":"px","top":"10","right":"10","bottom":"10","left":"10","isLinked":true},"description_margin":{"unit":"%","top":"","right":"","bottom":"","left":"","isLinked":true},"description_margin_tablet":{"unit":"%","top":"","right":"","bottom":"","left":"","isLinked":true},"description_margin_mobile":{"unit":"%","top":"","right":"","bottom":"","left":"","isLinked":true},"button_text_color":"#FFFFFF","button_link":{"url":"https:\/\/wpecomus.com\/pod\/product\/lazy-days-t-shirt\/","is_external":"","nofollow":"","custom_attributes":""},"show_button_icon":"alway","button_icon":{"value":{"url":"https:\/\/wpecomus.com\/pod\/wp-content\/uploads\/sites\/10\/2024\/07\/arrow-right.svg","id":3886},"library":"svg"},"button_icon_size":{"unit":"px","size":9,"sizes":[]}},"elements":[],"isInner":false,"widgetType":"ecomus-banner","elType":"widget"}],"isInner":true,"elType":"container"}],"isInner":false,"elType":"container"},{"id":"8e60375","settings":{"boxed_width":{"unit":"px","size":1440,"sizes":[]},"margin":{"unit":"px","top":"0","right":"0","bottom":"62","left":"0","isLinked":false},"margin_mobile":{"unit":"px","top":"0","right":"0","bottom":"46","left":"0","isLinked":false},"margin_tablet":{"unit":"px","top":"0","right":"0","bottom":"52","left":"0","isLinked":false}},"elements":[{"id":"132ffb48","settings":{"icons_box":[{"title":"Free Shipping","description":"You will love at great low prices","_id":"4c29bb0","icon":{"value":{"url":"https:\/\/wpecomus.com\/pod\/wp-content\/uploads\/sites\/10\/2024\/06\/box.svg","id":1397},"library":"svg"},"image":{"id":5260,"url":"https:\/\/wpecomus.com\/pod\/wp-content\/uploads\/sites\/10\/2024\/08\/placeholder.png"}},{"title":"Flexible Payment","description":"Pay with Multiple Credit Cards","_id":"2bf676e","icon":{"value":{"url":"https:\/\/wpecomus.com\/pod\/wp-content\/uploads\/sites\/10\/2024\/06\/card.svg","id":1398},"library":"svg"},"image":{"id":5261,"url":"https:\/\/wpecomus.com\/pod\/wp-content\/uploads\/sites\/10\/2024\/08\/placeholder-1.png"}},{"title":"14 Day Returns","description":"Within 30 days for an exchange","_id":"87d477c","icon":{"value":{"url":"https:\/\/wpecomus.com\/pod\/wp-content\/uploads\/sites\/10\/2024\/06\/return.svg","id":1399},"library":"svg"},"image":{"id":5262,"url":"https:\/\/wpecomus.com\/pod\/wp-content\/uploads\/sites\/10\/2024\/08\/placeholder-2.png"}},{"title":"Premium Support","description":"Outstanding premium support","_id":"b9b2a42","icon":{"value":{"url":"https:\/\/wpecomus.com\/pod\/wp-content\/uploads\/sites\/10\/2024\/06\/support.svg","id":1400},"library":"svg"},"image":{"id":5263,"url":"https:\/\/wpecomus.com\/pod\/wp-content\/uploads\/sites\/10\/2024\/08\/placeholder-3.png"}}],"slides_to_show":4,"navigation_classes":"none","navigation_classes_tablet":"dots","navigation_classes_mobile":"dots","icon_box_shadow_box_shadow":{"horizontal":"","vertical":"","blur":"","spread":"","color":"#EEEEEE"},"content_border_border":"solid","content_border_width":{"unit":"px","top":"1","right":"1","bottom":"1","left":"1","isLinked":true},"content_border_color":"#EEEEEE","content_padding":{"unit":"px","top":"26","right":"20","bottom":"26","left":"20","isLinked":false},"content_border_radius":{"unit":"px","top":"10","right":"10","bottom":"10","left":"10","isLinked":true},"title_typography_typography":"custom","title_typography_font_size":{"unit":"px","size":18,"sizes":[]},"title_typography_font_weight":"500","title_spacing":{"unit":"px","size":10,"sizes":[]},"description_color":"#000000","icon_size":{"unit":"px","size":32,"sizes":[]},"icon_spacing":{"unit":"px","size":34,"sizes":[]},"alignment":"center","slides_to_show_tablet":2,"slides_to_show_mobile":1,"slides_to_scroll_tablet":2,"slides_to_scroll_mobile":1,"title_color":"#000000","icon_color":"#000000"},"elements":[],"isInner":false,"widgetType":"ecomus-icon-box-carousel","elType":"widget"}],"isInner":false,"elType":"container"},{"id":"23b5d4a7","settings":{"flex_gap":{"column":"18","row":"18","isLinked":true,"unit":"px","size":18},"background_background":"classic","background_image":{"id":5304,"url":"https:\/\/wpecomus.com\/pod\/wp-content\/uploads\/sites\/10\/2024\/08\/homepod_banner4-scaled.webp","alt":"","source":"library","size":""},"background_position":"center center","background_size":"cover","padding":{"unit":"px","top":"100","right":"0","bottom":"100","left":"0","isLinked":false},"padding_tablet":{"unit":"px","top":"85","right":"0","bottom":"85","left":"0","isLinked":false},"padding_mobile":{"unit":"px","top":"75","right":"0","bottom":"75","left":"0","isLinked":false}},"elements":[{"id":"265e08a9","settings":{"content_width":"full","title":"Halloween is coming","title_size":"h4","align":"center","title_color":"#FFFFFF","typography_typography":"custom","typography_font_size_tablet":{"unit":"px","size":32,"sizes":[]},"typography_font_size_mobile":{"unit":"px","size":22,"sizes":[]}},"elements":[],"isInner":false,"widgetType":"ecomus-heading","elType":"widget"},{"id":"c2220f3","settings":{"content_width":"full","title":"Skip the pumpkin spice latte it\u2019s Halloween time. Don\u2019t miss spooktacular items\n","title_size":"p","align":"center","title_color":"#FFFFFF","_margin":{"unit":"px","top":"0","right":"0","bottom":"33","left":"0","isLinked":false},"_margin_mobile":{"unit":"px","top":"0","right":"0","bottom":"10","left":"0","isLinked":false}},"elements":[],"isInner":false,"widgetType":"ecomus-heading","elType":"widget"},{"id":"2d0e4a49","settings":{"content_width":"full","heading":"This is the heading","slides_to_show_tablet":3,"slides_to_show_mobile":2,"slides_to_scroll_mobile":2,"image_spacing_custom_mobile":15,"navigation_classes_tablet":"arrows","navigation_classes_mobile":"dots","product_image_border_radius":{"unit":"px","top":"10","right":"10","bottom":"10","left":"10","isLinked":true},"arrows_horizontal_spacing":{"unit":"px","size":-82,"sizes":[]},"dots_spacing":{"unit":"px","size":15,"sizes":[]},"hide_rating":"none","hide_attributes":"none","product_title_color":"#FFFFFF","product_price_color":"#FFFFFF","limit":5,"tag":"","dot_item_color":"#FFFFFF","product_summary_padding":{"unit":"px","top":"10","right":"0","bottom":"0","left":"0","isLinked":false},"arrows_show":"1"},"elements":[],"isInner":false,"widgetType":"ecomus-products-carousel","elType":"widget"},{"id":"850cbab","settings":{"content_width":"full","button_style":"light","button_text":"View all products","align":"center","button_padding":{"unit":"px","top":"16","right":"31","bottom":"15","left":"31","isLinked":false},"_margin":{"unit":"px","top":"32","right":"0","bottom":"0","left":"0","isLinked":false},"_margin_tablet":{"unit":"px","top":"19","right":"0","bottom":"0","left":"0","isLinked":false},"_margin_mobile":{"unit":"px","top":"0","right":"0","bottom":"0","left":"0","isLinked":false},"button_link":{"url":"https:\/\/wpecomus.com\/pod\/shop\/?product_tag=clothing-black","is_external":"","nofollow":"","custom_attributes":""}},"elements":[],"isInner":false,"widgetType":"ecomus-button","elType":"widget"}],"isInner":false,"elType":"container"},{"id":"4dff05ed","settings":{"content_width":"full"},"elements":[{"id":"3b447bf5","settings":{"content_width":"full","items":[{"text":"Up to 60% off and free shipping!","_id":"6d32ad6","icon":{"value":{"url":"https:\/\/wpecomus.com\/pod\/wp-content\/uploads\/sites\/10\/2024\/08\/bolt.svg","id":5291},"library":"svg"},"image":{"id":"","url":"https:\/\/wpecomus.com\/pod\/wp-content\/plugins\/elementor\/assets\/images\/placeholder.png"}},{"text":"Prime time to buy one get one free","icon":{"value":{"url":"https:\/\/wpecomus.com\/pod\/wp-content\/uploads\/sites\/10\/2024\/08\/bolt.svg","id":5291},"library":"svg"},"_id":"99a6792","image":{"id":"","url":"https:\/\/wpecomus.com\/pod\/wp-content\/plugins\/elementor\/assets\/images\/placeholder.png"}}],"gap":{"unit":"px","size":70,"sizes":[]},"background_color":"#FFFFFF","icon_size":{"unit":"px","size":50,"sizes":[]},"spacing":{"unit":"px","size":70,"sizes":[]},"text_typography_typography":"custom","text_typography_font_size":{"unit":"px","size":52,"sizes":[]},"padding":{"unit":"px","top":"75","right":"0","bottom":"75","left":"0","isLinked":false},"padding_tablet":{"unit":"px","top":"63","right":"0","bottom":"63","left":"0","isLinked":false},"padding_mobile":{"unit":"px","top":"52","right":"0","bottom":"52","left":"0","isLinked":false},"gap_tablet":{"unit":"px","size":59,"sizes":[]},"gap_mobile":{"unit":"px","size":52,"sizes":[]},"spacing_tablet":{"unit":"px","size":59,"sizes":[]},"spacing_mobile":{"unit":"px","size":52,"sizes":[]},"text_typography_font_size_tablet":{"unit":"px","size":40,"sizes":[]},"text_typography_font_size_mobile":{"unit":"px","size":24,"sizes":[]},"icon_size_mobile":{"unit":"px","size":41,"sizes":[]}},"elements":[],"isInner":false,"widgetType":"ecomus-marquee","elType":"widget"}],"isInner":false,"elType":"container"},{"id":"2dae9989","settings":{"flex_gap":{"column":"30","row":"30","isLinked":true,"unit":"px","size":30},"boxed_width":{"unit":"px","size":1440,"sizes":[]},"background_background":"classic","background_color":"#F6F6F6","padding":{"unit":"px","top":"80","right":"0","bottom":"98","left":"0","isLinked":false},"padding_tablet":{"unit":"px","top":"68","right":"0","bottom":"83","left":"0","isLinked":false},"padding_mobile":{"unit":"px","top":"40","right":"0","bottom":"49","left":"0","isLinked":false}},"elements":[{"id":"2551a66","settings":{"title":"Customer Reviews","title_size":"h4","align":"center","typography_typography":"custom","typography_font_weight":"500","typography_font_size_tablet":{"unit":"px","size":32,"sizes":[]},"typography_font_size_mobile":{"unit":"px","size":22,"sizes":[]}},"elements":[],"isInner":false,"widgetType":"ecomus-heading","elType":"widget"},{"id":"5e5abd8a","settings":{"testimonials":[{"testimonial_name":"Robert smith","_id":"060ec67","testimonial_title":"Best Online Fashion Site","testimonial_content":"\u201cI always find something stylish and affordable on this web fashion site\u201d","testimonial_text":"Customer from USA","testimonial_product_id":798},{"testimonial_name":"Allen Lyn","testimonial_title":"Great Selection and Quality","testimonial_content":"\"I love the variety of styles and the high-quality clothing on this web fashion site.\"","testimonial_text":"Customer from Fance","testimonial_product_id":782,"_id":"ecea334"},{"testimonial_name":"Peter Rope","testimonial_title":"Best Customer Service","testimonial_content":"\"I finally found a web fashion site with stylish and flattering options in my size.\"","testimonial_text":"Customer from USA","testimonial_product_id":775,"_id":"19e023e"},{"testimonial_name":"Hellen Ase","_id":"4c7dbb3","testimonial_title":"Great Selection and Quality","testimonial_content":"\"I love the variety of styles and the high-quality clothing on this web fashion site.\"","testimonial_text":"Customer from Japan","testimonial_product_id":766}],"navigation_classes_tablet":"arrows","navigation_classes_mobile":"dots","text_typography_font_size":{"unit":"px","size":103,"sizes":[]},"image_spacing_custom_mobile":15,"content_width":"full","item_background_color":"#FFFFFF","item_border_radius":{"unit":"px","top":"10","right":"10","bottom":"10","left":"10","isLinked":true},"content_typography_typography":"custom","content_typography_font_size_mobile":{"unit":"px","size":16,"sizes":[]},"dots_spacing_mobile":{"unit":"px","size":15,"sizes":[]},"arrows_show":"1","arrows_bgcolor":"#FFFFFF"},"elements":[],"isInner":false,"widgetType":"ecomus-testimonial-carousel-2","elType":"widget"}],"isInner":false,"elType":"container"},{"id":"6fa1d11d","settings":{"content_width":"full","margin":{"unit":"px","top":"36","right":"0","bottom":"36","left":"0","isLinked":false},"margin_tablet":{"unit":"px","top":"30","right":"0","bottom":"30","left":"0","isLinked":false},"margin_mobile":{"unit":"px","top":"27","right":"0","bottom":"27","left":"0","isLinked":false}},"elements":[{"id":"5e3675db","settings":{"content_width":"full","items":[{"type":"image","image":{"id":1381,"url":"https:\/\/wpecomus.com\/pod\/wp-content\/uploads\/sites\/10\/2024\/06\/001fashion-brand-05.webp","alt":"","source":"library","size":""},"_id":"b8d2685"},{"text":"Spring Clearance Event: Save Up to 70%","_id":"48ed293","type":"image","image":{"id":1379,"url":"https:\/\/wpecomus.com\/pod\/wp-content\/uploads\/sites\/10\/2024\/06\/001fashion-brand-03.webp","alt":"","source":"library","size":""}},{"text":"Spring Clearance Event: Save Up to 70%","_id":"3934fdf","type":"image","image":{"id":1378,"url":"https:\/\/wpecomus.com\/pod\/wp-content\/uploads\/sites\/10\/2024\/06\/001fashion-brand-01.webp","alt":"","source":"library","size":""}},{"_id":"32251a1","type":"image","image":{"id":1382,"url":"https:\/\/wpecomus.com\/pod\/wp-content\/uploads\/sites\/10\/2024\/06\/001fashion-brand-06.webp","alt":"","source":"library","size":""}},{"text":"Spring Clearance Event: Save Up to 70%","type":"image","image":{"id":5307,"url":"https:\/\/wpecomus.com\/pod\/wp-content\/uploads\/sites\/10\/2024\/08\/homepod_banner10.webp","alt":"","source":"library","size":""},"_id":"31f6462"}],"background_color":"#FFFFFF","hover_pause":"","padding":{"unit":"px","top":"0","right":"0","bottom":"0","left":"0","isLinked":true},"gap":{"unit":"px","size":0,"sizes":[]},"image_size":"custom","image_custom_dimension":{"width":"240","height":"98"}},"elements":[],"isInner":false,"widgetType":"ecomus-marquee","elType":"widget"}],"isInner":false,"elType":"container"}],"page_settings":{"hide_page_header":"yes","content_top_spacing":"custom","content_top_padding":{"unit":"px","size":0,"sizes":[]},"content_bottom_spacing":"custom","content_bottom_padding":{"unit":"px","size":0,"sizes":[]}},"version":"0.4","title":"Home POD Store","type":"page"}