{"content":[{"id":"23643abd","settings":{"flex_direction":"row","flex_gap":{"unit":"px","size":20,"column":"20","row":"20","isLinked":true},"flex_direction_mobile":"column-reverse","flex_align_items":"center","flex_gap_mobile":{"column":"28","row":"28","isLinked":true,"unit":"px","size":28},"margin":{"unit":"px","top":"74","right":"0","bottom":"100","left":"0","isLinked":false},"margin_tablet":{"unit":"px","top":"62","right":"0","bottom":"85","left":"0","isLinked":false},"margin_mobile":{"unit":"px","top":"0","right":"0","bottom":"30","left":"0","isLinked":false}},"elements":[{"id":"1222b3e3","settings":{"flex_direction":"column","content_width":"full","width":{"unit":"%","size":"50"},"flex_gap":{"column":"18","row":"18","isLinked":true,"unit":"px","size":18},"_flex_order_mobile":"start","flex_gap_mobile":{"column":"16","row":"16","isLinked":true,"unit":"px","size":16}},"elements":[{"id":"44ffc26b","settings":{"content_width":"full","title":"Limited Edition <br class=\"hidden-xs\"\/>Collection","typography_typography":"custom","typography_font_size":{"unit":"px","size":80,"sizes":[]},"typography_font_size_tablet":{"unit":"px","size":44,"sizes":[]},"align_mobile":"center","typography_font_size_mobile":{"unit":"px","size":34,"sizes":[]}},"elements":[],"isInner":false,"widgetType":"ecomus-heading","elType":"widget"},{"id":"444db4ef","settings":{"content_width":"full","title":"Shop exclusive pieces from our limited edition collection\n\n","title_size":"p","typography_typography":"custom","typography_font_size":{"unit":"px","size":20,"sizes":[]},"_margin":{"unit":"px","top":"0","right":"0","bottom":"30","left":"0","isLinked":false},"_margin_tablet":{"unit":"px","top":"0","right":"0","bottom":"13","left":"0","isLinked":false},"align_mobile":"center","typography_font_size_mobile":{"unit":"px","size":18,"sizes":[]},"_margin_mobile":{"unit":"px","top":"0","right":"0","bottom":"3","left":"0","isLinked":false}},"elements":[],"isInner":false,"widgetType":"ecomus-heading","elType":"widget"},{"id":"7c903119","settings":{"content_width":"full","text":"Shop collection","selected_icon":{"value":{"url":"https:\/\/raw.githubusercontent.com\/drfuri\/demo-content\/main\/ecomus\/fashion\/images\/arrow-right.svg","id":2722},"library":"svg"},"icon_align":"right","icon_indent":{"unit":"px","size":11,"sizes":[]},"typography_typography":"custom","typography_font_size":{"unit":"px","size":18,"sizes":[]},"typography_font_weight":"500","icon_size":{"unit":"px","size":12,"sizes":[]},"text_padding":{"unit":"px","top":"15","right":"22","bottom":"15","left":"22","isLinked":false},"align_mobile":"center","typography_font_size_mobile":{"unit":"px","size":16,"sizes":[]},"icon_size_mobile":{"unit":"px","size":17,"sizes":[]},"text_padding_mobile":{"unit":"px","top":"11","right":"19","bottom":"11","left":"19","isLinked":false},"icon_indent_mobile":{"unit":"px","size":6,"sizes":[]},"button_text":"Shop collection","show_button_icon":"alway","button_icon":{"value":{"url":"https:\/\/wpecomus.com\/fashion\/wp-content\/uploads\/sites\/2\/2024\/07\/arrow-right.svg","id":3886},"library":"svg"},"button_icon_size":{"unit":"px","size":12,"sizes":[]},"button_typography_typography":"custom","button_typography_font_size":{"unit":"px","size":18,"sizes":[]},"button_icon_padding":{"unit":"px","top":"2","right":"0","bottom":"0","left":"0","isLinked":false},"button_link":{"url":"https:\/\/wpecomus.com\/fashion\/product-category\/women\/","is_external":"","nofollow":"","custom_attributes":""},"button_padding":{"unit":"px","top":"16","right":"30","bottom":"16","left":"30","isLinked":false},"button_typography_font_weight":"500"},"elements":[],"isInner":false,"widgetType":"ecomus-button","elType":"widget"}],"isInner":true,"elType":"container"},{"id":"7ce72789","settings":{"flex_direction":"column","content_width":"full","width":{"unit":"%","size":"50"},"flex_wrap_mobile":"nowrap"},"elements":[{"id":"18cb874c","settings":{"content_width":"full","primary_image":{"id":4045,"url":"https:\/\/wpecomus.com\/fashion\/wp-content\/uploads\/sites\/2\/2024\/07\/homev7_image01.webp","alt":"","source":"library","size":""},"secondary_image":{"id":4046,"url":"https:\/\/wpecomus.com\/fashion\/wp-content\/uploads\/sites\/2\/2024\/07\/homev7_image02.webp","alt":"","source":"library","size":""},"layout":"2"},"elements":[],"isInner":false,"widgetType":"ecomus-dual-image","elType":"widget"}],"isInner":true,"elType":"container"}],"isInner":false,"elType":"container"},{"id":"477af7ee","settings":{"content_width":"full","margin":{"unit":"px","top":"0","right":"0","bottom":"78","left":"0","isLinked":false},"margin_tablet":{"unit":"px","top":"0","right":"0","bottom":"66","left":"0","isLinked":false},"margin_mobile":{"unit":"px","top":"0","right":"0","bottom":"23","left":"0","isLinked":false}},"elements":[{"id":"6f52d42a","settings":{"content_width":"full","items":[{"text":"New season, new styles: fashion sale you can't miss","_id":"40daab5","icon":{"value":{"url":"https:\/\/wpecomus.com\/fashion\/wp-content\/uploads\/sites\/2\/2024\/07\/arrow-top2.svg","id":4048},"library":"svg"},"image":{"id":"","url":"https:\/\/raw.githubusercontent.com\/drfuri\/demo-content\/main\/ecomus\/fashion\/images\/placeholder.png"}},{"text":"Limited time offer: fashion sale you can't resist","icon":{"value":{"url":"https:\/\/wpecomus.com\/fashion\/wp-content\/uploads\/sites\/2\/2024\/07\/arrow-top2.svg","id":4048},"library":"svg"},"_id":"605079a","image":{"id":"","url":"https:\/\/raw.githubusercontent.com\/drfuri\/demo-content\/main\/ecomus\/fashion\/images\/placeholder.png"}},{"text":"Free shipping and returns","icon":{"value":{"url":"https:\/\/wpecomus.com\/fashion\/wp-content\/uploads\/sites\/2\/2024\/07\/arrow-top2.svg","id":4048},"library":"svg"},"_id":"a248665","image":{"id":"","url":"https:\/\/raw.githubusercontent.com\/drfuri\/demo-content\/main\/ecomus\/fashion\/images\/placeholder.png"}}],"speed":0.2,"padding":{"unit":"px","top":"20","right":"0","bottom":"19","left":"0","isLinked":false},"padding_tablet":{"unit":"px","top":"17","right":"0","bottom":"16","left":"0","isLinked":false},"padding_mobile":{"unit":"px","top":"6","right":"0","bottom":"5","left":"0","isLinked":false},"gap":{"unit":"px","size":30,"sizes":[]},"background_color":"#000000","icon_size":{"unit":"px","size":7,"sizes":[]},"icon_color":"#FFFFFF","spacing":{"unit":"px","size":30,"sizes":[]},"text_typography_typography":"custom","text_typography_font_size":{"unit":"px","size":12,"sizes":[]},"text_typography_font_weight":"600","text_typography_text_transform":"uppercase","text_color":"#FFFFFF","gap_mobile":{"unit":"px","size":22.5,"sizes":[]},"spacing_mobile":{"unit":"px","size":22.5,"sizes":[]}},"elements":[],"isInner":false,"widgetType":"ecomus-marquee","elType":"widget"}],"isInner":false,"elType":"container"},{"id":"42db7a42","settings":{"flex_gap":{"column":"16","row":"16","isLinked":true,"unit":"px","size":16},"margin":{"unit":"px","top":"0","right":"0","bottom":"61","left":"0","isLinked":false},"margin_tablet":{"unit":"px","top":"0","right":"0","bottom":"50","left":"0","isLinked":false},"margin_mobile":{"unit":"px","top":"0","right":"0","bottom":"30","left":"0","isLinked":false}},"elements":[{"id":"5f07a115","settings":{"content_width":"full","title":"Summer Essentials","title_size":"h4","align":"center","typography_typography":"custom","typography_font_size_tablet":{"unit":"px","size":32,"sizes":[]},"typography_font_size_mobile":{"unit":"px","size":22,"sizes":[]}},"elements":[],"isInner":false,"widgetType":"ecomus-heading","elType":"widget"},{"id":"7cc35204","settings":{"content_width":"full","title":"Beat the Heat in Style: It's time to stock up on summer essentials!","title_size":"p","align":"center","typography_typography":"custom","typography_font_size":{"unit":"px","size":16,"sizes":[]},"typography_font_size_mobile":{"unit":"px","size":14,"sizes":[]}},"elements":[],"isInner":false,"widgetType":"ecomus-heading","elType":"widget"}],"isInner":false,"elType":"container"},{"id":"cbec132","settings":{"margin":{"unit":"px","top":"0","right":"0","bottom":"95","left":"0","isLinked":false},"margin_tablet":{"unit":"px","top":"0","right":"0","bottom":"80","left":"0","isLinked":false},"margin_mobile":{"unit":"px","top":"0","right":"0","bottom":"28","left":"0","isLinked":false}},"elements":[{"id":"36c8762c","settings":{"content_width":"full","slides_to_show_tablet":3,"slides_to_show_mobile":2,"slides_to_scroll_tablet":3,"slides_to_scroll_mobile":2,"navigation_classes_tablet":"dots","navigation_classes_mobile":"dots","image_spacing_custom_mobile":15,"heading":"This is the text","arrows_vertical_spacing":{"unit":"%","size":40,"sizes":[]},"arrows_vertical_spacing_tablet":{"unit":"%","size":"","sizes":[]},"arrows_vertical_spacing_mobile":{"unit":"%","size":"","sizes":[]}},"elements":[],"isInner":false,"widgetType":"ecomus-products-carousel","elType":"widget"}],"isInner":false,"elType":"container"},{"id":"6fa698a9","settings":{"flex_direction":"row","flex_gap":{"unit":"px","size":30,"column":"30","row":"30","isLinked":true},"flex_align_items":"center","flex_gap_mobile":{"column":"15","row":"15","isLinked":true,"unit":"px","size":15},"background_background":"classic","background_color":"#FCF8F3","margin":{"unit":"px","top":"0","right":"0","bottom":"95","left":"0","isLinked":false},"margin_tablet":{"unit":"px","top":"0","right":"0","bottom":"80","left":"0","isLinked":false},"margin_mobile":{"unit":"px","top":"0","right":"0","bottom":"28","left":"0","isLinked":false},"padding":{"unit":"px","top":"56","right":"0","bottom":"56","left":"0","isLinked":false},"padding_tablet":{"unit":"px","top":"47","right":"0","bottom":"47","left":"0","isLinked":false},"padding_mobile":{"unit":"px","top":"28","right":"0","bottom":"28","left":"0","isLinked":false}},"elements":[{"id":"13e88c76","settings":{"flex_direction":"column","content_width":"full","width":{"unit":"%","size":"50"},"flex_gap":{"column":"12","row":"12","isLinked":true,"unit":"px","size":12},"flex_gap_tablet":{"column":"","row":"","isLinked":true,"unit":"px","size":null}},"elements":[{"id":"6da22b6b","settings":{"content_width":"full","title":"One-Time Only","title_size":"h4","align_mobile":"center","typography_typography":"custom","typography_font_size_tablet":{"unit":"px","size":32,"sizes":[]},"typography_font_size_mobile":{"unit":"px","size":22,"sizes":[]}},"elements":[],"isInner":false,"widgetType":"ecomus-heading","elType":"widget"},{"id":"183c5372","settings":{"content_width":"full","title":"Special Offers You Can't Miss: These deals won't last forever!","title_size":"p","align_mobile":"center","title_color":"#000000","typography_typography":"custom","typography_font_size":{"unit":"px","size":20,"sizes":[]},"typography_font_size_mobile":{"unit":"px","size":16,"sizes":[]},"typography_line_height":{"unit":"px","size":24,"sizes":[]},"typography_line_height_tablet":{"unit":"px","size":"","sizes":[]},"typography_line_height_mobile":{"unit":"px","size":"","sizes":[]},"_margin":{"unit":"px","top":"0","right":"0","bottom":"10","left":"0","isLinked":false},"_margin_mobile":{"unit":"px","top":"0","right":"0","bottom":"14","left":"0","isLinked":false}},"elements":[],"isInner":false,"widgetType":"ecomus-heading","elType":"widget"},{"id":"4cf11100","settings":{"content_width":"full","button_style":"subtle","text":"Shop now","align_mobile":"center","icon_align":"right","typography_typography":"custom","typography_font_weight":"600","selected_icon":{"value":{"url":"https:\/\/raw.githubusercontent.com\/drfuri\/demo-content\/main\/ecomus\/fashion\/images\/arrow-top-right.svg","id":1340},"library":"svg"},"button_text":"Shop Now","show_button_icon":"alway","button_link":{"url":"https:\/\/wpecomus.com\/fashion\/shop\/","is_external":"","nofollow":"","custom_attributes":""}},"elements":[],"isInner":false,"widgetType":"ecomus-button","elType":"widget"}],"isInner":true,"elType":"container"},{"id":"719c0f5","settings":{"flex_direction":"column","content_width":"full","width":{"unit":"%","size":"50"}},"elements":[{"id":"586213e3","settings":{"content_width":"full","due_date":"2024-09-30 00:00","form_align":"flex-end","form_align_mobile":"center","timer_padding_mobile":{"unit":"px","top":"11","right":"0","bottom":"10.82","left":"0","isLinked":false},"digit_spacing_mobile":{"unit":"px","size":1,"sizes":[]},"timer_padding":{"unit":"px","top":"12","right":"24","bottom":"9","left":"24","isLinked":false},"timer_padding_tablet":{"unit":"px","top":"7.42","right":"0","bottom":"7","left":"0","isLinked":false},"digit_spacing_tablet":{"unit":"px","size":2,"sizes":[]},"text_typography_typography":"custom","text_typography_font_size_mobile":{"unit":"px","size":12,"sizes":[]},"timer_width":{"unit":"px","size":92,"sizes":[]},"timer_width_tablet":{"unit":"px","size":70,"sizes":[]},"timer_width_mobile":{"unit":"px","size":60,"sizes":[]},"timer_border_radius":{"unit":"px","top":"3","right":"3","bottom":"3","left":"3","isLinked":true}},"elements":[],"isInner":false,"widgetType":"ecomus-countdown","elType":"widget"}],"isInner":true,"elType":"container"}],"isInner":false,"elType":"container"},{"id":"be0ec79","settings":{"margin":{"unit":"px","top":"0","right":"0","bottom":"100","left":"0","isLinked":false},"margin_tablet":{"unit":"px","top":"0","right":"0","bottom":"85","left":"0","isLinked":false},"margin_mobile":{"unit":"px","top":"0","right":"0","bottom":"30","left":"0","isLinked":false}},"elements":[{"id":"24f37cb3","settings":{"content_width":"full","categories":[{"_id":"296323b","product_cat":"dresses","image":{"id":4052,"url":"https:\/\/wpecomus.com\/fashion\/wp-content\/uploads\/sites\/2\/2024\/07\/homev7_cat01.webp","alt":"","source":"library","size":""}},{"product_cat":"tops","image":{"id":4053,"url":"https:\/\/wpecomus.com\/fashion\/wp-content\/uploads\/sites\/2\/2024\/07\/homev7_cat02.webp","alt":"","source":"library","size":""},"_id":"9afd3f6"},{"product_cat":"shirts-blouses","image":{"id":4054,"url":"https:\/\/wpecomus.com\/fashion\/wp-content\/uploads\/sites\/2\/2024\/07\/homev7_cat03.webp","alt":"","source":"library","size":""},"_id":"08a62bd"},{"product_cat":"sweaters","image":{"id":4055,"url":"https:\/\/wpecomus.com\/fashion\/wp-content\/uploads\/sites\/2\/2024\/07\/homev7_cat04.webp","alt":"","source":"library","size":""},"_id":"fcb15ba"},{"_id":"c3c453e","product_cat":"cardigans","image":{"url":"https:\/\/wpecomus.com\/fashion\/wp-content\/uploads\/sites\/2\/2024\/07\/homev7_cat05.webp","id":4056,"size":"","alt":"","source":"library"}},{"_id":"98b6908","product_cat":"blazers","image":{"url":"https:\/\/wpecomus.com\/fashion\/wp-content\/uploads\/sites\/2\/2024\/07\/homev7_cat06.webp","id":4057,"size":"","alt":"","source":"library"}},{"_id":"33025f1","product_cat":"overalls","image":{"url":"https:\/\/wpecomus.com\/fashion\/wp-content\/uploads\/sites\/2\/2024\/07\/homev7_cat07.webp","id":4058,"size":"","alt":"","source":"library"}}],"aspect_ratio_type":"custom","aspect_ratio":"240:199"},"elements":[],"isInner":false,"widgetType":"ecomus-product-category-tabs","elType":"widget"}],"isInner":false,"elType":"container"},{"id":"5c7b72a3","settings":{"flex_direction":"row","flex_gap":{"unit":"px","size":30,"column":"30","row":"30","isLinked":true},"content_width":"full","padding":{"unit":"px","top":"0","right":"40","bottom":"0","left":"40","isLinked":false},"flex_gap_tablet":{"column":"15","row":"15","isLinked":true,"unit":"px","size":15},"mobile_column_alignment":"column_md","margin":{"unit":"px","top":"0","right":"0","bottom":"100","left":"0","isLinked":false},"margin_tablet":{"unit":"px","top":"0","right":"0","bottom":"85","left":"0","isLinked":false},"margin_mobile":{"unit":"px","top":"0","right":"0","bottom":"30","left":"0","isLinked":false},"padding_tablet":{"unit":"px","top":"0","right":"30","bottom":"0","left":"30","isLinked":false},"padding_mobile":{"unit":"px","top":"0","right":"15","bottom":"0","left":"15","isLinked":false}},"elements":[{"id":"2b43b63c","settings":{"flex_direction":"column","content_width":"full","width":{"unit":"%","size":"50"}},"elements":[{"id":"1dcbc375","settings":{"content_width":"full","title":"UP TO 30% OFF","title_size":"div","sub_title":"Summer Style Guide","description":"Discover the season's hottest trends and elevate","button_text":"Shop now","image":{"id":4062,"url":"https:\/\/wpecomus.com\/fashion\/wp-content\/uploads\/sites\/2\/2024\/07\/homev7_banner01.webp","alt":"","source":"library","size":""},"height":{"unit":"px","size":700,"sizes":[]},"height_tablet":{"unit":"px","size":450,"sizes":[]},"height_mobile":{"unit":"px","size":300,"sizes":[]},"horizontal_position":"left","vertical_position_mobile":"middle","text_align_mobile":"center","banner_padding":{"unit":"px","top":"95","right":"84","bottom":"95","left":"84","isLinked":false},"banner_padding_tablet":{"unit":"px","top":"30","right":"30","bottom":"30","left":"30","isLinked":true},"title_typography_typography":"custom","title_typography_font_size":{"unit":"px","size":14,"sizes":[]},"title_typography_font_weight":"700","title_typography_text_transform":"uppercase","title_typography_line_height_mobile":{"unit":"px","size":26.4,"sizes":[]},"title_margin_mobile":{"unit":"px","top":"0","right":"0","bottom":"6","left":"0","isLinked":false},"sub_title_typography_typography":"custom","sub_title_typography_font_size":{"unit":"px","size":42,"sizes":[]},"sub_title_typography_font_size_tablet":{"unit":"px","size":32,"sizes":[]},"sub_title_typography_font_size_mobile":{"unit":"px","size":22,"sizes":[]},"sub_title_typography_font_weight":"400","sub_title_typography_line_height_tablet":{"unit":"px","size":38.4,"sizes":[]},"sub_title_typography_line_height_mobile":{"unit":"px","size":26.4,"sizes":[]},"sub_title_margin_mobile":{"unit":"px","top":"0","right":"0","bottom":"9","left":"0","isLinked":false},"description_margin_mobile":{"unit":"px","top":"0","right":"0","bottom":"14","left":"0","isLinked":false},"button_margin":{"unit":"px","top":"0","right":"0","bottom":"0","left":"0","isLinked":false},"button_border_radius":{"unit":"px","top":"3","right":"3","bottom":"3","left":"3","isLinked":true},"button_link":{"url":"https:\/\/wpecomus.com\/fashion\/product-category\/men\/","is_external":"","nofollow":"","custom_attributes":""}},"elements":[],"isInner":false,"widgetType":"ecomus-banner","elType":"widget"}],"isInner":true,"elType":"container"},{"id":"7bc90ae3","settings":{"flex_direction":"column","content_width":"full","width":{"unit":"%","size":"50"}},"elements":[{"id":"4d53cc9c","settings":{"content_width":"full","title":"UP TO 30% OFF","title_size":"div","sub_title":"Statement Accessories","description":"Complete your look with our selection of statement accessories","button_text":"Shop now","image":{"id":4063,"url":"https:\/\/wpecomus.com\/fashion\/wp-content\/uploads\/sites\/2\/2024\/07\/homev7_banner02.webp","alt":"","source":"library","size":""},"height":{"unit":"px","size":700,"sizes":[]},"height_tablet":{"unit":"px","size":450,"sizes":[]},"height_mobile":{"unit":"px","size":300,"sizes":[]},"horizontal_position":"left","vertical_position_mobile":"middle","text_align_mobile":"center","banner_padding":{"unit":"px","top":"95","right":"84","bottom":"95","left":"84","isLinked":false},"banner_padding_tablet":{"unit":"px","top":"30","right":"30","bottom":"30","left":"30","isLinked":true},"title_typography_typography":"custom","title_typography_font_size":{"unit":"px","size":14,"sizes":[]},"title_typography_font_weight":"700","title_typography_text_transform":"uppercase","title_typography_line_height_mobile":{"unit":"px","size":26.4,"sizes":[]},"title_margin_mobile":{"unit":"px","top":"0","right":"0","bottom":"6","left":"0","isLinked":false},"sub_title_typography_typography":"custom","sub_title_typography_font_size":{"unit":"px","size":42,"sizes":[]},"sub_title_typography_font_size_tablet":{"unit":"px","size":32,"sizes":[]},"sub_title_typography_font_size_mobile":{"unit":"px","size":22,"sizes":[]},"sub_title_typography_font_weight":"400","sub_title_typography_line_height_tablet":{"unit":"px","size":38.4,"sizes":[]},"sub_title_typography_line_height_mobile":{"unit":"px","size":26.4,"sizes":[]},"sub_title_margin_mobile":{"unit":"px","top":"0","right":"0","bottom":"9","left":"0","isLinked":false},"description_margin_mobile":{"unit":"px","top":"0","right":"0","bottom":"14","left":"0","isLinked":false},"button_margin":{"unit":"px","top":"0","right":"0","bottom":"0","left":"0","isLinked":false},"button_border_radius":{"unit":"px","top":"3","right":"3","bottom":"3","left":"3","isLinked":true},"button_link":{"url":"https:\/\/wpecomus.com\/fashion\/product-category\/accessories\/","is_external":"","nofollow":"","custom_attributes":""}},"elements":[],"isInner":false,"widgetType":"ecomus-banner","elType":"widget"}],"isInner":true,"elType":"container"}],"isInner":false,"elType":"container"},{"id":"3e255d4f","settings":{"flex_gap":{"column":"16","row":"16","isLinked":true,"unit":"px","size":16},"margin":{"unit":"px","top":"0","right":"0","bottom":"61","left":"0","isLinked":false},"margin_tablet":{"unit":"px","top":"0","right":"0","bottom":"50","left":"0","isLinked":false},"margin_mobile":{"unit":"px","top":"0","right":"0","bottom":"20","left":"0","isLinked":false}},"elements":[{"id":"28fab258","settings":{"content_width":"full","title":"Testimonials","title_size":"h4","align":"center","typography_typography":"custom","typography_font_size_tablet":{"unit":"px","size":32,"sizes":[]},"typography_font_size_mobile":{"unit":"px","size":22,"sizes":[]}},"elements":[],"isInner":false,"widgetType":"ecomus-heading","elType":"widget"},{"id":"2d699047","settings":{"content_width":"full","title":"Beat the Heat in Style: It's time to stock up on summer essentials!","title_size":"p","align":"center","typography_typography":"custom","typography_font_size":{"unit":"px","size":16,"sizes":[]},"typography_font_size_mobile":{"unit":"px","size":14,"sizes":[]}},"elements":[],"isInner":false,"widgetType":"ecomus-heading","elType":"widget"}],"isInner":false,"elType":"container"},{"id":"5108f000","settings":{"margin":{"unit":"px","top":"0","right":"0","bottom":"106","left":"0","isLinked":false},"margin_tablet":{"unit":"px","top":"0","right":"0","bottom":"90","left":"0","isLinked":false},"margin_mobile":{"unit":"px","top":"0","right":"0","bottom":"31","left":"0","isLinked":false}},"elements":[{"id":"4ab85544","settings":{"testimonials":[{"testimonial_name":"Robert smith","_id":"060ec67","testimonial_title":"Best Online Fashion Site","testimonial_content":"\u201cI always find something stylish and affordable on this web fashion site\u201d","testimonial_text":"Customer from USA","testimonial_product_id":666},{"testimonial_name":"Allen Lyn","testimonial_title":"Great Selection and Quality","testimonial_content":"\"I love the variety of styles and the high-quality clothing on this web fashion site.\"","testimonial_text":"Customer from Fance","testimonial_product_id":871,"_id":"ecea334"},{"testimonial_name":"Peter Rope","testimonial_title":"Best Customer Service","testimonial_content":"\"I finally found a web fashion site with stylish and flattering options in my size.\"","testimonial_text":"Customer from USA","testimonial_product_id":782,"_id":"19e023e"},{"testimonial_name":"Hellen Ase","_id":"4c7dbb3","testimonial_title":"Great Selection and Quality","testimonial_content":"\"I love the variety of styles and the high-quality clothing on this web fashion site.\"","testimonial_text":"Customer from Japan","testimonial_product_id":798}],"navigation_classes_tablet":"none","navigation_classes_mobile":"dots","text_typography_font_size":{"unit":"px","size":103,"sizes":[]},"image_spacing_custom_mobile":15,"navigation_classes":"none","content_width":"full","slides_to_show_tablet":2,"slides_to_show_mobile":1,"slides_to_scroll_tablet":2,"slides_to_scroll_mobile":1,"item_border_radius":{"unit":"px","top":"10","right":"10","bottom":"10","left":"10","isLinked":true}},"elements":[],"isInner":false,"widgetType":"ecomus-testimonial-carousel-2","elType":"widget"}],"isInner":false,"elType":"container"}],"page_settings":{"hide_page_header":"yes","content_top_spacing":"custom","content_top_padding":{"unit":"px","size":0,"sizes":[]},"content_bottom_spacing":"custom","content_bottom_padding":{"unit":"px","size":0,"sizes":[]},"header_layout":"v5","header_text_color":"light"},"version":"0.4","title":"Home Fashion v7","type":"page"}