{"content":[{"id":"5e6a679c","settings":{"flex_gap":{"column":"38","row":"38","isLinked":true,"unit":"px","size":38},"flex_gap_mobile":{"column":"20","row":"20","isLinked":true,"unit":"px","size":20}},"elements":[{"id":"6d8d6f75","settings":{"content_width":"full","icon_type":"external","icon":{"value":"","library":""},"icon_url":"https:\/\/wpecomus.com\/fashion\/wp-content\/themes\/ecomus\/images\/404.svg","title":"Oops...That link is broken.","description":"Sorry for the inconvenience. Go to our homepage or check out our latest collections.","title_size":"h1","alignment":"center","title_typography_typography":"custom","title_typography_font_size":{"unit":"px","size":52,"sizes":[]},"title_typography_font_size_tablet":{"unit":"px","size":40,"sizes":[]},"title_typography_font_size_mobile":{"unit":"px","size":24,"sizes":[]},"title_spacing":{"unit":"px","size":15,"sizes":[]},"icon_spacing":{"unit":"px","size":74,"sizes":[]},"icon_spacing_mobile":{"unit":"px","size":37,"sizes":[]},"image":{"id":5597,"url":"https:\/\/wpecomus.com\/builder\/wp-content\/uploads\/sites\/17\/2024\/11\/placeholder.png"}},"elements":[],"isInner":false,"widgetType":"ecomus-icon-box","elType":"widget"},{"id":"47b3ec4f","settings":{"content_width":"full","button_text":"Shop now","align":"center"},"elements":[],"isInner":false,"widgetType":"ecomus-button","elType":"widget"}],"isInner":false,"elType":"container"}],"page_settings":{"site_content_spacing_top":{"unit":"rem","size":3.375,"sizes":[]},"site_content_spacing_bottom":{"unit":"rem","size":3.375,"sizes":[]},"site_content_spacing_top_tablet":{"unit":"rem","size":3.375,"sizes":[]},"site_content_spacing_top_mobile":{"unit":"rem","size":"","sizes":[]},"site_content_spacing_bottom_tablet":{"unit":"rem","size":3.375,"sizes":[]},"site_content_spacing_bottom_mobile":{"unit":"rem","size":"","sizes":[]}},"version":"0.4","title":"Not Found Page","type":"page"}