{"content":[{"id":"53299c60","settings":{"margin":{"unit":"px","top":"30","right":"0","bottom":"30","left":"0","isLinked":false},"margin_tablet":{"unit":"px","top":"0","right":"0","bottom":"0","left":"0","isLinked":true}},"elements":[{"id":"467eb4eb","settings":{"timeline":[{"year":"1980","image":{"id":414,"url":"https:\/\/wpecomus.com\/fashion\/wp-content\/uploads\/sites\/2\/2024\/06\/timeline1.webp","alt":"","source":"library","size":""},"subtitle":"Phase 1","title":"Inception and Brand Establishment","description":"Inception, in the context of brand establishment, refers to the initial phase of creating and introducing a brand to the market. It involves laying down the foundational elements that will define the brand's identity, values, and positioning in the minds of consumers.","_id":"f4db344"},{"year":"2000","image":{"id":415,"url":"https:\/\/wpecomus.com\/fashion\/wp-content\/uploads\/sites\/2\/2024\/06\/timeline2.webp","alt":"","source":"library","size":""},"subtitle":"Phase 2","title":"Debut Collection and Market Entry","description":"Entering the market with a debut collection requires careful planning, creativity, and perseverance. By following these steps and staying true to your vision, you can increase your chances of success in the fashion industry.","_id":"4bbb064"},{"_id":"e41693e","year":"2010","image":{"id":416,"url":"https:\/\/wpecomus.com\/fashion\/wp-content\/uploads\/sites\/2\/2024\/06\/timeline3.webp","alt":"","source":"library","size":""},"subtitle":"Phase 3","title":"Growth and Recognition","description":"During the Growth and Recognition phase of a brand's journey, several key elements come into play to propel its expansion and solidify its position in the market. Here's an outline of what typically occurs during this phase"},{"_id":"60af3f6","year":"2024","image":{"id":417,"url":"https:\/\/wpecomus.com\/fashion\/wp-content\/uploads\/sites\/2\/2024\/06\/timeline4.webp","alt":"","source":"library","size":""},"subtitle":"Phase 4","title":"Sustainable Initiatives","description":"Sustainable initiatives play a crucial role in the growth and development of a brand, especially in today's environmentally conscious and socially responsible market landscape. Here are some examples of sustainable initiatives that brands may undertake"}],"arrows_radius":{"unit":"px","top":"5","right":"5","bottom":"5","left":"5","isLinked":true}},"elements":[],"isInner":false,"widgetType":"ecomus-timeline","elType":"widget"}],"isInner":false,"elType":"container"}],"page_settings":[],"version":"0.4","title":"Timeline","type":"page"}