{"content":[{"id":"5c909ff8","settings":{"flex_direction":"row","flex_gap":{"unit":"px","size":50,"column":"50","row":"50","isLinked":true},"boxed_width":{"unit":"px","size":1410,"sizes":[]},"border_width":{"unit":"px","top":"1","right":"0","bottom":"0","left":"0","isLinked":false},"border_color":"#EBEBEB","padding":{"unit":"px","top":"80","right":"0","bottom":"55","left":"0","isLinked":false},"flex_gap_tablet":{"column":"0","row":"35","isLinked":false,"unit":"px","size":0},"flex_gap_mobile":{"column":"0","row":"22","isLinked":false,"unit":"px","size":0},"flex_wrap_tablet":"wrap","padding_mobile":{"unit":"px","top":"65","right":"0","bottom":"0","left":"0","isLinked":false}},"elements":[{"id":"7d021fc8","settings":{"flex_direction":"column","content_width":"full","width":{"unit":"%","size":40},"flex_gap":{"column":"0","row":"0","isLinked":true,"unit":"px","size":0},"width_tablet":{"unit":"%","size":50,"sizes":[]},"width_mobile":{"unit":"%","size":"","sizes":[]},"border_border":"solid","border_width":{"unit":"px","top":"0","right":"0","bottom":"0","left":"0","isLinked":true},"border_width_mobile":{"unit":"px","top":"0","right":"0","bottom":"1","left":"0","isLinked":false},"border_color":"#EBEBEB","padding_tablet":{"unit":"px","top":"0","right":"15","bottom":"0","left":"0","isLinked":false},"padding_mobile":{"unit":"px","top":"0","right":"0","bottom":"24","left":"0","isLinked":false}},"elements":[{"id":"3bbce325","settings":{"title":"Help Customers","_padding":{"unit":"px","top":"0","right":"0","bottom":"25","left":"0","isLinked":false},"_padding_mobile":{"unit":"px","top":"0","right":"0","bottom":"18","left":"0","isLinked":false},"typography_typography":"custom","typography_font_size":{"unit":"px","size":16,"sizes":[]}},"elements":[],"isInner":false,"widgetType":"glozin-heading","elType":"widget"},{"id":"7391d9fa","settings":{"editor":"Find a location nearest you to reduce shipping costs and make\nshopping easier. <a class=\"fw-semibold\" href=\"https:\/\/www.google.com\/maps?ll=33.580077,-84.547829&z=12&t=m&hl=vi-VN&gl=US&mapclient=embed&q=Main+St+Union+City,+GA+30291+Hoa+K%E1%BB%B3\">Show on google maps.<\/a>","text_color":"#444444","typography_typography":"custom","typography_font_weight":"400","_padding":{"unit":"px","top":"0","right":"0","bottom":"20","left":"0","isLinked":false}},"elements":[],"isInner":false,"widgetType":"text-editor","elType":"widget"},{"id":"1fd3b673","settings":{"button_text":"+1 (973) 435-3638","button_style":"text","button_typography_typography":"custom","button_typography_font_weight":"400"},"elements":[],"isInner":false,"widgetType":"glozin-button","elType":"widget"},{"id":"1acba933","settings":{"button_text":"info@fashionwomen.com","button_style":"text","button_typography_typography":"custom","button_typography_font_weight":"400","button_link":{"url":"mailto:info@fashionwomen.com","is_external":"","nofollow":"","custom_attributes":""}},"elements":[],"isInner":false,"widgetType":"glozin-button","elType":"widget"},{"id":"37e12006","settings":{"social_icon_list":[{"social_icon":{"value":{"url":"https:\/\/raw.githubusercontent.com\/uixthemeswp\/glozin\/refs\/heads\/main\/demo-content\/facebook.svg","id":890},"library":"svg"},"_id":"45f9e5f","link":{"url":"https:\/\/www.facebook.com\/WordPress\/","is_external":"true","nofollow":"","custom_attributes":""},"name":"Facebook"},{"social_icon":{"value":{"url":"https:\/\/raw.githubusercontent.com\/uixthemeswp\/glozin\/refs\/heads\/main\/demo-content\/instagram.svg","id":891},"library":"svg"},"_id":"17d8940","link":{"url":"https:\/\/www.instagram.com\/wordpress","is_external":"true","nofollow":"","custom_attributes":""},"name":"Instagram"},{"social_icon":{"value":{"url":"https:\/\/raw.githubusercontent.com\/uixthemeswp\/glozin\/refs\/heads\/main\/demo-content\/tiktok.svg","id":893},"library":"svg"},"link":{"url":"https:\/\/www.tiktok.com\/@wordpress","is_external":"true","nofollow":"","custom_attributes":""},"_id":"b92ca6d","name":"TikTok"},{"social_icon":{"value":{"url":"https:\/\/raw.githubusercontent.com\/uixthemeswp\/glozin\/refs\/heads\/main\/demo-content\/youtube.svg","id":894},"library":"svg"},"_id":"e8f79d7","link":{"url":"https:\/\/www.youtube.com\/wordpress","is_external":"true","nofollow":"","custom_attributes":""},"name":"YouTube"},{"_id":"46b9a1f","social_icon":{"value":{"url":"https:\/\/raw.githubusercontent.com\/uixthemeswp\/glozin\/refs\/heads\/main\/demo-content\/snapchat.svg","id":892},"library":"svg"},"link":{"url":"https:\/\/www.snapchat.com\/explore\/wordpress","is_external":"true","nofollow":"","custom_attributes":""},"name":"Snapchat"}],"align":"left","icon_border_color":"#444444","_padding":{"unit":"px","top":"25","right":"0","bottom":"0","left":"0","isLinked":false},"icon_size":{"unit":"px","size":12,"sizes":[]},"_padding_mobile":{"unit":"px","top":"23","right":"0","bottom":"0","left":"0","isLinked":false},"icon_color":"#444444","icon_color_hover":"#111111"},"elements":[],"isInner":false,"widgetType":"glozin-social-icons","elType":"widget"}],"isInner":true,"elType":"container"},{"id":"30b1fc03","settings":{"flex_direction":"column","content_width":"full","width":{"unit":"%","size":17},"width_tablet":{"unit":"%","size":50,"sizes":[]},"width_mobile":{"unit":"%","size":"","sizes":[]},"border_border":"solid","border_width":{"unit":"px","top":"0","right":"0","bottom":"0","left":"0","isLinked":true},"border_width_mobile":{"unit":"px","top":"0","right":"0","bottom":"1","left":"0","isLinked":false},"border_color":"#EBEBEB","padding_tablet":{"unit":"px","top":"0","right":"0","bottom":"0","left":"15","isLinked":false},"padding_mobile":{"unit":"px","top":"0","right":"0","bottom":"0","left":"0","isLinked":false}},"elements":[{"id":"61c0e4ea","settings":{"title":"Our Company","menu_items":[{"title_menu":"Menu item 1","_id":"d23853d"},{"title_menu":"Menu item 2","_id":"608fbb4"},{"title_menu":"Menu item 3","_id":"80885c6"}],"list_menu":"our-company","toggle_menu":"yes","title_size":"h2"},"elements":[],"isInner":false,"widgetType":"glozin-navigation-menu","elType":"widget"}],"isInner":true,"elType":"container"},{"id":"1bc05b1b","settings":{"flex_direction":"column","content_width":"full","width":{"unit":"%","size":17},"width_tablet":{"unit":"%","size":50,"sizes":[]},"width_mobile":{"unit":"%","size":"","sizes":[]},"border_border":"solid","border_width":{"unit":"px","top":"0","right":"0","bottom":"0","left":"0","isLinked":true},"border_width_mobile":{"unit":"px","top":"0","right":"0","bottom":"1","left":"0","isLinked":false},"border_color":"#EBEBEB","padding_tablet":{"unit":"px","top":"0","right":"15","bottom":"0","left":"0","isLinked":false},"padding_mobile":{"unit":"px","top":"0","right":"0","bottom":"0","left":"0","isLinked":false}},"elements":[{"id":"5c2ad91","settings":{"title":"Shop Categories","menu_items":[{"title_menu":"Hot Deals","_id":"d23853d","link_menu":{"url":"#","is_external":false,"nofollow":false,"custom_attributes":""}},{"title_menu":"Best Seller","_id":"608fbb4","link_menu":{"url":"#","is_external":false,"nofollow":false,"custom_attributes":""}},{"title_menu":"Sale & Special Offers","_id":"80885c6","link_menu":{"url":"#","is_external":false,"nofollow":false,"custom_attributes":""}},{"_id":"3ea237e","title_menu":"Activewear","link_menu":{"url":"#","is_external":false,"nofollow":false,"custom_attributes":""}},{"_id":"ea3a909","title_menu":"Popular Trends","link_menu":{"url":"#","is_external":false,"nofollow":false,"custom_attributes":""}},{"_id":"90ea128","title_menu":"Croptop","link_menu":{"url":"#","is_external":false,"nofollow":false,"custom_attributes":""}}],"list_menu":"shop-categories","toggle_menu":"yes","menu_type":"custom","title_size":"h2"},"elements":[],"isInner":false,"widgetType":"glozin-navigation-menu","elType":"widget"}],"isInner":true,"elType":"container"},{"id":"6fa28cf4","settings":{"flex_direction":"column","content_width":"full","width":{"unit":"%","size":41},"width_tablet":{"unit":"%","size":50,"sizes":[]},"width_mobile":{"unit":"%","size":"","sizes":[]},"border_width":{"unit":"px","top":"0","right":"0","bottom":"0","left":"0","isLinked":true},"border_width_mobile":{"unit":"px","top":"0","right":"0","bottom":"0","left":"0","isLinked":false},"border_color":"#EBEBEB","padding_tablet":{"unit":"px","top":"0","right":"0","bottom":"0","left":"15","isLinked":false},"padding_mobile":{"unit":"px","top":"0","right":"0","bottom":"0","left":"0","isLinked":false}},"elements":[{"id":"64bcb526","settings":{"form":"721","title":"Sign Up to Newsletter","description":"Sign up for 10% off your first purchase and free shipping. Updates information on Sales and Offers.","after_description":"***By entering the e-mail you accept the <a href=\"#\">terms and conditions<\/a> and the <a href=\"#\">privacy policy.<\/a>","toggle_menu":"yes","title_size":"h2"},"elements":[],"isInner":false,"widgetType":"glozin-subscribe-group","elType":"widget"}],"isInner":true,"elType":"container"}],"isInner":false,"elType":"container"},{"id":"4fb21386","settings":{"margin_mobile":{"unit":"px","top":"-15","right":"0","bottom":"0","left":"0","isLinked":false}},"elements":[{"id":"9a7436d","settings":{"text":"Divider","color":"#EBEBEB"},"elements":[],"isInner":false,"widgetType":"divider","elType":"widget"}],"isInner":false,"elType":"container"},{"id":"46b42e9c","settings":{"flex_direction":"row","flex_gap":{"unit":"px","size":0,"column":"0","row":"0","isLinked":true},"boxed_width":{"unit":"px","size":1410,"sizes":[]},"flex_justify_content":"space-between","border_width":{"unit":"px","top":"0","right":"0","bottom":"0","left":"0","isLinked":false},"border_color":"#EBEBEB","padding":{"unit":"px","top":"17","right":"0","bottom":"32","left":"0","isLinked":false},"flex_justify_content_tablet":"space-between","flex_align_items_tablet":"center","flex_gap_mobile":{"column":"17","row":"17","isLinked":true,"unit":"px","size":17},"border_width_mobile":{"unit":"px","top":"0","right":"0","bottom":"0","left":"0","isLinked":true},"padding_mobile":{"unit":"px","top":"15","right":"0","bottom":"30","left":"0","isLinked":false},"flex_direction_tablet":"column","flex_gap_tablet":{"column":"17","row":"17","isLinked":true,"unit":"px","size":17}},"elements":[{"id":"4c7d4fa3","settings":{"flex_direction":"row","content_width":"full","width":{"unit":"%","size":70},"flex_gap":{"column":"32","row":"10","isLinked":false,"unit":"px","size":32},"width_tablet":{"unit":"%","size":100,"sizes":[]},"width_mobile":{"unit":"%","size":"","sizes":[]},"flex_justify_content_tablet":"center","flex_gap_tablet":{"column":"","row":"","isLinked":true,"unit":"px","size":null},"flex_wrap_tablet":"wrap"},"elements":[{"id":"368a14a3","settings":[],"elements":[],"isInner":false,"widgetType":"glozin-languages","elType":"widget"},{"id":"246e27ec","settings":[],"elements":[],"isInner":false,"widgetType":"glozin-currencies","elType":"widget"},{"id":"5d7cc06e","settings":{"title":"\u00a9 [glozin_year] Glozin store. All rights reserved.","title_size":"span"},"elements":[],"isInner":false,"widgetType":"glozin-heading","elType":"widget"}],"isInner":true,"elType":"container"},{"id":"694186ed","settings":{"flex_direction":"column","content_width":"full","width":{"unit":"%","size":25},"width_tablet":{"unit":"%","size":60,"sizes":[]},"width_mobile":{"unit":"%","size":"","sizes":[]},"flex_direction_tablet":"column"},"elements":[{"id":"5769e824","settings":{"image":{"id":853,"url":"https:\/\/raw.githubusercontent.com\/uixthemeswp\/glozin\/refs\/heads\/main\/demo-content\/payment.png","alt":"","source":"library","size":""},"image_size":"full","image_border_radius":{"unit":"px","top":"0","right":"0","bottom":"0","left":"0","isLinked":true}},"elements":[],"isInner":false,"widgetType":"image","elType":"widget"}],"isInner":true,"elType":"container"}],"isInner":false,"elType":"container"}],"page_settings":{"exclude_page_ids":"706"},"version":"0.4","title":"Footer v1","type":"page"}