{"content":[{"id":"5ed8bc4a","settings":{"flex_direction":"row","flex_gap":{"unit":"px","size":10,"column":"10","row":"0","isLinked":false},"box_shadow_box_shadow_type":"yes","box_shadow_box_shadow":{"horizontal":5,"vertical":0,"blur":30,"spread":0,"color":"rgba(0, 0, 0, 0.08)"},"padding":{"unit":"px","top":"13","right":"20","bottom":"12","left":"20","isLinked":false},"flex_justify_content":"space-between","overflow":"auto","flex_wrap":"nowrap","flex_wrap_mobile":"nowrap"},"elements":[{"id":"a09d7","settings":{"icon":{"value":{"url":"https:\/\/wpglozin.com\/fashion\/wp-content\/uploads\/sites\/2\/2025\/05\/navigation-home.svg","id":2596},"library":"svg"},"title":"Home","link":{"url":"http:\/\/localhost\/glozin\/","is_external":"","nofollow":"","custom_attributes":""},"image":{"id":"","url":"https:\/\/wpglozin.com\/fashion\/wp-content\/plugins\/elementor\/assets\/images\/placeholder.png"},"custom_url":{"url":"#","is_external":"","nofollow":"","custom_attributes":""},"_element_custom_width":{"unit":"px","size":100,"sizes":[]}},"elements":[],"isInner":false,"widgetType":"glozin-navigation-bar-item","elType":"widget"},{"id":"14c6e334","settings":{"icon":{"value":{"url":"https:\/\/wpglozin.com\/fashion\/wp-content\/uploads\/sites\/2\/2025\/05\/navigation-account.svg","id":2594},"library":"svg"},"title":"Account","link":{"url":"http:\/\/localhost\/glozin\/","is_external":"","nofollow":"","custom_attributes":""},"login_modal":"yes","login_account_link":{"url":"http:\/\/localhost\/glozin\/my-account\/","is_external":"","nofollow":"","custom_attributes":""},"image":{"id":"","url":"https:\/\/wpglozin.com\/fashion\/wp-content\/plugins\/elementor\/assets\/images\/placeholder.png"},"action":"account","_element_custom_width":{"unit":"px","size":100,"sizes":[]}},"elements":[],"isInner":false,"widgetType":"glozin-navigation-bar-item","elType":"widget"},{"id":"4b07e33a","settings":{"icon":{"value":{"url":"https:\/\/wpglozin.com\/fashion\/wp-content\/uploads\/sites\/2\/2025\/05\/navigation-shop.svg","id":2597},"library":"svg"},"title":"Shop","link":{"url":"http:\/\/localhost\/glozin\/shop\/","is_external":"","nofollow":"","custom_attributes":""},"image":{"id":"","url":"https:\/\/wpglozin.com\/fashion\/wp-content\/plugins\/elementor\/assets\/images\/placeholder.png"},"_element_custom_width":{"unit":"px","size":100,"sizes":[]},"custom_url":{"url":"#","is_external":"","nofollow":"","custom_attributes":""}},"elements":[],"isInner":false,"widgetType":"glozin-navigation-bar-item","elType":"widget"},{"id":"ec92e4b","settings":{"icon":{"value":{"url":"https:\/\/wpglozin.com\/fashion\/wp-content\/uploads\/sites\/2\/2025\/05\/navigation-wishlist.svg","id":2598},"library":"svg"},"title":"Wishlist","link":{"url":"http:\/\/localhost\/glozin\/wishlist\/","is_external":"","nofollow":"","custom_attributes":""},"show_wishlist_counter":"yes","image":{"id":"","url":"https:\/\/wpglozin.com\/fashion\/wp-content\/plugins\/elementor\/assets\/images\/placeholder.png"},"counter":"wishlist","_element_custom_width":{"unit":"px","size":100,"sizes":[]},"custom_url":{"url":"#","is_external":"","nofollow":"","custom_attributes":""}},"elements":[],"isInner":false,"widgetType":"glozin-navigation-bar-item","elType":"widget"},{"id":"e4a8e0a","settings":{"icon":{"value":{"url":"https:\/\/wpglozin.com\/fashion\/wp-content\/uploads\/sites\/2\/2025\/05\/navigation-cart.svg","id":2595},"library":"svg"},"title":"Cart","link":{"url":"http:\/\/localhost\/glozin\/cart\/","is_external":"","nofollow":"","custom_attributes":""},"cart_modal":"yes","show_cart_counter":"yes","image":{"id":"","url":"https:\/\/wpglozin.com\/fashion\/wp-content\/plugins\/elementor\/assets\/images\/placeholder.png"},"action":"cart","counter":"cart","_element_custom_width":{"unit":"px","size":100,"sizes":[]}},"elements":[],"isInner":false,"widgetType":"glozin-navigation-bar-item","elType":"widget"}],"isInner":false,"elType":"container"}],"page_settings":{"exclude_page_ids":"706"},"version":"0.4","title":"Navigation Bar","type":"page"}