{"content":[{"id":"7a5f88a3","settings":{"flex_direction":"column"},"elements":[{"id":"6fa32162","settings":{"content_width":"full","title":"Sliders Default","title_size":"h5","align":"center","_margin":{"unit":"px","top":"0","right":"0","bottom":"40","left":"0","isLinked":false}},"elements":[],"isInner":false,"widgetType":"ecomus-heading","elType":"widget"}],"isInner":false,"elType":"container"},{"id":"26f776a5","settings":{"flex_direction":"row","flex_gap":{"unit":"px","size":50,"column":"50","row":"0"},"flex_justify_content":"center","flex_align_items":"center","border_border":"solid","border_width":{"unit":"px","top":"0","right":"0","bottom":"1","left":"0","isLinked":false},"border_color":"#EBEBEB","margin":{"unit":"px","top":"0","right":"0","bottom":"60","left":"0","isLinked":false},"padding":{"unit":"px","top":"0","right":"0","bottom":"60","left":"0","isLinked":false}},"elements":[{"id":"78a2c0d6","settings":{"content_width":"full","margin":{"unit":"px","top":"0","right":"0","bottom":"35","left":"0","isLinked":false},"margin_tablet":{"unit":"px","top":"0","right":"0","bottom":"30","left":"0","isLinked":false},"margin_mobile":{"unit":"px","top":"0","right":"0","bottom":"15","left":"0","isLinked":false}},"elements":[{"id":"53b166b6","settings":{"slides":[{"title":"Summer Style <br \/>Sensations","description":"Discover the hottest trends and must-have looks","button_text":"Shop collection","_id":"073af42","banner_background_img":{"id":1687,"url":"https:\/\/raw.githubusercontent.com\/drfuri\/demo-content\/main\/ecomus\/fashion\/images\/002fashion-slideshow-01-scaled.webp","alt":"","source":"library","size":""},"background_position_x_tablet":{"unit":"%","size":55,"sizes":[]},"background_position_mobile":"initial","background_position_x_mobile":{"unit":"%","size":35,"sizes":[]},"background_position_tablet":"initial"},{"title":"Youthful <br \/>Summer style","description":"Discover the hottest trends and must-have looks","button_text":"Shop collection","_id":"77c2de2","banner_background_img":{"id":1688,"url":"https:\/\/raw.githubusercontent.com\/drfuri\/demo-content\/main\/ecomus\/fashion\/images\/002fashion-slideshow-02-scaled.webp","alt":"","source":"library","size":""},"background_position_x_tablet":{"unit":"%","size":58,"sizes":[]},"background_position_mobile":"initial","background_position_x_mobile":{"unit":"%","size":51,"sizes":[]},"background_position_tablet":"initial"},{"title":"Gentle <br \/>Summer style","description":"Discover the hottest trends and must-have looks","button_text":"Shop collection","_id":"6a5613f","banner_background_img":{"id":1689,"url":"https:\/\/raw.githubusercontent.com\/drfuri\/demo-content\/main\/ecomus\/fashion\/images\/002fashion-slideshow-03-scaled.webp","alt":"","source":"library","size":""},"background_position_x_tablet":{"unit":"%","size":57,"sizes":[]},"background_position_mobile":"initial","background_position_x_mobile":{"unit":"%","size":48,"sizes":[]},"background_position_tablet":"initial"}],"slides_height":{"unit":"px","size":600,"sizes":[]},"navigation_classes":"dots","slides_height_tablet":{"unit":"px","size":379,"sizes":[]},"slides_height_mobile":{"unit":"px","size":300,"sizes":[]},"navigation_classes_tablet":"dots","navigation_classes_mobile":"dots","description_spacing_tablet":{"unit":"px","size":23,"sizes":[]},"description_spacing_mobile":{"unit":"px","size":0,"sizes":[]},"dots_gap_mobile":{"unit":"px","size":2,"sizes":[]},"dots_spacing_tablet":{"unit":"px","size":30,"sizes":[]},"dot_position":"left","dot_position_tablet":"center","dots_type":"background","dot_align":"left","show_button_icon":"alway","button_icon":{"value":{"url":"https:\/\/wpecomus.com\/fashion\/wp-content\/uploads\/sites\/2\/2024\/07\/arrow-right.svg","id":3886},"library":"svg"},"button_icon_padding":{"unit":"px","top":"2","right":"0","bottom":"0","left":"0","isLinked":false},"button_icon_padding_mobile":{"unit":"px","top":"0","right":"0","bottom":"0","left":"0","isLinked":true}},"elements":[],"isInner":false,"widgetType":"ecomus-slides","elType":"widget"}],"isInner":true,"elType":"container"}],"isInner":false,"elType":"container"},{"id":"5ef729d3","settings":{"flex_direction":"column"},"elements":[{"id":"7b03441b","settings":{"content_width":"full","title":"Sliders width Content Background","title_size":"h5","align":"center","_margin":{"unit":"px","top":"0","right":"0","bottom":"40","left":"0","isLinked":false}},"elements":[],"isInner":false,"widgetType":"ecomus-heading","elType":"widget"}],"isInner":false,"elType":"container"},{"id":"e18859e","settings":{"flex_direction":"row","flex_gap":{"unit":"px","size":50,"column":"50","row":"0"},"flex_justify_content":"center","flex_align_items":"center","border_border":"solid","border_width":{"unit":"px","top":"0","right":"0","bottom":"1","left":"0","isLinked":false},"border_color":"#EBEBEB","margin":{"unit":"px","top":"0","right":"0","bottom":"60","left":"0","isLinked":false},"padding":{"unit":"px","top":"0","right":"0","bottom":"60","left":"0","isLinked":false}},"elements":[{"id":"471c4368","settings":{"content_width":"full","slides":[{"title":"Urban<br class=\"hidden-xs hidden-sm\"\/> Street Style","button_text":"Shop collection","_id":"a8b0be8","banner_background_img":{"id":3921,"url":"https:\/\/wpecomus.com\/fashion\/wp-content\/uploads\/sites\/2\/2024\/07\/homev4_slider1-scaled.webp","alt":"","source":"library","size":""},"before_title":"Hot COLLECTION","background_position_mobile":"center center"},{"title":"The weather<br class=\"hidden-xs hidden-sm\"\/> Style","button_text":"Shop collection","_id":"0f25e63","banner_background_img":{"id":3922,"url":"https:\/\/wpecomus.com\/fashion\/wp-content\/uploads\/sites\/2\/2024\/07\/homev4_slider2.webp","alt":"","source":"library","size":""},"before_title":"New Collection","background_position_mobile":"center center"},{"title":"Mysterious <br class=\"hidden-xs hidden-sm\"\/> Style","button_text":"Shop collection","_id":"3b05b93","banner_background_img":{"id":3923,"url":"https:\/\/wpecomus.com\/fashion\/wp-content\/uploads\/sites\/2\/2024\/07\/homev4_slider3.webp","alt":"","source":"library","size":""},"before_title":"Trend Collection","background_position_mobile":"center center"}],"slides_height":{"unit":"px","size":600,"sizes":[]},"slides_height_tablet":{"unit":"px","size":400,"sizes":[]},"slides_height_mobile":{"unit":"px","size":250,"sizes":[]},"title_spacing":{"unit":"px","size":32,"sizes":[]},"slides_content_width":{"unit":"px","size":546,"sizes":[]},"slides_content_background_color":"#000000","slides_content_padding":{"unit":"px","top":"62","right":"50","bottom":"70","left":"50","isLinked":false},"title_color":"#FFFFFF","title_typography_typography":"custom","title_typography_font_size":{"unit":"px","size":56,"sizes":[]},"title_typography_line_height":{"unit":"px","size":68,"sizes":[]},"before_title_color":"#FFFFFF","navigation_classes":"dots","slides_content_border_radius":{"unit":"px","top":"10","right":"10","bottom":"10","left":"10","isLinked":true},"button_border_border":"solid","button_border_width":{"unit":"px","top":"1","right":"1","bottom":"1","left":"1","isLinked":true},"dot_position":"right","dots_position":"right","navigation_classes_tablet":"dots","navigation_classes_mobile":"dots","infinite":"yes","slides_horizontal_position_mobile":"center","slides_vertical_position_mobile":"middle","slides_text_align_mobile":"center","slides_content_width_tablet":{"unit":"%","size":55,"sizes":[]},"slides_content_width_mobile":{"unit":"%","size":70,"sizes":[]},"slides_content_background_color_tablet":"#0000004D","slides_content_padding_tablet":{"unit":"px","top":"16","right":"20","bottom":"20","left":"20","isLinked":false},"title_typography_font_size_tablet":{"unit":"px","size":42,"sizes":[]},"title_typography_font_size_mobile":{"unit":"px","size":24,"sizes":[]},"title_typography_line_height_tablet":{"unit":"px","size":48,"sizes":[]},"title_typography_line_height_mobile":{"unit":"px","size":28,"sizes":[]},"before_title_typography_typography":"custom","before_title_typography_font_size_mobile":{"unit":"px","size":12,"sizes":[]},"button_typography_typography":"custom","button_typography_font_size_tablet":{"unit":"px","size":14,"sizes":[]},"dots_gap_tablet":{"unit":"px","size":2,"sizes":[]},"dots_size_tablet":{"unit":"px","size":5,"sizes":[]},"dots_spacing_tablet":{"unit":"px","size":20,"sizes":[]},"dots_spacing_mobile":{"unit":"px","size":10,"sizes":[]},"dot_item_color":"#00000033","dot_item_active_color":"#000000","dots_type":"","show_button_icon":"alway","button_icon":{"value":{"url":"https:\/\/wpecomus.com\/fashion\/wp-content\/uploads\/sites\/2\/2024\/07\/arrow-right.svg","id":3886},"library":"svg"},"button_style":"outline-dark","button_text_color":"#FCFCFC","button_border_color":"#FFFFFF","button_icon_padding":{"unit":"px","top":"2","right":"0","bottom":"0","left":"0","isLinked":false},"button_icon_padding_mobile":{"unit":"px","top":"0","right":"0","bottom":"0","left":"0","isLinked":true}},"elements":[],"isInner":false,"widgetType":"ecomus-slides","elType":"widget"}],"isInner":false,"elType":"container"},{"id":"7f001ea0","settings":{"flex_direction":"column"},"elements":[{"id":"523917cc","settings":{"content_width":"full","title":"Sliders with Image Right","title_size":"h5","align":"center","_margin":{"unit":"px","top":"0","right":"0","bottom":"40","left":"0","isLinked":false}},"elements":[],"isInner":false,"widgetType":"ecomus-heading","elType":"widget"}],"isInner":false,"elType":"container"},{"id":"4ae6b237","settings":{"flex_direction":"row","flex_gap":{"unit":"px","size":50,"column":"50","row":"0"},"flex_justify_content":"center","flex_align_items":"center","border_border":"solid","border_width":{"unit":"px","top":"0","right":"0","bottom":"1","left":"0","isLinked":false},"border_color":"#EBEBEB","margin":{"unit":"px","top":"0","right":"0","bottom":"60","left":"0","isLinked":false},"padding":{"unit":"px","top":"0","right":"0","bottom":"60","left":"0","isLinked":false}},"elements":[{"id":"42db525a","settings":{"content_width":"full","slides":[{"title":"Summer <br class=\"hidden-xs\" \/>Escapades","description":"Embrace the sun-kissed season with our collection of breezy","button_text":"Shop collection","_id":"c9ed258","image":{"id":3951,"url":"https:\/\/wpecomus.com\/fashion\/wp-content\/uploads\/sites\/2\/2024\/07\/homev6_slider03.webp","alt":"","source":"library","size":""}},{"title":"Multi-faceted <br class=\"hidden-xs\" \/>Beauty","description":"Embrace the sun-kissed season with our collection of breezy","button_text":"Shop collection","image":{"id":3949,"url":"https:\/\/wpecomus.com\/fashion\/wp-content\/uploads\/sites\/2\/2024\/07\/homev6_slider01-scaled.webp","alt":"","source":"library","size":""},"_id":"36675ba"},{"title":"Effortless <br class=\"hidden-xs\" \/>Elegance","description":"Embrace the sun-kissed season with our collection of breezy","button_text":"Shop collection","image":{"id":3950,"url":"https:\/\/wpecomus.com\/fashion\/wp-content\/uploads\/sites\/2\/2024\/07\/homev6_slider02-scaled.webp","alt":"","source":"library","size":""},"_id":"5f5c0f1"}],"navigation_classes":"dots","navigation_classes_tablet":"dots","navigation_classes_mobile":"dots","dots_type":"long","dot_align_mobile":"center","content_align_mobile":"center","show_button_icon":"alway","button_icon":{"value":{"url":"https:\/\/wpecomus.com\/fashion\/wp-content\/uploads\/sites\/2\/2024\/07\/arrow-right.svg","id":3886},"library":"svg"},"autoplay":"yes","button_style":"light","button_icon_padding":{"unit":"px","top":"02","right":"0","bottom":"0","left":"0","isLinked":false},"button_icon_indent_mobile":{"unit":"px","size":5,"sizes":[]},"content_padding":{"unit":"px","top":"0","right":"50","bottom":"0","left":"100","isLinked":false},"content_padding_tablet":{"unit":"px","top":"20","right":"20","bottom":"20","left":"20","isLinked":true},"content_padding_mobile":{"unit":"px","top":"40","right":"40","bottom":"40","left":"40","isLinked":true}},"elements":[],"isInner":false,"widgetType":"ecomus-image-content-slider","elType":"widget"}],"isInner":false,"elType":"container"},{"id":"11fb18f","settings":{"flex_direction":"column"},"elements":[{"id":"c5895a9","settings":{"content_width":"full","title":"Sliders with Marquee","title_size":"h5","align":"center","_margin":{"unit":"px","top":"0","right":"0","bottom":"40","left":"0","isLinked":false}},"elements":[],"isInner":false,"widgetType":"ecomus-heading","elType":"widget"}],"isInner":false,"elType":"container"},{"id":"1a9091ee","settings":{"flex_direction":"row","flex_gap":{"unit":"px","size":50,"column":"50","row":"0"},"flex_justify_content":"center","flex_align_items":"center","border_border":"solid","border_width":{"unit":"px","top":"0","right":"0","bottom":"1","left":"0","isLinked":false},"border_color":"#EBEBEB","margin":{"unit":"px","top":"0","right":"0","bottom":"60","left":"0","isLinked":false},"padding":{"unit":"px","top":"0","right":"0","bottom":"60","left":"0","isLinked":false}},"elements":[{"id":"2d660343","settings":{"content_width":"full","items":[{"image":{"url":"https:\/\/wpecomus.com\/fashion\/wp-content\/uploads\/sites\/2\/2024\/07\/homev7_cat01.webp","id":4052,"alt":"","source":"library","size":""},"_id":"2eed628"},{"image":{"url":"https:\/\/wpecomus.com\/fashion\/wp-content\/uploads\/sites\/2\/2024\/07\/homev7_cat02.webp","id":4053,"alt":"","source":"library","size":""},"_id":"d953e98"},{"image":{"url":"https:\/\/wpecomus.com\/fashion\/wp-content\/uploads\/sites\/2\/2024\/07\/homev7_cat03.webp","id":4054,"alt":"","source":"library","size":""},"_id":"da207c5"}],"subtitle":"30% OFF ALL ORDERS","title":"Graphic Tees <br>  Collection","button_text":"Shop Collection","show_button_icon":"alway","button_icon":{"value":{"url":"https:\/\/wpecomus.com\/fashion\/wp-content\/uploads\/sites\/2\/2024\/07\/arrow-right.svg","id":3886},"library":"svg"},"button_style":"outline-dark"},"elements":[],"isInner":false,"widgetType":"ecomus-hero-images","elType":"widget"}],"isInner":false,"elType":"container"},{"id":"c4be1ac","settings":{"flex_direction":"column"},"elements":[{"id":"dd1c209","settings":{"content_width":"full","title":"Sliders with columns","title_size":"h5","align":"center","_margin":{"unit":"px","top":"0","right":"0","bottom":"40","left":"0","isLinked":false}},"elements":[],"isInner":false,"widgetType":"ecomus-heading","elType":"widget"}],"isInner":false,"elType":"container"},{"id":"3c624bd","settings":{"flex_direction":"row","flex_gap":{"unit":"px","size":50,"column":"50","row":"0"},"flex_justify_content":"center","flex_align_items":"center","border_width":{"unit":"px","top":"0","right":"0","bottom":"1","left":"0","isLinked":false},"border_color":"#EBEBEB"},"elements":[{"id":"4fe4b644","settings":{"content_width":"full","heading":"","items":[{"button_text":"Shop men","_id":"2e1b8e1","image":{"id":1811,"url":"https:\/\/wpecomus.com\/fashion\/wp-content\/uploads\/sites\/2\/2024\/06\/homev3_slider1.webp","alt":"","source":"library","size":""}},{"button_text":"Shop women","_id":"8eb5386","image":{"id":1812,"url":"https:\/\/wpecomus.com\/fashion\/wp-content\/uploads\/sites\/2\/2024\/06\/homev3_slider2.webp","alt":"","source":"library","size":""}},{"button_text":"Shop Acessories","_id":"060f31d","image":{"id":1813,"url":"https:\/\/wpecomus.com\/fashion\/wp-content\/uploads\/sites\/2\/2024\/06\/homev3_slider3.webp","alt":"","source":"library","size":""}},{"button_text":"Fashion","_id":"eb79582","image":{"id":1814,"url":"https:\/\/wpecomus.com\/fashion\/wp-content\/uploads\/sites\/2\/2024\/06\/homev3_slider4.webp","alt":"","source":"library","size":""}},{"_id":"3d79e4e","image":{"id":1815,"url":"https:\/\/wpecomus.com\/fashion\/wp-content\/uploads\/sites\/2\/2024\/06\/homev3_slider5.webp","alt":"","source":"library","size":""},"button_text":"Accessories"}],"slides_to_scroll":2,"image_spacing_custom":5,"slides_to_scroll_mobile":1,"content_horizontal_position":"center","dots_spacing_tablet":{"unit":"px","size":10,"sizes":[]},"content_border_radius":{"unit":"px","top":"0","right":"0","bottom":"0","left":"0","isLinked":true},"button_typography_typography":"custom","button_typography_font_size":{"unit":"px","size":20,"sizes":[]},"button_width":{"unit":"px","size":297,"sizes":[]},"button_border_radius":{"unit":"px","top":"5","right":"5","bottom":"5","left":"5","isLinked":true},"button_width_mobile":{"unit":"px","size":200,"sizes":[]},"button_padding_mobile":{"unit":"px","top":"10","right":"10","bottom":"10","left":"10","isLinked":false},"aspect_ratio_type":"vertical","button_min_width":{"unit":"px","size":297,"sizes":[]},"button_min_height":{"unit":"px","size":64,"sizes":[]},"show_button_icon":"hover","button_icon_size":{"unit":"px","size":10,"sizes":[]},"heading_typography_typography":"custom","button_style":"light","button_icon_size_mobile":{"unit":"px","size":9,"sizes":[]},"slides_to_show_tablet":2,"slides_to_show_mobile":1,"image_border_radius":{"unit":"px","top":"0","right":"0","bottom":"0","left":"0","isLinked":true},"button_typography_font_size_mobile":{"unit":"px","size":16,"sizes":[]},"button_min_width_mobile":{"unit":"px","size":150,"sizes":[]},"button_min_height_mobile":{"unit":"px","size":46,"sizes":[]},"button_icon_padding":{"unit":"px","top":"4","right":"0","bottom":"0","left":"0","isLinked":false},"button_icon_padding_mobile":{"unit":"px","top":"0","right":"0","bottom":"0","left":"0","isLinked":true}},"elements":[],"isInner":false,"widgetType":"ecomus-image-box-carousel","elType":"widget"}],"isInner":false,"elType":"container"}],"page_settings":[],"version":"0.4","title":"Images Carousel","type":"page"}