{"content":[{"id":"56156c44","settings":{"border_border":"solid","border_width":{"unit":"px","top":"0","right":"0","bottom":"1","left":"0","isLinked":false},"border_color":"#EBEBEB","margin":{"unit":"px","top":"0","right":"0","bottom":"60","left":"0","isLinked":false},"padding":{"unit":"px","top":"0","right":"0","bottom":"60","left":"0","isLinked":false}},"elements":[{"id":"18242c4c","settings":{"content_width":"full","title":"Images Box Carousel","title_size":"h5","align":"center","_margin":{"unit":"px","top":"0","right":"0","bottom":"30","left":"0","isLinked":false}},"elements":[],"isInner":false,"widgetType":"ecomus-heading","elType":"widget"},{"id":"21df80a7","settings":{"content_width":"full","heading":"","items":[{"button_text":"Clothing","_id":"9383101","image":{"id":4011,"url":"https:\/\/wpecomus.com\/fashion\/wp-content\/uploads\/sites\/2\/2024\/07\/homev4_cat1.webp","alt":"","source":"library","size":""}},{"button_text":"Sunglasses","_id":"76393cb","image":{"id":4012,"url":"https:\/\/wpecomus.com\/fashion\/wp-content\/uploads\/sites\/2\/2024\/07\/homev4_cat2.webp","alt":"","source":"library","size":""}},{"button_text":"Sneakers","_id":"e8fa921","image":{"id":4013,"url":"https:\/\/wpecomus.com\/fashion\/wp-content\/uploads\/sites\/2\/2024\/07\/homev4_cat3.webp","alt":"","source":"library","size":""}},{"button_text":"Bags","_id":"bbe6124","image":{"id":4014,"url":"https:\/\/wpecomus.com\/fashion\/wp-content\/uploads\/sites\/2\/2024\/07\/homev4_cat4.webp","alt":"","source":"library","size":""}},{"_id":"464bac8","image":{"id":4015,"url":"https:\/\/wpecomus.com\/fashion\/wp-content\/uploads\/sites\/2\/2024\/07\/homev4_cat5.webp","alt":"","source":"library","size":""},"button_text":"Men"}],"aspect_ratio_type":"vertical","slides_to_show":4,"slides_to_show_tablet":2,"slides_to_scroll_tablet":2,"content_horizontal_position":"center","content_text_align":"","slides_to_show_mobile":2,"slides_to_scroll_mobile":2,"image_spacing_custom_mobile":15,"navigation_classes_mobile":"dots","content_border_radius":{"unit":"px","top":"0","right":"0","bottom":"0","left":"0","isLinked":true},"button_margin_mobile":{"unit":"px","top":"0","right":"0","bottom":"15","left":"0","isLinked":false},"dots_spacing_mobile":{"unit":"px","size":10,"sizes":[]},"show_button_icon":"hover","button_style":"light","button_padding":{"unit":"px","top":"15","right":"30","bottom":"15","left":"30","isLinked":false}},"elements":[],"isInner":false,"widgetType":"ecomus-image-box-carousel","elType":"widget"}],"isInner":false,"elType":"container"},{"id":"2ce88c08","settings":{"border_border":"solid","border_width":{"unit":"px","top":"0","right":"0","bottom":"1","left":"0","isLinked":false},"border_color":"#EBEBEB","margin":{"unit":"px","top":"0","right":"0","bottom":"60","left":"0","isLinked":false},"padding":{"unit":"px","top":"0","right":"0","bottom":"60","left":"0","isLinked":false}},"elements":[{"id":"554ccbd8","settings":{"content_width":"full","title":"Images Box Carousel with Arrows","title_size":"h5","align":"center","_margin":{"unit":"px","top":"0","right":"0","bottom":"30","left":"0","isLinked":false}},"elements":[],"isInner":false,"widgetType":"ecomus-heading","elType":"widget"},{"id":"202bebee","settings":{"heading":"Shop by categories","items":[{"button_text":"Clothing","_id":"6aa43bc","image":{"id":1332,"url":"https:\/\/wpecomus.com\/fashion\/wp-content\/uploads\/sites\/2\/2024\/06\/homev1_cat1.webp","alt":"","source":"library","size":""},"button_style":"light","button_icon":{"value":{"url":"https:\/\/raw.githubusercontent.com\/drfuri\/demo-content\/main\/ecomus\/fashion\/images\/arrow-top-right.svg","id":1340},"library":"svg"},"button_icon_align":"right"},{"button_text":"Sunglasses","_id":"42e56bb","image":{"id":1333,"url":"https:\/\/wpecomus.com\/fashion\/wp-content\/uploads\/sites\/2\/2024\/06\/homev1_cat2.webp","alt":"","source":"library","size":""},"button_style":"outline","button_icon":{"value":{"url":"https:\/\/raw.githubusercontent.com\/drfuri\/demo-content\/main\/ecomus\/fashion\/images\/arrow-top-right.svg","id":1340},"library":"svg"},"button_icon_align":"right"},{"button_text":"Bags","_id":"18c4606","image":{"id":1334,"url":"https:\/\/wpecomus.com\/fashion\/wp-content\/uploads\/sites\/2\/2024\/06\/homev1_cat3.webp","alt":"","source":"library","size":""},"button_icon":{"value":{"url":"https:\/\/raw.githubusercontent.com\/drfuri\/demo-content\/main\/ecomus\/fashion\/images\/arrow-top-right.svg","id":1340},"library":"svg"},"button_icon_align":"right"},{"button_text":"Fashion","_id":"0113f8b","image":{"id":1335,"url":"https:\/\/wpecomus.com\/fashion\/wp-content\/uploads\/sites\/2\/2024\/06\/homev1_cat4.webp","alt":"","source":"library","size":""},"button_icon":{"value":{"url":"https:\/\/raw.githubusercontent.com\/drfuri\/demo-content\/main\/ecomus\/fashion\/images\/arrow-top-right.svg","id":1340},"library":"svg"},"button_icon_align":"right"},{"button_text":"Accessories","image":{"id":1336,"url":"https:\/\/wpecomus.com\/fashion\/wp-content\/uploads\/sites\/2\/2024\/06\/homev1_cat6.webp","alt":"","source":"library","size":""},"_id":"f5c5eda","button_icon":{"value":{"url":"https:\/\/raw.githubusercontent.com\/drfuri\/demo-content\/main\/ecomus\/fashion\/images\/arrow-top-right.svg","id":1340},"library":"svg"},"button_icon_align":"right"}],"slides_to_show_mobile":2,"slides_to_scroll_mobile":1,"image_spacing_custom_mobile":15,"navigation_classes_tablet":"arrows","navigation_classes_mobile":"arrows","button_typography_typography":"custom","button_typography_font_size":{"unit":"px","size":15,"sizes":[]},"button_typography_font_weight":"500","slides_to_show_tablet":2,"slides_to_scroll_tablet":2,"aspect_ratio_type":"vertical","banner_button_icon":"hover","button_style":"light","button_margin":{"unit":"px","top":"0","right":"0","bottom":"30","left":"015","isLinked":false},"show_button_icon":"hover","button_icon":{"value":{"url":"https:\/\/raw.githubusercontent.com\/drfuri\/demo-content\/main\/ecomus\/fashion\/images\/arrow-top-right.svg","id":1340},"library":"svg"},"button_icon_size_mobile":{"unit":"px","size":9,"sizes":[]},"button_typography_font_size_mobile":{"unit":"px","size":14,"sizes":[]},"button_margin_mobile":{"unit":"px","top":"0","right":"0","bottom":"15","left":"0","isLinked":false},"button_icon_size":{"unit":"px","size":10,"sizes":[]},"slides_to_show":4,"content_width":"full"},"elements":[],"isInner":false,"widgetType":"ecomus-image-box-carousel","elType":"widget"}],"isInner":false,"elType":"container"},{"id":"205e526e","settings":{"border_border":"solid","border_width":{"unit":"px","top":"0","right":"0","bottom":"1","left":"0","isLinked":false},"border_color":"#EBEBEB","margin":{"unit":"px","top":"0","right":"0","bottom":"60","left":"0","isLinked":false},"padding":{"unit":"px","top":"0","right":"0","bottom":"60","left":"0","isLinked":false}},"elements":[{"id":"1041439","settings":{"content_width":"full","title":"Images Box Carousel with Dots","title_size":"h5","align":"center","_margin":{"unit":"px","top":"0","right":"0","bottom":"30","left":"0","isLinked":false}},"elements":[],"isInner":false,"widgetType":"ecomus-heading","elType":"widget"},{"id":"1d209505","settings":{"heading":"Shop by Categories","items":[{"button_text":"Clothing","_id":"6aa43bc","image":{"id":4052,"url":"https:\/\/wpecomus.com\/fashion\/wp-content\/uploads\/sites\/2\/2024\/07\/homev7_cat01.webp","alt":"","source":"library","size":""},"button_style":"light","button_icon":{"value":{"url":"https:\/\/raw.githubusercontent.com\/drfuri\/demo-content\/main\/ecomus\/fashion\/images\/arrow-top-right.svg","id":1340},"library":"svg"},"button_icon_align":"right"},{"button_text":"Sunglasses","_id":"42e56bb","image":{"id":4055,"url":"https:\/\/wpecomus.com\/fashion\/wp-content\/uploads\/sites\/2\/2024\/07\/homev7_cat04.webp","alt":"","source":"library","size":""},"button_style":"outline","button_icon":{"value":{"url":"https:\/\/raw.githubusercontent.com\/drfuri\/demo-content\/main\/ecomus\/fashion\/images\/arrow-top-right.svg","id":1340},"library":"svg"},"button_icon_align":"right"},{"button_text":"Bags","_id":"18c4606","image":{"id":4053,"url":"https:\/\/wpecomus.com\/fashion\/wp-content\/uploads\/sites\/2\/2024\/07\/homev7_cat02.webp","alt":"","source":"library","size":""},"button_icon":{"value":{"url":"https:\/\/raw.githubusercontent.com\/drfuri\/demo-content\/main\/ecomus\/fashion\/images\/arrow-top-right.svg","id":1340},"library":"svg"},"button_icon_align":"right"},{"button_text":"Fashion","_id":"0113f8b","image":{"id":4056,"url":"https:\/\/wpecomus.com\/fashion\/wp-content\/uploads\/sites\/2\/2024\/07\/homev7_cat05.webp","alt":"","source":"library","size":""},"button_icon":{"value":{"url":"https:\/\/raw.githubusercontent.com\/drfuri\/demo-content\/main\/ecomus\/fashion\/images\/arrow-top-right.svg","id":1340},"library":"svg"},"button_icon_align":"right"},{"button_text":"Accessories","image":{"id":4057,"url":"https:\/\/wpecomus.com\/fashion\/wp-content\/uploads\/sites\/2\/2024\/07\/homev7_cat06.webp","alt":"","source":"library","size":""},"_id":"f5c5eda","button_icon":{"value":{"url":"https:\/\/raw.githubusercontent.com\/drfuri\/demo-content\/main\/ecomus\/fashion\/images\/arrow-top-right.svg","id":1340},"library":"svg"},"button_icon_align":"right"}],"slides_to_show_mobile":2,"slides_to_scroll_mobile":1,"image_spacing_custom_mobile":15,"navigation_classes_tablet":"arrows","navigation_classes_mobile":"dots","button_typography_typography":"custom","button_typography_font_size":{"unit":"px","size":15,"sizes":[]},"button_typography_font_weight":"500","slides_to_show_tablet":2,"slides_to_scroll_tablet":2,"aspect_ratio_type":"vertical","banner_button_icon":"hover","button_style":"light","button_margin":{"unit":"px","top":"0","right":"0","bottom":"30","left":"015","isLinked":false},"show_button_icon":"hover","button_icon":{"value":{"url":"https:\/\/raw.githubusercontent.com\/drfuri\/demo-content\/main\/ecomus\/fashion\/images\/arrow-top-right.svg","id":1340},"library":"svg"},"button_icon_size_mobile":{"unit":"px","size":9,"sizes":[]},"button_typography_font_size_mobile":{"unit":"px","size":14,"sizes":[]},"button_margin_mobile":{"unit":"px","top":"0","right":"0","bottom":"15","left":"0","isLinked":false},"button_icon_size":{"unit":"px","size":10,"sizes":[]},"heading_navigation_type":"dots","slides_to_show":4,"content_width":"full"},"elements":[],"isInner":false,"widgetType":"ecomus-image-box-carousel","elType":"widget"}],"isInner":false,"elType":"container"},{"id":"7be3b6fc","settings":{"border_width":{"unit":"px","top":"0","right":"0","bottom":"1","left":"0","isLinked":false},"border_color":"#EBEBEB"},"elements":[{"id":"38a7bbd2","settings":{"content_width":"full","title":"Images Box Carousel with Content","title_size":"h5","align":"center","_margin":{"unit":"px","top":"0","right":"0","bottom":"30","left":"0","isLinked":false}},"elements":[],"isInner":false,"widgetType":"ecomus-heading","elType":"widget"},{"id":"6ce2fa6","settings":{"content_width":"full","heading":"","items":[{"button_text":"Shop Collection","_id":"cb69034","image":{"id":1700,"url":"https:\/\/wpecomus.com\/fashion\/wp-content\/uploads\/sites\/2\/2024\/06\/homev2_lookbook2.webp","alt":"","source":"library","size":""},"title":"Accessories Galore","description":"Shop through our latest selection of Fashion"},{"button_text":"Shop Collection","_id":"eea2f5d","image":{"id":1699,"url":"https:\/\/wpecomus.com\/fashion\/wp-content\/uploads\/sites\/2\/2024\/06\/homev2_lookbook.webp","alt":"","source":"library","size":""},"title":"Statement Pieces","description":"Shop through our latest selection of Womens"},{"button_text":"Shop Collection","image":{"id":4054,"url":"https:\/\/wpecomus.com\/fashion\/wp-content\/uploads\/sites\/2\/2024\/07\/homev7_cat03.webp","alt":"","source":"library","size":""},"title":"Statement Pieces","description":"Shop through our latest selection of Womens","_id":"f9efa9a"},{"button_text":"Shop Collection","image":{"id":4052,"url":"https:\/\/wpecomus.com\/fashion\/wp-content\/uploads\/sites\/2\/2024\/07\/homev7_cat01.webp","alt":"","source":"library","size":""},"title":"Statement Pieces","description":"Shop through our latest selection of Womens","_id":"34cb100"}],"content_border_radius":{"unit":"px","top":"0","right":"0","bottom":"0","left":"0","isLinked":true},"content_vertical_position":"middle","content_position":"below","button_show_icon":"yes","content_text_align":"center","navigation_classes":"dots","navigation_classes_tablet":"dots","navigation_classes_mobile":"dots","show_button_icon":"alway","button_style":"subtle","dots_spacing_mobile":{"unit":"px","size":0,"sizes":[]}},"elements":[],"isInner":false,"widgetType":"ecomus-image-box-carousel","elType":"widget"}],"isInner":false,"elType":"container"}],"page_settings":[],"version":"0.4","title":"Image Box","type":"page"}