{"content":[{"id":"64781904","settings":{"content_width":"full","flex_gap":{"column":"17","row":"17","isLinked":true,"unit":"px","size":17},"background_background":"classic","background_color":"#F5F5F5","padding":{"unit":"px","top":"0","right":"0","bottom":"34","left":"0","isLinked":false}},"elements":[{"id":"3229e0fe","settings":{"content_width":"full","title":"Guarantee Safe Checkout","title_size":"p","align":"center","title_color":"#000000","typography_typography":"custom","typography_font_weight":"600"},"elements":[],"isInner":false,"widgetType":"ecomus-heading","elType":"widget"},{"id":"220769","settings":{"image":{"url":"https:\/\/wpecomus.com\/builder\/wp-content\/uploads\/sites\/17\/2024\/11\/payment-t-1-png.webp","id":5559,"size":"","alt":"","source":"library"},"image_size":"full","align":"center"},"elements":[],"isInner":false,"widgetType":"image","elType":"widget"}],"isInner":false,"elType":"container"}],"page_settings":[],"version":"0.4","title":"Guarantee Safe Checkout","type":"page"}