{"content":[{"id":"65d951e3","settings":{"padding":{"unit":"px","top":"80","right":"0","bottom":"10","left":"0","isLinked":false},"padding_mobile":{"unit":"px","top":"60","right":"0","bottom":"10","left":"0","isLinked":false}},"elements":[{"id":"1d499be2","settings":[],"elements":[],"isInner":false,"widgetType":"glozin-archive-page-header","elType":"widget"}],"isInner":false,"elType":"container"},{"id":"780eae08","settings":{"margin":{"unit":"px","top":"54","right":"0","bottom":"60","left":"0","isLinked":false},"margin_mobile":{"unit":"px","top":"30","right":"0","bottom":"40","left":"0","isLinked":false}},"elements":[{"id":"3fcb795d","settings":{"slides_to_show_tablet":3,"slides_to_show_mobile":2,"slides_to_scroll_tablet":3,"slides_to_scroll_mobile":2,"image_spacing_custom_mobile":15,"navigation_classes_tablet":"dots","navigation_classes_mobile":"dots"},"elements":[],"isInner":false,"widgetType":"glozin-archive-top-categories","elType":"widget"}],"isInner":false,"elType":"container"},{"id":"184c2b4b","settings":{"flex_gap":{"unit":"px","size":60,"column":"60","row":"60","isLinked":true},"flex_direction_tablet":"column","margin":{"unit":"px","top":"0","right":"0","bottom":"90","left":"0","isLinked":false},"margin_mobile":{"unit":"px","top":"0","right":"0","bottom":"50","left":"0","isLinked":false}},"elements":[{"id":"8a40cb5","settings":{"flex_direction":"column","content_width":"full","width":{"unit":"%","size":""},"width_tablet":{"unit":"%","size":"","sizes":[]},"width_mobile":{"unit":"custom","size":"","sizes":[]},"flex_gap":{"column":"22","row":"22","isLinked":true,"unit":"px","size":22}},"elements":[{"id":"684b591b","settings":{"content_width":"full","flex_direction":"row","flex_align_items":"center","flex_justify_content_mobile":"space-around"},"elements":[{"id":"6bccd448","settings":{"content_width":"full","width_mobile":{"unit":"%","size":"","sizes":[]},"flex_direction_tablet":"row","flex_gap_mobile":{"column":"10","row":"10","isLinked":true,"unit":"px","size":10},"flex_direction":"row"},"elements":[{"id":"19e3a251","settings":{"filters":[{"_id":"9c0d919","name":"Products Category","source":"product_cat","show_counts":"yes","display_default":"list"},{"_id":"71deb2e","name":"Availability","source":"product_status"},{"_id":"3145edb","name":"Price","source":"price","display_price":"slider"},{"_id":"0f1e409","name":"Brand","source":"product_brand","multiple_default":"1"},{"_id":"e8e8ffa","name":"Color","source":"attribute","attribute":"color"},{"_id":"10441de","name":"Size","source":"attribute","attribute":"size"}],"_border_color":"#EBEBEB","type":"popup","title":"Filter","icon":{"value":{"url":"https:\/\/wpglozin.com\/rtl\/wp-content\/uploads\/sites\/26\/2025\/09\/filter.svg","id":2863},"library":"svg"},"instant":"yes"},"elements":[],"isInner":false,"widgetType":"glozin-products-filter","elType":"widget"},{"id":"1f61a929","settings":{"hide_tablet":"hidden-tablet","hide_mobile":"hidden-mobile"},"elements":[],"isInner":false,"widgetType":"glozin-archive-product-total","elType":"widget"}],"isInner":true,"elType":"container"},{"id":"4f9125da","settings":{"content_width":"full","width_mobile":{"unit":"custom","size":"auto","sizes":[]},"flex_align_items":"center"},"elements":[{"id":"bd2fa16","settings":{"alignment_mobile":"center","views_default":"4"},"elements":[],"isInner":false,"widgetType":"glozin-archive-product-view","elType":"widget"}],"isInner":true,"elType":"container"},{"id":"3e5e09e4","settings":{"content_width":"full","flex_align_items":"flex-end"},"elements":[{"id":"24e52bf2","settings":[],"elements":[],"isInner":false,"widgetType":"glozin-archive-product-ordering","elType":"widget"}],"isInner":true,"elType":"container"}],"isInner":true,"elType":"container"},{"id":"5fe010dc","settings":{"content_width":"full","flex_gap":{"column":"0","row":"0","isLinked":true,"unit":"px","size":0}},"elements":[{"id":"7fe165b9","settings":{"margin":{"unit":"px","top":"0","right":"0","bottom":"30","left":"0","isLinked":false}},"elements":[],"isInner":false,"widgetType":"glozin-products-filter-actived","elType":"widget"},{"id":"5324c09b","settings":{"shop_columns_mobile":"2","shop_columns":"4"},"elements":[],"isInner":false,"widgetType":"glozin-archive-products","elType":"widget"}],"isInner":true,"elType":"container"}],"isInner":true,"elType":"container"}],"isInner":false,"elType":"container"}],"page_settings":[],"version":"0.4","title":"Shop Filter Drawer","type":"page"}