{"content":[{"id":"17d9c6b2","settings":{"padding":{"unit":"px","top":"80","right":"0","bottom":"10","left":"0","isLinked":false},"padding_mobile":{"unit":"px","top":"60","right":"0","bottom":"10","left":"0","isLinked":false}},"elements":[{"id":"63aee5be","settings":[],"elements":[],"isInner":false,"widgetType":"glozin-archive-page-header","elType":"widget"}],"isInner":false,"elType":"container"},{"id":"30ec90c4","settings":{"margin":{"unit":"px","top":"54","right":"0","bottom":"60","left":"0","isLinked":false},"margin_mobile":{"unit":"px","top":"30","right":"0","bottom":"40","left":"0","isLinked":false}},"elements":[{"id":"e8fc733","settings":{"slides_to_show_tablet":3,"slides_to_show_mobile":2,"slides_to_scroll_tablet":3,"slides_to_scroll_mobile":2,"image_spacing_custom_mobile":15,"navigation_classes_tablet":"dots","navigation_classes_mobile":"dots"},"elements":[],"isInner":false,"widgetType":"glozin-archive-top-categories","elType":"widget"}],"isInner":false,"elType":"container"},{"id":"4a486fea","settings":{"flex_direction":"row","flex_gap":{"unit":"px","size":60,"column":"60","row":"60","isLinked":true},"flex_direction_tablet":"column","margin":{"unit":"px","top":"0","right":"0","bottom":"90","left":"0","isLinked":false},"margin_mobile":{"unit":"px","top":"0","right":"0","bottom":"50","left":"0","isLinked":false}},"elements":[{"id":"4acb5791","settings":{"flex_direction":"column","content_width":"full","width":{"unit":"px","size":270},"hide_tablet":"hidden-tablet","hide_mobile":"hidden-mobile","sticky_motion":"sticky","sticky_motion_tablet":"var(--position)","_flex_align_self":"flex-start"},"elements":[{"id":"15f6dcab","settings":{"filters":[{"_id":"9c0d919","name":"Products Category","source":"product_cat","show_counts":"yes","display_default":"list"},{"_id":"71deb2e","name":"Availability","source":"product_status"},{"_id":"3145edb","name":"Price","source":"price","display_price":"slider"},{"_id":"0f1e409","name":"Brand","source":"product_brand","multiple_default":"1"},{"_id":"e8e8ffa","name":"Color","source":"attribute","attribute":"color"},{"_id":"10441de","name":"Size","source":"attribute","attribute":"size"}],"_padding":{"unit":"px","top":"0","right":"0","bottom":"20","left":"0","isLinked":false},"_border_border":"solid","_border_width":{"unit":"px","top":"0","right":"0","bottom":"1","left":"0","isLinked":false},"_border_color":"#EBEBEB","instant":"yes","title":"Filter"},"elements":[],"isInner":false,"widgetType":"glozin-products-filter","elType":"widget"},{"id":"35991c14","settings":{"title":"Featured Products","title_size":"h4","title_color":"#111111","typography_typography":"custom","typography_font_size":{"unit":"px","size":16,"sizes":[]},"typography_letter_spacing":{"unit":"px","size":-0.544,"sizes":[]}},"elements":[],"isInner":false,"widgetType":"glozin-heading","elType":"widget"},{"id":"a014843","settings":{"_padding":{"unit":"px","top":"0","right":"0","bottom":"20","left":"0","isLinked":false},"_border_border":"solid","_border_width":{"unit":"px","top":"0","right":"0","bottom":"1","left":"0","isLinked":false},"_border_color":"#EBEBEB"},"elements":[],"isInner":false,"widgetType":"glozin-product-list","elType":"widget"},{"id":"4b1bc7a","settings":{"image":{"id":"","url":"https:\/\/wpglozin.com\/rtl\/wp-content\/plugins\/elementor\/assets\/images\/placeholder.png"},"image_size":"full"},"elements":[],"isInner":false,"widgetType":"image","elType":"widget"}],"isInner":true,"elType":"container"},{"id":"39bd0b7d","settings":{"flex_direction":"column","content_width":"full","width":{"unit":"custom","size":"calc(100% - 330px)"},"width_tablet":{"unit":"%","size":100,"sizes":[]},"width_mobile":{"unit":"custom","size":"","sizes":[]},"flex_gap":{"column":"22","row":"22","isLinked":true,"unit":"px","size":22}},"elements":[{"id":"6aa32bcb","settings":{"content_width":"full","flex_direction":"row","flex_align_items":"center","flex_justify_content_mobile":"space-around"},"elements":[{"id":"46ffff7c","settings":{"content_width":"full","width_mobile":{"unit":"%","size":"","sizes":[]},"flex_direction_tablet":"column","flex_gap_mobile":{"column":"10","row":"10","isLinked":true,"unit":"px","size":10},"flex_direction_mobile":"column"},"elements":[{"id":"1a14b647","settings":{"hide_tablet":"hidden-tablet","hide_mobile":"hidden-mobile"},"elements":[],"isInner":false,"widgetType":"glozin-archive-product-total","elType":"widget"},{"id":"763d64a5","settings":{"filters":[{"_id":"9c0d919","name":"Products Category","source":"product_cat","show_counts":"yes","display_default":"list"},{"_id":"71deb2e","name":"Availability","source":"product_status"},{"_id":"3145edb","name":"Price","source":"price","display_price":"slider"},{"_id":"0f1e409","name":"Brand","source":"product_brand","multiple_default":"1"},{"_id":"e8e8ffa","name":"Color","source":"attribute","attribute":"color"},{"_id":"10441de","name":"Size","source":"attribute","attribute":"size"}],"_border_color":"#EBEBEB","type":"popup","hide_desktop":"hidden-desktop","title":"Filter","icon":{"value":{"url":"https:\/\/wpglozin.com\/rtl\/wp-content\/uploads\/sites\/26\/2025\/09\/filter.svg","id":2863},"library":"svg"},"instant":"yes"},"elements":[],"isInner":false,"widgetType":"glozin-products-filter","elType":"widget"}],"isInner":true,"elType":"container"},{"id":"614c58","settings":{"content_width":"full","width_mobile":{"unit":"custom","size":"auto","sizes":[]},"flex_align_items":"center"},"elements":[{"id":"2f72b061","settings":{"alignment_mobile":"center"},"elements":[],"isInner":false,"widgetType":"glozin-archive-product-view","elType":"widget"}],"isInner":true,"elType":"container"},{"id":"6e9706f9","settings":{"content_width":"full","flex_align_items":"flex-end"},"elements":[{"id":"7720d03b","settings":[],"elements":[],"isInner":false,"widgetType":"glozin-archive-product-ordering","elType":"widget"}],"isInner":true,"elType":"container"}],"isInner":true,"elType":"container"},{"id":"2a3eade5","settings":{"content_width":"full","flex_gap":{"column":"0","row":"0","isLinked":true,"unit":"px","size":0}},"elements":[{"id":"14454775","settings":{"margin":{"unit":"px","top":"0","right":"0","bottom":"30","left":"0","isLinked":false}},"elements":[],"isInner":false,"widgetType":"glozin-products-filter-actived","elType":"widget"},{"id":"6d274606","settings":{"shop_columns_mobile":"2"},"elements":[],"isInner":false,"widgetType":"glozin-archive-products","elType":"widget"}],"isInner":true,"elType":"container"}],"isInner":true,"elType":"container"}],"isInner":false,"elType":"container"}],"page_settings":[],"version":"0.4","title":"Shop Left Sidebar","type":"page"}