{"content":[{"id":"7bcf860c","settings":{"flex_wrap_mobile":"nowrap"},"elements":[{"id":"37e38a24","settings":{"pagination":"yes","pagination_type":"loadmore","button_min_width":{"unit":"px","size":180,"sizes":[]},"button_min_width_mobile":{"unit":"px","size":130,"sizes":[]}},"elements":[],"isInner":false,"widgetType":"glozin-products-categories-grid","elType":"widget"}],"isInner":false,"elType":"container"}],"page_settings":[],"version":"0.4","title":"Product Archive - All Categories","type":"page"}