{"content":[{"id":"650c4cbb","settings":{"flex_gap":{"column":"10","row":"10","isLinked":true,"unit":"px","size":10},"padding":{"unit":"px","top":"30","right":"0","bottom":"54","left":"0","isLinked":false},"padding_mobile":{"unit":"px","top":"10","right":"0","bottom":"54","left":"0","isLinked":false}},"elements":[{"id":"4af57d66","settings":{"title":"Welcome to Glozin\n","title_size":"h6","align":"center","_padding":{"unit":"px","top":"0","right":"0","bottom":"4","left":"0","isLinked":false},"typography_typography":"custom","typography_font_size_mobile":{"unit":"px","size":15,"sizes":[]}},"elements":[],"isInner":false,"widgetType":"glozin-heading","elType":"widget"},{"id":"5924e39e","settings":{"title":"Best Store<br class=\"d-none d-block-md\"\/>\nAvailable to Everyone!","align":"center","typography_typography":"custom","typography_font_size":{"unit":"px","size":50,"sizes":[]},"typography_letter_spacing":{"unit":"px","size":-1.7,"sizes":[]},"typography_font_size_tablet":{"unit":"px","size":40,"sizes":[]},"typography_font_size_mobile":{"unit":"px","size":32,"sizes":[]}},"elements":[],"isInner":false,"widgetType":"glozin-heading","elType":"widget"},{"id":"74c4077f","settings":{"title":"Over 15 years of experience, we have meticulously curated collections that transcend fleeting trends,<br class=\"d-none d-block-md\"\/>\nembodying a timeless elegance that resonates with our discerning clientele.","title_size":"div","align":"center"},"elements":[],"isInner":false,"widgetType":"glozin-heading","elType":"widget"}],"isInner":false,"elType":"container"},{"id":"37fd7c4","settings":{"boxed_width":{"unit":"px","size":1200,"sizes":[]}},"elements":[{"id":"3af928ae","settings":{"image":{"id":455,"url":"https:\/\/wpglozin.com\/fashion\/wp-content\/uploads\/sites\/2\/2025\/03\/about-us-banner.webp","alt":"","source":"library","size":""},"image_size":"full"},"elements":[],"isInner":false,"widgetType":"image","elType":"widget"}],"isInner":false,"elType":"container"},{"id":"4e04d7e2","settings":{"flex_direction":"row","flex_gap":{"unit":"px","size":30,"column":"30","row":"30","isLinked":true},"padding":{"unit":"px","top":"75","right":"0","bottom":"75","left":"0","isLinked":false},"flex_gap_mobile":{"column":"25","row":"25","isLinked":true,"unit":"px","size":25},"padding_mobile":{"unit":"px","top":"57","right":"0","bottom":"35","left":"0","isLinked":false},"boxed_width":{"unit":"px","size":1200,"sizes":[]}},"elements":[{"id":"75efbf91","settings":{"flex_direction":"column","content_width":"full","width":{"unit":"%","size":"50"},"flex_gap":{"column":"13","row":"13","isLinked":true,"unit":"px","size":13},"flex_gap_mobile":{"column":"10","row":"10","isLinked":true,"unit":"px","size":10}},"elements":[{"id":"10ad6919","settings":{"ending_number":53,"suffix":"k","title":"aaa","_padding":{"unit":"px","top":"0","right":"0","bottom":"5","left":"0","isLinked":false},"value_typography_typography":"custom","value_typography_font_size_tablet":{"unit":"px","size":32,"sizes":[]},"value_typography_font_size_mobile":{"unit":"px","size":30,"sizes":[]}},"elements":[],"isInner":false,"widgetType":"glozin-counter","elType":"widget"},{"id":"24323610","settings":{"title":"Products for Sale","title_size":"h5","align":"center","typography_typography":"custom","typography_letter_spacing":{"unit":"px","size":-0.612,"sizes":[]}},"elements":[],"isInner":false,"widgetType":"glozin-heading","elType":"widget"},{"id":"73480950","settings":{"title":"That's why we strive to offer a diverse range of products that cater to all styles.","title_size":"div","align":"center"},"elements":[],"isInner":false,"widgetType":"glozin-heading","elType":"widget"}],"isInner":true,"elType":"container"},{"id":"4a2698c2","settings":{"flex_direction":"column","content_width":"full","width":{"unit":"%","size":"50"},"flex_gap":{"column":"13","row":"13","isLinked":true,"unit":"px","size":13}},"elements":[{"id":"2297fcae","settings":{"ending_number":8.5,"suffix":"k","title":"aaa","_padding":{"unit":"px","top":"0","right":"0","bottom":"5","left":"0","isLinked":false},"value_typography_typography":"custom","value_typography_font_size_tablet":{"unit":"px","size":32,"sizes":[]},"value_typography_font_size_mobile":{"unit":"px","size":30,"sizes":[]}},"elements":[],"isInner":false,"widgetType":"glozin-counter","elType":"widget"},{"id":"3fee9e87","settings":{"title":"Happy Customer","title_size":"h5","align":"center","typography_typography":"custom","typography_letter_spacing":{"unit":"px","size":-0.612,"sizes":[]}},"elements":[],"isInner":false,"widgetType":"glozin-heading","elType":"widget"},{"id":"13a11217","settings":{"title":"We pride ourselves on creating great products and experiences with our valued customers.","title_size":"div","align":"center"},"elements":[],"isInner":false,"widgetType":"glozin-heading","elType":"widget"}],"isInner":true,"elType":"container"},{"id":"3b893cf2","settings":{"flex_direction":"column","content_width":"full","width":{"unit":"%","size":"50"},"flex_gap":{"column":"13","row":"13","isLinked":true,"unit":"px","size":13}},"elements":[{"id":"626b6ee2","settings":{"ending_number":13,"suffix":"k","title":"aaa","_padding":{"unit":"px","top":"0","right":"0","bottom":"5","left":"0","isLinked":false},"value_typography_typography":"custom","value_typography_font_size_tablet":{"unit":"px","size":32,"sizes":[]},"value_typography_font_size_mobile":{"unit":"px","size":30,"sizes":[]}},"elements":[],"isInner":false,"widgetType":"glozin-counter","elType":"widget"},{"id":"40635fbd","settings":{"title":"Partner Brand","title_size":"h5","align":"center","typography_typography":"custom","typography_letter_spacing":{"unit":"px","size":-0.612,"sizes":[]}},"elements":[],"isInner":false,"widgetType":"glozin-heading","elType":"widget"},{"id":"440fb0","settings":{"title":"Partner with brands that share our values, striving to protect our environment.","title_size":"div","align":"center"},"elements":[],"isInner":false,"widgetType":"glozin-heading","elType":"widget"}],"isInner":true,"elType":"container"}],"isInner":false,"elType":"container"},{"id":"3d9d06c5","settings":{"boxed_width":{"unit":"px","size":1200,"sizes":[]}},"elements":[{"id":"2f7c6a71","settings":{"text":"Divider","color":"#EBEBEB"},"elements":[],"isInner":false,"widgetType":"divider","elType":"widget"}],"isInner":false,"elType":"container"},{"id":"24064ab9","settings":{"flex_gap":{"column":"5","row":"5","isLinked":true,"unit":"px","size":5},"padding":{"unit":"px","top":"79","right":"0","bottom":"32","left":"0","isLinked":false},"padding_mobile":{"unit":"px","top":"45","right":"0","bottom":"35","left":"0","isLinked":false},"boxed_width":{"unit":"px","size":1200,"sizes":[]}},"elements":[{"id":"2060fc5","settings":{"title":"Why Choose Us","title_size":"h6","align":"center","_padding":{"unit":"px","top":"0","right":"0","bottom":"4","left":"0","isLinked":false},"typography_typography":"custom","typography_font_size_mobile":{"unit":"px","size":15,"sizes":[]}},"elements":[],"isInner":false,"widgetType":"glozin-heading","elType":"widget"},{"id":"2aed8152","settings":{"title":"Our Peculiar Things","align":"center","typography_typography":"custom","typography_font_size":{"unit":"px","size":36,"sizes":[]},"typography_letter_spacing":{"unit":"px","size":-1.224,"sizes":[]},"_padding":{"unit":"px","top":"0","right":"0","bottom":"6","left":"0","isLinked":false},"typography_font_size_tablet":{"unit":"px","size":32,"sizes":[]},"typography_font_size_mobile":{"unit":"px","size":30,"sizes":[]}},"elements":[],"isInner":false,"widgetType":"glozin-heading","elType":"widget"},{"id":"24e621f4","settings":{"title":"Our fashion products are characterized by innovative and on\u2014trend designs. We pride ourselves in pushing the<br class=\"d-none d-block-lg\"\/>\nboundaries of conventional fashion, delivering new, bold and captivating styles.","title_size":"div","align":"center"},"elements":[],"isInner":false,"widgetType":"glozin-heading","elType":"widget"}],"isInner":false,"elType":"container"},{"id":"5f20dfc6","settings":{"flex_direction":"row","flex_gap":{"unit":"px","size":30,"column":"30","row":"30","isLinked":true},"padding":{"unit":"px","top":"0","right":"0","bottom":"73","left":"0","isLinked":false},"padding_mobile":{"unit":"px","top":"0","right":"0","bottom":"52","left":"0","isLinked":false},"flex_gap_mobile":{"column":"15","row":"15","isLinked":true,"unit":"px","size":15},"mobile_column_alignment":"column_md","boxed_width":{"unit":"px","size":1200,"sizes":[]}},"elements":[{"id":"63a67325","settings":{"flex_direction":"column","content_width":"full","width":{"unit":"%","size":"50"}},"elements":[{"id":"4daf6686","settings":{"type":"icon","image":{"id":447,"url":"https:\/\/wpglozin.com\/fashion\/wp-content\/uploads\/sites\/2\/2025\/03\/about_banner_1.webp","alt":"","source":"library","size":""},"text":"aaaa","title":"Cultural Standards","description":"We are committed to setting high ethical standards in production and ensuring mindful manufacturing through audits, training and education.","aspect_ratio_type":"vertical","link":{"url":"","is_external":"","nofollow":"","custom_attributes":""},"button_text":"Button Text"},"elements":[],"isInner":false,"widgetType":"glozin-image-box","elType":"widget"}],"isInner":true,"elType":"container"},{"id":"5f61746","settings":{"flex_direction":"column","content_width":"full","width":{"unit":"%","size":"50"}},"elements":[{"id":"da98919","settings":{"type":"icon","image":{"id":448,"url":"https:\/\/wpglozin.com\/fashion\/wp-content\/uploads\/sites\/2\/2025\/03\/about_banner_2.webp","alt":"","source":"library","size":""},"text":"aaaa","title":"Designed to Last","description":"From traditional tailoring to the most informal pieces. Our Glozin collections feature the latest trends with the maximum comfort.","aspect_ratio_type":"vertical","link":{"url":"","is_external":"","nofollow":"","custom_attributes":""},"button_text":"Button Text"},"elements":[],"isInner":false,"widgetType":"glozin-image-box","elType":"widget"}],"isInner":true,"elType":"container"},{"id":"2f935e64","settings":{"flex_direction":"column","content_width":"full","width":{"unit":"%","size":"50"}},"elements":[{"id":"76cfa4b2","settings":{"type":"icon","image":{"id":449,"url":"https:\/\/wpglozin.com\/fashion\/wp-content\/uploads\/sites\/2\/2025\/03\/about_banner_3.webp","alt":"","source":"library","size":""},"text":"aaaa","title":"Freedom for Everyone","description":"The designs have been created adopting the current trends, while leaving room for personal expression among young people.","aspect_ratio_type":"vertical","link":{"url":"","is_external":"","nofollow":"","custom_attributes":""},"button_text":"Button Text"},"elements":[],"isInner":false,"widgetType":"glozin-image-box","elType":"widget"}],"isInner":true,"elType":"container"}],"isInner":false,"elType":"container"},{"id":"3f5dbd0f","settings":{"background_background":"classic","background_color":"#253230","padding":{"unit":"px","top":"82","right":"0","bottom":"75","left":"0","isLinked":false},"padding_mobile":{"unit":"px","top":"62","right":"0","bottom":"57","left":"0","isLinked":false},"boxed_width":{"unit":"px","size":1200,"sizes":[]}},"elements":[{"id":"486a66fd","settings":{"rating_icon":{"value":{"url":"https:\/\/raw.githubusercontent.com\/uixthemeswp\/glozin\/refs\/heads\/main\/demo-content\/rating.svg","id":462},"library":"svg"},"icon_alignment":"center","icon_gap":{"unit":"px","size":3,"sizes":[]}},"elements":[],"isInner":false,"widgetType":"rating","elType":"widget"},{"id":"4d472c93","settings":{"title":"\" Glozin will become an example of the responsible business model by doing business with<br class=\"d-none d-block-md\"\/> kindness, profit and bringing practical and long\u2014term values to customers, employees,<br class=\"d-none d-block-md\"\/> partners, the community for the environment and for shareholders. \"\n\n","title_size":"div","align":"center","title_color":"#F3FC81","typography_typography":"custom","typography_font_size":{"unit":"px","size":18,"sizes":[]},"typography_font_style":"italic"},"elements":[],"isInner":false,"widgetType":"glozin-heading","elType":"widget"},{"id":"5abce3de","settings":{"title":"Carie\u2014Gos\u00e9e Hera","title_size":"h5","align":"center","title_color":"#F3FC81","typography_typography":"custom","typography_font_size":{"unit":"px","size":16,"sizes":[]}},"elements":[],"isInner":false,"widgetType":"glozin-heading","elType":"widget"},{"id":"1be4f0d6","settings":{"title":"CEO and Founder Glozin Store","title_size":"div","align":"center","title_color":"#F3FC81","_margin":{"unit":"px","top":"-18","right":"0","bottom":"0","left":"0","isLinked":false}},"elements":[],"isInner":false,"widgetType":"glozin-heading","elType":"widget"}],"isInner":false,"elType":"container"},{"id":"3af889eb","settings":{"flex_direction":"row","flex_gap":{"unit":"px","size":20,"column":"20","row":"0","isLinked":false},"padding":{"unit":"px","top":"90","right":"0","bottom":"90","left":"0","isLinked":false},"padding_mobile":{"unit":"px","top":"40","right":"0","bottom":"0","left":"0","isLinked":false},"flex_gap_mobile":{"column":"0","row":"0","isLinked":true,"unit":"px","size":0},"boxed_width":{"unit":"px","size":1200,"sizes":[]}},"elements":[{"id":"1d927fe9","settings":{"flex_direction":"column","content_width":"full","width":{"unit":"%","size":"50"}},"elements":[{"id":"24288d47","settings":{"image":{"id":450,"url":"https:\/\/wpglozin.com\/fashion\/wp-content\/uploads\/sites\/2\/2025\/03\/about_banner_4.webp","alt":"","source":"library","size":""},"image_size":"full"},"elements":[],"isInner":false,"widgetType":"image","elType":"widget"}],"isInner":true,"elType":"container"},{"id":"38fb12fe","settings":{"flex_direction":"column","content_width":"full","width":{"unit":"%","size":"50"},"flex_justify_content":"center","flex_gap":{"column":"10","row":"10","isLinked":true,"unit":"px","size":10},"padding":{"unit":"px","top":"20","right":"20","bottom":"20","left":"20","isLinked":false},"padding_mobile":{"unit":"px","top":"65","right":"015","bottom":"60","left":"015","isLinked":false}},"elements":[{"id":"26922088","settings":{"title":"Our Factories","title_size":"h6","align":"center","_padding":{"unit":"px","top":"0","right":"0","bottom":"4","left":"0","isLinked":false},"typography_typography":"custom","typography_font_size_mobile":{"unit":"px","size":15,"sizes":[]}},"elements":[],"isInner":false,"widgetType":"glozin-heading","elType":"widget"},{"id":"51c6a741","settings":{"title":"The Best Product","align":"center","typography_typography":"custom","typography_font_size":{"unit":"px","size":36,"sizes":[]},"typography_letter_spacing":{"unit":"px","size":-1.224,"sizes":[]},"_padding":{"unit":"px","top":"0","right":"0","bottom":"14","left":"0","isLinked":false},"typography_font_size_tablet":{"unit":"px","size":32,"sizes":[]},"typography_font_size_mobile":{"unit":"px","size":30,"sizes":[]},"_padding_mobile":{"unit":"px","top":"0","right":"0","bottom":"10","left":"0","isLinked":false}},"elements":[],"isInner":false,"widgetType":"glozin-heading","elType":"widget"},{"id":"6e630c45","settings":{"title":"We spend a lot of time finding the best factories around the world\u2014the same\nfactories that make your favorite designer brands. We visit them regularly and\nbuild strong personal relationships with the owners. Each factory is audited for\ncompliance to assess factors such as fair wages.","title_size":"div","align":"center","_padding":{"unit":"px","top":"0","right":"0","bottom":"19","left":"0","isLinked":false}},"elements":[],"isInner":false,"widgetType":"glozin-heading","elType":"widget"},{"id":"5678e3b1","settings":{"button_text":"Learn More","align":"center","button_link":{"url":"#","is_external":"","nofollow":"","custom_attributes":""},"button_min_width":{"unit":"px","size":180,"sizes":[]}},"elements":[],"isInner":false,"widgetType":"glozin-button","elType":"widget"}],"isInner":true,"elType":"container"}],"isInner":false,"elType":"container"},{"id":"594b7da","settings":{"flex_direction":"row","flex_gap":{"unit":"px","size":20,"column":"20","row":"0","isLinked":false},"padding":{"unit":"px","top":"0","right":"0","bottom":"75","left":"0","isLinked":false},"padding_mobile":{"unit":"px","top":"0","right":"0","bottom":"0","left":"0","isLinked":true},"flex_direction_mobile":"row-reverse","boxed_width":{"unit":"px","size":1200,"sizes":[]}},"elements":[{"id":"3a5489ef","settings":{"flex_direction":"column","content_width":"full","width":{"unit":"%","size":"50"},"flex_justify_content":"center","flex_gap":{"column":"10","row":"10","isLinked":true,"unit":"px","size":10},"padding":{"unit":"px","top":"20","right":"30","bottom":"20","left":"30","isLinked":false},"padding_mobile":{"unit":"px","top":"55","right":"15","bottom":"45","left":"15","isLinked":false}},"elements":[{"id":"48b759cd","settings":{"title":"Our Products","title_size":"h6","align":"center","_padding":{"unit":"px","top":"0","right":"0","bottom":"4","left":"0","isLinked":false},"typography_typography":"custom","typography_font_size_mobile":{"unit":"px","size":15,"sizes":[]}},"elements":[],"isInner":false,"widgetType":"glozin-heading","elType":"widget"},{"id":"76f61bf7","settings":{"title":"Timeless Products","align":"center","typography_typography":"custom","typography_font_size":{"unit":"px","size":36,"sizes":[]},"typography_letter_spacing":{"unit":"px","size":-1.224,"sizes":[]},"_padding":{"unit":"px","top":"0","right":"0","bottom":"14","left":"0","isLinked":false},"typography_font_size_tablet":{"unit":"px","size":32,"sizes":[]},"typography_font_size_mobile":{"unit":"px","size":30,"sizes":[]},"_padding_mobile":{"unit":"px","top":"0","right":"0","bottom":"10","left":"0","isLinked":false}},"elements":[],"isInner":false,"widgetType":"glozin-heading","elType":"widget"},{"id":"7326335c","settings":{"title":"At Glozin, we\u2019re not big on trends. We want you to wear our pieces for years,\neven decades, to come. That\u2019s why we source the finest materials and factories\nfor our timeless products\u2014 like our Grade-A cashmere sweaters, Italian shoes,\nand Peruvian Pima tees.","title_size":"div","align":"center","_padding":{"unit":"px","top":"0","right":"0","bottom":"19","left":"0","isLinked":false}},"elements":[],"isInner":false,"widgetType":"glozin-heading","elType":"widget"},{"id":"2fc598b1","settings":{"button_text":"Learn More","align":"center","button_link":{"url":"#","is_external":"","nofollow":"","custom_attributes":""},"button_min_width":{"unit":"px","size":180,"sizes":[]}},"elements":[],"isInner":false,"widgetType":"glozin-button","elType":"widget"}],"isInner":true,"elType":"container"},{"id":"546b255d","settings":{"flex_direction":"column","content_width":"full","width":{"unit":"%","size":"50"}},"elements":[{"id":"6b73d191","settings":{"image":{"id":451,"url":"https:\/\/wpglozin.com\/fashion\/wp-content\/uploads\/sites\/2\/2025\/03\/about_banner_5.webp","alt":"","source":"library","size":""},"image_size":"full"},"elements":[],"isInner":false,"widgetType":"image","elType":"widget"}],"isInner":true,"elType":"container"}],"isInner":false,"elType":"container"},{"id":"1806cb6","settings":{"boxed_width":{"unit":"px","size":1200,"sizes":[]}},"elements":[{"id":"51da979a","settings":{"text":"Divider","color":"#EBEBEB"},"elements":[],"isInner":false,"widgetType":"divider","elType":"widget"}],"isInner":false,"elType":"container"},{"id":"32f20487","settings":{"flex_gap":{"column":"5","row":"5","isLinked":true,"unit":"px","size":5},"padding":{"unit":"px","top":"79","right":"0","bottom":"32","left":"0","isLinked":false},"padding_mobile":{"unit":"px","top":"45","right":"0","bottom":"33","left":"0","isLinked":false},"boxed_width":{"unit":"px","size":1200,"sizes":[]}},"elements":[{"id":"42c30c","settings":{"title":"How We Work","title_size":"h6","align":"center","_padding":{"unit":"px","top":"0","right":"0","bottom":"4","left":"0","isLinked":false},"typography_typography":"custom","typography_font_size_mobile":{"unit":"px","size":15,"sizes":[]}},"elements":[],"isInner":false,"widgetType":"glozin-heading","elType":"widget"},{"id":"7e7e2e7e","settings":{"title":"Expanding Horizons","align":"center","typography_typography":"custom","typography_font_size":{"unit":"px","size":36,"sizes":[]},"typography_letter_spacing":{"unit":"px","size":-1.224,"sizes":[]},"_padding":{"unit":"px","top":"0","right":"0","bottom":"6","left":"0","isLinked":false},"typography_font_size_tablet":{"unit":"px","size":32,"sizes":[]},"typography_font_size_mobile":{"unit":"px","size":30,"sizes":[]}},"elements":[],"isInner":false,"widgetType":"glozin-heading","elType":"widget"},{"id":"63ad70e5","settings":{"title":"At Glozin, our work culture is deeply rooted in collaboration, innovation and passion. We believe that a positive and<br class=\"d-none d-block-lg\"\/>\ninclusive work environment is the foundation for creativity and success.","title_size":"div","align":"center"},"elements":[],"isInner":false,"widgetType":"glozin-heading","elType":"widget"}],"isInner":false,"elType":"container"},{"id":"19ed824f","settings":{"flex_direction":"row","flex_gap":{"unit":"px","size":30,"column":"30","row":"30","isLinked":true},"padding":{"unit":"px","top":"0","right":"0","bottom":"90","left":"0","isLinked":false},"flex_gap_mobile":{"column":"15","row":"15","isLinked":true,"unit":"px","size":15},"mobile_column_alignment":"column_md","padding_mobile":{"unit":"px","top":"0","right":"0","bottom":"50","left":"0","isLinked":false},"boxed_width":{"unit":"px","size":1200,"sizes":[]}},"elements":[{"id":"710d1917","settings":{"flex_direction":"column","content_width":"full","width":{"unit":"%","size":"50"}},"elements":[{"id":"78f136e0","settings":{"type":"icon","image":{"id":452,"url":"https:\/\/wpglozin.com\/fashion\/wp-content\/uploads\/sites\/2\/2025\/03\/about_banner_6.webp","alt":"","source":"library","size":""},"text":"aaaa","title":"The Core of Us","description":"At our core lies a passion for innovation, creativity, and collaboration. We\u2019re driven to push boundaries and create meaningful solutions that inspire growth","aspect_ratio_type":"custom","link":{"url":"","is_external":"","nofollow":"","custom_attributes":""},"aspect_ratio":"38:25","button_text":"Button Text"},"elements":[],"isInner":false,"widgetType":"glozin-image-box","elType":"widget"}],"isInner":true,"elType":"container"},{"id":"29aef3da","settings":{"flex_direction":"column","content_width":"full","width":{"unit":"%","size":"50"}},"elements":[{"id":"50ff7266","settings":{"type":"icon","image":{"id":453,"url":"https:\/\/wpglozin.com\/fashion\/wp-content\/uploads\/sites\/2\/2025\/03\/about_banner_7.webp","alt":"","source":"library","size":""},"text":"aaaa","title":"Our Products","description":"Crafted with precision and creativity, our products blend innovation and functionality to deliver exceptional experiences.","aspect_ratio_type":"custom","link":{"url":"","is_external":"","nofollow":"","custom_attributes":""},"aspect_ratio":"38:25","button_text":"Button Text"},"elements":[],"isInner":false,"widgetType":"glozin-image-box","elType":"widget"}],"isInner":true,"elType":"container"},{"id":"41b74fd","settings":{"flex_direction":"column","content_width":"full","width":{"unit":"%","size":"50"}},"elements":[{"id":"1909b723","settings":{"type":"icon","image":{"id":454,"url":"https:\/\/wpglozin.com\/fashion\/wp-content\/uploads\/sites\/2\/2025\/03\/about_banner_8.webp","alt":"","source":"library","size":""},"text":"aaaa","title":"Our Careers","description":"We believe in nurturing talent, fostering growth, and embracing creativity. Join our team to expand your horizons, collaborate on meaningful projects","aspect_ratio_type":"custom","link":{"url":"","is_external":"","nofollow":"","custom_attributes":""},"aspect_ratio":"38:25","button_text":"Button Text"},"elements":[],"isInner":false,"widgetType":"glozin-image-box","elType":"widget"}],"isInner":true,"elType":"container"}],"isInner":false,"elType":"container"}],"page_settings":{"horizontal_position":"left","hide_page_header_title":"yes","hide_page_header_description":"yes","page_header_spacing":"custom","page_header_top_padding":{"unit":"px","size":22,"sizes":[]},"page_header_bottom_padding":{"unit":"px","size":33,"sizes":[]},"content_top_spacing":"custom","content_top_padding":{"unit":"px","size":0,"sizes":[]},"content_bottom_spacing":"custom","content_bottom_padding":{"unit":"px","size":0,"sizes":[]}},"version":"0.4","title":"About Us New","type":"page"}