{"content":[{"id":"1cd9db4c","settings":{"flex_direction":"row","flex_gap":{"unit":"px","size":60,"column":"60","row":"60","isLinked":true},"content_width":"full","width":{"unit":"px","size":"","sizes":[]},"min_height":{"unit":"vh","size":100,"sizes":[]},"min_height_tablet":{"unit":"custom","size":"","sizes":[]},"min_height_mobile":{"unit":"custom","size":"","sizes":[]},"padding":{"unit":"%","top":"","right":"","bottom":"","left":"","isLinked":true},"padding_tablet":{"unit":"%","top":"","right":"","bottom":"","left":"","isLinked":true},"padding_mobile":{"unit":"%","top":"","right":"","bottom":"","left":"","isLinked":true},"flex_justify_content":"flex-end","background_image":{"url":"","id":"","size":"","alt":"","source":"library"},"background_position":"center right","background_repeat":"no-repeat","background_size":"cover"},"elements":[{"id":"1a69d0ad","settings":{"flex_direction":"column","content_width":"full","width":{"unit":"px","size":645},"width_tablet":{"unit":"%","size":100,"sizes":[]},"width_mobile":{"unit":"%","size":100,"sizes":[]},"flex_gap":{"column":"0","row":"0","isLinked":true,"unit":"px","size":0},"padding":{"unit":"px","top":"0","right":"0","bottom":"0","left":"15","isLinked":false},"padding_tablet":{"unit":"px","top":"0","right":"15","bottom":"0","left":"15","isLinked":false},"flex_align_items_tablet":"center"},"elements":[{"id":"78c3c443","settings":{"content_width":"full","flex_direction":"row","padding":{"unit":"px","top":"60","right":"0","bottom":"0","left":"0","isLinked":false},"flex_justify_content_mobile":"center","flex_align_items_mobile":"center","flex_gap_mobile":{"column":"10","row":"10","isLinked":true,"unit":"px","size":10},"padding_tablet":{"unit":"px","top":"30","right":"0","bottom":"0","left":"0","isLinked":false}},"elements":[{"id":"5018dc8e","settings":{"content_width":"full","flex_direction":"row","flex_align_items":"center","flex_justify_content_mobile":"center","flex_gap_mobile":{"column":"","row":"","isLinked":true,"unit":"px","size":null}},"elements":[{"id":"5d7e914e","settings":{"image":{"id":717,"url":"https:\/\/raw.githubusercontent.com\/uixthemeswp\/glozin\/refs\/heads\/main\/demo-content\/logo_dark.svg","alt":"","source":"library","size":""},"image_size":"full","link_to":"custom","link":{"url":"#","is_external":"","nofollow":"","custom_attributes":""},"width":{"unit":"px","size":82,"sizes":[]},"width_tablet":{"unit":"px","size":"","sizes":[]},"width_mobile":{"unit":"px","size":"","sizes":[]},"space_tablet":{"unit":"px","size":"","sizes":[]},"space_mobile":{"unit":"px","size":"","sizes":[]}},"elements":[],"isInner":false,"widgetType":"image","elType":"widget"},{"id":"5c972dfc","settings":{"title":"Coming Soon","title_size":"h6","typography_typography":"custom","typography_letter_spacing":{"unit":"px","size":-0.3,"sizes":[]},"_padding":{"unit":"px","top":"0","right":"0","bottom":"0","left":"18","isLinked":false},"_border_border":"solid","_border_width":{"unit":"px","top":"0","right":"0","bottom":"0","left":"1","isLinked":false}},"elements":[],"isInner":false,"widgetType":"glozin-heading","elType":"widget"}],"isInner":true,"elType":"container"},{"id":"31d803ed","settings":{"content_width":"full","flex_direction":"row","flex_justify_content":"flex-end","flex_align_items":"center","flex_gap":{"column":"5","row":"5","isLinked":true,"unit":"px","size":5},"flex_justify_content_mobile":"center"},"elements":[{"id":"2b4c1054","settings":{"selected_icon":{"value":{"url":"https:\/\/raw.githubusercontent.com\/uixthemeswp\/glozin\/refs\/heads\/main\/demo-content\/lock.svg","id":712},"library":"svg"},"link":{"url":"#","is_external":"","nofollow":"","custom_attributes":""},"align":"","primary_color":"#6EC1E4","size":{"unit":"px","size":16,"sizes":[]},"_margin":{"unit":"px","top":"6","right":"0","bottom":"0","left":"0","isLinked":false}},"elements":[],"isInner":false,"widgetType":"icon","elType":"widget"},{"id":"12e0b090","settings":{"button_text":"Enter store using password:","button_style":"subtle","button_link":{"url":"#","is_external":"","nofollow":"","custom_attributes":""}},"elements":[],"isInner":false,"widgetType":"glozin-button","elType":"widget"}],"isInner":true,"elType":"container"}],"isInner":true,"elType":"container"},{"id":"617558a4","settings":{"content_width":"full","min_height":{"unit":"custom","size":"calc( 100vh - 96px )","sizes":[]},"min_height_tablet":{"unit":"custom","size":"","sizes":[]},"min_height_mobile":{"unit":"custom","size":"calc( 100vh - 108px )","sizes":[]},"flex_justify_content":"center","flex_gap":{"column":"5","row":"5","isLinked":true,"unit":"px","size":5},"width":{"unit":"px","size":570,"sizes":[]},"width_mobile":{"unit":"%","size":100,"sizes":[]},"width_tablet":{"unit":"px","size":570,"sizes":[]},"flex_align_items_tablet":"center"},"elements":[{"id":"235695a3","settings":{"title":"Coming Soon","title_size":"h1","typography_typography":"custom","typography_letter_spacing":{"unit":"px","size":-0.3,"sizes":[]}},"elements":[],"isInner":false,"widgetType":"glozin-heading","elType":"widget"},{"id":"5df275fb","settings":{"title":"A great new website is under construction and it will be available soon.","title_size":"div","_padding":{"unit":"px","top":"0","right":"0","bottom":"33","left":"0","isLinked":false},"align_tablet":"center"},"elements":[],"isInner":false,"widgetType":"glozin-heading","elType":"widget"},{"id":"75841e12","settings":{"_padding":{"unit":"px","top":"0","right":"0","bottom":"39","left":"0","isLinked":false},"timer_width":{"unit":"px","size":40,"sizes":[]},"digit_typography_typography":"custom","digit_typography_font_size_mobile":{"unit":"px","size":24,"sizes":[]},"text_typography_typography":"custom","text_typography_font_size_mobile":{"unit":"px","size":14,"sizes":[]},"text_typography_line_height_mobile":{"unit":"em","size":1.2,"sizes":[]}},"elements":[],"isInner":false,"widgetType":"glozin-countdown","elType":"widget"},{"id":"6937cae2","settings":{"form":"721","form_type":"row","_padding":{"unit":"px","top":"0","right":"0","bottom":"39","left":"0","isLinked":false}},"elements":[],"isInner":false,"widgetType":"glozin-subscribe-box","elType":"widget"},{"id":"59014475","settings":{"editor":"This shop will be powered by Glozin - Multipurpose Wordpress Theme. Are you the store owner? <a class=\"text-dark fw-semibold underline-important\" href=\"#\">Login Here!<\/a>","text_color":"#555555","typography_typography":"custom","typography_font_family":"Roboto","typography_font_size":{"unit":"px","size":14,"sizes":[]},"typography_font_weight":"400","align_tablet":"center"},"elements":[],"isInner":false,"widgetType":"text-editor","elType":"widget"}],"isInner":true,"elType":"container"}],"isInner":true,"elType":"container"},{"id":"50f13bd6","settings":{"flex_direction":"column","content_width":"full","width":{"unit":"%","size":"50"},"hide_tablet":"hidden-tablet","hide_mobile":"hidden-mobile","width_tablet":{"unit":"%","size":0,"sizes":[]},"width_mobile":{"unit":"%","size":"","sizes":[]}},"elements":[{"id":"3be5d50d","settings":{"image":{"url":"https:\/\/raw.githubusercontent.com\/uixthemeswp\/glozin\/refs\/heads\/main\/demo-content\/coming-soon-bg.jpg","id":713,"size":"","alt":"","source":"library"},"image_size":"full","height":{"unit":"vh","size":100,"sizes":[]},"height_tablet":{"unit":"vh","size":"","sizes":[]},"height_mobile":{"unit":"vh","size":"","sizes":[]},"object-fit":"cover","css_filters_css_filter":"custom","image_border_radius":{"unit":"px","top":"0","right":"0","bottom":"0","left":"0","isLinked":true}},"elements":[],"isInner":false,"widgetType":"image","elType":"widget"}],"isInner":true,"elType":"container"}],"isInner":false,"elType":"container"}],"page_settings":{"hide_header_section":"yes","hide_page_header":"yes","content_top_spacing":"custom","content_top_padding":{"unit":"px","size":0,"sizes":[]},"content_bottom_spacing":"custom","content_bottom_padding":{"unit":"px","size":0,"sizes":[]},"hide_topbar_section":"yes","hide_campaign_bar_section":"yes"},"version":"0.4","title":"Coming Soon","type":"page"}