{"content":[{"id":"56c8cbc1","settings":{"flex_direction":"row","flex_gap":{"unit":"px","size":50,"column":"50","row":"50","isLinked":true},"boxed_width":{"unit":"px","size":1200,"sizes":[]},"flex_gap_tablet":{"column":"30","row":"30","isLinked":true,"unit":"px","size":30}},"elements":[{"id":"4b201292","settings":{"flex_direction":"column","content_width":"full","width":{"unit":"%","size":37},"flex_gap":{"column":"17","row":"17","isLinked":true,"unit":"px","size":17},"width_tablet":{"unit":"%","size":"","sizes":[]},"width_mobile":{"unit":"%","size":"","sizes":[]},"min_height_tablet":{"unit":"custom","size":"","sizes":[]},"min_height_mobile":{"unit":"custom","size":"","sizes":[]},"background_background":"classic"},"elements":[{"id":"1672fd84","settings":{"content_width":"full","width":{"unit":"%","size":""},"width_tablet":{"unit":"%","size":"","sizes":[]},"width_mobile":{"unit":"%","size":"","sizes":[]},"min_height_tablet":{"unit":"custom","size":"","sizes":[]},"min_height_mobile":{"unit":"custom","size":"","sizes":[]},"flex_direction":"column","flex_gap":{"column":"17","row":"17","isLinked":true,"unit":"px","size":17},"background_background":"classic","background_color":"#F5F5F5","padding":{"unit":"px","top":"40","right":"40","bottom":"40","left":"40","isLinked":true},"css_classes":"position-sticky-md-important top-30","border_radius":{"unit":"px","top":"10","right":"10","bottom":"10","left":"10","isLinked":true},"padding_mobile":{"unit":"px","top":"30","right":"15","bottom":"30","left":"15","isLinked":false},"padding_tablet":{"unit":"px","top":"20","right":"20","bottom":"20","left":"20","isLinked":true}},"elements":[{"id":"2ad78921","settings":{"title":"Contact Us","title_size":"h4","typography_typography":"custom","typography_font_size":{"unit":"px","size":24,"sizes":[]}},"elements":[],"isInner":false,"widgetType":"glozin-heading","elType":"widget"},{"id":"649a3be2","settings":{"title":"If you have an issue or question that requires immediate assistance, you can click the button below to chat live with a Customer Service representative.","title_size":"div"},"elements":[],"isInner":false,"widgetType":"glozin-heading","elType":"widget"},{"id":"f659c0f","settings":{"title":"Please allow 3 - 5 business days from the time your package arrives back to us for a refund to be issued.","title_size":"div"},"elements":[],"isInner":false,"widgetType":"glozin-heading","elType":"widget"},{"id":"58a25a83","settings":{"button_text":"Contact Us","button_min_width":{"unit":"%","size":100,"sizes":[]},"button_min_width_tablet":{"unit":"%","size":"","sizes":[]},"button_min_width_mobile":{"unit":"%","size":"","sizes":[]},"button_background_color":"#FFFFFF","button_text_color":"#111111","button_border_color":"#111111","button_link":{"url":"#","is_external":"","nofollow":"","custom_attributes":""}},"elements":[],"isInner":false,"widgetType":"glozin-button","elType":"widget"},{"id":"55a12b86","settings":{"button_text":"About Us","button_min_width":{"unit":"%","size":100,"sizes":[]},"button_min_width_tablet":{"unit":"%","size":"","sizes":[]},"button_min_width_mobile":{"unit":"%","size":"","sizes":[]},"button_link":{"url":"#","is_external":"","nofollow":"","custom_attributes":""}},"elements":[],"isInner":false,"widgetType":"glozin-button","elType":"widget"}],"isInner":true,"elType":"container"}],"isInner":true,"elType":"container"},{"id":"58687dd6","settings":{"flex_direction":"column","content_width":"full","width":{"unit":"%","size":63},"width_tablet":{"unit":"custom","size":"","sizes":[]},"width_mobile":{"unit":"custom","size":"","sizes":[]},"flex_gap":{"column":"5","row":"5","isLinked":true,"unit":"px","size":5},"padding_mobile":{"unit":"px","top":"30","right":"0","bottom":"0","left":"0","isLinked":false}},"elements":[{"id":"4fd4b41c","settings":{"title":"Shopping Information","title_size":"h4","typography_typography":"custom","typography_font_size":{"unit":"px","size":24,"sizes":[]},"typography_letter_spacing":{"unit":"em","size":-0.034,"sizes":[]},"typography_letter_spacing_tablet":{"unit":"em","size":"","sizes":[]},"typography_letter_spacing_mobile":{"unit":"em","size":"","sizes":[]}},"elements":[],"isInner":false,"widgetType":"glozin-heading","elType":"widget"},{"id":"5307ce5c","settings":{"tabs":[{"tab_title":"How do I find a product?","tab_content":"<div class=\"ecomus-accordion__item ecomus-tab--active\"><div id=\"ecomus-tab-content-2441\" class=\"ecomus-accordion__content clearfix ecomus-tab--active\" role=\"tabpanel\" data-tab=\"1\" aria-labelledby=\"ecomus-tab-title-2441\">You can use our search bar at the top of the page to search for specific products or browse through our categories.<\/div><\/div>","_id":"c1e6fd9"},{"tab_title":"Can I save products to my wishlist?","tab_content":"<div class=\"ecomus-accordion__item ecomus-tab--active\"><div id=\"ecomus-tab-content-2442\" class=\"ecomus-accordion__content clearfix ecomus-tab--active\" role=\"tabpanel\" data-tab=\"2\" aria-labelledby=\"ecomus-tab-title-2442\">Yes, you can create a wishlist and save products for later purchase. Simply click the \u201cAdd to Wishlist\u201d button on any product page.<\/div><\/div>","_id":"0a3d93f"},{"tab_title":"How do I know if a product is in stock?","tab_content":"<div class=\"ecomus-accordion__item ecomus-tab--active\"><div id=\"ecomus-tab-content-2443\" class=\"ecomus-accordion__content clearfix ecomus-tab--active\" role=\"tabpanel\" data-tab=\"3\" aria-labelledby=\"ecomus-tab-title-2443\">Product availability is indicated on the product page. If a product is in stock, you will see a \u201cAdd to Cart\u201d button. If it\u2019s out of stock, you may see a notification or the option to be notified when it\u2019s back in stock.<\/div><\/div>","_id":"da1049b"},{"_id":"2b73b68","tab_title":"Can I purchase products as a guest?","tab_content":"<div class=\"elementor-element elementor-element-1754990 elementor-widget elementor-widget-ecomus-accordion\" data-id=\"1754990\" data-element_type=\"widget\" data-widget_type=\"ecomus-accordion.default\"><div class=\"elementor-widget-container\"><div class=\"ecomus-accordion\" role=\"tablist\"><div class=\"ecomus-accordion__item ecomus-tab--active\"><div id=\"ecomus-tab-content-2444\" class=\"ecomus-accordion__content clearfix ecomus-tab--active\" role=\"tabpanel\" data-tab=\"4\" aria-labelledby=\"ecomus-tab-title-2444\">Yes, you can make purchases as a guest without creating an account. However, creating an account allows you to save your shipping information, track your orders, and access exclusive offers.<\/div><\/div><\/div><\/div><\/div>"}]},"elements":[],"isInner":false,"widgetType":"glozin-accordion","elType":"widget"},{"id":"75727238","settings":{"title":"Payment Information","title_size":"h4","typography_typography":"custom","typography_font_size":{"unit":"px","size":24,"sizes":[]},"_padding":{"unit":"px","top":"45","right":"0","bottom":"0","left":"0","isLinked":false},"typography_letter_spacing":{"unit":"em","size":-0.034,"sizes":[]},"typography_letter_spacing_tablet":{"unit":"em","size":"","sizes":[]},"typography_letter_spacing_mobile":{"unit":"em","size":"","sizes":[]}},"elements":[],"isInner":false,"widgetType":"glozin-heading","elType":"widget"},{"id":"717e3f2","settings":{"tabs":[{"tab_title":"What payment methods do you accept?","tab_content":"<div class=\"ecomus-accordion__item ecomus-tab--active\"><div id=\"ecomus-tab-content-2441\" class=\"ecomus-accordion__content clearfix ecomus-tab--active\" role=\"tabpanel\" data-tab=\"1\" aria-labelledby=\"ecomus-tab-title-2441\"><div class=\"ecomus-accordion__item ecomus-tab--active\"><div id=\"ecomus-tab-content-1911\" class=\"ecomus-accordion__content clearfix ecomus-tab--active\" role=\"tabpanel\" data-tab=\"1\" aria-labelledby=\"ecomus-tab-title-1911\">We accept [list of accepted payment methods, e.g., credit cards, debit cards, PayPal, bank transfers].<\/div><\/div><\/div><\/div>","_id":"c1e6fd9"},{"tab_title":"Is my payment information secure?","tab_content":"<div class=\"ecomus-accordion__item ecomus-tab--active\"><div id=\"ecomus-tab-content-2442\" class=\"ecomus-accordion__content clearfix ecomus-tab--active\" role=\"tabpanel\" data-tab=\"2\" aria-labelledby=\"ecomus-tab-title-2442\"><div class=\"ecomus-accordion__item ecomus-tab--active\"><div id=\"ecomus-tab-content-1912\" class=\"ecomus-accordion__content clearfix ecomus-tab--active\" role=\"tabpanel\" data-tab=\"2\" aria-labelledby=\"ecomus-tab-title-1912\">Yes, your payment information is secure. We use [security measures, e.g., SSL encryption] to protect your data.<\/div><\/div><\/div><\/div>","_id":"0a3d93f"},{"tab_title":"Can I use a coupon code?","tab_content":"<div class=\"ecomus-accordion__item ecomus-tab--active\"><div id=\"ecomus-tab-content-2443\" class=\"ecomus-accordion__content clearfix ecomus-tab--active\" role=\"tabpanel\" data-tab=\"3\" aria-labelledby=\"ecomus-tab-title-2443\"><div class=\"ecomus-accordion__item ecomus-tab--active\"><div id=\"ecomus-tab-content-1913\" class=\"ecomus-accordion__content clearfix ecomus-tab--active\" role=\"tabpanel\" data-tab=\"3\" aria-labelledby=\"ecomus-tab-title-1913\">Yes, you can apply a coupon code during the checkout process. Simply enter the code in the designated field.<\/div><\/div><\/div><\/div>","_id":"da1049b"},{"_id":"2b73b68","tab_title":"What happens if my payment fails?","tab_content":"<div class=\"elementor-element elementor-element-1754990 elementor-widget elementor-widget-ecomus-accordion\" data-id=\"1754990\" data-element_type=\"widget\" data-widget_type=\"ecomus-accordion.default\"><div class=\"elementor-widget-container\"><div class=\"ecomus-accordion\" role=\"tablist\"><div class=\"ecomus-accordion__item ecomus-tab--active\"><div id=\"ecomus-tab-content-2444\" class=\"ecomus-accordion__content clearfix ecomus-tab--active\" role=\"tabpanel\" data-tab=\"4\" aria-labelledby=\"ecomus-tab-title-2444\"><div class=\"elementor-element elementor-element-1238beb elementor-widget elementor-widget-ecomus-accordion\" data-id=\"1238beb\" data-element_type=\"widget\" data-widget_type=\"ecomus-accordion.default\"><div class=\"elementor-widget-container\"><div class=\"ecomus-accordion\" role=\"tablist\"><div class=\"ecomus-accordion__item ecomus-tab--active\"><div id=\"ecomus-tab-content-1914\" class=\"ecomus-accordion__content clearfix ecomus-tab--active\" role=\"tabpanel\" data-tab=\"4\" aria-labelledby=\"ecomus-tab-title-1914\">If your payment fails, you will be notified and given the option to try again or choose a different payment method. Please ensure that your payment information is correct and that you have sufficient funds in your account.<\/div><\/div><\/div><\/div><\/div><\/div><\/div><\/div><\/div><\/div>"}]},"elements":[],"isInner":false,"widgetType":"glozin-accordion","elType":"widget"},{"id":"5707c8bb","settings":{"title":"Order & Returns","title_size":"h4","typography_typography":"custom","typography_font_size":{"unit":"px","size":24,"sizes":[]},"_padding":{"unit":"px","top":"45","right":"0","bottom":"0","left":"0","isLinked":false},"typography_letter_spacing":{"unit":"em","size":-0.034,"sizes":[]},"typography_letter_spacing_tablet":{"unit":"em","size":"","sizes":[]},"typography_letter_spacing_mobile":{"unit":"em","size":"","sizes":[]}},"elements":[],"isInner":false,"widgetType":"glozin-heading","elType":"widget"},{"id":"152ac334","settings":{"tabs":[{"tab_title":"What is your return policy?","tab_content":"<div class=\"ecomus-accordion__item ecomus-tab--active\"><div id=\"ecomus-tab-content-2441\" class=\"ecomus-accordion__content clearfix ecomus-tab--active\" role=\"tabpanel\" data-tab=\"1\" aria-labelledby=\"ecomus-tab-title-2441\"><div class=\"ecomus-accordion__item ecomus-tab--active\"><div id=\"ecomus-tab-content-1911\" class=\"ecomus-accordion__content clearfix ecomus-tab--active\" role=\"tabpanel\" data-tab=\"1\" aria-labelledby=\"ecomus-tab-title-1911\"><div class=\"ecomus-accordion__item ecomus-tab--active\"><div id=\"ecomus-tab-content-2401\" class=\"ecomus-accordion__content clearfix ecomus-tab--active\" role=\"tabpanel\" data-tab=\"1\" aria-labelledby=\"ecomus-tab-title-2401\">We offer a [number] day return policy. You can return eligible items within [number] days of receiving your order.<\/div><\/div><\/div><\/div><\/div><\/div>","_id":"c1e6fd9"},{"tab_title":"How do I return an item?","tab_content":"<div class=\"ecomus-accordion__item ecomus-tab--active\"><div id=\"ecomus-tab-content-2442\" class=\"ecomus-accordion__content clearfix ecomus-tab--active\" role=\"tabpanel\" data-tab=\"2\" aria-labelledby=\"ecomus-tab-title-2442\"><div class=\"ecomus-accordion__item ecomus-tab--active\"><div id=\"ecomus-tab-content-1912\" class=\"ecomus-accordion__content clearfix ecomus-tab--active\" role=\"tabpanel\" data-tab=\"2\" aria-labelledby=\"ecomus-tab-title-1912\"><div class=\"ecomus-accordion__item ecomus-tab--active\"><div id=\"ecomus-tab-content-2402\" class=\"ecomus-accordion__content clearfix ecomus-tab--active\" role=\"tabpanel\" data-tab=\"2\" aria-labelledby=\"ecomus-tab-title-2402\">To return an item, please follow the instructions provided in your order confirmation email. You will need to include a copy of the order invoice and the item in its original condition.<\/div><\/div><\/div><\/div><\/div><\/div>","_id":"0a3d93f"},{"tab_title":"Who pays for the return shipping?","tab_content":"<div class=\"ecomus-accordion__item ecomus-tab--active\"><div id=\"ecomus-tab-content-2443\" class=\"ecomus-accordion__content clearfix ecomus-tab--active\" role=\"tabpanel\" data-tab=\"3\" aria-labelledby=\"ecomus-tab-title-2443\"><div class=\"ecomus-accordion__item ecomus-tab--active\"><div id=\"ecomus-tab-content-1913\" class=\"ecomus-accordion__content clearfix ecomus-tab--active\" role=\"tabpanel\" data-tab=\"3\" aria-labelledby=\"ecomus-tab-title-1913\"><div class=\"ecomus-accordion__item ecomus-tab--active\"><div id=\"ecomus-tab-content-2403\" class=\"ecomus-accordion__content clearfix ecomus-tab--active\" role=\"tabpanel\" data-tab=\"3\" aria-labelledby=\"ecomus-tab-title-2403\">Specify who pays for return shipping, e.g., customer, seller<\/div><\/div><\/div><\/div><\/div><\/div>","_id":"da1049b"},{"_id":"2b73b68","tab_title":"Can I exchange an item?","tab_content":"<div class=\"elementor-element elementor-element-1754990 elementor-widget elementor-widget-ecomus-accordion\" data-id=\"1754990\" data-element_type=\"widget\" data-widget_type=\"ecomus-accordion.default\"><div class=\"elementor-widget-container\"><div class=\"ecomus-accordion\" role=\"tablist\"><div class=\"ecomus-accordion__item ecomus-tab--active\"><div id=\"ecomus-tab-content-2444\" class=\"ecomus-accordion__content clearfix ecomus-tab--active\" role=\"tabpanel\" data-tab=\"4\" aria-labelledby=\"ecomus-tab-title-2444\"><div class=\"elementor-element elementor-element-1238beb elementor-widget elementor-widget-ecomus-accordion\" data-id=\"1238beb\" data-element_type=\"widget\" data-widget_type=\"ecomus-accordion.default\"><div class=\"elementor-widget-container\"><div class=\"ecomus-accordion\" role=\"tablist\"><div class=\"ecomus-accordion__item ecomus-tab--active\"><div id=\"ecomus-tab-content-1914\" class=\"ecomus-accordion__content clearfix ecomus-tab--active\" role=\"tabpanel\" data-tab=\"4\" aria-labelledby=\"ecomus-tab-title-1914\"><div class=\"elementor-element elementor-element-6cfa4141 e-con-full e-flex ecomus-responsive-column ecomus-tablet-column--default ecomus-responsive-column ecomus-mobile-column--default ecomus-responsive-column ecomus-motion--var(--position) e-con e-child\" data-id=\"6cfa4141\" data-element_type=\"container\"><div class=\"elementor-element elementor-element-e526279 elementor-widget elementor-widget-ecomus-accordion\" data-id=\"e526279\" data-element_type=\"widget\" data-widget_type=\"ecomus-accordion.default\"><div class=\"elementor-widget-container\"><div class=\"ecomus-accordion\" role=\"tablist\"><div class=\"ecomus-accordion__item ecomus-tab--active\"><div id=\"ecomus-tab-content-2404\" class=\"ecomus-accordion__content clearfix ecomus-tab--active\" role=\"tabpanel\" data-tab=\"4\" aria-labelledby=\"ecomus-tab-title-2404\">Yes, you can exchange an item for a different size or color. Please contact our customer support team for assistance.<\/div><\/div><\/div><\/div><\/div><\/div><\/div><\/div><\/div><\/div><\/div><\/div><\/div><\/div><\/div><\/div>"}]},"elements":[],"isInner":false,"widgetType":"glozin-accordion","elType":"widget"},{"id":"3c3c6216","settings":{"title":"Ordering from Glozin","title_size":"h4","typography_typography":"custom","typography_font_size":{"unit":"px","size":24,"sizes":[]},"_padding":{"unit":"px","top":"45","right":"0","bottom":"0","left":"0","isLinked":false},"typography_letter_spacing":{"unit":"em","size":-0.034,"sizes":[]},"typography_letter_spacing_tablet":{"unit":"em","size":"","sizes":[]},"typography_letter_spacing_mobile":{"unit":"em","size":"","sizes":[]}},"elements":[],"isInner":false,"widgetType":"glozin-heading","elType":"widget"},{"id":"2bd55efa","settings":{"tabs":[{"tab_title":"How do I place an order on Glozin?","tab_content":"<div class=\"ecomus-accordion__item ecomus-tab--active\"><div id=\"ecomus-tab-content-2441\" class=\"ecomus-accordion__content clearfix ecomus-tab--active\" role=\"tabpanel\" data-tab=\"1\" aria-labelledby=\"ecomus-tab-title-2441\"><div class=\"ecomus-accordion__item ecomus-tab--active\"><div id=\"ecomus-tab-content-1911\" class=\"ecomus-accordion__content clearfix ecomus-tab--active\" role=\"tabpanel\" data-tab=\"1\" aria-labelledby=\"ecomus-tab-title-1911\"><div class=\"ecomus-accordion__item ecomus-tab--active\"><div id=\"ecomus-tab-content-2401\" class=\"ecomus-accordion__content clearfix ecomus-tab--active\" role=\"tabpanel\" data-tab=\"1\" aria-labelledby=\"ecomus-tab-title-2401\">Placing an order on Glozin is simple! Browse our catalog, select the product you want, choose the quantity, and click \u201cAdd to Cart.\u201d Once you\u2019re ready, proceed to checkout, enter your shipping details, choose a payment method, and confirm your order. You\u2019ll receive an order confirmation email shortly after.<\/div><\/div><\/div><\/div><\/div><\/div>","_id":"c1e6fd9"},{"tab_title":"Can I track my order?","tab_content":"<div class=\"ecomus-accordion__item ecomus-tab--active\"><div id=\"ecomus-tab-content-2442\" class=\"ecomus-accordion__content clearfix ecomus-tab--active\" role=\"tabpanel\" data-tab=\"2\" aria-labelledby=\"ecomus-tab-title-2442\"><div class=\"ecomus-accordion__item ecomus-tab--active\"><div id=\"ecomus-tab-content-1912\" class=\"ecomus-accordion__content clearfix ecomus-tab--active\" role=\"tabpanel\" data-tab=\"2\" aria-labelledby=\"ecomus-tab-title-1912\"><div class=\"ecomus-accordion__item ecomus-tab--active\"><div id=\"ecomus-tab-content-2402\" class=\"ecomus-accordion__content clearfix ecomus-tab--active\" role=\"tabpanel\" data-tab=\"2\" aria-labelledby=\"ecomus-tab-title-2402\">Yes! After your order is processed and shipped, we\u2019ll send you a tracking number via email. You can use this tracking number on our website to check the real-time status of your shipment.<\/div><\/div><\/div><\/div><\/div><\/div>","_id":"0a3d93f"},{"tab_title":"Can I modify or cancel my order after placing it?","tab_content":"<div class=\"ecomus-accordion__item ecomus-tab--active\"><div id=\"ecomus-tab-content-2443\" class=\"ecomus-accordion__content clearfix ecomus-tab--active\" role=\"tabpanel\" data-tab=\"3\" aria-labelledby=\"ecomus-tab-title-2443\"><div class=\"ecomus-accordion__item ecomus-tab--active\"><div id=\"ecomus-tab-content-1913\" class=\"ecomus-accordion__content clearfix ecomus-tab--active\" role=\"tabpanel\" data-tab=\"3\" aria-labelledby=\"ecomus-tab-title-1913\"><div class=\"ecomus-accordion__item ecomus-tab--active\"><div id=\"ecomus-tab-content-2403\" class=\"ecomus-accordion__content clearfix ecomus-tab--active\" role=\"tabpanel\" data-tab=\"3\" aria-labelledby=\"ecomus-tab-title-2403\">We process orders quickly to ensure fast shipping. If you need to modify or cancel your order, please contact our support team as soon as possible. Once the order is shipped, modifications or cancellations may not be possible.<\/div><\/div><\/div><\/div><\/div><\/div>","_id":"da1049b"},{"_id":"2b73b68","tab_title":"What should I do if I receive the wrong or damaged item?","tab_content":"<div class=\"elementor-element elementor-element-1754990 elementor-widget elementor-widget-ecomus-accordion\" data-id=\"1754990\" data-element_type=\"widget\" data-widget_type=\"ecomus-accordion.default\"><div class=\"elementor-widget-container\"><div class=\"ecomus-accordion\" role=\"tablist\"><div class=\"ecomus-accordion__item ecomus-tab--active\"><div id=\"ecomus-tab-content-2444\" class=\"ecomus-accordion__content clearfix ecomus-tab--active\" role=\"tabpanel\" data-tab=\"4\" aria-labelledby=\"ecomus-tab-title-2444\"><div class=\"elementor-element elementor-element-1238beb elementor-widget elementor-widget-ecomus-accordion\" data-id=\"1238beb\" data-element_type=\"widget\" data-widget_type=\"ecomus-accordion.default\"><div class=\"elementor-widget-container\"><div class=\"ecomus-accordion\" role=\"tablist\"><div class=\"ecomus-accordion__item ecomus-tab--active\"><div id=\"ecomus-tab-content-1914\" class=\"ecomus-accordion__content clearfix ecomus-tab--active\" role=\"tabpanel\" data-tab=\"4\" aria-labelledby=\"ecomus-tab-title-1914\"><div class=\"elementor-element elementor-element-6cfa4141 e-con-full e-flex ecomus-responsive-column ecomus-tablet-column--default ecomus-responsive-column ecomus-mobile-column--default ecomus-responsive-column ecomus-motion--var(--position) e-con e-child\" data-id=\"6cfa4141\" data-element_type=\"container\"><div class=\"elementor-element elementor-element-e526279 elementor-widget elementor-widget-ecomus-accordion\" data-id=\"e526279\" data-element_type=\"widget\" data-widget_type=\"ecomus-accordion.default\"><div class=\"elementor-widget-container\"><div class=\"ecomus-accordion\" role=\"tablist\"><div class=\"ecomus-accordion__item ecomus-tab--active\"><div id=\"ecomus-tab-content-2404\" class=\"ecomus-accordion__content clearfix ecomus-tab--active\" role=\"tabpanel\" data-tab=\"4\" aria-labelledby=\"ecomus-tab-title-2404\">We apologize for any inconvenience. If you receive a wrong or damaged item, please contact our customer service team with your order number and photos of the product. We will assist you in resolving the issue, whether through a replacement or a refund.<\/div><\/div><\/div><\/div><\/div><\/div><\/div><\/div><\/div><\/div><\/div><\/div><\/div><\/div><\/div><\/div>"}]},"elements":[],"isInner":false,"widgetType":"glozin-accordion","elType":"widget"}],"isInner":true,"elType":"container"}],"isInner":false,"elType":"container"}],"page_settings":{"page_header_top_padding":{"unit":"px","size":80,"sizes":[]},"page_header_bottom_padding":{"unit":"px","size":84,"sizes":[]},"content_top_padding":{"unit":"px","size":0,"sizes":[]},"content_bottom_padding":{"unit":"px","size":0,"sizes":[]}},"version":"0.4","title":"FAQ","type":"page"}