{"content":[{"id":"53f9403a","settings":{"content_width":"full","padding":{"unit":"px","top":"0","right":"30","bottom":"0","left":"30","isLinked":false},"padding_tablet":{"unit":"px","top":"0","right":"15","bottom":"0","left":"15","isLinked":false},"margin":{"unit":"px","top":"0","right":"0","bottom":"80","left":"0","isLinked":false},"margin_mobile":{"unit":"px","top":"0","right":"0","bottom":"50","left":"0","isLinked":false}},"elements":[{"id":"7ad5ed06","settings":{"content_width":"full","min_height":{"unit":"px","size":600,"sizes":[]},"min_height_tablet":{"unit":"px","size":500,"sizes":[]},"flex_direction":"column","flex_justify_content":"flex-end","flex_gap":{"column":"0","row":"0","isLinked":true,"unit":"px","size":0},"background_background":"video","background_video_link":"\/\/glozin-demo.myshopify.com\/cdn\/shop\/videos\/c\/vp\/177bbcef4ba544e8810509a20114a937\/177bbcef4ba544e8810509a20114a937.HD-1080p-7.2Mbps-30342463.mp4","background_play_on_mobile":"yes","border_radius":{"unit":"px","top":"15","right":"15","bottom":"15","left":"15","isLinked":true},"padding":{"unit":"px","top":"50","right":"50","bottom":"50","left":"50","isLinked":true},"padding_tablet":{"unit":"px","top":"35","right":"20","bottom":"35","left":"20","isLinked":false},"background_video_fallback":{"id":3054,"url":"https:\/\/wpglozin.com\/organic\/wp-content\/uploads\/sites\/13\/2025\/05\/hh-bn-1.webp","alt":"","source":"library","size":""},"padding_mobile":{"unit":"px","top":"32","right":"15","bottom":"32","left":"15","isLinked":false}},"elements":[{"id":"220957f7","settings":{"title":"ONLY SELL ONLINE!","title_size":"div","title_color":"#FFFFFF","typography_typography":"custom","typography_font_size":{"unit":"px","size":13,"sizes":[]},"typography_font_weight":"600","typography_text_transform":"uppercase","_margin":{"unit":"px","top":"0","right":"0","bottom":"13","left":"0","isLinked":false}},"elements":[],"isInner":false,"widgetType":"glozin-heading","elType":"widget"},{"id":"1afc6fe9","settings":{"title":"Under $5.00<br class=\"d-none d-block-xl\"\/>\nPure Organic\u2014Vegan","title_color":"#FFFFFF","typography_typography":"custom","typography_font_size":{"unit":"px","size":50,"sizes":[]},"typography_font_size_tablet":{"unit":"px","size":35,"sizes":[]},"typography_font_size_mobile":{"unit":"px","size":32,"sizes":[]},"typography_font_weight":"600","typography_letter_spacing":{"unit":"px","size":-1.7,"sizes":[]},"_margin":{"unit":"px","top":"0","right":"0","bottom":"15","left":"0","isLinked":false}},"elements":[],"isInner":false,"widgetType":"glozin-heading","elType":"widget"},{"id":"73790bdb","settings":{"button_text":"Shop Collection","button_style":"light","button_link":{"url":"https:\/\/wpglozin.com\/organic\/product-category\/fresh-vegetables\/","is_external":"","nofollow":"","custom_attributes":""},"button_min_width":{"unit":"px","size":200,"sizes":[]},"button_min_width_mobile":{"unit":"px","size":180,"sizes":[]}},"elements":[],"isInner":false,"widgetType":"glozin-button","elType":"widget"}],"isInner":true,"elType":"container"}],"isInner":false,"elType":"container"},{"id":"7556929d","settings":{"margin":{"unit":"px","top":"0","right":"0","bottom":"80","left":"0","isLinked":false},"margin_mobile":{"unit":"px","top":"0","right":"0","bottom":"50","left":"0","isLinked":false}},"elements":[{"id":"3332c2db","settings":{"icons_box":[{"icon":{"value":{"url":"https:\/\/wpglozin.com\/organic\/wp-content\/uploads\/sites\/13\/2025\/05\/shipping.svg","id":3056},"library":"svg"},"title":"Free Shipping","description":"You will love at great low prices.","_id":"3e74bd4","title_size":"h6","image":{"id":3038,"url":"https:\/\/wpglozin.com\/organic\/wp-content\/uploads\/sites\/13\/2025\/05\/placeholder-5.png"}},{"icon":{"value":{"url":"https:\/\/wpglozin.com\/organic\/wp-content\/uploads\/sites\/13\/2025\/05\/return.svg","id":3057},"library":"svg"},"title":"Free Returns","description":"Within 15 days for an exchange.","_id":"50f8ad0","title_size":"h6","image":{"id":3039,"url":"https:\/\/wpglozin.com\/organic\/wp-content\/uploads\/sites\/13\/2025\/05\/placeholder-6.png"}},{"_id":"1fb057d","icon":{"value":{"url":"https:\/\/wpglozin.com\/organic\/wp-content\/uploads\/sites\/13\/2025\/05\/payment.svg","id":3058},"library":"svg"},"title":"Flexible Payment","description":"Pay with multiple credit cards.","image":{"id":3040,"url":"https:\/\/wpglozin.com\/organic\/wp-content\/uploads\/sites\/13\/2025\/05\/placeholder-7.png"}},{"icon":{"value":{"url":"https:\/\/wpglozin.com\/organic\/wp-content\/uploads\/sites\/13\/2025\/05\/support.svg","id":3059},"library":"svg"},"title":"Support Online","description":"Outstanding premium support.","_id":"e734671","title_size":"h6","image":{"id":3041,"url":"https:\/\/wpglozin.com\/organic\/wp-content\/uploads\/sites\/13\/2025\/05\/placeholder-8.png"}}],"slides_to_show_mobile":1,"navigation_classes":"none","navigation_classes_mobile":"dots","icon_size":{"unit":"px","size":32,"sizes":[]},"slides_to_show_tablet":3,"navigation_classes_tablet":"dots","alignment":"center","title_spacing":{"unit":"px","size":6,"sizes":[]},"slides_to_show":4,"slides_to_scroll_tablet":1,"title_size":"div"},"elements":[],"isInner":false,"widgetType":"glozin-icon-box-carousel","elType":"widget"}],"isInner":false,"elType":"container"},{"id":"7e90760e","settings":{"margin":{"unit":"px","top":"0","right":"0","bottom":"80","left":"0","isLinked":false},"margin_mobile":{"unit":"px","top":"0","right":"0","bottom":"50","left":"0","isLinked":false}},"elements":[{"id":"6342f7b4","settings":{"source":"custom","items":[{"_id":"84e121a","image":{"id":3060,"url":"https:\/\/wpglozin.com\/organic\/wp-content\/uploads\/sites\/13\/2025\/05\/hh-cat-1.webp","alt":"","source":"library","size":""},"product_cat":"meat-and-eggs"},{"image":{"id":3061,"url":"https:\/\/wpglozin.com\/organic\/wp-content\/uploads\/sites\/13\/2025\/05\/hh-cat-2.webp","alt":"","source":"library","size":""},"product_cat":"biscuits-snack","_id":"1c24d4c"},{"image":{"id":3062,"url":"https:\/\/wpglozin.com\/organic\/wp-content\/uploads\/sites\/13\/2025\/05\/hh-cat-3.webp","alt":"","source":"library","size":""},"product_cat":"healthy-drinks","_id":"24b956d"},{"image":{"id":3063,"url":"https:\/\/wpglozin.com\/organic\/wp-content\/uploads\/sites\/13\/2025\/05\/hh-cat-4.webp","alt":"","source":"library","size":""},"product_cat":"fresh-vegetables","_id":"d75bcdb"}],"show_cat_count":"yes","aspect_ratio_type":"custom","aspect_ratio":"326:347","view_all_btn_title":"View All","view_all_btn_text":"Click here","slides_to_show_tablet":3,"slides_to_show_mobile":2,"slides_to_scroll_tablet":1,"image_spacing_custom":20,"image_spacing_custom_mobile":15,"navigation_classes":"none","navigation_classes_tablet":"dots","content_position":"side","side_content_padding":{"unit":"px","top":"30","right":"30","bottom":"30","left":"30","isLinked":true},"side_content_padding_mobile":{"unit":"px","top":"15","right":"15","bottom":"15","left":"15","isLinked":true},"gradient_image":"yes","title_typography_typography":"custom","title_typography_font_size":{"unit":"px","size":22,"sizes":[]},"title_typography_font_size_tablet":{"unit":"px","size":19,"sizes":[]},"title_typography_font_weight":"600","title_color":"#FFFFFF","title_color_hover":"#FFFFFF","title_spacing":{"unit":"px","size":5,"sizes":[]},"count_type":"below","count_color":"#FFFFFF","view_all_btn_image":{"id":3042,"url":"https:\/\/wpglozin.com\/organic\/wp-content\/uploads\/sites\/13\/2025\/05\/woocommerce-placeholder-600x600-1.webp"},"content_align":""},"elements":[],"isInner":false,"widgetType":"glozin-categories-carousel","elType":"widget"}],"isInner":false,"elType":"container"},{"id":"61288a3d","settings":{"flex_gap":{"column":"10","row":"10","isLinked":true,"unit":"px","size":10},"margin":{"unit":"px","top":"0","right":"0","bottom":"40","left":"0","isLinked":false},"margin_tablet":{"unit":"px","top":"0","right":"0","bottom":"30","left":"0","isLinked":false}},"elements":[{"id":"32cdd7f8","settings":{"title":"Today's Popular Picks","align":"center","typography_typography":"custom","typography_letter_spacing":{"unit":"px","size":-1.224,"sizes":[]}},"elements":[],"isInner":false,"widgetType":"glozin-heading","elType":"widget"},{"id":"4c820c45","settings":{"title":"Unmatched design\u2014superior performance and customer satisfaction in one.","title_size":"div","align":"center"},"elements":[],"isInner":false,"widgetType":"glozin-heading","elType":"widget"}],"isInner":false,"elType":"container"},{"id":"75b0128e","settings":{"margin":{"unit":"px","top":"0","right":"0","bottom":"80","left":"0","isLinked":false},"margin_mobile":{"unit":"px","top":"0","right":"0","bottom":"50","left":"0","isLinked":false}},"elements":[{"id":"37c706d","settings":{"limit":5,"slides_to_show":5,"slides_to_show_tablet":3,"slides_to_show_mobile":1,"slides_to_scroll_tablet":1,"image_spacing_custom":20,"image_spacing_custom_mobile":15,"navigation_classes":"none","navigation_classes_tablet":"dots","slidesperview_auto_mobile":"yes","type":"recent_products","ids":",3091,2935,3094,2947,3097"},"elements":[],"isInner":false,"widgetType":"glozin-products-carousel","elType":"widget"}],"isInner":false,"elType":"container"},{"id":"67533735","settings":{"flex_direction":"row"},"elements":[{"id":"7ed1bcc0","settings":{"content_width":"full","flex_direction":"row","flex_direction_tablet":"column","flex_gap":{"column":"0","row":"0","isLinked":false,"unit":"px","size":0},"overflow":"hidden","border_radius":{"unit":"px","top":"10","right":"10","bottom":"10","left":"10","isLinked":true}},"elements":[{"id":"50e60e59","settings":{"content_width":"full","flex_justify_content":"center","flex_align_items":"center","flex_gap":{"column":"0","row":"0","isLinked":false,"unit":"px","size":0},"background_background":"classic","background_color":"#01563B","padding":{"unit":"px","top":"60","right":"50","bottom":"60","left":"50","isLinked":false},"padding_mobile":{"unit":"px","top":"60","right":"40","bottom":"60","left":"40","isLinked":false}},"elements":[{"id":"2a113286","settings":{"title":"Best Choice<br class=\"d-none d-block-xl\"\/>\nPlant\u2014Based Food","align":"center","title_color":"#FFFFFF","typography_typography":"custom","typography_letter_spacing":{"unit":"px","size":-1.224,"sizes":[]},"_margin":{"unit":"px","top":"0","right":"0","bottom":"15","left":"0","isLinked":false}},"elements":[],"isInner":false,"widgetType":"glozin-heading","elType":"widget"},{"id":"5e06c36e","settings":{"title":"Organically grown tomatoes are vine-ripened under the Italian sun, allowing their full,\nrich flavour to develop. Nature left to do what it does best. They\u2019re then peeled,\nchopped and packed with tomato juice.","title_size":"div","align":"center","title_color":"#FFFFFF","_margin":{"unit":"px","top":"0","right":"0","bottom":"40","left":"0","isLinked":false},"_margin_tablet":{"unit":"px","top":"0","right":"0","bottom":"34","left":"0","isLinked":false},"_margin_mobile":{"unit":"px","top":"0","right":"0","bottom":"33","left":"0","isLinked":false}},"elements":[],"isInner":false,"widgetType":"glozin-heading","elType":"widget"},{"id":"51fb3140","settings":{"button_text":"Get at Only $58.00","button_style":"light","button_background_hover_color":"#0F855B","button_background_effect_hover_color":"#0F855B","button_link":{"url":"https:\/\/wpglozin.com\/organic\/product-category\/fresh-vegetables\/","is_external":"","nofollow":"","custom_attributes":""},"button_min_width":{"unit":"px","size":200,"sizes":[]},"button_min_width_mobile":{"unit":"px","size":180,"sizes":[]}},"elements":[],"isInner":false,"widgetType":"glozin-button","elType":"widget"}],"isInner":true,"elType":"container"},{"id":"7364465e","settings":{"content_width":"full","min_height_mobile":{"unit":"custom","size":"","sizes":[]}},"elements":[{"id":"3146ad89","settings":{"image":{"id":3067,"url":"https:\/\/wpglozin.com\/organic\/wp-content\/uploads\/sites\/13\/2025\/05\/hh-bn-2.webp","alt":"","source":"library","size":""},"image_size":"full","width":{"unit":"%","size":100,"sizes":[]},"height":{"unit":"%","size":100,"sizes":[]},"height_tablet":{"unit":"%","size":"","sizes":[]},"height_mobile":{"unit":"%","size":"","sizes":[]},"object-fit":"cover","image_border_radius":{"unit":"px","top":"0","right":"0","bottom":"0","left":"0","isLinked":true},"_flex_grow_tablet":1},"elements":[],"isInner":false,"widgetType":"image","elType":"widget"}],"isInner":true,"elType":"container"}],"isInner":true,"elType":"container"}],"isInner":false,"elType":"container"},{"id":"55cedf20","settings":{"content_width":"full"},"elements":[{"id":"62ecd337","settings":{"items":[{"text":"Unlimited delivery for only $7.59","_id":"1e7dcfc","image":{"url":"","id":"","size":""}},{"text":"Specials up to 50% Off!","image":{"url":"","id":"","size":""},"_id":"ae917fe"}],"padding":{"unit":"px","top":"66","right":"0","bottom":"69","left":"0","isLinked":false},"padding_tablet":{"unit":"px","top":"52","right":"0","bottom":"54","left":"0","isLinked":false},"padding_mobile":{"unit":"px","top":"49","right":"0","bottom":"51","left":"0","isLinked":false},"gap":{"unit":"px","size":120,"sizes":[]},"text_typography_typography":"custom","text_typography_font_size":{"unit":"px","size":40,"sizes":[]},"text_typography_font_weight":"500","text_color":"#01563B","border_border":"none"},"elements":[],"isInner":false,"widgetType":"glozin-marquee","elType":"widget"}],"isInner":false,"elType":"container"},{"id":"78a24044","settings":{"margin":{"unit":"px","top":"0","right":"0","bottom":"80","left":"0","isLinked":false},"margin_mobile":{"unit":"px","top":"0","right":"0","bottom":"50","left":"0","isLinked":false}},"elements":[{"id":"70126637","settings":{"items":[{"image":{"id":3068,"url":"https:\/\/wpglozin.com\/organic\/wp-content\/uploads\/sites\/13\/2025\/05\/hh-bn-3.webp","alt":"","source":"library","size":""},"link":{"url":"https:\/\/wpglozin.com\/organic\/product-category\/biscuits-snack\/","is_external":"","nofollow":"","custom_attributes":""},"title":"Potato Snacks\u2014Save $5.00","_id":"46f7a4a","youtube_url":"https:\/\/www.youtube.com\/watch?v=XHOmBV4js_E","vimeo_url":"https:\/\/vimeo.com\/235215203","description":"Save 50% on order more than $5.00. Delivery in 1 days. Apply for the first 1k Customers.","button_text":"Shop Save"},{"image":{"id":3069,"url":"https:\/\/wpglozin.com\/organic\/wp-content\/uploads\/sites\/13\/2025\/05\/hh-bn-4.webp","alt":"","source":"library","size":""},"link":{"url":"https:\/\/wpglozin.com\/organic\/product-category\/healthy-drinks\/","is_external":"","nofollow":"","custom_attributes":""},"title":"Butter Sauce\u2014Save $3.99","youtube_url":"https:\/\/www.youtube.com\/watch?v=XHOmBV4js_E","vimeo_url":"https:\/\/vimeo.com\/235215203","description":"Save 50% on order more than $59. Delivery in 1 days. Apply for the first 1k Customers.","button_text":"Shop Save","_id":"7149e75","cus_content_background_color":"#F5EFDF"},{"image":{"id":3070,"url":"https:\/\/wpglozin.com\/organic\/wp-content\/uploads\/sites\/13\/2025\/05\/hh-bn-5.webp","alt":"","source":"library","size":""},"link":{"url":"https:\/\/wpglozin.com\/organic\/product-category\/meat-and-eggs\/","is_external":"","nofollow":"","custom_attributes":""},"title":"Fresh Pork\u2014Only Each $5.00","youtube_url":"https:\/\/www.youtube.com\/watch?v=XHOmBV4js_E","vimeo_url":"https:\/\/vimeo.com\/235215203","description":"Save 10% on order more than $5.00. Delivery in 1 days. Apply for the first 1k Customers.","button_text":"Shop Save","_id":"da946ba"}],"aspect_ratio_type":"custom","aspect_ratio":"457:250","slides_to_show":3,"slides_to_show_tablet":2,"image_spacing_custom":20,"navigation_classes":"none","navigation_classes_tablet":"dots","image_border_radius":{"unit":"px","top":"10","right":"10","bottom":"0","left":"0","isLinked":false},"image_spacing":{"unit":"px","size":0,"sizes":[]},"title_typography_typography":"custom","title_typography_font_size":{"unit":"px","size":24,"sizes":[]},"title_typography_font_weight":"600","title_typography_letter_spacing":{"unit":"px","size":-0.816,"sizes":[]},"title_spacing":{"unit":"px","size":9,"sizes":[]},"button_style":"light","button_background_hover_color":"#0F855B","button_background_effect_hover_color":"#0F855B","content_background_color":"#F7E5E4","content_padding":{"unit":"px","top":"24","right":"30","bottom":"30","left":"30","isLinked":false},"content_border_radius":{"unit":"px","top":"0","right":"0","bottom":"10","left":"10","isLinked":false},"button_margin":{"unit":"px","top":"21","right":"0","bottom":"0","left":"0","isLinked":false},"aspect_ratio_type_mobile":"custom","button_min_width":{"unit":"px","size":180,"sizes":[]}},"elements":[],"isInner":false,"widgetType":"glozin-image-box-carousel","elType":"widget"}],"isInner":false,"elType":"container"},{"id":"11706f8e","settings":{"flex_gap":{"column":"10","row":"10","isLinked":true,"unit":"px","size":10},"margin":{"unit":"px","top":"0","right":"0","bottom":"40","left":"0","isLinked":false},"margin_tablet":{"unit":"px","top":"0","right":"0","bottom":"30","left":"0","isLinked":false}},"elements":[{"id":"35bd8e7f","settings":{"title":"Customer Favorites","align":"center","typography_typography":"custom","typography_letter_spacing":{"unit":"px","size":-1.224,"sizes":[]}},"elements":[],"isInner":false,"widgetType":"glozin-heading","elType":"widget"},{"id":"3134dd02","settings":{"title":"Unmatched design\u2014superior performance and customer satisfaction in one.","title_size":"div","align":"center"},"elements":[],"isInner":false,"widgetType":"glozin-heading","elType":"widget"}],"isInner":false,"elType":"container"},{"id":"63e55a35","settings":{"margin":{"unit":"px","top":"0","right":"0","bottom":"80","left":"0","isLinked":false},"margin_mobile":{"unit":"px","top":"0","right":"0","bottom":"50","left":"0","isLinked":false}},"elements":[{"id":"3b64aceb","settings":{"limit":5,"slides_to_show":5,"slides_to_show_tablet":3,"slides_to_show_mobile":1,"slides_to_scroll_tablet":1,"image_spacing_custom":20,"image_spacing_custom_mobile":15,"navigation_classes":"none","navigation_classes_tablet":"dots","slidesperview_auto_mobile":"yes","type":"recent_products","ids":"2929,2990,2921,2969,2953"},"elements":[],"isInner":false,"widgetType":"glozin-products-carousel","elType":"widget"}],"isInner":false,"elType":"container"},{"id":"2b9af5de","settings":{"margin":{"unit":"px","top":"0","right":"0","bottom":"80","left":"0","isLinked":false},"margin_mobile":{"unit":"px","top":"0","right":"0","bottom":"50","left":"0","isLinked":false}},"elements":[{"id":"1fd2449f","settings":{"banners":[{"image":{"id":3071,"url":"https:\/\/wpglozin.com\/organic\/wp-content\/uploads\/sites\/13\/2025\/05\/hh-bn-6.webp","alt":"","source":"library","size":""},"button_text":"Shop Save","button_link":{"url":"https:\/\/wpglozin.com\/organic\/product-category\/biscuits-snack\/","is_external":"","nofollow":"","custom_attributes":""},"_id":"ccd9cdf","youtube_url":"https:\/\/www.youtube.com\/watch?v=XHOmBV4js_E","vimeo_url":"https:\/\/vimeo.com\/235215203","title":"Under $7.00<br class=\"d-none d-block-xl\"> Pure Organic\u2014Vegan","icon_type_image":{"id":3043,"url":"https:\/\/wpglozin.com\/organic\/wp-content\/uploads\/sites\/13\/2025\/05\/placeholder-9.png"}},{"image":{"id":3072,"url":"https:\/\/wpglozin.com\/organic\/wp-content\/uploads\/sites\/13\/2025\/05\/hh-bn-7.webp","alt":"","source":"library","size":""},"button_text":"Shop Save","button_link":{"url":"https:\/\/wpglozin.com\/organic\/product-category\/fresh-vegetables\/","is_external":"","nofollow":"","custom_attributes":""},"youtube_url":"https:\/\/www.youtube.com\/watch?v=XHOmBV4js_E","vimeo_url":"https:\/\/vimeo.com\/235215203","title":"Under $5.00<br class=\"d-none d-block-xl\"> Super High\u2014Protein","_id":"52d96a1","icon_type_image":{"id":3044,"url":"https:\/\/wpglozin.com\/organic\/wp-content\/uploads\/sites\/13\/2025\/05\/placeholder-10.png"}},{"image":{"id":3073,"url":"https:\/\/wpglozin.com\/organic\/wp-content\/uploads\/sites\/13\/2025\/05\/hh-bn-8.webp","alt":"","source":"library","size":""},"button_text":"Shop Save","button_link":{"url":"https:\/\/wpglozin.com\/organic\/product-category\/meat-and-eggs\/","is_external":"","nofollow":"","custom_attributes":""},"youtube_url":"https:\/\/www.youtube.com\/watch?v=XHOmBV4js_E","vimeo_url":"https:\/\/vimeo.com\/235215203","title":"Under $15.00<br class=\"d-none d-block-xl\"> Pure Organic\u2014Drinks","_id":"dd77273","icon_type_image":{"id":3045,"url":"https:\/\/wpglozin.com\/organic\/wp-content\/uploads\/sites\/13\/2025\/05\/placeholder-11.png"}},{"image":{"id":3074,"url":"https:\/\/wpglozin.com\/organic\/wp-content\/uploads\/sites\/13\/2025\/05\/hh-bn-9.webp","alt":"","source":"library","size":""},"button_text":"Shop Save","button_link":{"url":"https:\/\/wpglozin.com\/organic\/product-category\/fresh-vegetables\/","is_external":"","nofollow":"","custom_attributes":""},"youtube_url":"https:\/\/www.youtube.com\/watch?v=XHOmBV4js_E","vimeo_url":"https:\/\/vimeo.com\/235215203","title":"Under $55.00<br class=\"d-none d-block-xl\"> Best Choice\u2014Meat","_id":"b569290","icon_type_image":{"id":3046,"url":"https:\/\/wpglozin.com\/organic\/wp-content\/uploads\/sites\/13\/2025\/05\/placeholder-12.png"}}],"slides_to_show_tablet":2,"slides_to_scroll_tablet":1,"image_spacing_custom":20,"navigation_classes":"none","navigation_classes_tablet":"dots","banner_padding":{"unit":"px","top":"30","right":"30","bottom":"30","left":"30","isLinked":true},"title_typography_typography":"custom","title_typography_font_size":{"unit":"px","size":28,"sizes":[]},"title_typography_font_size_tablet":{"unit":"px","size":24,"sizes":[]},"title_typography_font_size_mobile":{"unit":"px","size":23,"sizes":[]},"title_typography_font_weight":"600","title_typography_line_height":{"unit":"custom","size":"normal","sizes":[]},"title_typography_line_height_tablet":{"unit":"custom","size":"","sizes":[]},"title_typography_line_height_mobile":{"unit":"custom","size":"","sizes":[]},"title_typography_letter_spacing":{"unit":"custom","size":"-0.952px","sizes":[]},"title_typography_letter_spacing_tablet":{"unit":"custom","size":"","sizes":[]},"title_typography_letter_spacing_mobile":{"unit":"custom","size":"","sizes":[]},"title_margin":{"unit":"px","top":"0","right":"0","bottom":"20","left":"0","isLinked":false},"button_min_width":{"unit":"px","size":180,"sizes":[]}},"elements":[],"isInner":false,"widgetType":"glozin-banner-carousel","elType":"widget"}],"isInner":false,"elType":"container"},{"id":"34fd4920","settings":{"flex_gap":{"column":"10","row":"10","isLinked":true,"unit":"px","size":10},"margin":{"unit":"px","top":"0","right":"0","bottom":"40","left":"0","isLinked":false},"margin_tablet":{"unit":"px","top":"0","right":"0","bottom":"30","left":"0","isLinked":false}},"elements":[{"id":"24472c3c","settings":{"title":"Shop by Gram","align":"center","typography_typography":"custom","typography_letter_spacing":{"unit":"px","size":-1.224,"sizes":[]}},"elements":[],"isInner":false,"widgetType":"glozin-heading","elType":"widget"},{"id":"57f70c9f","settings":{"title":"Inspire and let yourself be inspired, from one unique fashion to another.","title_size":"div","align":"center"},"elements":[],"isInner":false,"widgetType":"glozin-heading","elType":"widget"}],"isInner":false,"elType":"container"},{"id":"78b0ff98","settings":{"flex_direction":"column","content_width":"full","padding":{"unit":"px","top":"0","right":"30","bottom":"0","left":"30","isLinked":false},"padding_tablet":{"unit":"px","top":"0","right":"15","bottom":"0","left":"15","isLinked":false}},"elements":[{"id":"58f6e27a","settings":{"images":[{"_id":"53aa6ba","image":{"id":3078,"url":"https:\/\/wpglozin.com\/organic\/wp-content\/uploads\/sites\/13\/2025\/05\/hh-ins-1.webp","alt":"","source":"library","size":""},"youtube_url":"https:\/\/www.youtube.com\/watch?v=XHOmBV4js_E","vimeo_url":"https:\/\/vimeo.com\/235215203","action":"link"},{"image":{"id":3079,"url":"https:\/\/wpglozin.com\/organic\/wp-content\/uploads\/sites\/13\/2025\/05\/hh-ins-2.webp","alt":"","source":"library","size":""},"youtube_url":"https:\/\/www.youtube.com\/watch?v=XHOmBV4js_E","vimeo_url":"https:\/\/vimeo.com\/235215203","action":"link","_id":"a500962"},{"image":{"id":3081,"url":"https:\/\/wpglozin.com\/organic\/wp-content\/uploads\/sites\/13\/2025\/05\/hh-ins-3.webp","alt":"","source":"library","size":""},"youtube_url":"https:\/\/www.youtube.com\/watch?v=XHOmBV4js_E","vimeo_url":"https:\/\/vimeo.com\/235215203","action":"link","_id":"a7afe47"},{"image":{"id":3082,"url":"https:\/\/wpglozin.com\/organic\/wp-content\/uploads\/sites\/13\/2025\/05\/hh-ins-4.webp","alt":"","source":"library","size":""},"youtube_url":"https:\/\/www.youtube.com\/watch?v=XHOmBV4js_E","vimeo_url":"https:\/\/vimeo.com\/235215203","action":"link","_id":"da10331"},{"image":{"id":3083,"url":"https:\/\/wpglozin.com\/organic\/wp-content\/uploads\/sites\/13\/2025\/05\/hh-ins-5.webp","alt":"","source":"library","size":""},"youtube_url":"https:\/\/www.youtube.com\/watch?v=XHOmBV4js_E","vimeo_url":"https:\/\/vimeo.com\/235215203","action":"link","_id":"892fcfd"},{"image":{"id":3085,"url":"https:\/\/wpglozin.com\/organic\/wp-content\/uploads\/sites\/13\/2025\/05\/hh-ins-6.webp","alt":"","source":"library","size":""},"youtube_url":"https:\/\/www.youtube.com\/watch?v=XHOmBV4js_E","vimeo_url":"https:\/\/vimeo.com\/235215203","action":"link","_id":"1f354d4"},{"image":{"id":3086,"url":"https:\/\/wpglozin.com\/organic\/wp-content\/uploads\/sites\/13\/2025\/05\/hh-ins-7.webp","alt":"","source":"library","size":""},"youtube_url":"https:\/\/www.youtube.com\/watch?v=XHOmBV4js_E","vimeo_url":"https:\/\/vimeo.com\/235215203","action":"link","_id":"91ea2af"}],"slides_to_show":7,"slides_to_show_tablet":3,"slides_to_show_mobile":2,"slides_to_scroll_tablet":3,"slides_to_scroll_mobile":2,"navigation_classes":"none","navigation_classes_tablet":"dots","icon_position":"middle","image_size":"medium"},"elements":[],"isInner":false,"widgetType":"glozin-shoppable-images-carousel","elType":"widget"}],"isInner":false,"elType":"container"}],"page_settings":{"hide_page_header":"yes","page_header_top_padding":{"unit":"px","size":0,"sizes":[]},"content_top_spacing":"custom","content_top_padding":{"unit":"px","size":0,"sizes":[]},"content_bottom_spacing":"custom","content_bottom_padding":{"unit":"px","size":0,"sizes":[]},"hide_header_border":"yes","hide_footer_border":"yes"},"version":"0.4","title":"Home - Healthy Haven","type":"page"}