{"content":[{"id":"672132c","settings":{"flex_direction":"row","flex_gap":{"unit":"px","size":20,"column":"20","row":"20","isLinked":true},"flex_direction_tablet":"column","margin":{"unit":"px","top":"30","right":"0","bottom":"30","left":"0","isLinked":false},"margin_tablet":{"unit":"px","top":"23","right":"0","bottom":"23","left":"0","isLinked":false},"margin_mobile":{"unit":"px","top":"22.5","right":"0","bottom":"22.5","left":"0","isLinked":false}},"elements":[{"id":"7e4daaca","settings":{"flex_direction":"column","content_width":"full","width":{"unit":"%","size":"50"},"width_tablet":{"unit":"%","size":100,"sizes":[]},"width_mobile":{"unit":"%","size":"","sizes":[]}},"elements":[{"id":"44904d0","settings":{"image":{"id":2973,"url":"https:\/\/wpglozin.com\/tiny-outfits\/wp-content\/uploads\/sites\/17\/2025\/05\/to-bn-1.webp","alt":"","source":"library","size":""},"youtube_url":"https:\/\/www.youtube.com\/watch?v=XHOmBV4js_E","vimeo_url":"https:\/\/vimeo.com\/235215203","aspect_ratio_type":"custom","aspect_ratio":"139:112","sub_title":"INSPIRED BY PLAY","title":"Sleeveless Dress","button_text":"Shop Save","text_align":"","banner_padding":{"unit":"px","top":"40","right":"40","bottom":"40","left":"40","isLinked":true},"banner_padding_tablet":{"unit":"px","top":"28","right":"19","bottom":"28","left":"19","isLinked":false},"border_radius":{"unit":"px","top":"10","right":"10","bottom":"10","left":"10","isLinked":true},"sub_title_typography_typography":"custom","sub_title_typography_font_size":{"unit":"px","size":12,"sizes":[]},"sub_title_typography_font_weight":"700","sub_title_typography_line_height":{"unit":"custom","size":"1.21","sizes":[]},"sub_title_typography_line_height_tablet":{"unit":"custom","size":"","sizes":[]},"sub_title_typography_line_height_mobile":{"unit":"custom","size":"","sizes":[]},"sub_title_margin":{"unit":"px","top":"0","right":"0","bottom":"10","left":"0","isLinked":false},"title_typography_typography":"custom","title_typography_font_size":{"unit":"px","size":40,"sizes":[]},"title_typography_font_size_tablet":{"unit":"px","size":34,"sizes":[]},"title_typography_font_size_mobile":{"unit":"px","size":33,"sizes":[]},"title_typography_line_height":{"unit":"custom","size":"1","sizes":[]},"title_typography_line_height_tablet":{"unit":"custom","size":"","sizes":[]},"title_typography_line_height_mobile":{"unit":"custom","size":"","sizes":[]},"title_typography_letter_spacing":{"unit":"px","size":-1.36,"sizes":[]},"title_typography_letter_spacing_tablet":{"unit":"px","size":-1.17598,"sizes":[]},"title_margin":{"unit":"px","top":"0","right":"0","bottom":"30","left":"0","isLinked":false},"button_link":{"url":"https:\/\/wpglozin.com\/tiny-outfits\/product-category\/dresses\/","is_external":"","nofollow":"","custom_attributes":""},"button_min_width":{"unit":"px","size":180,"sizes":[]}},"elements":[],"isInner":false,"widgetType":"glozin-banner","elType":"widget"}],"isInner":true,"elType":"container"},{"id":"567bdbb6","settings":{"flex_direction":"column","content_width":"full","width":{"unit":"%","size":"50"},"width_tablet":{"unit":"%","size":100,"sizes":[]},"width_mobile":{"unit":"%","size":"","sizes":[]}},"elements":[{"id":"75dc73a5","settings":{"image":{"id":2974,"url":"https:\/\/wpglozin.com\/tiny-outfits\/wp-content\/uploads\/sites\/17\/2025\/05\/to-bn-2.webp","alt":"","source":"library","size":""},"youtube_url":"https:\/\/www.youtube.com\/watch?v=XHOmBV4js_E","vimeo_url":"https:\/\/vimeo.com\/235215203","aspect_ratio_type":"custom","aspect_ratio":"139:112","sub_title":"BUY 1 GET 1\u2014HOLIDAY SALE!","title":"Boys Comfy Styles","button_text":"Shop Save","text_align":"","banner_padding":{"unit":"px","top":"40","right":"40","bottom":"40","left":"40","isLinked":true},"banner_padding_tablet":{"unit":"px","top":"28","right":"19","bottom":"28","left":"19","isLinked":false},"border_radius":{"unit":"px","top":"10","right":"10","bottom":"10","left":"10","isLinked":true},"sub_title_typography_typography":"custom","sub_title_typography_font_size":{"unit":"px","size":12,"sizes":[]},"sub_title_typography_font_weight":"700","sub_title_typography_line_height":{"unit":"custom","size":"1.21","sizes":[]},"sub_title_typography_line_height_tablet":{"unit":"custom","size":"","sizes":[]},"sub_title_typography_line_height_mobile":{"unit":"custom","size":"","sizes":[]},"sub_title_margin":{"unit":"px","top":"0","right":"0","bottom":"10","left":"0","isLinked":false},"title_typography_typography":"custom","title_typography_font_size":{"unit":"px","size":40,"sizes":[]},"title_typography_font_size_tablet":{"unit":"px","size":34,"sizes":[]},"title_typography_font_size_mobile":{"unit":"px","size":33,"sizes":[]},"title_typography_line_height":{"unit":"custom","size":"1","sizes":[]},"title_typography_line_height_tablet":{"unit":"custom","size":"","sizes":[]},"title_typography_line_height_mobile":{"unit":"custom","size":"","sizes":[]},"title_typography_letter_spacing":{"unit":"px","size":-1.36,"sizes":[]},"title_typography_letter_spacing_tablet":{"unit":"px","size":-1.17598,"sizes":[]},"title_margin":{"unit":"px","top":"0","right":"0","bottom":"30","left":"0","isLinked":false},"button_link":{"url":"https:\/\/wpglozin.com\/tiny-outfits\/product-category\/accessory\/","is_external":"","nofollow":"","custom_attributes":""},"button_min_width":{"unit":"px","size":180,"sizes":[]}},"elements":[],"isInner":false,"widgetType":"glozin-banner","elType":"widget"}],"isInner":true,"elType":"container"}],"isInner":false,"elType":"container"},{"id":"4ee9b6fb","settings":{"content_width":"full","margin":{"unit":"px","top":"0","right":"0","bottom":"35","left":"0","isLinked":false},"margin_tablet":{"unit":"px","top":"0","right":"0","bottom":"27","left":"0","isLinked":false},"margin_mobile":{"unit":"px","top":"0","right":"0","bottom":"26","left":"0","isLinked":false}},"elements":[{"id":"21acff46","settings":{"items":[{"text":"Free delivery and returns from $120","_id":"ac85fe5","type":"icon","icon":{"value":{"url":"https:\/\/wpglozin.com\/tiny-outfits\/wp-content\/uploads\/sites\/17\/2025\/05\/icon-flower.svg","id":2975},"library":"svg"},"image":{"id":2961,"url":"https:\/\/wpglozin.com\/tiny-outfits\/wp-content\/uploads\/sites\/17\/2025\/05\/woocommerce-placeholder-600x600-1.webp"}},{"text":"Subscribe and get 10% off your first purchase","type":"icon","icon":{"value":{"url":"https:\/\/wpglozin.com\/tiny-outfits\/wp-content\/uploads\/sites\/17\/2025\/05\/icon-flower.svg","id":2975},"library":"svg"},"_id":"fde6315","image":{"id":2962,"url":"https:\/\/wpglozin.com\/tiny-outfits\/wp-content\/uploads\/sites\/17\/2025\/05\/woocommerce-placeholder-600x600-2.webp"}},{"text":"Great-free returns product within 10 days","type":"icon","icon":{"value":{"url":"https:\/\/wpglozin.com\/tiny-outfits\/wp-content\/uploads\/sites\/17\/2025\/05\/icon-flower.svg","id":2975},"library":"svg"},"_id":"8dc3f2d","image":{"id":2963,"url":"https:\/\/wpglozin.com\/tiny-outfits\/wp-content\/uploads\/sites\/17\/2025\/05\/woocommerce-placeholder-600x600-3.webp"}}],"padding":{"unit":"px","top":"22","right":"0","bottom":"22","left":"0","isLinked":false},"gap":{"unit":"px","size":50,"sizes":[]},"border_border":"none","icon_size":{"unit":"px","size":21,"sizes":[]},"icon_color":"#111111","spacing":{"unit":"px","size":50,"sizes":[]},"text_typography_typography":"custom","text_typography_font_size":{"unit":"px","size":15,"sizes":[]},"text_typography_font_weight":"600","text_color":"#111111"},"elements":[],"isInner":false,"widgetType":"glozin-marquee","elType":"widget"}],"isInner":false,"elType":"container"},{"id":"1f4157cf","settings":{"margin":{"unit":"px","top":"0","right":"0","bottom":"60","left":"0","isLinked":false},"margin_mobile":{"unit":"px","top":"0","right":"0","bottom":"45","left":"0","isLinked":false},"margin_tablet":{"unit":"px","top":"0","right":"0","bottom":"47","left":"0","isLinked":false}},"elements":[{"id":"342de92f","settings":{"heading":"This is the heading","source":"custom","items":[{"_id":"5a26175","image":{"id":2976,"url":"https:\/\/wpglozin.com\/tiny-outfits\/wp-content\/uploads\/sites\/17\/2025\/05\/to-cat-1.webp","alt":"","source":"library","size":""},"product_cat":"girls-clothes"},{"image":{"id":2977,"url":"https:\/\/wpglozin.com\/tiny-outfits\/wp-content\/uploads\/sites\/17\/2025\/05\/to-cat-2.webp","alt":"","source":"library","size":""},"product_cat":"boy-clothes","_id":"4045fa0"},{"image":{"id":2978,"url":"https:\/\/wpglozin.com\/tiny-outfits\/wp-content\/uploads\/sites\/17\/2025\/05\/to-cat-3.webp","alt":"","source":"library","size":""},"product_cat":"dresses","_id":"197aedd"},{"image":{"id":2979,"url":"https:\/\/wpglozin.com\/tiny-outfits\/wp-content\/uploads\/sites\/17\/2025\/05\/to-cat-4.webp","alt":"","source":"library","size":""},"product_cat":"outerwear","_id":"80c24b5"},{"image":{"id":2980,"url":"https:\/\/wpglozin.com\/tiny-outfits\/wp-content\/uploads\/sites\/17\/2025\/05\/to-cat-5.webp","alt":"","source":"library","size":""},"product_cat":"accessory","_id":"f3d534d"},{"image":{"id":2981,"url":"https:\/\/wpglozin.com\/tiny-outfits\/wp-content\/uploads\/sites\/17\/2025\/05\/to-cat-6.webp","alt":"","source":"library","size":""},"product_cat":"toys-teddy","_id":"d4bd654"}],"button_text":"","view_all_btn_title":"View All","view_all_btn_text":"Click here","slides_to_show":6,"slides_to_show_tablet":4,"image_spacing_custom":55,"image_spacing_custom_tablet":30,"navigation_classes_tablet":"dots","image_border_radius":{"unit":"px","top":"150","right":"150","bottom":"150","left":"150","isLinked":true},"slides_to_show_mobile":3,"image_spacing_custom_mobile":15,"title_typography_typography":"custom","title_typography_font_size_mobile":{"unit":"px","size":14,"sizes":[]},"navigation_classes":"none","view_all_btn_image":{"id":"","url":"https:\/\/wpglozin.com\/tiny-outfits\/wp-content\/plugins\/elementor\/assets\/images\/placeholder.png"},"content_align":"center","image_max_width":{"unit":"px","size":185,"sizes":[]},"image_size":"medium"},"elements":[],"isInner":false,"widgetType":"glozin-categories-carousel","elType":"widget"}],"isInner":false,"elType":"container"},{"id":"27d59e76","settings":{"flex_direction":"row","flex_align_items":"center","flex_gap":{"column":"30","row":"30","isLinked":true,"unit":"px","size":30},"flex_gap_mobile":{"column":"15","row":"15","isLinked":true,"unit":"px","size":15},"margin":{"unit":"px","top":"0","right":"0","bottom":"33","left":"0","isLinked":false},"margin_mobile":{"unit":"px","top":"0","right":"0","bottom":"20","left":"0","isLinked":false}},"elements":[{"id":"11417ece","settings":{"title":"Best Selling","typography_typography":"custom","typography_letter_spacing":{"unit":"px","size":-1.224,"sizes":[]}},"elements":[],"isInner":false,"widgetType":"glozin-heading","elType":"widget"},{"id":"4d0435dc","settings":{"button_text":"View All","button_style":"subtle","button_typography_typography":"custom","button_typography_font_size":{"unit":"px","size":16,"sizes":[]},"button_typography_font_weight":"600","button_typography_letter_spacing":{"unit":"px","size":-0.36,"sizes":[]},"button_link":{"url":"https:\/\/wpglozin.com\/tiny-outfits\/shop\/?orderby=popularity","is_external":"","nofollow":"","custom_attributes":""}},"elements":[],"isInner":false,"widgetType":"glozin-button","elType":"widget"}],"isInner":false,"elType":"container"},{"id":"68365529","settings":{"margin":{"unit":"px","top":"0","right":"0","bottom":"80","left":"0","isLinked":false},"margin_mobile":{"unit":"px","top":"0","right":"0","bottom":"50","left":"0","isLinked":false}},"elements":[{"id":"7181336d","settings":{"limit":4,"type":"recent_products","slides_to_show_tablet":4,"slides_to_show_mobile":2,"image_spacing_custom":20,"image_spacing_custom_tablet":15,"image_spacing_custom_mobile":15,"navigation_classes":"none","navigation_classes_tablet":"none","navigation_classes_mobile":"dots","ids":"3002,3007,3012,3015"},"elements":[],"isInner":false,"widgetType":"glozin-products-carousel","elType":"widget"}],"isInner":false,"elType":"container"},{"id":"48bc8c90","settings":{"margin":{"unit":"px","top":"0","right":"0","bottom":"80","left":"0","isLinked":false},"margin_mobile":{"unit":"px","top":"0","right":"0","bottom":"50","left":"0","isLinked":false}},"elements":[{"id":"29fd4d9d","settings":{"banners":[{"image":{"id":2985,"url":"https:\/\/wpglozin.com\/tiny-outfits\/wp-content\/uploads\/sites\/17\/2025\/05\/to-bn-3.webp","alt":"","source":"library","size":""},"button_text":"Shop Sale","button_link":{"url":"https:\/\/wpglozin.com\/tiny-outfits\/product-category\/girls-clothes\/","is_external":"","nofollow":"","custom_attributes":""},"_id":"306c973","youtube_url":"https:\/\/www.youtube.com\/watch?v=XHOmBV4js_E","vimeo_url":"https:\/\/vimeo.com\/235215203","sub_title":"SALE 30\u201450% OUTERWEAR","title":"Colorful Clothes","icon_type_image":{"id":2964,"url":"https:\/\/wpglozin.com\/tiny-outfits\/wp-content\/uploads\/sites\/17\/2025\/05\/placeholder-5.png"}},{"image":{"id":2986,"url":"https:\/\/wpglozin.com\/tiny-outfits\/wp-content\/uploads\/sites\/17\/2025\/05\/to-bn-4.webp","alt":"","source":"library","size":""},"button_text":"Shop Sale","button_link":{"url":"https:\/\/wpglozin.com\/tiny-outfits\/product-category\/accessory\/","is_external":"","nofollow":"","custom_attributes":""},"_id":"fd1023a","youtube_url":"https:\/\/www.youtube.com\/watch?v=XHOmBV4js_E","vimeo_url":"https:\/\/vimeo.com\/235215203","sub_title":"SAVE 30\u201450% DRESSES","title":"Adorable Outfits","icon_type_image":{"id":2965,"url":"https:\/\/wpglozin.com\/tiny-outfits\/wp-content\/uploads\/sites\/17\/2025\/05\/placeholder-6.png"}}],"aspect_ratio_type":"custom","aspect_ratio":"139:56","slides_to_show":2,"slides_to_show_tablet":1,"image_spacing_custom":20,"navigation_classes":"none","navigation_classes_tablet":"dots","text_align":"","banner_padding":{"unit":"px","top":"30","right":"30","bottom":"30","left":"30","isLinked":true},"sub_title_typography_typography":"custom","sub_title_typography_font_size":{"unit":"px","size":12,"sizes":[]},"sub_title_typography_font_weight":"700","sub_title_typography_line_height":{"unit":"custom","size":"1.21","sizes":[]},"sub_title_typography_line_height_tablet":{"unit":"custom","size":"","sizes":[]},"sub_title_typography_line_height_mobile":{"unit":"custom","size":"","sizes":[]},"sub_title_margin":{"unit":"px","top":"0","right":"0","bottom":"10","left":"0","isLinked":false},"title_typography_typography":"custom","title_typography_font_size":{"unit":"px","size":36,"sizes":[]},"title_typography_font_size_tablet":{"unit":"px","size":31,"sizes":[]},"title_typography_font_size_mobile":{"unit":"px","size":29,"sizes":[]},"title_typography_line_height":{"unit":"custom","size":"normal","sizes":[]},"title_typography_line_height_tablet":{"unit":"custom","size":"","sizes":[]},"title_typography_line_height_mobile":{"unit":"custom","size":"","sizes":[]},"title_typography_letter_spacing":{"unit":"px","size":-1.224,"sizes":[]},"title_margin":{"unit":"px","top":"0","right":"0","bottom":"25","left":"0","isLinked":false},"button_min_width":{"unit":"px","size":180,"sizes":[]}},"elements":[],"isInner":false,"widgetType":"glozin-banner-carousel","elType":"widget"}],"isInner":false,"elType":"container"},{"id":"60a3e465","settings":{"boxed_width":{"unit":"px","size":1200,"sizes":[]},"margin":{"unit":"px","top":"0","right":"0","bottom":"80","left":"0","isLinked":false},"margin_mobile":{"unit":"px","top":"0","right":"0","bottom":"50","left":"0","isLinked":false}},"elements":[{"id":"53fb9b41","settings":{"product_id":3024,"summary_horizontal_position":"center","summary_vertical_position":"middle","summary_text_align":"center","summary_padding":{"unit":"px","top":"47","right":"55","bottom":"47","left":"55","isLinked":false},"summary_padding_tablet":{"unit":"px","top":"0","right":"0","bottom":"0","left":"0","isLinked":false},"hide_featured_icons":"none","hide_wishlist_button":"none","hide_compare_button":"none"},"elements":[],"isInner":false,"widgetType":"glozin-product-showcase","elType":"widget"}],"isInner":false,"elType":"container"},{"id":"259bb20f","settings":{"content_width":"full","padding":{"unit":"px","top":"0","right":"30","bottom":"0","left":"30","isLinked":false},"padding_tablet":{"unit":"px","top":"0","right":"15","bottom":"0","left":"15","isLinked":false},"margin":{"unit":"px","top":"0","right":"0","bottom":"80","left":"0","isLinked":false},"margin_mobile":{"unit":"px","top":"0","right":"0","bottom":"50","left":"0","isLinked":false}},"elements":[{"id":"749c5eeb","settings":{"content_width":"full","min_height":{"unit":"px","size":600,"sizes":[]},"min_height_tablet":{"unit":"px","size":500,"sizes":[]},"flex_direction":"column","flex_justify_content":"center","flex_gap":{"column":"0","row":"0","isLinked":true,"unit":"px","size":0},"background_background":"video","background_video_link":"\/\/glozin-demo-v2.myshopify.com\/cdn\/shop\/videos\/c\/vp\/4969a15d1e334b3db21d8ba1cb043169\/4969a15d1e334b3db21d8ba1cb043169.HD-1080p-7.2Mbps-40344756.mp4","background_play_on_mobile":"yes","border_radius":{"unit":"px","top":"15","right":"15","bottom":"15","left":"15","isLinked":true},"padding":{"unit":"px","top":"50","right":"50","bottom":"50","left":"50","isLinked":true},"padding_tablet":{"unit":"px","top":"35","right":"20","bottom":"35","left":"20","isLinked":false},"flex_align_items":"center","background_video_fallback":{"id":2988,"url":"https:\/\/wpglozin.com\/tiny-outfits\/wp-content\/uploads\/sites\/17\/2025\/05\/to-bn-5.webp","alt":"","source":"library","size":""}},"elements":[{"id":"1b6950d6","settings":{"selected_icon":{"value":{"url":"https:\/\/wpglozin.com\/tiny-outfits\/wp-content\/uploads\/sites\/17\/2025\/05\/icon-hand-heart.svg","id":2987},"library":"svg"},"primary_color":"#FFFFFF","size":{"unit":"px","size":50,"sizes":[]}},"elements":[],"isInner":false,"widgetType":"icon","elType":"widget"},{"id":"7dd8a28e","settings":{"title":"TRENDY KIDS' CLOTHING","title_size":"div","title_color":"#FFFFFF","typography_typography":"custom","typography_font_size":{"unit":"px","size":12,"sizes":[]},"typography_font_weight":"700","typography_text_transform":"uppercase","_margin":{"unit":"px","top":"0","right":"0","bottom":"5","left":"0","isLinked":false}},"elements":[],"isInner":false,"widgetType":"glozin-heading","elType":"widget"},{"id":"287bb951","settings":{"title":"Connect. Communicate.<br class=\"d-none d-block-xl\"\/>\nCollaborate.","title_color":"#FFFFFF","typography_typography":"custom","typography_font_size":{"unit":"px","size":40,"sizes":[]},"typography_font_size_tablet":{"unit":"px","size":34,"sizes":[]},"typography_font_size_mobile":{"unit":"px","size":33,"sizes":[]},"typography_font_weight":"600","typography_letter_spacing":{"unit":"px","size":-1.36,"sizes":[]},"_margin":{"unit":"px","top":"0","right":"0","bottom":"30","left":"0","isLinked":false},"align":"center"},"elements":[],"isInner":false,"widgetType":"glozin-heading","elType":"widget"},{"id":"6cb9d406","settings":{"button_text":"Shop Collection","button_style":"light","button_link":{"url":"https:\/\/wpglozin.com\/tiny-outfits\/shop\/","is_external":"","nofollow":"","custom_attributes":""},"button_min_width":{"unit":"px","size":200,"sizes":[]},"button_min_width_mobile":{"unit":"px","size":180,"sizes":[]}},"elements":[],"isInner":false,"widgetType":"glozin-button","elType":"widget"}],"isInner":true,"elType":"container"}],"isInner":false,"elType":"container"},{"id":"86483c1","settings":{"flex_direction":"row","flex_align_items":"center","flex_gap":{"column":"30","row":"30","isLinked":true,"unit":"px","size":30},"flex_gap_mobile":{"column":"15","row":"15","isLinked":true,"unit":"px","size":15},"margin":{"unit":"px","top":"0","right":"0","bottom":"33","left":"0","isLinked":false},"margin_mobile":{"unit":"px","top":"0","right":"0","bottom":"20","left":"0","isLinked":false}},"elements":[{"id":"2bc62a03","settings":{"title":"Popular Picks","typography_typography":"custom","typography_letter_spacing":{"unit":"px","size":-1.224,"sizes":[]}},"elements":[],"isInner":false,"widgetType":"glozin-heading","elType":"widget"},{"id":"651ee576","settings":{"button_text":"View All","button_style":"subtle","button_typography_typography":"custom","button_typography_font_size":{"unit":"px","size":16,"sizes":[]},"button_typography_font_weight":"600","button_typography_letter_spacing":{"unit":"px","size":-0.36,"sizes":[]},"button_link":{"url":"https:\/\/wpglozin.com\/tiny-outfits\/shop\/?orderby=popularity","is_external":"","nofollow":"","custom_attributes":""}},"elements":[],"isInner":false,"widgetType":"glozin-button","elType":"widget"}],"isInner":false,"elType":"container"},{"id":"1d06cc19","settings":{"margin":{"unit":"px","top":"0","right":"0","bottom":"80","left":"0","isLinked":false},"margin_mobile":{"unit":"px","top":"0","right":"0","bottom":"50","left":"0","isLinked":false}},"elements":[{"id":"2bf6a93c","settings":{"limit":4,"slides_to_show_tablet":4,"slides_to_show_mobile":2,"image_spacing_custom":20,"image_spacing_custom_tablet":15,"image_spacing_custom_mobile":15,"navigation_classes":"none","navigation_classes_tablet":"none","navigation_classes_mobile":"dots","type":"recent_products","ids":"3037,3042,3047,3052"},"elements":[],"isInner":false,"widgetType":"glozin-products-carousel","elType":"widget"}],"isInner":false,"elType":"container"},{"id":"72e8da50","settings":{"flex_gap":{"column":"10","row":"10","isLinked":true,"unit":"px","size":10},"margin":{"unit":"px","top":"0","right":"0","bottom":"33","left":"0","isLinked":false}},"elements":[{"id":"66e7bb66","settings":{"title":"Customer Say!","align":"center","typography_typography":"custom","typography_line_height":{"unit":"custom","size":"1.21","sizes":[]},"typography_line_height_tablet":{"unit":"custom","size":"","sizes":[]},"typography_line_height_mobile":{"unit":"custom","size":"","sizes":[]},"typography_letter_spacing":{"unit":"px","size":-1.224,"sizes":[]}},"elements":[],"isInner":false,"widgetType":"glozin-heading","elType":"widget"},{"id":"76813271","settings":{"title":"Customers love our products and we always strive to please them all.","title_size":"div","align":"center","title_color":"#444444"},"elements":[],"isInner":false,"widgetType":"glozin-heading","elType":"widget"}],"isInner":false,"elType":"container"},{"id":"732c8217","settings":{"margin":{"unit":"px","top":"0","right":"0","bottom":"80","left":"0","isLinked":false},"margin_mobile":{"unit":"px","top":"0","right":"0","bottom":"50","left":"0","isLinked":false}},"elements":[{"id":"4b2d5b08","settings":{"testimonials":[{"testimonial_name":"Susan Gibson.","_id":"9050bb3","image":{"id":2989,"url":"https:\/\/wpglozin.com\/tiny-outfits\/wp-content\/uploads\/sites\/17\/2025\/05\/to-test-1.webp","alt":"","source":"library","size":""},"youtube_url":"https:\/\/www.youtube.com\/watch?v=XHOmBV4js_E","vimeo_url":"https:\/\/vimeo.com\/235215203","testimonial_text":"Verified Buyer","testimonial_content":"Kids' clothing perfectly merges comfort and style, ideal for all-day fun. Bright colors and playful patterns let them express their unique personalities! \ud83e\udd17","testimonial_product_id":2957},{"testimonial_name":"Algistino Lionel.","image":{"id":2990,"url":"https:\/\/wpglozin.com\/tiny-outfits\/wp-content\/uploads\/sites\/17\/2025\/05\/to-test-2.webp","alt":"","source":"library","size":""},"youtube_url":"https:\/\/www.youtube.com\/watch?v=XHOmBV4js_E","vimeo_url":"https:\/\/vimeo.com\/235215203","testimonial_text":"Verified Buyer","testimonial_content":"My little daughter loves this outfit! She looks so delighted and happy in it. We will definitely support you again next time. Thank you so much! \ud83d\ude0d","testimonial_product_id":3002,"_id":"6b8a8da"},{"testimonial_name":"Algistino Lionel.","image":{"id":2991,"url":"https:\/\/wpglozin.com\/tiny-outfits\/wp-content\/uploads\/sites\/17\/2025\/05\/to-test-3.webp","alt":"","source":"library","size":""},"youtube_url":"https:\/\/www.youtube.com\/watch?v=XHOmBV4js_E","vimeo_url":"https:\/\/vimeo.com\/235215203","testimonial_text":"Verified Buyer","testimonial_content":"Kids' clothing perfectly merges comfort and style, ideal for all-day fun. Bright colors and playful patterns let them express their unique personalities! \ud83e\udd17","testimonial_product_id":3012,"_id":"decfb0b"},{"testimonial_name":"Carie-Gos\u00e9e H.","image":{"id":2992,"url":"https:\/\/wpglozin.com\/tiny-outfits\/wp-content\/uploads\/sites\/17\/2025\/05\/to-test-4.webp","alt":"","source":"library","size":""},"youtube_url":"https:\/\/www.youtube.com\/watch?v=XHOmBV4js_E","vimeo_url":"https:\/\/vimeo.com\/235215203","testimonial_text":"Verified Buyer","testimonial_content":"My little daughter loves this outfit! She looks so delighted and happy in it. We will definitely support you again next time. Thank you so much! \ud83d\ude0d","testimonial_product_id":3047,"_id":"9d5b477"}],"navigation_classes_mobile":"dots","item_border_radius":{"unit":"px","top":"10","right":"10","bottom":"10","left":"10","isLinked":true},"aspect_ratio_type":"custom","aspect_ratio":"243\u2236314","slides_to_show_tablet":1,"slides_to_scroll_tablet":1,"navigation_classes_tablet":"dots"},"elements":[],"isInner":false,"widgetType":"glozin-testimonial-carousel","elType":"widget"}],"isInner":false,"elType":"container"},{"id":"259afb07","settings":{"flex_gap":{"column":"10","row":"10","isLinked":true,"unit":"px","size":10},"margin":{"unit":"px","top":"0","right":"0","bottom":"33","left":"0","isLinked":false}},"elements":[{"id":"6b2b31ce","settings":{"title":"Shop by Gram","align":"center","typography_typography":"custom","typography_line_height":{"unit":"custom","size":"1.21","sizes":[]},"typography_line_height_tablet":{"unit":"custom","size":"","sizes":[]},"typography_line_height_mobile":{"unit":"custom","size":"","sizes":[]},"typography_letter_spacing":{"unit":"px","size":-1.224,"sizes":[]}},"elements":[],"isInner":false,"widgetType":"glozin-heading","elType":"widget"},{"id":"29b61027","settings":{"title":"Inspire and let yourself be inspired, from one unique fashion to another.","title_size":"div","align":"center","title_color":"#444444"},"elements":[],"isInner":false,"widgetType":"glozin-heading","elType":"widget"}],"isInner":false,"elType":"container"},{"id":"410f3e34","settings":{"margin":{"unit":"px","top":"0","right":"0","bottom":"80","left":"0","isLinked":false},"margin_mobile":{"unit":"px","top":"0","right":"0","bottom":"50","left":"0","isLinked":false}},"elements":[{"id":"76877026","settings":{"images":[{"_id":"a5db3af","image":{"id":2993,"url":"https:\/\/wpglozin.com\/tiny-outfits\/wp-content\/uploads\/sites\/17\/2025\/05\/to-gram-1.webp","alt":"","source":"library","size":""},"youtube_url":"https:\/\/www.youtube.com\/watch?v=XHOmBV4js_E","vimeo_url":"https:\/\/vimeo.com\/235215203","shoppable_images":1418},{"_id":"9f28fe5","youtube_url":"https:\/\/www.youtube.com\/watch?v=XHOmBV4js_E","vimeo_url":"https:\/\/vimeo.com\/235215203","poster_url":{"url":"","id":"","size":"","alt":"","source":"library"},"image":{"id":2994,"url":"https:\/\/wpglozin.com\/tiny-outfits\/wp-content\/uploads\/sites\/17\/2025\/05\/to-gram-2.webp","alt":"","source":"library","size":""},"shoppable_images":1502},{"_id":"6ff2e88","image":{"id":2995,"url":"https:\/\/wpglozin.com\/tiny-outfits\/wp-content\/uploads\/sites\/17\/2025\/05\/to-gram-3.webp","alt":"","source":"library","size":""},"youtube_url":"https:\/\/www.youtube.com\/watch?v=XHOmBV4js_E","vimeo_url":"https:\/\/vimeo.com\/235215203","shoppable_images":1508},{"_id":"5b009bf","image":{"id":2996,"url":"https:\/\/wpglozin.com\/tiny-outfits\/wp-content\/uploads\/sites\/17\/2025\/05\/to-gram-4.webp","alt":"","source":"library","size":""},"youtube_url":"https:\/\/www.youtube.com\/watch?v=XHOmBV4js_E","vimeo_url":"https:\/\/vimeo.com\/235215203","shoppable_images":1516},{"_id":"8d7cc63","youtube_url":"https:\/\/www.youtube.com\/watch?v=XHOmBV4js_E","vimeo_url":"https:\/\/vimeo.com\/235215203","image":{"id":2997,"url":"https:\/\/wpglozin.com\/tiny-outfits\/wp-content\/uploads\/sites\/17\/2025\/05\/to-gram-5.webp","alt":"","source":"library","size":""},"shoppable_images":1522},{"_id":"4277078","image":{"id":2998,"url":"https:\/\/wpglozin.com\/tiny-outfits\/wp-content\/uploads\/sites\/17\/2025\/05\/to-gram-6.webp","alt":"","source":"library","size":""},"youtube_url":"https:\/\/www.youtube.com\/watch?v=XHOmBV4js_E","vimeo_url":"https:\/\/vimeo.com\/235215203","shoppable_images":1527}],"slides_to_show_tablet":3,"slides_to_show_mobile":2,"navigation_classes":"none","navigation_classes_tablet":"dots","navigation_classes_mobile":"dots","image_size":"medium"},"elements":[],"isInner":false,"widgetType":"glozin-shoppable-images-carousel","elType":"widget"}],"isInner":false,"elType":"container"},{"id":"78bf3d8f","settings":{"margin":{"unit":"px","top":"0","right":"0","bottom":"90","left":"0","isLinked":false},"margin_mobile":{"unit":"px","top":"0","right":"0","bottom":"50","left":"0","isLinked":false}},"elements":[{"id":"27dfa416","settings":{"icons_box":[{"icon":{"value":{"url":"https:\/\/wpglozin.com\/tiny-outfits\/wp-content\/uploads\/sites\/17\/2025\/05\/shipping.svg","id":2946},"library":"svg"},"title":"Free Shipping","description":"Enjoy free worldwide shipping and returns, with<br class=\"d-none d-block-xl\"\/> customs and duties taxes included.","_id":"3e74bd4","title_size":"h6","image":{"id":"","url":"https:\/\/wpglozin.com\/tiny-outfits\/wp-content\/plugins\/elementor\/assets\/images\/placeholder.png"}},{"icon":{"value":{"url":"https:\/\/wpglozin.com\/tiny-outfits\/wp-content\/uploads\/sites\/17\/2025\/05\/return.svg","id":2947},"library":"svg"},"title":"Free Returns","description":"Free returns within 15 days, please make sure the<br class=\"d-none d-block-xl\"\/> items are in undamaged condition.","_id":"50f8ad0","title_size":"h6","image":{"id":"","url":"https:\/\/wpglozin.com\/tiny-outfits\/wp-content\/plugins\/elementor\/assets\/images\/placeholder.png"}},{"icon":{"value":{"url":"https:\/\/wpglozin.com\/tiny-outfits\/wp-content\/uploads\/sites\/17\/2025\/05\/support.svg","id":2948},"library":"svg"},"title":"Support Online","description":"We support customers 24\/7, send questions we will<br class=\"d-none d-block-xl\"\/> solve for you immediately.","_id":"e734671","title_size":"h6","image":{"id":"","url":"https:\/\/wpglozin.com\/tiny-outfits\/wp-content\/plugins\/elementor\/assets\/images\/placeholder.png"}}],"slides_to_show_mobile":1,"navigation_classes":"none","navigation_classes_mobile":"dots","icon_size":{"unit":"px","size":34,"sizes":[]},"slides_to_show_tablet":3,"navigation_classes_tablet":"none","alignment":"center","title_spacing":{"unit":"px","size":10,"sizes":[]},"title_size":"div"},"elements":[],"isInner":false,"widgetType":"glozin-icon-box-carousel","elType":"widget"}],"isInner":false,"elType":"container"}],"page_settings":{"hide_page_header":"yes","page_header_top_padding":{"unit":"px","size":0,"sizes":[]},"content_top_spacing":"custom","content_top_padding":{"unit":"px","size":0,"sizes":[]},"content_bottom_spacing":"custom","content_bottom_padding":{"unit":"px","size":0,"sizes":[]}},"version":"0.4","title":"Home Tiny Outfits","type":"page"}