{"content":[{"id":"21f7ab6f","settings":{"flex_direction":"row","flex_gap":{"unit":"px","size":0,"column":"0","row":"0","isLinked":true},"content_width":"full","min_height":{"unit":"custom","size":"calc(100vh - 112px)","sizes":[]},"min_height_tablet":{"unit":"custom","size":"100%","sizes":[]},"min_height_mobile":{"unit":"vh","size":"","sizes":[]},"background_background":"classic","background_image":{"id":"","url":"","alt":"","source":"library","size":""},"background_position":"center center","background_repeat":"no-repeat","background_size":"cover","padding_tablet":{"unit":"%","top":"","right":"","bottom":"","left":"","isLinked":true},"padding_mobile":{"unit":"%","top":"","right":"","bottom":"","left":"","isLinked":true},"background_image_mobile":{"url":"","id":"","size":"","alt":"","source":"library"},"margin":{"unit":"px","top":"0","right":"0","bottom":"81","left":"0","isLinked":false},"margin_mobile":{"unit":"px","top":"0","right":"0","bottom":"50","left":"0","isLinked":false},"css_classes":"glozin-smart-rtl-bg","flex_direction_mobile":"column-reverse","flex_align_items":"stretch"},"elements":[{"id":"5fe20743","settings":{"flex_direction":"column","content_width":"full","width":{"unit":"%","size":"50"},"width_tablet":{"unit":"%","size":50,"sizes":[]},"width_mobile":{"unit":"%","size":100,"sizes":[]},"flex_justify_content":"center","flex_align_items":"center","flex_gap":{"column":"10","row":"10","isLinked":true,"unit":"px","size":10},"padding":{"unit":"px","top":"94","right":"30","bottom":"94","left":"30","isLinked":false},"flex_justify_content_mobile":"center","flex_align_items_mobile":"flex-start","padding_mobile":{"unit":"px","top":"50","right":"15","bottom":"50","left":"15","isLinked":false},"background_background":"classic","background_color":"#EBE4DB"},"elements":[{"id":"70707669","settings":{"image":{"id":2942,"url":"https:\/\/wpglozin.com\/cosmetic\/wp-content\/uploads\/sites\/5\/2025\/04\/h-cosmetic-img-1.webp","alt":"","source":"library","size":""},"image_size":"custom","image_custom_dimension":{"width":"84","height":"55"},"_margin":{"unit":"px","top":"0","right":"0","bottom":"40","left":"0","isLinked":false},"_margin_mobile":{"unit":"px","top":"0","right":"0","bottom":"25","left":"0","isLinked":false}},"elements":[],"isInner":false,"widgetType":"image","elType":"widget"},{"id":"60de2ae9","settings":{"title":"Week's Highlights","title_size":"div","typography_typography":"custom","typography_font_size":{"unit":"px","size":12,"sizes":[]},"typography_text_transform":"uppercase","title_color":"#111111","typography_font_weight":"600"},"elements":[],"isInner":false,"widgetType":"glozin-heading","elType":"widget"},{"id":"485b09bd","settings":{"title":"Body Care\n","typography_typography":"custom","typography_font_size":{"unit":"px","size":70,"sizes":[]},"typography_font_size_tablet":{"unit":"px","size":55,"sizes":[]},"typography_letter_spacing":{"unit":"px","size":-2.38,"sizes":[]},"typography_font_size_mobile":{"unit":"px","size":45,"sizes":[]}},"elements":[],"isInner":false,"widgetType":"glozin-heading","elType":"widget"},{"id":"12c3ea5d","settings":{"editor":"<p>Your body must be cared for with high quality products.<\/p>","align":"center","align_mobile":"left","typography_typography":"custom","typography_font_size":{"unit":"px","size":16,"sizes":[]},"text_color":"#444444"},"elements":[],"isInner":false,"widgetType":"text-editor","elType":"widget"},{"id":"f532893","settings":{"button_text":"Shop Collection","_margin":{"unit":"px","top":"30","right":"0","bottom":"0","left":"0","isLinked":false},"_margin_mobile":{"unit":"px","top":"23","right":"0","bottom":"0","left":"0","isLinked":false},"button_link":{"url":"#","is_external":"","nofollow":"","custom_attributes":""},"button_min_width":{"unit":"px","size":200,"sizes":[]},"button_min_width_mobile":{"unit":"px","size":180,"sizes":[]}},"elements":[],"isInner":false,"widgetType":"glozin-button","elType":"widget"}],"isInner":true,"elType":"container"},{"id":"61d25e8b","settings":{"flex_direction":"column","content_width":"full","width":{"unit":"%","size":"50"},"min_height":{"unit":"custom","size":"100%","sizes":[]},"min_height_tablet":{"unit":"custom","size":"","sizes":[]},"min_height_mobile":{"unit":"custom","size":"","sizes":[]},"flex_align_items":"stretch","background_background":"classic","background_image":{"url":"","id":"","size":"","alt":"","source":"library"},"background_position_tablet":"top center","flex_direction_tablet":"column","flex_direction_mobile":"column"},"elements":[{"id":"78a56697","settings":{"image":{"url":"https:\/\/wpglozin.com\/cosmetic\/wp-content\/uploads\/sites\/5\/2025\/07\/h-cosmetic-img-new.webp","id":3194,"size":"","alt":"","source":"library"},"height":{"unit":"%","size":100,"sizes":[]},"height_tablet":{"unit":"%","size":100,"sizes":[]},"height_mobile":{"unit":"%","size":"","sizes":[]},"image_border_radius":{"unit":"px","top":"0","right":"0","bottom":"0","left":"0","isLinked":true},"_css_classes":"h-100"},"elements":[],"isInner":false,"widgetType":"glozin-widget-image","elType":"widget"}],"isInner":true,"elType":"container"}],"isInner":false,"elType":"container"},{"id":"75c768c3","settings":{"flex_gap":{"column":"10","row":"10","isLinked":true,"unit":"px","size":10},"margin":{"unit":"px","top":"0","right":"0","bottom":"83","left":"0","isLinked":false},"margin_tablet":{"unit":"px","top":"0","right":"0","bottom":"80","left":"0","isLinked":false},"margin_mobile":{"unit":"px","top":"0","right":"0","bottom":"53","left":"0","isLinked":false}},"elements":[{"id":"16957902","settings":{"title":"Community Stories","align":"center","typography_typography":"custom","typography_letter_spacing":{"unit":"em","size":-0.034,"sizes":[]},"typography_letter_spacing_tablet":{"unit":"em","size":"","sizes":[]},"typography_letter_spacing_mobile":{"unit":"em","size":"","sizes":[]}},"elements":[],"isInner":false,"widgetType":"glozin-heading","elType":"widget"},{"id":"27648d6e","settings":{"title":"Express your style with our standout collection\u2014fashion meets sophistication.","title_size":"div","align":"center","_padding":{"unit":"px","top":"0","right":"0","bottom":"23","left":"0","isLinked":false},"_padding_tablet":{"unit":"px","top":"0","right":"0","bottom":"23","left":"0","isLinked":false}},"elements":[],"isInner":false,"widgetType":"glozin-heading","elType":"widget"},{"id":"511c19e1","settings":{"video":[{"_id":"3963a6a","video_source":"hosted","hosted_url":"https:\/\/glozin-demo.myshopify.com\/cdn\/shop\/videos\/c\/vp\/f42f91b3cfc94f268923446d621791ba\/f42f91b3cfc94f268923446d621791ba.HD-1080p-7.2Mbps-30003019.mp4","poster_url":{"url":"https:\/\/wpglozin.com\/cosmetic\/wp-content\/uploads\/sites\/5\/2025\/04\/shopbale-video1.webp","id":2999,"size":"","alt":"","source":"library"},"youtube_url":"https:\/\/www.youtube.com\/watch?v=XHOmBV4js_E","vimeo_url":"https:\/\/vimeo.com\/235215203","product_id":2845},{"video_source":"hosted","hosted_url":"https:\/\/glozin-demo.myshopify.com\/cdn\/shop\/videos\/c\/vp\/06f77ccfdb4d468da08ce7a17e5d5b67\/06f77ccfdb4d468da08ce7a17e5d5b67.HD-1080p-7.2Mbps-30003020.mp4","poster_url":{"url":"https:\/\/wpglozin.com\/cosmetic\/wp-content\/uploads\/sites\/5\/2025\/04\/h-cosmetic-shopbale-video2.webp","id":3003,"size":"","alt":"","source":"library"},"youtube_url":"https:\/\/www.youtube.com\/watch?v=XHOmBV4js_E","vimeo_url":"https:\/\/vimeo.com\/235215203","product_id":2857,"_id":"afd69d4"},{"video_source":"hosted","hosted_url":"https:\/\/glozin-demo.myshopify.com\/cdn\/shop\/videos\/c\/vp\/a1eb46c0251243d090d4ee5acb24a468\/a1eb46c0251243d090d4ee5acb24a468.HD-1080p-2.5Mbps-30003021.mp4","poster_url":{"url":"https:\/\/wpglozin.com\/cosmetic\/wp-content\/uploads\/sites\/5\/2025\/04\/h-cosmetic-shopbale-video3.webp","id":3004,"size":"","alt":"","source":"library"},"youtube_url":"https:\/\/www.youtube.com\/watch?v=XHOmBV4js_E","vimeo_url":"https:\/\/vimeo.com\/235215203","product_id":2851,"_id":"a32ee03"},{"video_source":"hosted","hosted_url":"https:\/\/glozin-demo.myshopify.com\/cdn\/shop\/videos\/c\/vp\/b1225cf573154d1e9b248b79044168ae\/b1225cf573154d1e9b248b79044168ae.HD-1080p-7.2Mbps-30003022.mp4","poster_url":{"url":"https:\/\/wpglozin.com\/cosmetic\/wp-content\/uploads\/sites\/5\/2025\/04\/h-cosmetic-shopbale-video4.webp","id":3005,"size":"","alt":"","source":"library"},"youtube_url":"https:\/\/www.youtube.com\/watch?v=XHOmBV4js_E","vimeo_url":"https:\/\/vimeo.com\/235215203","product_id":2875,"_id":"dc2a0a9"},{"video_source":"hosted","hosted_url":"https:\/\/glozin-demo.myshopify.com\/cdn\/shop\/videos\/c\/vp\/4bd0174acec64389a16226c1975cae80\/4bd0174acec64389a16226c1975cae80.HD-1080p-7.2Mbps-30003023.mp4","poster_url":{"url":"https:\/\/wpglozin.com\/cosmetic\/wp-content\/uploads\/sites\/5\/2025\/04\/h-cosmetic-shopbale-video5.webp","id":3006,"size":"","alt":"","source":"library"},"youtube_url":"https:\/\/www.youtube.com\/watch?v=XHOmBV4js_E","vimeo_url":"https:\/\/vimeo.com\/235215203","product_id":2881,"_id":"b3f2f8e"}],"aspect_ratio_type":"custom","aspect_ratio":"3:5","button_text":"Shop Now","slides_to_show":5,"image_spacing_custom":15,"product_gradient_image":"yes","product_border_radius":{"unit":"px","top":"5","right":"5","bottom":"5","left":"5","isLinked":true},"product_filter_color":"yes","image_border_radius":{"unit":"px","top":"5","right":"0","bottom":"0","left":"05","isLinked":false},"slides_to_show_tablet":3,"navigation_classes_tablet":"dots","slidesperview_auto_mobile":"yes"},"elements":[],"isInner":false,"widgetType":"glozin-shoppable-video-carousel","elType":"widget"}],"isInner":false,"elType":"container"},{"id":"7cc0b2bc","settings":{"flex_gap":{"column":"10","row":"10","isLinked":true,"unit":"px","size":10},"margin":{"unit":"px","top":"0","right":"0","bottom":"83","left":"0","isLinked":false},"margin_tablet":{"unit":"px","top":"0","right":"0","bottom":"80","left":"0","isLinked":false},"margin_mobile":{"unit":"px","top":"0","right":"0","bottom":"53","left":"0","isLinked":false}},"elements":[{"id":"7e23f18a","settings":{"title":"Best Selling","align":"center","typography_typography":"custom","typography_letter_spacing":{"unit":"em","size":-0.034,"sizes":[]},"typography_letter_spacing_tablet":{"unit":"em","size":"","sizes":[]},"typography_letter_spacing_mobile":{"unit":"em","size":"","sizes":[]}},"elements":[],"isInner":false,"widgetType":"glozin-heading","elType":"widget"},{"id":"58e45813","settings":{"title":"Unmatched design\u2014superior performance and customer satisfaction in one.","title_size":"div","align":"center","_padding":{"unit":"px","top":"0","right":"0","bottom":"23","left":"0","isLinked":false},"_padding_tablet":{"unit":"px","top":"0","right":"0","bottom":"23","left":"0","isLinked":false}},"elements":[],"isInner":false,"widgetType":"glozin-heading","elType":"widget"},{"id":"10f86dee","settings":{"type":"recent_products","slides_to_show_tablet":3,"slides_to_show_mobile":2,"slides_to_scroll_mobile":2,"image_spacing_custom_mobile":15,"navigation_classes_mobile":"dots","limit":6,"image_spacing_custom":20,"marquee_image":{"id":"","url":"https:\/\/wpglozin.com\/cosmetic\/wp-content\/plugins\/elementor\/assets\/images\/placeholder.png"},"ids":"2887,2893,2875,2869,2910,2900","sale_display_type":"marquee","marquee_type":"icon","marquee_icon":{"value":{"url":"https:\/\/wpglozin.com\/cosmetic\/wp-content\/uploads\/sites\/5\/2025\/04\/h-activewear-marquee-product.svg","id":2975},"library":"svg"},"marquee_text":"Hot Sale 10% Off","navigation_classes_tablet":"dots"},"elements":[],"isInner":false,"widgetType":"glozin-products-carousel","elType":"widget"}],"isInner":false,"elType":"container"},{"id":"4bb767b3","settings":{"flex_direction":"row","flex_gap":{"unit":"px","size":20,"column":"20","row":"20","isLinked":true},"content_width":"full","flex_direction_tablet":"column","margin":{"unit":"px","top":"0","right":"0","bottom":"80","left":"0","isLinked":false},"padding":{"unit":"px","top":"0","right":"30","bottom":"0","left":"30","isLinked":false},"padding_tablet":{"unit":"px","top":"0","right":"15","bottom":"0","left":"15","isLinked":false},"margin_mobile":{"unit":"px","top":"0","right":"0","bottom":"50","left":"0","isLinked":false}},"elements":[{"id":"51cd4710","settings":{"flex_direction":"column","content_width":"full","width":{"unit":"%","size":"50"},"width_tablet":{"unit":"%","size":100,"sizes":[]},"width_mobile":{"unit":"%","size":"","sizes":[]},"flex_justify_content":"center","flex_align_items":"center","flex_gap":{"column":"14","row":"14","isLinked":true,"unit":"px","size":14},"background_background":"classic","background_color":"#EBE4DB","border_radius":{"unit":"px","top":"10","right":"10","bottom":"10","left":"10","isLinked":true},"padding":{"unit":"px","top":"65","right":"50","bottom":"60","left":"50","isLinked":false}},"elements":[{"id":"1688c4b4","settings":{"title":"SAVE 30%\u201450%","title_size":"div","typography_typography":"custom","typography_font_size":{"unit":"px","size":12,"sizes":[]},"typography_text_transform":"uppercase","_padding":{"unit":"px","top":"0","right":"0","bottom":"7","left":"0","isLinked":false},"title_color":"#111111","typography_font_weight":"600"},"elements":[],"isInner":false,"widgetType":"glozin-heading","elType":"widget"},{"id":"34efc2cc","settings":{"title":"Hot Deal! Body Care","typography_typography":"custom","typography_font_size":{"unit":"px","size":40,"sizes":[]},"typography_letter_spacing":{"unit":"px","size":-1.36,"sizes":[]},"typography_font_size_mobile":{"unit":"px","size":33,"sizes":[]},"align":"center","typography_font_size_tablet":{"unit":"px","size":35,"sizes":[]}},"elements":[],"isInner":false,"widgetType":"glozin-heading","elType":"widget"},{"id":"426193a7","settings":{"editor":"All of our products are handmade contain vitamins A, B3, B5, D, and E.<br class=\"d-none d-block-xl\" \/>Hurry up! Starting at $175. Do not miss...","align":"center","align_mobile":"center","typography_typography":"custom","typography_font_size":{"unit":"px","size":14,"sizes":[]},"text_color":"#444444","align_tablet":"center"},"elements":[],"isInner":false,"widgetType":"text-editor","elType":"widget"},{"id":"691c66cd","settings":{"button_text":"Shop Sale","_margin":{"unit":"px","top":"19","right":"0","bottom":"0","left":"0","isLinked":false},"_margin_mobile":{"unit":"px","top":"23","right":"0","bottom":"0","left":"0","isLinked":false},"button_link":{"url":"#","is_external":"","nofollow":"","custom_attributes":""},"button_min_width":{"unit":"px","size":180,"sizes":[]}},"elements":[],"isInner":false,"widgetType":"glozin-button","elType":"widget"}],"isInner":true,"elType":"container"},{"id":"6fe05a44","settings":{"flex_direction":"column","content_width":"full","width":{"unit":"%","size":"50"},"width_tablet":{"unit":"%","size":100,"sizes":[]},"width_mobile":{"unit":"%","size":"","sizes":[]}},"elements":[{"id":"5bfa56dc","settings":{"image":{"id":2943,"url":"https:\/\/wpglozin.com\/cosmetic\/wp-content\/uploads\/sites\/5\/2025\/04\/h-cosmetic-banner.webp","alt":"","source":"library","size":""},"title":"","height":{"unit":"px","size":496,"sizes":[]},"height_tablet":{"unit":"px","size":400,"sizes":[]},"height_mobile":{"unit":"px","size":188,"sizes":[]},"button_text":"","button_link":{"url":"","is_external":"","nofollow":"","custom_attributes":""},"youtube_url":"https:\/\/www.youtube.com\/watch?v=XHOmBV4js_E","vimeo_url":"https:\/\/vimeo.com\/235215203"},"elements":[],"isInner":false,"widgetType":"glozin-banner","elType":"widget"}],"isInner":true,"elType":"container"}],"isInner":false,"elType":"container"},{"id":"2e4b6eed","settings":{"flex_gap":{"column":"10","row":"10","isLinked":true,"unit":"px","size":10},"margin":{"unit":"px","top":"0","right":"0","bottom":"83","left":"0","isLinked":false},"margin_tablet":{"unit":"px","top":"0","right":"0","bottom":"80","left":"0","isLinked":false},"margin_mobile":{"unit":"px","top":"0","right":"0","bottom":"53","left":"0","isLinked":false}},"elements":[{"id":"4232f8c3","settings":{"title":"Today's Popular Picks","align":"center","typography_typography":"custom","typography_letter_spacing":{"unit":"em","size":-0.034,"sizes":[]},"typography_letter_spacing_tablet":{"unit":"em","size":"","sizes":[]},"typography_letter_spacing_mobile":{"unit":"em","size":"","sizes":[]}},"elements":[],"isInner":false,"widgetType":"glozin-heading","elType":"widget"},{"id":"4b7925c7","settings":{"title":"Unmatched design\u2014superior performance and customer satisfaction in one.","title_size":"div","align":"center","_padding":{"unit":"px","top":"0","right":"0","bottom":"23","left":"0","isLinked":false},"_padding_tablet":{"unit":"px","top":"0","right":"0","bottom":"23","left":"0","isLinked":false}},"elements":[],"isInner":false,"widgetType":"glozin-heading","elType":"widget"},{"id":"60dc78ba","settings":{"type":"recent_products","slides_to_show_tablet":3,"slides_to_show_mobile":2,"slides_to_scroll_mobile":2,"image_spacing_custom_mobile":15,"navigation_classes_mobile":"dots","limit":6,"image_spacing_custom":20,"marquee_image":{"id":"","url":"https:\/\/wpglozin.com\/cosmetic\/wp-content\/plugins\/elementor\/assets\/images\/placeholder.png"},"ids":"2910,2863,2900,2857,2851,2893","hide_product_outofstock":"yes","navigation_classes_tablet":"dots"},"elements":[],"isInner":false,"widgetType":"glozin-products-carousel","elType":"widget"}],"isInner":false,"elType":"container"},{"id":"708bb571","settings":{"flex_gap":{"column":"10","row":"10","isLinked":true,"unit":"px","size":10},"margin":{"unit":"px","top":"0","right":"0","bottom":"83","left":"0","isLinked":false},"margin_tablet":{"unit":"px","top":"0","right":"0","bottom":"80","left":"0","isLinked":false},"margin_mobile":{"unit":"px","top":"0","right":"0","bottom":"53","left":"0","isLinked":false}},"elements":[{"id":"1f19e16b","settings":{"title":"Shop by Category","align":"center","typography_typography":"custom","typography_letter_spacing":{"unit":"em","size":-0.034,"sizes":[]},"typography_letter_spacing_tablet":{"unit":"em","size":"","sizes":[]},"typography_letter_spacing_mobile":{"unit":"em","size":"","sizes":[]}},"elements":[],"isInner":false,"widgetType":"glozin-heading","elType":"widget"},{"id":"2593363c","settings":{"title":"Express your style with our standout collection\u2014fashion meets sophistication.","title_size":"div","align":"center","_padding":{"unit":"px","top":"0","right":"0","bottom":"23","left":"0","isLinked":false},"_padding_tablet":{"unit":"px","top":"0","right":"0","bottom":"23","left":"0","isLinked":false}},"elements":[],"isInner":false,"widgetType":"glozin-heading","elType":"widget"},{"id":"16117a2","settings":{"heading":"This is the heading","items":[{"_id":"5a26175","image":{"id":2944,"url":"https:\/\/wpglozin.com\/cosmetic\/wp-content\/uploads\/sites\/5\/2025\/04\/h-cosmetic-cats-1.webp","alt":"","source":"library","size":""},"product_cat":"skin-care","product_cat_description":"Protect\u2014hydrate and nourish your skin."},{"image":{"id":2945,"url":"https:\/\/wpglozin.com\/cosmetic\/wp-content\/uploads\/sites\/5\/2025\/04\/h-cosmetic-cats-2.webp","alt":"","source":"library","size":""},"product_cat":"body","product_cat_description":"Protect\u2014hydrate and nourish your skin.","_id":"175bf5f"},{"image":{"id":2946,"url":"https:\/\/wpglozin.com\/cosmetic\/wp-content\/uploads\/sites\/5\/2025\/04\/h-cosmetic-cats-3.webp","alt":"","source":"library","size":""},"product_cat":"hair-care","product_cat_description":"Protect\u2014hydrate and nourish your skin.","_id":"66e3296"},{"image":{"id":2947,"url":"https:\/\/wpglozin.com\/cosmetic\/wp-content\/uploads\/sites\/5\/2025\/04\/h-cosmetic-cats-4.webp","alt":"","source":"library","size":""},"product_cat":"make-up","product_cat_description":"Protect\u2014hydrate and nourish your skin.","_id":"5cc15da"}],"button_text":"","view_all_btn_title":"View All","view_all_btn_text":"Click here","slides_to_show_tablet":2,"image_spacing_custom":20,"navigation_classes_tablet":"dots","slides_to_show_mobile":2,"image_spacing_custom_mobile":15,"title_typography_typography":"custom","view_all_btn_image":{"id":"","url":"https:\/\/wpglozin.com\/cosmetic\/wp-content\/plugins\/elementor\/assets\/images\/placeholder.png"},"aspect_ratio_type":"custom","aspect_ratio":"169:225","show_view_all_btn":"","content_position":"side","count_type":"below","horizontal_position":"left","source":"custom","side_content_padding":{"unit":"px","top":"10","right":"30","bottom":"29","left":"30","isLinked":false},"title_typography_font_size":{"unit":"px","size":24,"sizes":[]},"title_color":"#FFFFFF","count_color":"#FFFFFF","gradient_image_angle":{"unit":"deg","size":"","sizes":[]},"horizontal_position_mobile":"center","slidesperview_auto_mobile":"yes","side_content_padding_mobile":{"unit":"px","top":"0","right":"30","bottom":"23","left":"30","isLinked":false},"hide_cat_description":"","description_color":"#FFFFFF","title_typography_letter_spacing":{"unit":"px","size":-0.816,"sizes":[]},"title_color_hover":"#FFFFFF","title_spacing":{"unit":"px","size":0,"sizes":[]},"description_typography_typography":"custom","description_typography_font_size_mobile":{"unit":"px","size":14,"sizes":[]},"show_cat_description":"yes","content_align":""},"elements":[],"isInner":false,"widgetType":"glozin-categories-carousel","elType":"widget"}],"isInner":false,"elType":"container"},{"id":"7509ca7b","settings":{"flex_gap":{"column":"10","row":"10","isLinked":true,"unit":"px","size":10},"margin":{"unit":"px","top":"0","right":"0","bottom":"86","left":"0","isLinked":false},"margin_mobile":{"unit":"px","top":"0","right":"0","bottom":"50","left":"0","isLinked":false}},"elements":[{"id":"701895e0","settings":{"title":"Skincare\u2014Centric Beauty!","align":"center","typography_typography":"custom","typography_letter_spacing":{"unit":"em","size":-0.034,"sizes":[]},"typography_letter_spacing_tablet":{"unit":"em","size":"","sizes":[]},"typography_letter_spacing_mobile":{"unit":"em","size":"","sizes":[]}},"elements":[],"isInner":false,"widgetType":"glozin-heading","elType":"widget"},{"id":"7ab7912f","settings":{"content":"<p>Discover a collection of timeless wardrobe essentials, seamlessly transitioning from work to weekend. Inspired by travel, our America-designed pieces prioritize sustainability with natural fibers and mindful practices. Explore a range of\u00a0<span style=\"text-decoration: underline;\"><strong>tops<\/strong><\/span>,\u00a0<span style=\"text-decoration: underline;\"><strong>bottoms<\/strong><\/span>,\u00a0<span style=\"text-decoration: underline;\"><strong>sweaters<\/strong><\/span>, and accessories in versatile styles, featuring high-quality materials like cotton, linen, tencel, and wool.<\/p><p>Each piece is crafted with meticulous attention to detail, ensuring a perfect blend of comfort and elegance. Our designs emphasize clean lines and sophisticated silhouettes, making them suitable for any occasion. Whether you\u2019re dressing up for a night out or keeping it casual, our collection offers endless styling possibilities. Embrace the essence of effortless chic with our thoughtfully designed wardrobe staples, and experience the harmony of style, quality, and sustainability. Join us in redefining modern fashion with a conscience.<\/p>","show":"See all Information","hide":"Hide less Information","max_width":{"unit":"%","size":67,"sizes":[]},"max_width_tablet":{"unit":"%","size":100,"sizes":[]},"max_width_mobile":{"unit":"%","size":"","sizes":[]},"max_height_mobile":{"unit":"px","size":69,"sizes":[]},"button_typography_typography":"custom","button_typography_font_size":{"unit":"px","size":16,"sizes":[]},"button_typography_letter_spacing":{"unit":"px","size":0,"sizes":[]}},"elements":[],"isInner":false,"widgetType":"glozin-short-content","elType":"widget"}],"isInner":false,"elType":"container"},{"id":"18166ad4","settings":{"content_width":"full"},"elements":[{"id":"1b620a31","settings":{"items":[{"text":"Great-Free returns product within 10 days","_id":"7da7f76","type":"icon","icon":{"value":{"url":"https:\/\/wpglozin.com\/cosmetic\/wp-content\/uploads\/sites\/5\/2025\/03\/star.svg","id":962},"library":"svg"},"image":{"id":"","url":"https:\/\/wpglozin.com\/cosmetic\/wp-content\/plugins\/elementor\/assets\/images\/placeholder.png"}},{"text":"Subscribe and get 10% off your first purchase","type":"icon","icon":{"value":{"url":"https:\/\/wpglozin.com\/cosmetic\/wp-content\/uploads\/sites\/5\/2025\/03\/star.svg","id":962},"library":"svg"},"_id":"1451d8f","image":{"id":"","url":"https:\/\/wpglozin.com\/cosmetic\/wp-content\/plugins\/elementor\/assets\/images\/placeholder.png"}}],"speed":0.1,"padding":{"unit":"px","top":"17","right":"0","bottom":"16","left":"0","isLinked":false},"gap":{"unit":"px","size":50,"sizes":[]},"border_border":"solid","border_width":{"unit":"px","top":"1","right":"0","bottom":"1","left":"0","isLinked":false},"border_color":"#111111","spacing":{"unit":"px","size":50,"sizes":[]},"text_typography_typography":"custom","text_typography_font_size":{"unit":"px","size":14,"sizes":[]},"text_typography_font_weight":"600","text_typography_text_transform":"uppercase","text_color":"#111111","icon_size":{"unit":"px","size":12,"sizes":[]}},"elements":[],"isInner":false,"widgetType":"glozin-marquee","elType":"widget"}],"isInner":false,"elType":"container"}],"page_settings":{"hide_page_header":"yes","page_header_top_padding":{"unit":"px","size":0,"sizes":[]},"content_top_spacing":"custom","content_top_padding":{"unit":"px","size":0,"sizes":[]},"content_bottom_spacing":"custom","content_bottom_padding":{"unit":"px","size":0,"sizes":[]},"hide_header_border":"yes"},"version":"0.4","title":"Home Cosmetic","type":"page"}