{"content":[{"id":"1ba923c7","settings":{"flex_justify_content":"center","flex_align_items":"center","background_background":"video","background_video_link":"\/\/localhost\/glozin\/wp-content\/uploads\/2025\/04\/sp-video.mp4","background_play_on_mobile":"yes","background_video_fallback":{"id":"","url":"https:\/\/wpglozin.com\/single-product\/wp-content\/plugins\/elementor\/assets\/images\/placeholder.png"},"border_radius":{"unit":"%","top":"","right":"","bottom":"","left":"","isLinked":true},"border_radius_tablet":{"unit":"%","top":"","right":"","bottom":"","left":"","isLinked":true},"border_radius_mobile":{"unit":"%","top":"","right":"","bottom":"","left":"","isLinked":true},"shape_divider_bottom":"curve","shape_divider_bottom_width":{"unit":"%","size":120,"sizes":[]},"shape_divider_bottom_height":{"unit":"px","size":103,"sizes":[]},"shape_divider_bottom_negative":"yes","min_height":{"unit":"px","size":650,"sizes":[]},"min_height_mobile":{"unit":"px","size":500,"sizes":[]},"flex_gap":{"column":"0","row":"0","isLinked":true,"unit":"px","size":0},"shape_divider_bottom_color":"#F1F3F7","background_image":{"url":"","id":"","size":""},"background_slideshow_gallery":[],"background_hover_image":{"url":"","id":"","size":""},"background_hover_video_fallback":{"url":"","id":"","size":""},"background_hover_slideshow_gallery":[],"background_overlay_image":{"url":"","id":"","size":""},"background_overlay_video_fallback":{"url":"","id":"","size":""},"background_overlay_slideshow_gallery":[],"background_overlay_hover_image":{"url":"","id":"","size":""},"background_overlay_hover_video_fallback":{"url":"","id":"","size":""},"background_overlay_hover_slideshow_gallery":[]},"elements":[{"id":"7d2e3150","settings":{"image":{"id":"","url":"https:\/\/wpglozin.com\/single-product\/wp-content\/plugins\/elementor\/assets\/images\/placeholder.png"},"image_size":"full","width":{"unit":"%","size":100,"sizes":[]},"height":{"unit":"px","size":11,"sizes":[]},"_margin":{"unit":"px","top":"0","right":"0","bottom":"5","left":"0","isLinked":false},"_background_image":{"url":"","id":"","size":""},"_background_video_fallback":{"url":"","id":"","size":""},"_background_slideshow_gallery":[],"_background_hover_image":{"url":"","id":"","size":""},"_background_hover_video_fallback":{"url":"","id":"","size":""},"_background_hover_slideshow_gallery":[],"_mask_image":{"url":"","id":"","size":""}},"elements":[],"isInner":false,"widgetType":"image","elType":"widget"},{"id":"6e83aa0a","settings":{"title":"Trusted by 750.000+ customers","title_size":"div","align":"center","title_color":"#FFFFFF","typography_typography":"custom","typography_font_size":{"unit":"px","size":16,"sizes":[]},"_margin":{"unit":"px","top":"0","right":"0","bottom":"15","left":"0","isLinked":false},"_background_image":{"url":"","id":"","size":""},"_background_video_fallback":{"url":"","id":"","size":""},"_background_slideshow_gallery":[],"_background_hover_image":{"url":"","id":"","size":""},"_background_hover_video_fallback":{"url":"","id":"","size":""},"_background_hover_slideshow_gallery":[],"_mask_image":{"url":"","id":"","size":""}},"elements":[],"isInner":false,"widgetType":"glozin-heading","elType":"widget"},{"id":"5d0befbd","settings":{"title":"AirPods Pro <br class=\"d-none d-block-xl\"\/>Future Of Sound","align":"center","title_color":"#FFFFFF","typography_typography":"custom","typography_font_size":{"unit":"px","size":60,"sizes":[]},"typography_font_size_tablet":{"unit":"px","size":42,"sizes":[]},"typography_font_size_mobile":{"unit":"px","size":38,"sizes":[]},"typography_font_weight":"600","typography_letter_spacing":{"unit":"px","size":-2.04,"sizes":[]},"_margin":{"unit":"px","top":"0","right":"0","bottom":"30","left":"0","isLinked":false},"_background_image":{"url":"","id":"","size":""},"_background_video_fallback":{"url":"","id":"","size":""},"_background_slideshow_gallery":[],"_background_hover_image":{"url":"","id":"","size":""},"_background_hover_video_fallback":{"url":"","id":"","size":""},"_background_hover_slideshow_gallery":[],"_mask_image":{"url":"","id":"","size":""}},"elements":[],"isInner":false,"widgetType":"glozin-heading","elType":"widget"},{"id":"7fa85002","settings":{"button_text":"Shop Now","align":"center","button_style":"light","button_icon":{"value":"","library":""},"_background_image":{"url":"","id":"","size":""},"_background_video_fallback":{"url":"","id":"","size":""},"_background_slideshow_gallery":[],"_background_hover_image":{"url":"","id":"","size":""},"_background_hover_video_fallback":{"url":"","id":"","size":""},"_background_hover_slideshow_gallery":[],"_mask_image":{"url":"","id":"","size":""}},"elements":[],"isInner":false,"widgetType":"glozin-button","elType":"widget"}],"isInner":false,"elType":"container"},{"id":"c86ee50","settings":{"flex_gap":{"column":"5","row":"5","isLinked":true,"unit":"px","size":5},"background_background":"classic","background_color":"#F1F3F7","padding":{"unit":"px","top":"70","right":"0","bottom":"33","left":"0","isLinked":false},"padding_tablet":{"unit":"px","top":"55","right":"0","bottom":"23","left":"0","isLinked":false},"padding_mobile":{"unit":"px","top":"52","right":"0","bottom":"22","left":"0","isLinked":false},"background_image":{"url":"","id":"","size":""},"background_video_fallback":{"url":"","id":"","size":""},"background_slideshow_gallery":[],"background_hover_image":{"url":"","id":"","size":""},"background_hover_video_fallback":{"url":"","id":"","size":""},"background_hover_slideshow_gallery":[],"background_overlay_image":{"url":"","id":"","size":""},"background_overlay_video_fallback":{"url":"","id":"","size":""},"background_overlay_slideshow_gallery":[],"background_overlay_hover_image":{"url":"","id":"","size":""},"background_overlay_hover_video_fallback":{"url":"","id":"","size":""},"background_overlay_hover_slideshow_gallery":[]},"elements":[{"id":"2d4b1d6c","settings":{"title":"Today's Popular Picks","align":"center","typography_typography":"custom","typography_letter_spacing":{"unit":"px","size":-1.224,"sizes":[]},"_background_image":{"url":"","id":"","size":""},"_background_video_fallback":{"url":"","id":"","size":""},"_background_slideshow_gallery":[],"_background_hover_image":{"url":"","id":"","size":""},"_background_hover_video_fallback":{"url":"","id":"","size":""},"_background_hover_slideshow_gallery":[],"_mask_image":{"url":"","id":"","size":""}},"elements":[],"isInner":false,"widgetType":"glozin-heading","elType":"widget"},{"id":"57da7d7d","settings":{"title":"Express your style with our standout collection\u2014fashion meets sophistication.","title_size":"div","align":"center","_background_image":{"url":"","id":"","size":""},"_background_video_fallback":{"url":"","id":"","size":""},"_background_slideshow_gallery":[],"_background_hover_image":{"url":"","id":"","size":""},"_background_hover_video_fallback":{"url":"","id":"","size":""},"_background_hover_slideshow_gallery":[],"_mask_image":{"url":"","id":"","size":""}},"elements":[],"isInner":false,"widgetType":"glozin-heading","elType":"widget"}],"isInner":false,"elType":"container"},{"id":"513ac1ee","settings":{"boxed_width":{"unit":"px","size":1200,"sizes":[]},"background_background":"classic","background_color":"#F1F3F7","padding":{"unit":"px","top":"0","right":"0","bottom":"30","left":"0","isLinked":false},"background_image":{"url":"","id":"","size":""},"background_video_fallback":{"url":"","id":"","size":""},"background_slideshow_gallery":[],"background_hover_image":{"url":"","id":"","size":""},"background_hover_video_fallback":{"url":"","id":"","size":""},"background_hover_slideshow_gallery":[],"background_overlay_image":{"url":"","id":"","size":""},"background_overlay_video_fallback":{"url":"","id":"","size":""},"background_overlay_slideshow_gallery":[],"background_overlay_hover_image":{"url":"","id":"","size":""},"background_overlay_hover_video_fallback":{"url":"","id":"","size":""},"background_overlay_hover_slideshow_gallery":[]},"elements":[{"id":"7db01f54","settings":{"product_id":104,"background_color":"#FFFFFF","border_radius":{"unit":"px","top":"15","right":"15","bottom":"15","left":"15","isLinked":true},"summary_padding":{"unit":"px","top":"30","right":"30","bottom":"30","left":"30","isLinked":true},"summary_background_color":"#FFFFFF","_background_image":{"url":"","id":"","size":""},"_background_video_fallback":{"url":"","id":"","size":""},"_background_slideshow_gallery":[],"_background_hover_image":{"url":"","id":"","size":""},"_background_hover_video_fallback":{"url":"","id":"","size":""},"_background_hover_slideshow_gallery":[],"_mask_image":{"url":"","id":"","size":""}},"elements":[],"isInner":false,"widgetType":"glozin-product-showcase","elType":"widget"}],"isInner":false,"elType":"container"},{"id":"1de12943","settings":{"flex_direction":"row","boxed_width":{"unit":"px","size":1200,"sizes":[]},"background_background":"classic","background_color":"#F1F3F7","padding":{"unit":"px","top":"0","right":"0","bottom":"80","left":"0","isLinked":false},"padding_tablet":{"unit":"px","top":"0","right":"0","bottom":"60","left":"0","isLinked":false},"padding_mobile":{"unit":"px","top":"0","right":"0","bottom":"0","left":"0","isLinked":false},"background_image":{"url":"","id":"","size":""},"background_video_fallback":{"url":"","id":"","size":""},"background_slideshow_gallery":[],"background_hover_image":{"url":"","id":"","size":""},"background_hover_video_fallback":{"url":"","id":"","size":""},"background_hover_slideshow_gallery":[],"background_overlay_image":{"url":"","id":"","size":""},"background_overlay_video_fallback":{"url":"","id":"","size":""},"background_overlay_slideshow_gallery":[],"background_overlay_hover_image":{"url":"","id":"","size":""},"background_overlay_hover_video_fallback":{"url":"","id":"","size":""},"background_overlay_hover_slideshow_gallery":[]},"elements":[{"id":"342b7494","settings":{"content_width":"full","background_image":{"url":"","id":"","size":""},"background_video_fallback":{"url":"","id":"","size":""},"background_slideshow_gallery":[],"background_hover_image":{"url":"","id":"","size":""},"background_hover_video_fallback":{"url":"","id":"","size":""},"background_hover_slideshow_gallery":[],"background_overlay_image":{"url":"","id":"","size":""},"background_overlay_video_fallback":{"url":"","id":"","size":""},"background_overlay_slideshow_gallery":[],"background_overlay_hover_image":{"url":"","id":"","size":""},"background_overlay_hover_video_fallback":{"url":"","id":"","size":""},"background_overlay_hover_slideshow_gallery":[]},"elements":[{"id":"1674cc98","settings":{"container_type":"grid","presetTitle":"Grid","presetIcon":"eicon-container-grid","content_width":"full","grid_rows_grid":{"unit":"fr","size":1,"sizes":[]},"grid_gaps":{"column":"30","row":"30","isLinked":true,"unit":"px"},"grid_gaps_tablet":{"column":"20","row":"20","isLinked":true,"unit":"px"},"grid_gaps_mobile":{"column":"20","row":"20","isLinked":true,"unit":"px"},"background_background":"classic","background_color":"#FFFFFF","border_radius":{"unit":"px","top":"15","right":"15","bottom":"15","left":"15","isLinked":true},"padding":{"unit":"px","top":"30","right":"30","bottom":"30","left":"30","isLinked":true},"background_image":{"url":"","id":"","size":""},"background_video_fallback":{"url":"","id":"","size":""},"background_slideshow_gallery":[],"background_hover_image":{"url":"","id":"","size":""},"background_hover_video_fallback":{"url":"","id":"","size":""},"background_hover_slideshow_gallery":[],"background_overlay_image":{"url":"","id":"","size":""},"background_overlay_video_fallback":{"url":"","id":"","size":""},"background_overlay_slideshow_gallery":[],"background_overlay_hover_image":{"url":"","id":"","size":""},"background_overlay_hover_video_fallback":{"url":"","id":"","size":""},"background_overlay_hover_slideshow_gallery":[]},"elements":[{"id":"2e2a0a0","settings":{"icon":{"value":"","library":""},"title":"Free Shipping","description":"You will love at great low prices.","title_size":"h3","position":"left","vertical_alignment":"middle","title_typography_typography":"custom","title_typography_font_size":{"unit":"px","size":16,"sizes":[]},"title_typography_font_weight":"600","title_typography_line_height":{"unit":"custom","size":"1","sizes":[]},"title_typography_line_height_tablet":{"unit":"custom","size":"","sizes":[]},"title_typography_line_height_mobile":{"unit":"custom","size":"","sizes":[]},"title_spacing":{"unit":"px","size":5,"sizes":[]},"icon_size":{"unit":"px","size":26,"sizes":[]},"icon_border_border":"solid","icon_border_width":{"unit":"px","top":"1","right":"1","bottom":"1","left":"1","isLinked":true},"icon_border_color":"#EBEBEB","border_radius":{"unit":"px","top":"60","right":"60","bottom":"60","left":"60","isLinked":true},"icon_padding":{"unit":"px","top":"17","right":"13","bottom":"13","left":"17","isLinked":false},"icon_spacing":{"unit":"px","size":20,"sizes":[]},"image":{"id":2925,"url":"https:\/\/wpglozin.com\/single-product\/wp-content\/uploads\/sites\/8\/2025\/05\/placeholder.png"},"_background_image":{"url":"","id":"","size":""},"_background_video_fallback":{"url":"","id":"","size":""},"_background_slideshow_gallery":[],"_background_hover_image":{"url":"","id":"","size":""},"_background_hover_video_fallback":{"url":"","id":"","size":""},"_background_hover_slideshow_gallery":[],"_mask_image":{"url":"","id":"","size":""}},"elements":[],"isInner":false,"widgetType":"glozin-icon-box","elType":"widget"},{"id":"45b652ac","settings":{"icon":{"value":"","library":""},"title":"Free Returns","description":"Within 15 days for an exchange.","title_size":"h3","position":"left","vertical_alignment":"middle","title_typography_typography":"custom","title_typography_font_size":{"unit":"px","size":16,"sizes":[]},"title_typography_font_weight":"600","title_typography_line_height":{"unit":"custom","size":"1","sizes":[]},"title_typography_line_height_tablet":{"unit":"custom","size":"","sizes":[]},"title_typography_line_height_mobile":{"unit":"custom","size":"","sizes":[]},"title_spacing":{"unit":"px","size":5,"sizes":[]},"icon_size":{"unit":"px","size":26,"sizes":[]},"icon_border_border":"solid","icon_border_width":{"unit":"px","top":"1","right":"1","bottom":"1","left":"1","isLinked":true},"icon_border_color":"#EBEBEB","border_radius":{"unit":"px","top":"60","right":"60","bottom":"60","left":"60","isLinked":true},"icon_padding":{"unit":"px","top":"16","right":"15","bottom":"13","left":"16","isLinked":false},"icon_spacing":{"unit":"px","size":20,"sizes":[]},"image":{"id":2926,"url":"https:\/\/wpglozin.com\/single-product\/wp-content\/uploads\/sites\/8\/2025\/05\/placeholder-1.png"},"_background_image":{"url":"","id":"","size":""},"_background_video_fallback":{"url":"","id":"","size":""},"_background_slideshow_gallery":[],"_background_hover_image":{"url":"","id":"","size":""},"_background_hover_video_fallback":{"url":"","id":"","size":""},"_background_hover_slideshow_gallery":[],"_mask_image":{"url":"","id":"","size":""}},"elements":[],"isInner":false,"widgetType":"glozin-icon-box","elType":"widget"},{"id":"2fbe2fe4","settings":{"icon":{"value":"","library":""},"title":"Support Online","description":"Outstanding premium support.","title_size":"h3","position":"left","vertical_alignment":"middle","title_typography_typography":"custom","title_typography_font_size":{"unit":"px","size":16,"sizes":[]},"title_typography_font_weight":"600","title_typography_line_height":{"unit":"custom","size":"1","sizes":[]},"title_typography_line_height_tablet":{"unit":"custom","size":"","sizes":[]},"title_typography_line_height_mobile":{"unit":"custom","size":"","sizes":[]},"title_spacing":{"unit":"px","size":5,"sizes":[]},"icon_size":{"unit":"px","size":26,"sizes":[]},"icon_border_border":"solid","icon_border_width":{"unit":"px","top":"1","right":"1","bottom":"1","left":"1","isLinked":true},"icon_border_color":"#EBEBEB","border_radius":{"unit":"px","top":"60","right":"60","bottom":"60","left":"60","isLinked":true},"icon_padding":{"unit":"px","top":"16","right":"15","bottom":"13","left":"16","isLinked":false},"icon_spacing":{"unit":"px","size":20,"sizes":[]},"image":{"id":2927,"url":"https:\/\/wpglozin.com\/single-product\/wp-content\/uploads\/sites\/8\/2025\/05\/placeholder-2.png"},"_background_image":{"url":"","id":"","size":""},"_background_video_fallback":{"url":"","id":"","size":""},"_background_slideshow_gallery":[],"_background_hover_image":{"url":"","id":"","size":""},"_background_hover_video_fallback":{"url":"","id":"","size":""},"_background_hover_slideshow_gallery":[],"_mask_image":{"url":"","id":"","size":""}},"elements":[],"isInner":false,"widgetType":"glozin-icon-box","elType":"widget"}],"isInner":true,"elType":"container"}],"isInner":true,"elType":"container"}],"isInner":false,"elType":"container"},{"id":"7d8836d","settings":{"content_width":"full","background_background":"classic","background_color":"#3357D8","margin":{"unit":"px","top":"0","right":"0","bottom":"80","left":"0","isLinked":false},"margin_mobile":{"unit":"px","top":"0","right":"0","bottom":"60","left":"0","isLinked":false},"background_image":{"url":"","id":"","size":""},"background_video_fallback":{"url":"","id":"","size":""},"background_slideshow_gallery":[],"background_hover_image":{"url":"","id":"","size":""},"background_hover_video_fallback":{"url":"","id":"","size":""},"background_hover_slideshow_gallery":[],"background_overlay_image":{"url":"","id":"","size":""},"background_overlay_video_fallback":{"url":"","id":"","size":""},"background_overlay_slideshow_gallery":[],"background_overlay_hover_image":{"url":"","id":"","size":""},"background_overlay_hover_video_fallback":{"url":"","id":"","size":""},"background_overlay_hover_slideshow_gallery":[]},"elements":[{"id":"247f4f4","settings":{"items":[{"text":"RETURNS EXTENDED TO 30 DAYS","_id":"54f5fe3","type":"icon","icon":{"value":"","library":""},"image":{"id":2928,"url":"https:\/\/wpglozin.com\/single-product\/wp-content\/uploads\/sites\/8\/2025\/05\/woocommerce-placeholder-600x600-1.webp"}},{"text":"Safe shopping\u2014pay later with klarna","type":"icon","icon":{"value":"","library":""},"_id":"99e888c","image":{"id":2929,"url":"https:\/\/wpglozin.com\/single-product\/wp-content\/uploads\/sites\/8\/2025\/05\/woocommerce-placeholder-600x600-2.webp"}},{"text":"Sign up for Sale off your first order","type":"icon","icon":{"value":"","library":""},"_id":"c154c7d","image":{"id":2930,"url":"https:\/\/wpglozin.com\/single-product\/wp-content\/uploads\/sites\/8\/2025\/05\/woocommerce-placeholder-600x600-3.webp"}},{"text":"Fast\u2014Free packing and shipping","type":"icon","icon":{"value":"","library":""},"_id":"d5406f1","image":{"id":2931,"url":"https:\/\/wpglozin.com\/single-product\/wp-content\/uploads\/sites\/8\/2025\/05\/woocommerce-placeholder-600x600-4.webp"}}],"speed":0.2,"padding":{"unit":"px","top":"18","right":"0","bottom":"13","left":"0","isLinked":false},"gap":{"unit":"px","size":50,"sizes":[]},"icon_size":{"unit":"px","size":20,"sizes":[]},"icon_color":"#FFFFFF","spacing":{"unit":"px","size":50,"sizes":[]},"text_typography_typography":"custom","text_typography_font_size":{"unit":"px","size":13,"sizes":[]},"text_typography_font_weight":"600","text_typography_text_transform":"uppercase","text_typography_line_height":{"unit":"custom","size":"1","sizes":[]},"text_typography_line_height_tablet":{"unit":"custom","size":"","sizes":[]},"text_typography_line_height_mobile":{"unit":"custom","size":"","sizes":[]},"text_color":"#FFFFFF","_background_image":{"url":"","id":"","size":""},"_background_video_fallback":{"url":"","id":"","size":""},"_background_slideshow_gallery":[],"_background_hover_image":{"url":"","id":"","size":""},"_background_hover_video_fallback":{"url":"","id":"","size":""},"_background_hover_slideshow_gallery":[],"_mask_image":{"url":"","id":"","size":""}},"elements":[],"isInner":false,"widgetType":"glozin-marquee","elType":"widget"}],"isInner":false,"elType":"container"},{"id":"6f9deeb8","settings":{"flex_gap":{"column":"5","row":"5","isLinked":true,"unit":"px","size":5},"margin":{"unit":"px","top":"0","right":"0","bottom":"33","left":"0","isLinked":false},"background_image":{"url":"","id":"","size":""},"background_video_fallback":{"url":"","id":"","size":""},"background_slideshow_gallery":[],"background_hover_image":{"url":"","id":"","size":""},"background_hover_video_fallback":{"url":"","id":"","size":""},"background_hover_slideshow_gallery":[],"background_overlay_image":{"url":"","id":"","size":""},"background_overlay_video_fallback":{"url":"","id":"","size":""},"background_overlay_slideshow_gallery":[],"background_overlay_hover_image":{"url":"","id":"","size":""},"background_overlay_hover_video_fallback":{"url":"","id":"","size":""},"background_overlay_hover_slideshow_gallery":[]},"elements":[{"id":"245f7d3d","settings":{"title":"Smart Sound Features","align":"center","typography_typography":"custom","typography_letter_spacing":{"unit":"px","size":-1.224,"sizes":[]},"_background_image":{"url":"","id":"","size":""},"_background_video_fallback":{"url":"","id":"","size":""},"_background_slideshow_gallery":[],"_background_hover_image":{"url":"","id":"","size":""},"_background_hover_video_fallback":{"url":"","id":"","size":""},"_background_hover_slideshow_gallery":[],"_mask_image":{"url":"","id":"","size":""}},"elements":[],"isInner":false,"widgetType":"glozin-heading","elType":"widget"},{"id":"607e85f8","settings":{"title":"Explore smart sound features for great audio, personalized listening, and easy control.","title_size":"div","align":"center","_background_image":{"url":"","id":"","size":""},"_background_video_fallback":{"url":"","id":"","size":""},"_background_slideshow_gallery":[],"_background_hover_image":{"url":"","id":"","size":""},"_background_hover_video_fallback":{"url":"","id":"","size":""},"_background_hover_slideshow_gallery":[],"_mask_image":{"url":"","id":"","size":""}},"elements":[],"isInner":false,"widgetType":"glozin-heading","elType":"widget"}],"isInner":false,"elType":"container"},{"id":"6600fa81","settings":{"flex_direction":"row","flex_direction_tablet":"column","flex_gap":{"column":"30","row":"30","isLinked":true,"unit":"px","size":30},"border_border":"solid","border_width":{"unit":"px","top":"0","right":"0","bottom":"1","left":"0","isLinked":false},"border_color":"#EBEBEB","margin":{"unit":"px","top":"0","right":"0","bottom":"80","left":"0","isLinked":false},"margin_mobile":{"unit":"px","top":"0","right":"0","bottom":"60","left":"0","isLinked":false},"padding":{"unit":"px","top":"0","right":"0","bottom":"80","left":"0","isLinked":false},"padding_mobile":{"unit":"px","top":"0","right":"0","bottom":"60","left":"0","isLinked":false},"background_image":{"url":"","id":"","size":""},"background_video_fallback":{"url":"","id":"","size":""},"background_slideshow_gallery":[],"background_hover_image":{"url":"","id":"","size":""},"background_hover_video_fallback":{"url":"","id":"","size":""},"background_hover_slideshow_gallery":[],"background_overlay_image":{"url":"","id":"","size":""},"background_overlay_video_fallback":{"url":"","id":"","size":""},"background_overlay_slideshow_gallery":[],"background_overlay_hover_image":{"url":"","id":"","size":""},"background_overlay_hover_video_fallback":{"url":"","id":"","size":""},"background_overlay_hover_slideshow_gallery":[]},"elements":[{"id":"3fa2a7f9","settings":{"content_width":"full","flex_justify_content":"center","background_image":{"url":"","id":"","size":""},"background_video_fallback":{"url":"","id":"","size":""},"background_slideshow_gallery":[],"background_hover_image":{"url":"","id":"","size":""},"background_hover_video_fallback":{"url":"","id":"","size":""},"background_hover_slideshow_gallery":[],"background_overlay_image":{"url":"","id":"","size":""},"background_overlay_video_fallback":{"url":"","id":"","size":""},"background_overlay_slideshow_gallery":[],"background_overlay_hover_image":{"url":"","id":"","size":""},"background_overlay_hover_video_fallback":{"url":"","id":"","size":""},"background_overlay_hover_slideshow_gallery":[]},"elements":[{"id":"14ece33d","settings":{"icon":{"value":"","library":""},"title":"Powerful Chip Drawing","description":"The chip swiftly adapts audio using advanced algorithms, tuning sound in real time for your ear shape to deliver precise, high-fidelity sound.","title_size":"h3","alignment":"center","title_typography_typography":"custom","title_typography_font_size":{"unit":"px","size":18,"sizes":[]},"title_spacing":{"unit":"px","size":10,"sizes":[]},"icon_size":{"unit":"px","size":40,"sizes":[]},"icon_spacing":{"unit":"px","size":20,"sizes":[]},"image":{"id":2932,"url":"https:\/\/wpglozin.com\/single-product\/wp-content\/uploads\/sites\/8\/2025\/05\/placeholder-3.png"},"_background_image":{"url":"","id":"","size":""},"_background_video_fallback":{"url":"","id":"","size":""},"_background_slideshow_gallery":[],"_background_hover_image":{"url":"","id":"","size":""},"_background_hover_video_fallback":{"url":"","id":"","size":""},"_background_hover_slideshow_gallery":[],"_mask_image":{"url":"","id":"","size":""}},"elements":[],"isInner":false,"widgetType":"glozin-icon-box","elType":"widget"},{"id":"57c67df8","settings":{"icon":{"value":"","library":""},"title":"Personalized Listening","description":"Experience sound tailored to your individual preferences for a truly personalized listening journey, with every detail fine-tuned for maximum immersion.","title_size":"h3","alignment":"center","title_typography_typography":"custom","title_typography_font_size":{"unit":"px","size":18,"sizes":[]},"title_spacing":{"unit":"px","size":10,"sizes":[]},"icon_size":{"unit":"px","size":40,"sizes":[]},"icon_spacing":{"unit":"px","size":20,"sizes":[]},"image":{"id":2933,"url":"https:\/\/wpglozin.com\/single-product\/wp-content\/uploads\/sites\/8\/2025\/05\/placeholder-4.png"},"_background_image":{"url":"","id":"","size":""},"_background_video_fallback":{"url":"","id":"","size":""},"_background_slideshow_gallery":[],"_background_hover_image":{"url":"","id":"","size":""},"_background_hover_video_fallback":{"url":"","id":"","size":""},"_background_hover_slideshow_gallery":[],"_mask_image":{"url":"","id":"","size":""}},"elements":[],"isInner":false,"widgetType":"glozin-icon-box","elType":"widget"}],"isInner":true,"elType":"container"},{"id":"6eace62e","settings":{"content_width":"full","background_image":{"url":"","id":"","size":""},"background_video_fallback":{"url":"","id":"","size":""},"background_slideshow_gallery":[],"background_hover_image":{"url":"","id":"","size":""},"background_hover_video_fallback":{"url":"","id":"","size":""},"background_hover_slideshow_gallery":[],"background_overlay_image":{"url":"","id":"","size":""},"background_overlay_video_fallback":{"url":"","id":"","size":""},"background_overlay_slideshow_gallery":[],"background_overlay_hover_image":{"url":"","id":"","size":""},"background_overlay_hover_video_fallback":{"url":"","id":"","size":""},"background_overlay_hover_slideshow_gallery":[]},"elements":[{"id":"7d5d6f32","settings":{"image":{"id":"","url":"https:\/\/wpglozin.com\/single-product\/wp-content\/plugins\/elementor\/assets\/images\/placeholder.png"},"image_size":"full","align":"center","space":{"unit":"px","size":379,"sizes":[]},"space_tablet":{"unit":"%","size":100,"sizes":[]},"space_mobile":{"unit":"px","size":"","sizes":[]},"_background_image":{"url":"","id":"","size":""},"_background_video_fallback":{"url":"","id":"","size":""},"_background_slideshow_gallery":[],"_background_hover_image":{"url":"","id":"","size":""},"_background_hover_video_fallback":{"url":"","id":"","size":""},"_background_hover_slideshow_gallery":[],"_mask_image":{"url":"","id":"","size":""}},"elements":[],"isInner":false,"widgetType":"image","elType":"widget"}],"isInner":true,"elType":"container"},{"id":"33932c9","settings":{"content_width":"full","flex_justify_content":"center","background_image":{"url":"","id":"","size":""},"background_video_fallback":{"url":"","id":"","size":""},"background_slideshow_gallery":[],"background_hover_image":{"url":"","id":"","size":""},"background_hover_video_fallback":{"url":"","id":"","size":""},"background_hover_slideshow_gallery":[],"background_overlay_image":{"url":"","id":"","size":""},"background_overlay_video_fallback":{"url":"","id":"","size":""},"background_overlay_slideshow_gallery":[],"background_overlay_hover_image":{"url":"","id":"","size":""},"background_overlay_hover_video_fallback":{"url":"","id":"","size":""},"background_overlay_hover_slideshow_gallery":[]},"elements":[{"id":"b9b16a7","settings":{"icon":{"value":"","library":""},"title":"Active Noise Cancellation","description":"Noise-cancelling microphones and a rear vent are strategically placed to detect and counter noise before it reaches your ear.","title_size":"h3","alignment":"center","title_typography_typography":"custom","title_typography_font_size":{"unit":"px","size":18,"sizes":[]},"title_spacing":{"unit":"px","size":10,"sizes":[]},"icon_size":{"unit":"px","size":40,"sizes":[]},"icon_spacing":{"unit":"px","size":20,"sizes":[]},"image":{"id":2934,"url":"https:\/\/wpglozin.com\/single-product\/wp-content\/uploads\/sites\/8\/2025\/05\/placeholder-5.png"},"_background_image":{"url":"","id":"","size":""},"_background_video_fallback":{"url":"","id":"","size":""},"_background_slideshow_gallery":[],"_background_hover_image":{"url":"","id":"","size":""},"_background_hover_video_fallback":{"url":"","id":"","size":""},"_background_hover_slideshow_gallery":[],"_mask_image":{"url":"","id":"","size":""}},"elements":[],"isInner":false,"widgetType":"glozin-icon-box","elType":"widget"},{"id":"ab071cd","settings":{"icon":{"value":"","library":""},"title":"Touch To Control","description":"Touch control on the stem lets you adjust volume, play\/pause music, mute\/unmute calls, end calls, and switch between listening modes.","title_size":"h3","alignment":"center","title_typography_typography":"custom","title_typography_font_size":{"unit":"px","size":18,"sizes":[]},"title_spacing":{"unit":"px","size":10,"sizes":[]},"icon_size":{"unit":"px","size":40,"sizes":[]},"icon_spacing":{"unit":"px","size":20,"sizes":[]},"image":{"id":2935,"url":"https:\/\/wpglozin.com\/single-product\/wp-content\/uploads\/sites\/8\/2025\/05\/placeholder-6.png"},"_background_image":{"url":"","id":"","size":""},"_background_video_fallback":{"url":"","id":"","size":""},"_background_slideshow_gallery":[],"_background_hover_image":{"url":"","id":"","size":""},"_background_hover_video_fallback":{"url":"","id":"","size":""},"_background_hover_slideshow_gallery":[],"_mask_image":{"url":"","id":"","size":""}},"elements":[],"isInner":false,"widgetType":"glozin-icon-box","elType":"widget"}],"isInner":true,"elType":"container"}],"isInner":false,"elType":"container"},{"id":"53f5ae9","settings":{"flex_gap":{"column":"10","row":"10","isLinked":true,"unit":"px","size":10},"margin":{"unit":"px","top":"0","right":"0","bottom":"33","left":"0","isLinked":false},"background_image":{"url":"","id":"","size":""},"background_video_fallback":{"url":"","id":"","size":""},"background_slideshow_gallery":[],"background_hover_image":{"url":"","id":"","size":""},"background_hover_video_fallback":{"url":"","id":"","size":""},"background_hover_slideshow_gallery":[],"background_overlay_image":{"url":"","id":"","size":""},"background_overlay_video_fallback":{"url":"","id":"","size":""},"background_overlay_slideshow_gallery":[],"background_overlay_hover_image":{"url":"","id":"","size":""},"background_overlay_hover_video_fallback":{"url":"","id":"","size":""},"background_overlay_hover_slideshow_gallery":[]},"elements":[{"id":"109214ef","settings":{"title":"Designed for Comfort","align":"center","typography_typography":"custom","typography_letter_spacing":{"unit":"px","size":-1.224,"sizes":[]},"_background_image":{"url":"","id":"","size":""},"_background_video_fallback":{"url":"","id":"","size":""},"_background_slideshow_gallery":[],"_background_hover_image":{"url":"","id":"","size":""},"_background_hover_video_fallback":{"url":"","id":"","size":""},"_background_hover_slideshow_gallery":[],"_mask_image":{"url":"","id":"","size":""}},"elements":[],"isInner":false,"widgetType":"glozin-heading","elType":"widget"},{"id":"7947a675","settings":{"title":"Ergonomically designed for all-day comfort, ensuring a secure, comfortable fit for extended wear.","title_size":"div","align":"center","_background_image":{"url":"","id":"","size":""},"_background_video_fallback":{"url":"","id":"","size":""},"_background_slideshow_gallery":[],"_background_hover_image":{"url":"","id":"","size":""},"_background_hover_video_fallback":{"url":"","id":"","size":""},"_background_hover_slideshow_gallery":[],"_mask_image":{"url":"","id":"","size":""}},"elements":[],"isInner":false,"widgetType":"glozin-heading","elType":"widget"}],"isInner":false,"elType":"container"},{"id":"13e5727e","settings":{"margin":{"unit":"px","top":"0","right":"0","bottom":"80","left":"0","isLinked":false},"margin_mobile":{"unit":"px","top":"0","right":"0","bottom":"60","left":"0","isLinked":false},"boxed_width":{"unit":"px","size":1200,"sizes":[]},"overflow":"hidden","background_image":{"url":"","id":"","size":""},"background_video_fallback":{"url":"","id":"","size":""},"background_slideshow_gallery":[],"background_hover_image":{"url":"","id":"","size":""},"background_hover_video_fallback":{"url":"","id":"","size":""},"background_hover_slideshow_gallery":[],"background_overlay_image":{"url":"","id":"","size":""},"background_overlay_video_fallback":{"url":"","id":"","size":""},"background_overlay_slideshow_gallery":[],"background_overlay_hover_image":{"url":"","id":"","size":""},"background_overlay_hover_video_fallback":{"url":"","id":"","size":""},"background_overlay_hover_slideshow_gallery":[]},"elements":[{"id":"333efde4","settings":{"items":[{"image":{"id":"","url":"https:\/\/wpglozin.com\/single-product\/wp-content\/plugins\/elementor\/assets\/images\/placeholder.png"},"link":{"url":"#","is_external":"","nofollow":"","custom_attributes":""},"title":"Sharp Call Clarity","_id":"47729c2","youtube_url":"https:\/\/www.youtube.com\/watch?v=XHOmBV4js_E","vimeo_url":"https:\/\/vimeo.com\/235215203","description":"Voice Isolation minimizes background noise and enhances your voice clarity, ensuring you're easily heard in loud or windy environments.","image_type":"image","video_source":"media","media_url":{"url":"","id":"","size":""},"hosted_url":"","poster_url":{"url":"","id":"","size":""},"autoplay":"yes","mute":"yes","loop":"yes","controls":"","button_text":""},{"image":{"id":"","url":"https:\/\/wpglozin.com\/single-product\/wp-content\/plugins\/elementor\/assets\/images\/placeholder.png"},"link":{"url":"#","is_external":"","nofollow":"","custom_attributes":""},"title":"Always-on Intelligent Assistant","youtube_url":"https:\/\/www.youtube.com\/watch?v=XHOmBV4js_E","vimeo_url":"https:\/\/vimeo.com\/235215203","description":"Control audio, get directions, and receive notifications with Siri. Use head gestures to manage calls, messages, and alerts with ease.","_id":"b91e00f","image_type":"image","video_source":"media","media_url":{"url":"","id":"","size":""},"hosted_url":"","poster_url":{"url":"","id":"","size":""},"autoplay":"yes","mute":"yes","loop":"yes","controls":"","button_text":""},{"image":{"id":"","url":"https:\/\/wpglozin.com\/single-product\/wp-content\/plugins\/elementor\/assets\/images\/placeholder.png"},"link":{"url":"#","is_external":"","nofollow":"","custom_attributes":""},"title":"Personalized Spatial Audio","youtube_url":"https:\/\/www.youtube.com\/watch?v=XHOmBV4js_E","vimeo_url":"https:\/\/vimeo.com\/235215203","description":"Personalized Spatial Audio brings you 3D sound suited to your specific ear shape for a theater-like experience that surrounds you with sound.","_id":"028c42b","image_type":"image","video_source":"media","media_url":{"url":"","id":"","size":""},"hosted_url":"","poster_url":{"url":"","id":"","size":""},"autoplay":"yes","mute":"yes","loop":"yes","controls":"","button_text":""},{"image":{"id":"","url":"https:\/\/wpglozin.com\/single-product\/wp-content\/plugins\/elementor\/assets\/images\/placeholder.png"},"link":{"url":"#","is_external":"","nofollow":"","custom_attributes":""},"title":"Active Noise Cancellation","youtube_url":"https:\/\/www.youtube.com\/watch?v=XHOmBV4js_E","vimeo_url":"https:\/\/vimeo.com\/235215203","description":"A driver and acoustic algorithms enhance noise cancellation, giving you control over sounds for better focus or immersive listening.","_id":"c0e2cf3","image_type":"image","video_source":"media","media_url":{"url":"","id":"","size":""},"hosted_url":"","poster_url":{"url":"","id":"","size":""},"autoplay":"yes","mute":"yes","loop":"yes","controls":"","button_text":""},{"image":{"id":"","url":"https:\/\/wpglozin.com\/single-product\/wp-content\/plugins\/elementor\/assets\/images\/placeholder.png"},"link":{"url":"#","is_external":"","nofollow":"","custom_attributes":""},"title":"Calibrates Music to Your Ears","youtube_url":"https:\/\/www.youtube.com\/watch?v=XHOmBV4js_E","vimeo_url":"https:\/\/vimeo.com\/235215203","description":"Adaptive technology calibrates music to your ears, adjusting frequencies in real-time for a personalized and immersive listening experience.","_id":"f54ef9c","image_type":"image","video_source":"media","media_url":{"url":"","id":"","size":""},"hosted_url":"","poster_url":{"url":"","id":"","size":""},"autoplay":"yes","mute":"yes","loop":"yes","controls":"","button_text":""},{"image":{"id":"","url":"https:\/\/wpglozin.com\/single-product\/wp-content\/plugins\/elementor\/assets\/images\/placeholder.png"},"link":{"url":"#","is_external":"","nofollow":"","custom_attributes":""},"title":"Connecting Is Simple","youtube_url":"https:\/\/www.youtube.com\/watch?v=XHOmBV4js_E","vimeo_url":"https:\/\/vimeo.com\/235215203","description":"AirPods provide a seamless experience with one-tap setup, automatic switching and audio sharing for effortless use across devices.","_id":"a3a6ae1","image_type":"image","video_source":"media","media_url":{"url":"","id":"","size":""},"hosted_url":"","poster_url":{"url":"","id":"","size":""},"autoplay":"yes","mute":"yes","loop":"yes","controls":"","button_text":""}],"aspect_ratio_type":"custom","aspect_ratio":"190:257","slides_to_show":3,"navigation_classes":"none","text_align":"left","centered":"yes","reveal_on_scroll":"yes","slides_to_show_tablet":3,"slides_to_show_mobile":1,"slides_to_scroll_mobile":1,"navigation_classes_tablet":"none","navigation_classes_mobile":"dots","image_border_radius":{"unit":"px","top":"15","right":"15","bottom":"15","left":"15","isLinked":true},"image_spacing":{"unit":"px","size":20,"sizes":[]},"title_typography_typography":"custom","title_typography_font_size":{"unit":"px","size":18,"sizes":[]},"title_typography_font_size_tablet":{"unit":"px","size":16,"sizes":[]},"title_typography_font_size_mobile":{"unit":"px","size":15.75,"sizes":[]},"title_typography_line_height":{"unit":"custom","size":"normal","sizes":[]},"title_typography_line_height_tablet":{"unit":"custom","size":"","sizes":[]},"title_typography_line_height_mobile":{"unit":"custom","size":"","sizes":[]},"description_typography_typography":"custom","description_typography_line_height":{"unit":"custom","size":"1.5","sizes":[]},"description_typography_line_height_tablet":{"unit":"custom","size":"","sizes":[]},"description_typography_line_height_mobile":{"unit":"custom","size":"","sizes":[]},"_background_image":{"url":"","id":"","size":""},"_background_video_fallback":{"url":"","id":"","size":""},"_background_slideshow_gallery":[],"_background_hover_image":{"url":"","id":"","size":""},"_background_hover_video_fallback":{"url":"","id":"","size":""},"_background_hover_slideshow_gallery":[],"_mask_image":{"url":"","id":"","size":""}},"elements":[],"isInner":false,"widgetType":"glozin-image-box-carousel","elType":"widget"}],"isInner":false,"elType":"container"},{"id":"6ccb3f18","settings":{"flex_direction":"column","boxed_width":{"unit":"px","size":1200,"sizes":[]},"margin":{"unit":"px","top":"0","right":"0","bottom":"80","left":"0","isLinked":false},"margin_mobile":{"unit":"px","top":"0","right":"0","bottom":"60","left":"0","isLinked":false},"background_image":{"url":"","id":"","size":""},"background_video_fallback":{"url":"","id":"","size":""},"background_slideshow_gallery":[],"background_hover_image":{"url":"","id":"","size":""},"background_hover_video_fallback":{"url":"","id":"","size":""},"background_hover_slideshow_gallery":[],"background_overlay_image":{"url":"","id":"","size":""},"background_overlay_video_fallback":{"url":"","id":"","size":""},"background_overlay_slideshow_gallery":[],"background_overlay_hover_image":{"url":"","id":"","size":""},"background_overlay_hover_video_fallback":{"url":"","id":"","size":""},"background_overlay_hover_slideshow_gallery":[]},"elements":[{"id":"72c8c336","settings":{"content_width":"full","border_border":"solid","border_width":{"unit":"px","top":"1","right":"0","bottom":"0","left":"0","isLinked":false},"border_color":"#EBEBEB","background_image":{"url":"","id":"","size":""},"background_video_fallback":{"url":"","id":"","size":""},"background_slideshow_gallery":[],"background_hover_image":{"url":"","id":"","size":""},"background_hover_video_fallback":{"url":"","id":"","size":""},"background_hover_slideshow_gallery":[],"background_overlay_image":{"url":"","id":"","size":""},"background_overlay_video_fallback":{"url":"","id":"","size":""},"background_overlay_slideshow_gallery":[],"background_overlay_hover_image":{"url":"","id":"","size":""},"background_overlay_hover_video_fallback":{"url":"","id":"","size":""},"background_overlay_hover_slideshow_gallery":[]},"elements":[],"isInner":true,"elType":"container"}],"isInner":false,"elType":"container"},{"id":"179a8327","settings":{"flex_gap":{"column":"10","row":"10","isLinked":true,"unit":"px","size":10},"margin":{"unit":"px","top":"0","right":"0","bottom":"33","left":"0","isLinked":false},"background_image":{"url":"","id":"","size":""},"background_video_fallback":{"url":"","id":"","size":""},"background_slideshow_gallery":[],"background_hover_image":{"url":"","id":"","size":""},"background_hover_video_fallback":{"url":"","id":"","size":""},"background_hover_slideshow_gallery":[],"background_overlay_image":{"url":"","id":"","size":""},"background_overlay_video_fallback":{"url":"","id":"","size":""},"background_overlay_slideshow_gallery":[],"background_overlay_hover_image":{"url":"","id":"","size":""},"background_overlay_hover_video_fallback":{"url":"","id":"","size":""},"background_overlay_hover_slideshow_gallery":[]},"elements":[{"id":"3e757896","settings":{"title":"Explore All AirPods","align":"center","typography_typography":"custom","typography_letter_spacing":{"unit":"px","size":-1.224,"sizes":[]},"_background_image":{"url":"","id":"","size":""},"_background_video_fallback":{"url":"","id":"","size":""},"_background_slideshow_gallery":[],"_background_hover_image":{"url":"","id":"","size":""},"_background_hover_video_fallback":{"url":"","id":"","size":""},"_background_hover_slideshow_gallery":[],"_mask_image":{"url":"","id":"","size":""}},"elements":[],"isInner":false,"widgetType":"glozin-heading","elType":"widget"},{"id":"346b5f1c","settings":{"title":"Unmatched design\u2014superior performance and customer satisfaction in one.","title_size":"div","align":"center","_background_image":{"url":"","id":"","size":""},"_background_video_fallback":{"url":"","id":"","size":""},"_background_slideshow_gallery":[],"_background_hover_image":{"url":"","id":"","size":""},"_background_hover_video_fallback":{"url":"","id":"","size":""},"_background_hover_slideshow_gallery":[],"_mask_image":{"url":"","id":"","size":""}},"elements":[],"isInner":false,"widgetType":"glozin-heading","elType":"widget"}],"isInner":false,"elType":"container"},{"id":"59adf7da","settings":{"boxed_width":{"unit":"px","size":1200,"sizes":[]},"margin":{"unit":"px","top":"0","right":"0","bottom":"80","left":"0","isLinked":false},"margin_mobile":{"unit":"px","top":"0","right":"0","bottom":"60","left":"0","isLinked":false},"background_image":{"url":"","id":"","size":""},"background_video_fallback":{"url":"","id":"","size":""},"background_slideshow_gallery":[],"background_hover_image":{"url":"","id":"","size":""},"background_hover_video_fallback":{"url":"","id":"","size":""},"background_hover_slideshow_gallery":[],"background_overlay_image":{"url":"","id":"","size":""},"background_overlay_video_fallback":{"url":"","id":"","size":""},"background_overlay_slideshow_gallery":[],"background_overlay_hover_image":{"url":"","id":"","size":""},"background_overlay_hover_video_fallback":{"url":"","id":"","size":""},"background_overlay_hover_slideshow_gallery":[]},"elements":[{"id":"62cc16bc","settings":{"slides_to_show":3,"slides_to_show_tablet":3,"slides_to_show_mobile":1,"image_spacing_custom_mobile":15,"navigation_classes_mobile":"none","slidesperview_auto_mobile":"yes","_background_image":{"url":"","id":"","size":""},"_background_video_fallback":{"url":"","id":"","size":""},"_background_slideshow_gallery":[],"_background_hover_image":{"url":"","id":"","size":""},"_background_hover_video_fallback":{"url":"","id":"","size":""},"_background_hover_slideshow_gallery":[],"_mask_image":{"url":"","id":"","size":""}},"elements":[],"isInner":false,"widgetType":"glozin-products-carousel","elType":"widget"}],"isInner":false,"elType":"container"},{"id":"402f54db","settings":{"flex_direction":"column","boxed_width":{"unit":"px","size":1200,"sizes":[]},"flex_gap":{"column":"","row":"","isLinked":true,"unit":"px","size":null},"margin":{"unit":"px","top":"0","right":"0","bottom":"80","left":"0","isLinked":false},"margin_mobile":{"unit":"px","top":"0","right":"0","bottom":"60","left":"0","isLinked":false},"background_image":{"url":"","id":"","size":""},"background_video_fallback":{"url":"","id":"","size":""},"background_slideshow_gallery":[],"background_hover_image":{"url":"","id":"","size":""},"background_hover_video_fallback":{"url":"","id":"","size":""},"background_hover_slideshow_gallery":[],"background_overlay_image":{"url":"","id":"","size":""},"background_overlay_video_fallback":{"url":"","id":"","size":""},"background_overlay_slideshow_gallery":[],"background_overlay_hover_image":{"url":"","id":"","size":""},"background_overlay_hover_video_fallback":{"url":"","id":"","size":""},"background_overlay_hover_slideshow_gallery":[]},"elements":[{"id":"25630046","settings":{"content_width":"full","flex_direction":"row","flex_direction_tablet":"column","flex_justify_content":"space-between","flex_gap":{"column":"10","row":"10","isLinked":true,"unit":"px","size":10},"flex_gap_tablet":{"column":"","row":"","isLinked":true,"unit":"px","size":null},"background_background":"classic","background_image":{"id":"","url":"https:\/\/wpglozin.com\/single-product\/wp-content\/plugins\/elementor\/assets\/images\/placeholder.png"},"background_position":"center center","background_repeat":"no-repeat","background_size":"cover","border_radius":{"unit":"px","top":"15","right":"15","bottom":"15","left":"15","isLinked":true},"padding":{"unit":"px","top":"30","right":"30","bottom":"30","left":"30","isLinked":true},"padding_tablet":{"unit":"px","top":"20","right":"30","bottom":"20","left":"30","isLinked":false},"background_video_fallback":{"url":"","id":"","size":""},"background_slideshow_gallery":[],"background_hover_image":{"url":"","id":"","size":""},"background_hover_video_fallback":{"url":"","id":"","size":""},"background_hover_slideshow_gallery":[],"background_overlay_image":{"url":"","id":"","size":""},"background_overlay_video_fallback":{"url":"","id":"","size":""},"background_overlay_slideshow_gallery":[],"background_overlay_hover_image":{"url":"","id":"","size":""},"background_overlay_hover_video_fallback":{"url":"","id":"","size":""},"background_overlay_hover_slideshow_gallery":[]},"elements":[{"id":"16ac718b","settings":{"content_width":"full","width":{"unit":"%","size":50,"sizes":[]},"width_tablet":{"unit":"%","size":50,"sizes":[]},"width_mobile":{"unit":"%","size":100,"sizes":[]},"flex_direction":"row","flex_direction_tablet":"column","flex_align_items":"center","flex_align_items_tablet":"flex-start","background_image":{"url":"","id":"","size":""},"background_video_fallback":{"url":"","id":"","size":""},"background_slideshow_gallery":[],"background_hover_image":{"url":"","id":"","size":""},"background_hover_video_fallback":{"url":"","id":"","size":""},"background_hover_slideshow_gallery":[],"background_overlay_image":{"url":"","id":"","size":""},"background_overlay_video_fallback":{"url":"","id":"","size":""},"background_overlay_slideshow_gallery":[],"background_overlay_hover_image":{"url":"","id":"","size":""},"background_overlay_hover_video_fallback":{"url":"","id":"","size":""},"background_overlay_hover_slideshow_gallery":[]},"elements":[{"id":"508de9a2","settings":{"title":"Big Promotion Grab Your Vouchers!","title_color":"#FFFFFF","typography_typography":"custom","typography_font_size":{"unit":"px","size":24,"sizes":[]},"typography_font_weight":"600","typography_letter_spacing":{"unit":"px","size":-0.816,"sizes":[]},"_background_image":{"url":"","id":"","size":""},"_background_video_fallback":{"url":"","id":"","size":""},"_background_slideshow_gallery":[],"_background_hover_image":{"url":"","id":"","size":""},"_background_hover_video_fallback":{"url":"","id":"","size":""},"_background_hover_slideshow_gallery":[],"_mask_image":{"url":"","id":"","size":""}},"elements":[],"isInner":false,"widgetType":"glozin-heading","elType":"widget"},{"id":"7b79f7e0","settings":{"title":"Up to 35% Off everything code. Limited time only. Excludes selected lines.","title_size":"div","title_color":"#FFFFFF","typography_typography":"custom","_background_image":{"url":"","id":"","size":""},"_background_video_fallback":{"url":"","id":"","size":""},"_background_slideshow_gallery":[],"_background_hover_image":{"url":"","id":"","size":""},"_background_hover_video_fallback":{"url":"","id":"","size":""},"_background_hover_slideshow_gallery":[],"_mask_image":{"url":"","id":"","size":""}},"elements":[],"isInner":false,"widgetType":"glozin-heading","elType":"widget"}],"isInner":true,"elType":"container"},{"id":"3d8c1c72","settings":{"content_width":"full","width":{"unit":"custom","size":"auto","sizes":[]},"width_tablet":{"unit":"custom","size":"","sizes":[]},"width_mobile":{"unit":"custom","size":"","sizes":[]},"flex_direction":"row","flex_direction_mobile":"column","flex_align_items":"center","flex_align_items_mobile":"flex-start","flex_gap":{"column":"15","row":"15","isLinked":true,"unit":"px","size":15},"background_image":{"url":"","id":"","size":""},"background_video_fallback":{"url":"","id":"","size":""},"background_slideshow_gallery":[],"background_hover_image":{"url":"","id":"","size":""},"background_hover_video_fallback":{"url":"","id":"","size":""},"background_hover_slideshow_gallery":[],"background_overlay_image":{"url":"","id":"","size":""},"background_overlay_video_fallback":{"url":"","id":"","size":""},"background_overlay_slideshow_gallery":[],"background_overlay_hover_image":{"url":"","id":"","size":""},"background_overlay_hover_video_fallback":{"url":"","id":"","size":""},"background_overlay_hover_slideshow_gallery":[]},"elements":[{"id":"14ec6b1f","settings":{"code":"GET35PSL","button_style":"outline","button_background_color":"#3357D8","button_text_color":"#FFFFFF","button_border_color":"#3357D8","button_background_hover_color":"#516CF4","hover_color":"#FFFFFF","button_hover_border_color":"#516CF4","_background_image":{"url":"","id":"","size":""},"_background_video_fallback":{"url":"","id":"","size":""},"_background_slideshow_gallery":[],"_background_hover_image":{"url":"","id":"","size":""},"_background_hover_video_fallback":{"url":"","id":"","size":""},"_background_hover_slideshow_gallery":[],"_mask_image":{"url":"","id":"","size":""}},"elements":[],"isInner":false,"widgetType":"glozin-code-discount","elType":"widget"},{"id":"47162547","settings":{"button_text":"Shop Sale","button_style":"light","button_icon":{"value":"","library":""},"_background_image":{"url":"","id":"","size":""},"_background_video_fallback":{"url":"","id":"","size":""},"_background_slideshow_gallery":[],"_background_hover_image":{"url":"","id":"","size":""},"_background_hover_video_fallback":{"url":"","id":"","size":""},"_background_hover_slideshow_gallery":[],"_mask_image":{"url":"","id":"","size":""}},"elements":[],"isInner":false,"widgetType":"glozin-button","elType":"widget"}],"isInner":true,"elType":"container"}],"isInner":true,"elType":"container"}],"isInner":false,"elType":"container"},{"id":"49a23e63","settings":{"flex_gap":{"column":"10","row":"10","isLinked":true,"unit":"px","size":10},"margin":{"unit":"px","top":"0","right":"0","bottom":"33","left":"0","isLinked":false},"background_image":{"url":"","id":"","size":""},"background_video_fallback":{"url":"","id":"","size":""},"background_slideshow_gallery":[],"background_hover_image":{"url":"","id":"","size":""},"background_hover_video_fallback":{"url":"","id":"","size":""},"background_hover_slideshow_gallery":[],"background_overlay_image":{"url":"","id":"","size":""},"background_overlay_video_fallback":{"url":"","id":"","size":""},"background_overlay_slideshow_gallery":[],"background_overlay_hover_image":{"url":"","id":"","size":""},"background_overlay_hover_video_fallback":{"url":"","id":"","size":""},"background_overlay_hover_slideshow_gallery":[]},"elements":[{"id":"17888b77","settings":{"title":"Community Stories","align":"center","typography_typography":"custom","typography_letter_spacing":{"unit":"px","size":-1.224,"sizes":[]},"_background_image":{"url":"","id":"","size":""},"_background_video_fallback":{"url":"","id":"","size":""},"_background_slideshow_gallery":[],"_background_hover_image":{"url":"","id":"","size":""},"_background_hover_video_fallback":{"url":"","id":"","size":""},"_background_hover_slideshow_gallery":[],"_mask_image":{"url":"","id":"","size":""}},"elements":[],"isInner":false,"widgetType":"glozin-heading","elType":"widget"},{"id":"49398f15","settings":{"title":"Express your style with our standout collection\u2014fashion meets sophistication.","title_size":"div","align":"center","_background_image":{"url":"","id":"","size":""},"_background_video_fallback":{"url":"","id":"","size":""},"_background_slideshow_gallery":[],"_background_hover_image":{"url":"","id":"","size":""},"_background_hover_video_fallback":{"url":"","id":"","size":""},"_background_hover_slideshow_gallery":[],"_mask_image":{"url":"","id":"","size":""}},"elements":[],"isInner":false,"widgetType":"glozin-heading","elType":"widget"}],"isInner":false,"elType":"container"},{"id":"39afa090","settings":{"margin":{"unit":"px","top":"0","right":"0","bottom":"80","left":"0","isLinked":false},"margin_mobile":{"unit":"px","top":"0","right":"0","bottom":"60","left":"0","isLinked":false},"boxed_width":{"unit":"px","size":1200,"sizes":[]},"background_image":{"url":"","id":"","size":""},"background_video_fallback":{"url":"","id":"","size":""},"background_slideshow_gallery":[],"background_hover_image":{"url":"","id":"","size":""},"background_hover_video_fallback":{"url":"","id":"","size":""},"background_hover_slideshow_gallery":[],"background_overlay_image":{"url":"","id":"","size":""},"background_overlay_video_fallback":{"url":"","id":"","size":""},"background_overlay_slideshow_gallery":[],"background_overlay_hover_image":{"url":"","id":"","size":""},"background_overlay_hover_video_fallback":{"url":"","id":"","size":""},"background_overlay_hover_slideshow_gallery":[]},"elements":[{"id":"2b9f9037","settings":{"video":[{"_id":"15e796e","youtube_url":"https:\/\/www.youtube.com\/watch?v=XHOmBV4js_E","vimeo_url":"https:\/\/vimeo.com\/235215203","media_url":{"id":"","url":"https:\/\/wpglozin.com\/single-product\/wp-content\/plugins\/elementor\/assets\/images\/placeholder.png"},"poster_url":{"id":"","url":"https:\/\/wpglozin.com\/single-product\/wp-content\/plugins\/elementor\/assets\/images\/placeholder.png"},"product_id":104,"video_source":"media","hosted_url":"","autoplay":"yes","mute":"yes","loop":"yes","controls":""},{"youtube_url":"https:\/\/www.youtube.com\/watch?v=XHOmBV4js_E","vimeo_url":"https:\/\/vimeo.com\/235215203","media_url":{"id":"","url":"https:\/\/wpglozin.com\/single-product\/wp-content\/plugins\/elementor\/assets\/images\/placeholder.png"},"poster_url":{"id":"","url":"https:\/\/wpglozin.com\/single-product\/wp-content\/plugins\/elementor\/assets\/images\/placeholder.png"},"product_id":107,"_id":"e167150","video_source":"media","hosted_url":"","autoplay":"yes","mute":"yes","loop":"yes","controls":""},{"_id":"2aed541","media_url":{"id":"","url":"https:\/\/wpglozin.com\/single-product\/wp-content\/plugins\/elementor\/assets\/images\/placeholder.png"},"poster_url":{"id":"","url":"https:\/\/wpglozin.com\/single-product\/wp-content\/plugins\/elementor\/assets\/images\/placeholder.png"},"youtube_url":"https:\/\/www.youtube.com\/watch?v=XHOmBV4js_E","vimeo_url":"https:\/\/vimeo.com\/235215203","product_id":125,"video_source":"media","hosted_url":"","autoplay":"yes","mute":"yes","loop":"yes","controls":""},{"_id":"e6113cb","media_url":{"id":"","url":"https:\/\/wpglozin.com\/single-product\/wp-content\/plugins\/elementor\/assets\/images\/placeholder.png"},"poster_url":{"id":"","url":"https:\/\/wpglozin.com\/single-product\/wp-content\/plugins\/elementor\/assets\/images\/placeholder.png"},"youtube_url":"https:\/\/www.youtube.com\/watch?v=XHOmBV4js_E","vimeo_url":"https:\/\/vimeo.com\/235215203","product_id":110,"video_source":"media","hosted_url":"","autoplay":"yes","mute":"yes","loop":"yes","controls":""}],"aspect_ratio_type":"custom","aspect_ratio":"277.5:462.5","navigation_classes":"none","slides_to_show_tablet":3,"slides_to_show_mobile":1,"navigation_classes_tablet":"dots","navigation_classes_mobile":"dots","slidesperview_auto_mobile":"yes","image_spacing_custom_mobile":15,"button_text":"Shop now","modal_mute":"yes","button_icon":{"value":"","library":""},"_background_image":{"url":"","id":"","size":""},"_background_video_fallback":{"url":"","id":"","size":""},"_background_slideshow_gallery":[],"_background_hover_image":{"url":"","id":"","size":""},"_background_hover_video_fallback":{"url":"","id":"","size":""},"_background_hover_slideshow_gallery":[],"_mask_image":{"url":"","id":"","size":""}},"elements":[],"isInner":false,"widgetType":"glozin-shoppable-video-carousel","elType":"widget"}],"isInner":false,"elType":"container"},{"id":"486fcbb2","settings":{"flex_direction":"row","boxed_width":{"unit":"px","size":1200,"sizes":[]},"flex_gap":{"column":"30","row":"30","isLinked":true,"unit":"px","size":30},"background_background":"classic","background_color":"#F1F3F7","padding":{"unit":"px","top":"80","right":"0","bottom":"80","left":"0","isLinked":false},"padding_tablet":{"unit":"px","top":"68","right":"0","bottom":"68","left":"0","isLinked":false},"padding_mobile":{"unit":"px","top":"60","right":"0","bottom":"60","left":"0","isLinked":false},"background_image":{"url":"","id":"","size":""},"background_video_fallback":{"url":"","id":"","size":""},"background_slideshow_gallery":[],"background_hover_image":{"url":"","id":"","size":""},"background_hover_video_fallback":{"url":"","id":"","size":""},"background_hover_slideshow_gallery":[],"background_overlay_image":{"url":"","id":"","size":""},"background_overlay_video_fallback":{"url":"","id":"","size":""},"background_overlay_slideshow_gallery":[],"background_overlay_hover_image":{"url":"","id":"","size":""},"background_overlay_hover_video_fallback":{"url":"","id":"","size":""},"background_overlay_hover_slideshow_gallery":[]},"elements":[{"id":"e16254","settings":{"content_width":"full","width":{"unit":"%","size":35,"sizes":[]},"width_mobile":{"unit":"%","size":100,"sizes":[]},"flex_gap":{"column":"0","row":"0","isLinked":true,"unit":"px","size":0},"sticky_motion":"sticky","sticky_motion_mobile":"var(--position)","_flex_align_self":"flex-start","_flex_align_self_mobile":"flex-start","background_image":{"url":"","id":"","size":""},"background_video_fallback":{"url":"","id":"","size":""},"background_slideshow_gallery":[],"background_hover_image":{"url":"","id":"","size":""},"background_hover_video_fallback":{"url":"","id":"","size":""},"background_hover_slideshow_gallery":[],"background_overlay_image":{"url":"","id":"","size":""},"background_overlay_video_fallback":{"url":"","id":"","size":""},"background_overlay_slideshow_gallery":[],"background_overlay_hover_image":{"url":"","id":"","size":""},"background_overlay_hover_video_fallback":{"url":"","id":"","size":""},"background_overlay_hover_slideshow_gallery":[]},"elements":[{"id":"1d26f789","settings":{"title":"Have a question?","title_size":"div","_margin":{"unit":"px","top":"0","right":"0","bottom":"5","left":"0","isLinked":false},"_background_image":{"url":"","id":"","size":""},"_background_video_fallback":{"url":"","id":"","size":""},"_background_slideshow_gallery":[],"_background_hover_image":{"url":"","id":"","size":""},"_background_hover_video_fallback":{"url":"","id":"","size":""},"_background_hover_slideshow_gallery":[],"_mask_image":{"url":"","id":"","size":""}},"elements":[],"isInner":false,"widgetType":"glozin-heading","elType":"widget"},{"id":"474f7427","settings":{"title":"Help Center","typography_typography":"custom","typography_font_size_tablet":{"unit":"px","size":28,"sizes":[]},"typography_font_size_mobile":{"unit":"px","size":25,"sizes":[]},"typography_letter_spacing":{"unit":"px","size":-1.224,"sizes":[]},"_margin":{"unit":"px","top":"0","right":"0","bottom":"25","left":"0","isLinked":false},"_margin_tablet":{"unit":"px","top":"0","right":"0","bottom":"20","left":"0","isLinked":false},"_background_image":{"url":"","id":"","size":""},"_background_video_fallback":{"url":"","id":"","size":""},"_background_slideshow_gallery":[],"_background_hover_image":{"url":"","id":"","size":""},"_background_hover_video_fallback":{"url":"","id":"","size":""},"_background_hover_slideshow_gallery":[],"_mask_image":{"url":"","id":"","size":""}},"elements":[],"isInner":false,"widgetType":"glozin-heading","elType":"widget"},{"id":"1c5df793","settings":{"title":"If you have an issue or question that requires immediate assistance, you can click the button below to chat live with a Customer Service representative.","title_size":"div","_margin":{"unit":"px","top":"0","right":"0","bottom":"20","left":"0","isLinked":false},"_background_image":{"url":"","id":"","size":""},"_background_video_fallback":{"url":"","id":"","size":""},"_background_slideshow_gallery":[],"_background_hover_image":{"url":"","id":"","size":""},"_background_hover_video_fallback":{"url":"","id":"","size":""},"_background_hover_slideshow_gallery":[],"_mask_image":{"url":"","id":"","size":""}},"elements":[],"isInner":false,"widgetType":"glozin-heading","elType":"widget"},{"id":"7c69e8cd","settings":{"image":{"id":"","url":"https:\/\/wpglozin.com\/single-product\/wp-content\/plugins\/elementor\/assets\/images\/placeholder.png"},"image_size":"full","space":{"unit":"px","size":160,"sizes":[]},"space_tablet":{"unit":"px","size":"","sizes":[]},"space_mobile":{"unit":"px","size":"","sizes":[]},"_margin":{"unit":"px","top":"0","right":"0","bottom":"10","left":"0","isLinked":false},"_background_image":{"url":"","id":"","size":""},"_background_video_fallback":{"url":"","id":"","size":""},"_background_slideshow_gallery":[],"_background_hover_image":{"url":"","id":"","size":""},"_background_hover_video_fallback":{"url":"","id":"","size":""},"_background_hover_slideshow_gallery":[],"_mask_image":{"url":"","id":"","size":""}},"elements":[],"isInner":false,"widgetType":"image","elType":"widget"},{"id":"26185607","settings":{"title":"Customer support team from: 8am to 7:30pm daily.<br>Average answer time: 5h.","title_size":"div","_margin":{"unit":"px","top":"0","right":"0","bottom":"20","left":"0","isLinked":false},"_background_image":{"url":"","id":"","size":""},"_background_video_fallback":{"url":"","id":"","size":""},"_background_slideshow_gallery":[],"_background_hover_image":{"url":"","id":"","size":""},"_background_hover_video_fallback":{"url":"","id":"","size":""},"_background_hover_slideshow_gallery":[],"_mask_image":{"url":"","id":"","size":""}},"elements":[],"isInner":false,"widgetType":"glozin-heading","elType":"widget"},{"id":"6877bb21","settings":{"button_text":"Contact Us","button_style":"outline","button_min_width":{"unit":"%","size":100,"sizes":[]},"button_min_width_tablet":{"unit":"%","size":"","sizes":[]},"button_min_width_mobile":{"unit":"%","size":"","sizes":[]},"button_background_color":"#3357D8","button_text_color":"#FFFFFF","button_border_color":"#3357D8","button_background_hover_color":"#516CF4","hover_color":"#FFFFFF","button_hover_border_color":"#516CF4","button_icon":{"value":"","library":""},"_background_image":{"url":"","id":"","size":""},"_background_video_fallback":{"url":"","id":"","size":""},"_background_slideshow_gallery":[],"_background_hover_image":{"url":"","id":"","size":""},"_background_hover_video_fallback":{"url":"","id":"","size":""},"_background_hover_slideshow_gallery":[],"_mask_image":{"url":"","id":"","size":""}},"elements":[],"isInner":false,"widgetType":"glozin-button","elType":"widget"}],"isInner":true,"elType":"container"},{"id":"2f3f0980","settings":{"content_width":"full","width":{"unit":"custom","size":"calc(65% - 30px)","sizes":[]},"width_tablet":{"unit":"custom","size":"","sizes":[]},"width_mobile":{"unit":"%","size":100,"sizes":[]},"background_background":"classic","background_color":"#FFFFFF","border_radius":{"unit":"px","top":"15","right":"15","bottom":"15","left":"15","isLinked":true},"padding":{"unit":"px","top":"45","right":"45","bottom":"45","left":"45","isLinked":true},"padding_tablet":{"unit":"px","top":"30","right":"30","bottom":"30","left":"30","isLinked":true},"background_image":{"url":"","id":"","size":""},"background_video_fallback":{"url":"","id":"","size":""},"background_slideshow_gallery":[],"background_hover_image":{"url":"","id":"","size":""},"background_hover_video_fallback":{"url":"","id":"","size":""},"background_hover_slideshow_gallery":[],"background_overlay_image":{"url":"","id":"","size":""},"background_overlay_video_fallback":{"url":"","id":"","size":""},"background_overlay_slideshow_gallery":[],"background_overlay_hover_image":{"url":"","id":"","size":""},"background_overlay_hover_video_fallback":{"url":"","id":"","size":""},"background_overlay_hover_slideshow_gallery":[]},"elements":[{"id":"599c1b77","settings":{"tabs":[{"tab_title":"Are AirPods compatible with all Apple devices?","tab_content":"<p>AirPods provide up to 3-5 hours of listening time on a single charge. With the charging case, you can extend this to up to 10 hours of total listening time. For talk time, they offer up to 3 hours on a single charge, and up to 18 hours with the case. Charging is quick, with just 15 minutes in the case providing around 3 hours of listening time.<\/p>","_id":"a494a8b"},{"tab_title":"How long does the AirPods battery last?","tab_content":"<p>AirPods provide up to 3-5 hours of listening time on a single charge. With the charging case, you can extend this to up to 10 hours of total listening time. For talk time, they offer up to 3 hours on a single charge, and up to 18 hours with the case. Charging is quick, with just 15 minutes in the case providing around 3 hours of listening time.<\/p>","_id":"344d40e"},{"tab_title":"Are AirPods water-resistant?","tab_content":"<p>AirPods provide up to 3-5 hours of listening time on a single charge. With the charging case, you can extend this to up to 10 hours of total listening time. For talk time, they offer up to 3 hours on a single charge, and up to 18 hours with the case. Charging is quick, with just 15 minutes in the case providing around 3 hours of listening time.<\/p>","_id":"eda0787"},{"tab_title":"How do I properly clean my AirPods?","tab_content":"<p>AirPods provide up to 3-5 hours of listening time on a single charge. With the charging case, you can extend this to up to 10 hours of total listening time. For talk time, they offer up to 3 hours on a single charge, and up to 18 hours with the case. Charging is quick, with just 15 minutes in the case providing around 3 hours of listening time.<\/p>","_id":"cfa3d42"},{"tab_title":"Can I use Siri with AirPods Pro?","tab_content":"<p>AirPods provide up to 3-5 hours of listening time on a single charge. With the charging case, you can extend this to up to 10 hours of total listening time. For talk time, they offer up to 3 hours on a single charge, and up to 18 hours with the case. Charging is quick, with just 15 minutes in the case providing around 3 hours of listening time.<\/p>","_id":"77b434a"},{"tab_title":"Can I use AirPods to make phone calls?","tab_content":"<p>AirPods provide up to 3-5 hours of listening time on a single charge. With the charging case, you can extend this to up to 10 hours of total listening time. For talk time, they offer up to 3 hours on a single charge, and up to 18 hours with the case. Charging is quick, with just 15 minutes in the case providing around 3 hours of listening time.<\/p>","_id":"5b1b97c"}],"title_padding":{"unit":"px","top":"16","right":"0","bottom":"16","left":"0","isLinked":false},"style_icons":{"value":"","library":""},"style_icons_active":{"value":"","library":""},"_background_image":{"url":"","id":"","size":""},"_background_video_fallback":{"url":"","id":"","size":""},"_background_slideshow_gallery":[],"_background_hover_image":{"url":"","id":"","size":""},"_background_hover_video_fallback":{"url":"","id":"","size":""},"_background_hover_slideshow_gallery":[],"_mask_image":{"url":"","id":"","size":""}},"elements":[],"isInner":false,"widgetType":"glozin-accordion","elType":"widget"}],"isInner":true,"elType":"container"}],"isInner":false,"elType":"container"}],"page_settings":{"hide_page_header":"yes","content_top_spacing":"custom","content_top_padding":{"unit":"px","size":0,"sizes":[]},"content_bottom_spacing":"custom","content_bottom_padding":{"unit":"px","size":0,"sizes":[]},"background_background":"classic","header_logo_image":{"url":"","id":"","size":""},"header_logo_image_light":{"url":"","id":"","size":""},"header_logo_svg":{"value":"","library":""},"page_header_image":{"url":"","id":"","size":""},"background_image":{"url":"","id":"","size":""},"background_video_fallback":{"url":"","id":"","size":""},"background_slideshow_gallery":[]},"version":"0.4","title":"Home Single Product","type":"page"}