{"content":[{"id":"329b8367","settings":{"content_width":"full","padding":{"unit":"px","top":"0","right":"30","bottom":"0","left":"30","isLinked":false},"padding_tablet":{"unit":"px","top":"0","right":"15","bottom":"0","left":"15","isLinked":false}},"elements":[{"id":"5e4f051e","settings":{"content_width":"full","min_height":{"unit":"px","size":650,"sizes":[]},"min_height_tablet":{"unit":"px","size":550,"sizes":[]},"flex_direction":"column","flex_justify_content":"flex-end","flex_gap":{"column":"0","row":"0","isLinked":true,"unit":"px","size":0},"background_background":"video","background_video_link":"https:\/\/glozin-demo.myshopify.com\/cdn\/shop\/videos\/c\/vp\/2c29527d778a4ec78c05ffb12b388315\/2c29527d778a4ec78c05ffb12b388315.HD-720p-4.5Mbps-31946933.mp4","background_play_on_mobile":"yes","border_radius":{"unit":"px","top":"15","right":"15","bottom":"15","left":"15","isLinked":true},"padding":{"unit":"px","top":"50","right":"50","bottom":"50","left":"50","isLinked":true},"padding_tablet":{"unit":"px","top":"35","right":"20","bottom":"35","left":"20","isLinked":false},"background_video_fallback":{"url":"https:\/\/wpglozin.com\/echozone\/wp-content\/uploads\/sites\/3\/2025\/04\/banner-video.webp","id":2442,"size":"","alt":"","source":"library"},"min_height_mobile":{"unit":"px","size":500,"sizes":[]}},"elements":[{"id":"2be79a1c","settings":{"title":"TOP COLLECTIONS","title_size":"div","title_color":"#FFFFFF","typography_typography":"custom","typography_font_size":{"unit":"px","size":13,"sizes":[]},"typography_font_weight":"700","typography_text_transform":"uppercase","_margin":{"unit":"px","top":"0","right":"0","bottom":"5","left":"0","isLinked":false}},"elements":[],"isInner":false,"widgetType":"glozin-heading","elType":"widget"},{"id":"1fcfddf0","settings":{"title":"High\u2014Performance","title_color":"#FFFFFF","typography_typography":"custom","typography_font_size":{"unit":"px","size":60,"sizes":[]},"typography_font_size_tablet":{"unit":"px","size":42,"sizes":[]},"typography_font_size_mobile":{"unit":"px","size":38,"sizes":[]},"typography_font_weight":"600","typography_letter_spacing":{"unit":"px","size":-2.04,"sizes":[]},"_margin":{"unit":"px","top":"0","right":"0","bottom":"17","left":"0","isLinked":false}},"elements":[],"isInner":false,"widgetType":"glozin-heading","elType":"widget"},{"id":"279ba043","settings":{"button_text":"Shop Collection","button_style":"light","button_link":{"url":"#","is_external":"","nofollow":"","custom_attributes":""},"button_min_width":{"unit":"px","size":200,"sizes":[]},"button_min_width_mobile":{"unit":"px","size":180,"sizes":[]}},"elements":[],"isInner":false,"widgetType":"glozin-button","elType":"widget"}],"isInner":true,"elType":"container"}],"isInner":false,"elType":"container"},{"id":"1c1b05df","settings":{"content_width":"full","margin":{"unit":"px","top":"0","right":"0","bottom":"80","left":"0","isLinked":false},"margin_mobile":{"unit":"px","top":"0","right":"0","bottom":"60","left":"0","isLinked":false},"padding":{"unit":"px","top":"0","right":"30","bottom":"0","left":"30","isLinked":false},"padding_tablet":{"unit":"px","top":"0","right":"15","bottom":"0","left":"15","isLinked":false}},"elements":[{"id":"1933b852","settings":{"items":[{"text":"Subscribe and get 10% off your first purchase","_id":"ed24a1d","type":"icon","icon":{"value":{"url":"https:\/\/wpglozin.com\/echozone\/wp-content\/uploads\/sites\/3\/2025\/03\/star.svg","id":962},"library":"svg"},"image":{"id":"","url":"https:\/\/wpglozin.com\/echozone\/wp-content\/plugins\/elementor\/assets\/images\/placeholder.png"}},{"text":"Great-free returns product within 10 days","type":"icon","icon":{"value":{"url":"https:\/\/wpglozin.com\/echozone\/wp-content\/uploads\/sites\/3\/2025\/03\/star.svg","id":962},"library":"svg"},"_id":"c0d4d6f","image":{"id":"","url":"https:\/\/wpglozin.com\/echozone\/wp-content\/plugins\/elementor\/assets\/images\/placeholder.png"}}],"speed":0.2,"padding":{"unit":"px","top":"18","right":"0","bottom":"18","left":"0","isLinked":false},"gap":{"unit":"px","size":60,"sizes":[]},"border_border":"solid","border_width":{"unit":"px","top":"0","right":"0","bottom":"1","left":"0","isLinked":false},"border_color":"#EBEBEB","icon_size":{"unit":"px","size":12,"sizes":[]},"spacing":{"unit":"px","size":60,"sizes":[]},"text_typography_typography":"custom","text_typography_font_size":{"unit":"px","size":15,"sizes":[]},"text_typography_font_weight":"600","text_color":"#111111"},"elements":[],"isInner":false,"widgetType":"glozin-marquee","elType":"widget"}],"isInner":false,"elType":"container"},{"id":"7e30504","settings":{"flex_gap":{"column":"10","row":"10","isLinked":true,"unit":"px","size":10},"margin":{"unit":"px","top":"0","right":"0","bottom":"40","left":"0","isLinked":false},"margin_tablet":{"unit":"px","top":"0","right":"0","bottom":"30","left":"0","isLinked":false}},"elements":[{"id":"7b01c0d3","settings":{"title":"Category Highlights","align":"center","typography_typography":"custom","typography_letter_spacing":{"unit":"px","size":-1.224,"sizes":[]}},"elements":[],"isInner":false,"widgetType":"glozin-heading","elType":"widget"},{"id":"4c947eb6","settings":{"title":"Express your style with our standout collection\u2014fashion meets sophistication.","title_size":"div","align":"center"},"elements":[],"isInner":false,"widgetType":"glozin-heading","elType":"widget"}],"isInner":false,"elType":"container"},{"id":"2b7db2ec","settings":{"margin":{"unit":"px","top":"0","right":"0","bottom":"80","left":"0","isLinked":false},"margin_mobile":{"unit":"px","top":"0","right":"0","bottom":"60","left":"0","isLinked":false}},"elements":[{"id":"2c2fd251","settings":{"number":4,"items":[{"_id":"9239447","image":{"id":2448,"url":"https:\/\/wpglozin.com\/echozone\/wp-content\/uploads\/sites\/3\/2025\/04\/ez-cat-1.webp","alt":"","source":"library","size":""},"product_cat":"headphones","product_cat_description":"Glozin\u2014clear and premium sound."},{"image":{"id":2449,"url":"https:\/\/wpglozin.com\/echozone\/wp-content\/uploads\/sites\/3\/2025\/04\/ez-cat-2.webp","alt":"","source":"library","size":""},"product_cat":"speakers","product_cat_description":"Glozin\u2014clear and premium sound.","_id":"d5cbf41"},{"image":{"id":2450,"url":"https:\/\/wpglozin.com\/echozone\/wp-content\/uploads\/sites\/3\/2025\/04\/ez-cat-3.webp","alt":"","source":"library","size":""},"product_cat":"earphones","product_cat_description":"Glozin\u2014clear and premium sound.","_id":"c195e02"},{"image":{"id":2451,"url":"https:\/\/wpglozin.com\/echozone\/wp-content\/uploads\/sites\/3\/2025\/04\/ez-cat-4.webp","alt":"","source":"library","size":""},"product_cat":"accessories","product_cat_description":"Glozin\u2014clear and premium sound.","_id":"f659944"}],"show_view_all_btn":"","view_all_btn_title":"View All","view_all_btn_text":"Click here","hide_cat_count":"","content_align":"","hide_cat_description":"","source":"custom","slides_to_show_tablet":3,"slides_to_show_mobile":1,"image_spacing_custom_mobile":15,"navigation_classes":"none","navigation_classes_tablet":"arrows","navigation_classes_mobile":"dots","content_position":"side","side_content_padding":{"unit":"px","top":"30","right":"30","bottom":"30","left":"30","isLinked":true},"title_typography_typography":"custom","title_typography_font_size":{"unit":"px","size":24,"sizes":[]},"title_typography_font_weight":"600","title_color":"#FFFFFF","title_spacing":{"unit":"px","size":0,"sizes":[]},"description_color":"#FFFFFF","description_spacing":{"unit":"px","size":5,"sizes":[]},"description_typography_typography":"custom","description_typography_line_height":{"unit":"custom","size":"1.5","sizes":[]},"description_typography_line_height_tablet":{"unit":"custom","size":"","sizes":[]},"description_typography_line_height_mobile":{"unit":"custom","size":"","sizes":[]},"aspect_ratio_type":"vertical","image_spacing_custom":20,"slidesperview_auto_width":{"unit":"%","size":"","sizes":[]},"slidesperview_auto_width_tablet":{"unit":"%","size":"","sizes":[]},"slidesperview_auto_width_mobile":{"unit":"%","size":"","sizes":[]},"slidesperview_auto_mobile":"yes","view_all_btn_image":{"id":"","url":"https:\/\/wpglozin.com\/echozone\/wp-content\/plugins\/elementor\/assets\/images\/placeholder.png"},"show_cat_count":"yes","show_cat_description":"yes","gradient_image":"yes"},"elements":[],"isInner":false,"widgetType":"glozin-categories-carousel","elType":"widget"}],"isInner":false,"elType":"container"},{"id":"6feba7c2","settings":{"flex_gap":{"column":"30","row":"30","isLinked":true,"unit":"px","size":30},"margin":{"unit":"px","top":"0","right":"0","bottom":"80","left":"0","isLinked":false},"margin_mobile":{"unit":"px","top":"0","right":"0","bottom":"60","left":"0","isLinked":false}},"elements":[{"id":"4de9849d","settings":{"title":"Best Selling","align":"center","typography_typography":"custom","typography_letter_spacing":{"unit":"px","size":-1.224,"sizes":[]}},"elements":[],"isInner":false,"widgetType":"glozin-heading","elType":"widget"},{"id":"3cba3920","settings":{"limit":4,"tabs":[{"heading":"Gamers","_id":"4dae24e","product_tag":"gamers"},{"heading":"Work & Calls","_id":"b160661","product_tag":"work-calls"},{"heading":"Fitness","_id":"336ffd9","product_tag":"fitness"}],"heading_gap":{"unit":"px","size":0,"sizes":[]},"hb_button_style":"subtle","hb_button_padding":{"unit":"px","top":"3","right":"20","bottom":"14","left":"20","isLinked":false},"hb_button_typography_typography":"custom","hb_button_typography_font_size":{"unit":"px","size":16,"sizes":[]},"hb_button_typography_font_weight":"600","hb_button_border_color":"#EBEBEB","hb_button_hover_border_color":"#111111","hb_button_typography_letter_spacing":{"unit":"px","size":0,"sizes":[]},"hb_active_button_border_color":"#111111","hb_active_button_hover_border_color":"#111111","hb_button_border_width":{"unit":"px","size":2,"sizes":[]},"slides_rows_tablet":1,"slides_to_show_tablet":3,"image_spacing_custom_tablet":15,"navigation_classes_tablet":"dots","slidesperview_auto_mobile":"yes","dots_spacing_tablet":{"unit":"px","size":15,"sizes":[]},"image_spacing_custom":20,"heading_horizontal_position_mobile":"center"},"elements":[],"isInner":false,"widgetType":"glozin-product-tabs-carousel","elType":"widget"}],"isInner":false,"elType":"container"},{"id":"4b42bd76","settings":{"margin":{"unit":"px","top":"0","right":"0","bottom":"80","left":"0","isLinked":false},"margin_mobile":{"unit":"px","top":"0","right":"0","bottom":"60","left":"0","isLinked":false}},"elements":[{"id":"52fa8e8d","settings":{"banners":[{"image":{"id":2443,"url":"https:\/\/wpglozin.com\/echozone\/wp-content\/uploads\/sites\/3\/2025\/04\/ez-bn-1.webp","alt":"","source":"library","size":""},"button_text":"Shop Collection","_id":"03dd88b","youtube_url":"https:\/\/www.youtube.com\/watch?v=XHOmBV4js_E","vimeo_url":"https:\/\/vimeo.com\/235215203","sub_title":"Iconic Design","title":"Super High-Speakers","icon_type_image":{"id":2433,"url":"https:\/\/wpglozin.com\/echozone\/wp-content\/uploads\/sites\/3\/2025\/04\/placeholder.png"},"button_link":{"url":"#","is_external":"","nofollow":"","custom_attributes":""}},{"banner_type":"video","image":{"url":"","id":"","size":"","alt":"","source":"library"},"button_text":"Shop Collection","media_url":{"id":"","url":"https:\/\/wpglozin.com\/echozone\/wp-content\/plugins\/elementor\/assets\/images\/placeholder.png"},"youtube_url":"https:\/\/www.youtube.com\/watch?v=XHOmBV4js_E","vimeo_url":"https:\/\/vimeo.com\/235215203","sub_title":"Special 50% Off","title":"Best Choice-Headphone","_id":"dcc6172","video_source":"hosted","hosted_url":"https:\/\/glozin-demo.myshopify.com\/cdn\/shop\/videos\/c\/vp\/858d2ea8eeef4765aa7d7a252061077f\/858d2ea8eeef4765aa7d7a252061077f.HD-1080p-7.2Mbps-31946937.mp4","poster_url":{"url":"https:\/\/wpglozin.com\/echozone\/wp-content\/uploads\/sites\/3\/2025\/04\/ez-bn-poster-2.webp","id":2447,"size":"","alt":"","source":"library"},"icon_type_image":{"id":2434,"url":"https:\/\/wpglozin.com\/echozone\/wp-content\/uploads\/sites\/3\/2025\/04\/placeholder-1.png"},"button_link":{"url":"#","is_external":"","nofollow":"","custom_attributes":""}},{"image":{"id":2444,"url":"https:\/\/wpglozin.com\/echozone\/wp-content\/uploads\/sites\/3\/2025\/04\/ez-bn-3.webp","alt":"","source":"library","size":""},"button_text":"Shop Collection","media_url":{"url":"","id":"","size":"","alt":"","source":"library"},"youtube_url":"https:\/\/www.youtube.com\/watch?v=XHOmBV4js_E","vimeo_url":"https:\/\/vimeo.com\/235215203","sub_title":"Excellent Design","title":"Super High-Earphones","_id":"27acadd","icon_type_image":{"id":2435,"url":"https:\/\/wpglozin.com\/echozone\/wp-content\/uploads\/sites\/3\/2025\/04\/placeholder-2.png"},"button_link":{"url":"#","is_external":"","nofollow":"","custom_attributes":""}}],"slides_to_show":3,"image_spacing_custom":20,"navigation_classes":"none","navigation_classes_tablet":"dots","banner_padding_tablet":{"unit":"px","top":"28","right":"30","bottom":"28","left":"30","isLinked":false},"banner_padding_mobile":{"unit":"px","top":"25","right":"15","bottom":"25","left":"15","isLinked":false},"border_radius":{"unit":"px","top":"15","right":"15","bottom":"15","left":"15","isLinked":true},"sub_title_margin":{"unit":"px","top":"0","right":"0","bottom":"10","left":"0","isLinked":false},"title_typography_typography":"custom","title_typography_font_size_tablet":{"unit":"px","size":24,"sizes":[]},"title_typography_line_height":{"unit":"custom","size":"normal","sizes":[]},"title_typography_line_height_tablet":{"unit":"custom","size":"","sizes":[]},"title_typography_line_height_mobile":{"unit":"custom","size":"","sizes":[]},"title_margin":{"unit":"px","top":"0","right":"0","bottom":"25","left":"0","isLinked":false},"slides_to_show_tablet":2,"button_min_width":{"unit":"px","size":200,"sizes":[]},"button_min_width_mobile":{"unit":"px","size":180,"sizes":[]}},"elements":[],"isInner":false,"widgetType":"glozin-banner-carousel","elType":"widget"}],"isInner":false,"elType":"container"},{"id":"7d8cb815","settings":{"flex_gap":{"column":"10","row":"10","isLinked":true,"unit":"px","size":10},"margin":{"unit":"px","top":"0","right":"0","bottom":"33","left":"0","isLinked":false},"margin_tablet":{"unit":"px","top":"0","right":"0","bottom":"40","left":"0","isLinked":false}},"elements":[{"id":"5ddfa426","settings":{"title":"Bundle and Save 30%","align":"center","typography_typography":"custom","typography_letter_spacing":{"unit":"px","size":-1.224,"sizes":[]}},"elements":[],"isInner":false,"widgetType":"glozin-heading","elType":"widget"},{"id":"51f4321f","settings":{"title":"Unmatched design\u2014superior performance and customer satisfaction in one.","title_size":"div","align":"center"},"elements":[],"isInner":false,"widgetType":"glozin-heading","elType":"widget"}],"isInner":false,"elType":"container"},{"id":"5b08b9b3","settings":{"margin":{"unit":"px","top":"0","right":"0","bottom":"80","left":"0","isLinked":false},"margin_mobile":{"unit":"px","top":"0","right":"0","bottom":"60","left":"0","isLinked":false}},"elements":[{"id":"132633c5","settings":{"navigation_classes":"none","slides_rows_tablet":2,"slides_rows_mobile":1,"slides_to_show_tablet":3,"slides_to_show_mobile":2,"image_spacing_custom_mobile":15,"navigation_classes_tablet":"none","navigation_classes_mobile":"none","slidesperview_auto_mobile":"yes","bundle_title":"Bundle Contents","bundle_description":"Add at <strong>least 3<\/strong> products and <strong>Save 30%.<\/strong>","limit":6,"type":"recent_products","bundle_discount":30,"ids":"334,327,318,308,298,274","bundle_type":"min","bundle_max":3,"image_spacing_custom":20,"product_columns_spacing":{"unit":"px","size":20,"sizes":[]},"product_columns_spacing_tablet":{"unit":"px","size":15,"sizes":[]}},"elements":[],"isInner":false,"widgetType":"glozin-products-bundle","elType":"widget"}],"isInner":false,"elType":"container"},{"id":"5312b264","settings":{"flex_gap":{"column":"10","row":"10","isLinked":true,"unit":"px","size":10},"margin":{"unit":"px","top":"0","right":"0","bottom":"80","left":"0","isLinked":false},"margin_mobile":{"unit":"px","top":"0","right":"0","bottom":"60","left":"0","isLinked":false},"padding":{"unit":"px","top":"0","right":"30","bottom":"0","left":"30","isLinked":false},"padding_tablet":{"unit":"px","top":"0","right":"15","bottom":"0","left":"15","isLinked":false},"content_width":"full"},"elements":[{"id":"654045e","settings":{"flex_gap":{"column":"10","row":"10","isLinked":true,"unit":"px","size":10},"background_background":"classic","background_color":"#F5F5F5","border_radius":{"unit":"px","top":"15","right":"15","bottom":"15","left":"15","isLinked":true},"padding":{"unit":"px","top":"80","right":"30","bottom":"80","left":"30","isLinked":false},"padding_tablet":{"unit":"px","top":"60","right":"15","bottom":"60","left":"15","isLinked":false}},"elements":[{"id":"3f4c23e4","settings":{"flex_gap":{"column":"10","row":"10","isLinked":true,"unit":"px","size":10}},"elements":[{"id":"447b2330","settings":{"title":"Customer Say!","align":"center","typography_typography":"custom","typography_letter_spacing":{"unit":"px","size":-1.224,"sizes":[]}},"elements":[],"isInner":false,"widgetType":"glozin-heading","elType":"widget"},{"id":"28d94ca7","settings":{"title":"Customers love our products and we always strive to please them all.","title_size":"div","align":"center","_margin":{"unit":"px","top":"0","right":"0","bottom":"23","left":"0","isLinked":false}},"elements":[],"isInner":false,"widgetType":"glozin-heading","elType":"widget"},{"id":"2a7b6265","settings":{"testimonials":[{"testimonial_name":"Carie-Gos\u00e9e H.","_id":"b8d95de","image":{"url":"","id":"","size":"","alt":"","source":"library"},"testimonial_title":"Our customers reviews","testimonial_content":"These are sooo pretty and very comfy. Perfect color as well. I love wearing these with a neutral top and Chelsea boots. Wicked cute...\ud83d\ude0d","testimonial_text":"Verified Buyer","testimonial_product_id":334,"youtube_url":"https:\/\/www.youtube.com\/watch?v=XHOmBV4js_E","vimeo_url":"https:\/\/vimeo.com\/235215203"},{"testimonial_name":"Susan Gibson.                     ","_id":"dc164a9","image":{"url":"","id":"","size":"","alt":"","source":"library"},"testimonial_title":"Our customers reviews","testimonial_content":"A perfect product, it keeps you very warm without over heating. True to size, I couldn't be happier with the purchase... Thank you! \ud83e\udd17","testimonial_text":"Verified Buyer","testimonial_product_id":298,"video":{"url":"http:\/\/localhost\/glozin\/wp-content\/uploads\/2025\/04\/md-test-2.mp4","id":761,"size":"","alt":"","source":"library"},"youtube_url":"https:\/\/www.youtube.com\/watch?v=XHOmBV4js_E","vimeo_url":"https:\/\/vimeo.com\/235215203","media_url":{"url":"","id":"","size":"","alt":"","source":"library"}},{"testimonial_name":"Algistino Linonel","_id":"756f522","image":{"url":"","id":"","size":"","alt":"","source":"library"},"testimonial_title":"Our customers reviews","testimonial_content":"A fantastic purchase! The product provides just the right amount of warmth without causing overheating. Highly recommend! \ud83d\ude0a","testimonial_text":"Verified Buyer","testimonial_product_id":288,"youtube_url":"https:\/\/www.youtube.com\/watch?v=XHOmBV4js_E","vimeo_url":"https:\/\/vimeo.com\/235215203"},{"testimonial_name":"Cameron Smith","image":{"url":"","id":"","size":"","alt":"","source":"library"},"testimonial_title":"Our customers reviews","testimonial_content":"A perfect product, it keeps you very warm without over heating. True to size, I couldn't be happier with the purchase... Thank you! \ud83e\udd17","testimonial_text":"Verified Buyer","testimonial_product_id":267,"youtube_url":"https:\/\/www.youtube.com\/watch?v=XHOmBV4js_E","vimeo_url":"https:\/\/vimeo.com\/235215203","_id":"0982298"}],"item_border_radius":{"unit":"px","top":"10","right":"10","bottom":"10","left":"10","isLinked":true},"slides_to_show_tablet":2,"slides_to_show_mobile":1,"navigation_classes_mobile":"dots","name_typography_font_size":{"unit":"px","size":2,"sizes":[]},"infinite":"yes","slides_to_show":3,"autoplay":"yes","item_background_color":"#FFFFFF","item_border_border":"none","navigation_classes_tablet":"dots","product_padding":{"unit":"px","top":"20","right":"0","bottom":"0","left":"0","isLinked":false},"product_margin":{"unit":"px","top":"23","right":"0","bottom":"0","left":"0","isLinked":false}},"elements":[],"isInner":false,"widgetType":"glozin-testimonial-carousel","elType":"widget"}],"isInner":true,"elType":"container"}],"isInner":true,"elType":"container"}],"isInner":false,"elType":"container"},{"id":"7b46156","settings":{"margin":{"unit":"px","top":"0","right":"0","bottom":"80","left":"0","isLinked":false},"margin_mobile":{"unit":"px","top":"0","right":"0","bottom":"60","left":"0","isLinked":false}},"elements":[{"id":"7cebd2af","settings":{"banners":[{"image":{"id":2445,"url":"https:\/\/wpglozin.com\/echozone\/wp-content\/uploads\/sites\/3\/2025\/04\/ez-bn-4.webp","alt":"","source":"library","size":""},"button_text":"Shop Sale","_id":"9f6959c","youtube_url":"https:\/\/www.youtube.com\/watch?v=XHOmBV4js_E","vimeo_url":"https:\/\/vimeo.com\/235215203","sub_title":"Save 30-50% Headphone","title":"High Performance","description":"Starting at $175. Do not miss...","icon_type_image":{"id":2436,"url":"https:\/\/wpglozin.com\/echozone\/wp-content\/uploads\/sites\/3\/2025\/04\/placeholder-3.png"},"button_link":{"url":"#","is_external":"","nofollow":"","custom_attributes":""}},{"image":{"id":2446,"url":"https:\/\/wpglozin.com\/echozone\/wp-content\/uploads\/sites\/3\/2025\/04\/ez-bn-5.webp","alt":"","source":"library","size":""},"button_text":"Shop Sale","youtube_url":"https:\/\/www.youtube.com\/watch?v=XHOmBV4js_E","vimeo_url":"https:\/\/vimeo.com\/235215203","sub_title":"Sale up to 75% Off","title":"Limited Time Deals","description":"Starting at $135. Do not miss...","_id":"fa53eac","icon_type_image":{"id":2437,"url":"https:\/\/wpglozin.com\/echozone\/wp-content\/uploads\/sites\/3\/2025\/04\/placeholder-4.png"},"button_link":{"url":"#","is_external":"","nofollow":"","custom_attributes":""}}],"aspect_ratio_type":"horizontal","slides_to_show":2,"navigation_classes":"none","vertical_position":"middle","text_align":"","banner_padding":{"unit":"px","top":"60","right":"60","bottom":"60","left":"60","isLinked":true},"border_radius":{"unit":"px","top":"15","right":"15","bottom":"15","left":"15","isLinked":true},"slides_to_show_tablet":1,"image_spacing_custom":20,"navigation_classes_tablet":"dots","banner_padding_tablet":{"unit":"px","top":"42","right":"24","bottom":"42","left":"24","isLinked":false},"banner_padding_mobile":{"unit":"px","top":"38","right":"15","bottom":"38","left":"15","isLinked":false},"sub_title_margin":{"unit":"px","top":"0","right":"0","bottom":"30","left":"0","isLinked":false},"title_typography_typography":"custom","title_typography_font_size":{"unit":"px","size":32,"sizes":[]},"title_typography_font_size_tablet":{"unit":"px","size":27,"sizes":[]},"title_typography_font_size_mobile":{"unit":"px","size":26,"sizes":[]},"title_typography_line_height":{"unit":"custom","size":"1.21","sizes":[]},"title_typography_line_height_tablet":{"unit":"custom","size":"","sizes":[]},"title_typography_line_height_mobile":{"unit":"custom","size":"","sizes":[]},"title_margin":{"unit":"px","top":"0","right":"0","bottom":"5","left":"0","isLinked":false},"description_margin":{"unit":"px","top":"0","right":"0","bottom":"35","left":"0","isLinked":false},"description_margin_mobile":{"unit":"px","top":"0","right":"0","bottom":"29","left":"0","isLinked":false},"slides_to_show_mobile":1,"_css_classes":"glozin-smart-rtl-banner","button_min_width":{"unit":"px","size":180,"sizes":[]}},"elements":[],"isInner":false,"widgetType":"glozin-banner-carousel","elType":"widget"}],"isInner":false,"elType":"container"},{"id":"32f5893a","settings":{"flex_gap":{"column":"10","row":"10","isLinked":true,"unit":"px","size":10},"margin":{"unit":"px","top":"0","right":"0","bottom":"30","left":"0","isLinked":false},"margin_tablet":{"unit":"px","top":"0","right":"0","bottom":"40","left":"0","isLinked":false}},"elements":[{"id":"b054d9","settings":{"title":"Why Choose Us","title_size":"div","align":"center","title_color":"#111111","typography_typography":"custom","typography_font_size":{"unit":"px","size":13,"sizes":[]},"typography_font_weight":"600","typography_text_transform":"uppercase","_margin":{"unit":"px","top":"0","right":"0","bottom":"2","left":"0","isLinked":false}},"elements":[],"isInner":false,"widgetType":"glozin-heading","elType":"widget"},{"id":"4221e13e","settings":{"title":"Cinematic Sound at Home","align":"center","typography_typography":"custom","typography_letter_spacing":{"unit":"px","size":-1.224,"sizes":[]}},"elements":[],"isInner":false,"widgetType":"glozin-heading","elType":"widget"},{"id":"4a60c6c6","settings":{"title":"Unmatched design\u2014superior performance and customer satisfaction in one.","title_size":"div","align":"center"},"elements":[],"isInner":false,"widgetType":"glozin-heading","elType":"widget"}],"isInner":false,"elType":"container"},{"id":"6d121c4d","settings":{"margin":{"unit":"px","top":"0","right":"0","bottom":"80","left":"0","isLinked":false},"margin_mobile":{"unit":"px","top":"0","right":"0","bottom":"60","left":"0","isLinked":false}},"elements":[{"id":"2584f445","settings":{"icons_box":[{"icon":{"value":{"url":"https:\/\/wpglozin.com\/echozone\/wp-content\/uploads\/sites\/3\/2025\/04\/ez-icon-1.svg","id":2452},"library":"svg"},"title":"Built From The Best","description":"Durable anodized aluminum and coated canvas, with ultra-soft lambskin leather headband and ear pads for maximum comfort.","_id":"6aedc7a","image":{"id":"","url":"https:\/\/wpglozin.com\/echozone\/wp-content\/plugins\/elementor\/assets\/images\/placeholder.png"}},{"icon":{"value":{"url":"https:\/\/wpglozin.com\/echozone\/wp-content\/uploads\/sites\/3\/2025\/04\/ez-icon-2.svg","id":2453},"library":"svg"},"title":"Personalize Your Sound","description":"Maximize your HO5.0 wireless headphones with the Connect app: change settings and download updates from your mobile device.","_id":"40a48a1","image":{"id":"","url":"https:\/\/wpglozin.com\/echozone\/wp-content\/plugins\/elementor\/assets\/images\/placeholder.png"}},{"icon":{"value":{"url":"https:\/\/wpglozin.com\/echozone\/wp-content\/uploads\/sites\/3\/2025\/04\/ez-icon-3.svg","id":2454},"library":"svg"},"title":"Powerful Microphones","description":"A dual microphone array with new proprietary wind noise reduction technology provides best-in-class talk in any environment.","_id":"13825c7","image":{"id":"","url":"https:\/\/wpglozin.com\/echozone\/wp-content\/plugins\/elementor\/assets\/images\/placeholder.png"}},{"icon":{"value":{"url":"https:\/\/wpglozin.com\/echozone\/wp-content\/uploads\/sites\/3\/2025\/04\/ez-icon-4.svg","id":2455},"library":"svg"},"title":"Effortless Connectivity","description":"Bluetooth 7.0 offers reliable connection up to 30m\/100 ft with an optional USB-C cord for 54-bit\/96kHz digital audio.","_id":"5e0ca61","image":{"id":"","url":"https:\/\/wpglozin.com\/echozone\/wp-content\/plugins\/elementor\/assets\/images\/placeholder.png"}}],"slides_to_show":4,"navigation_classes":"none","navigation_classes_tablet":"dots","position_mobile":"top","alignment_mobile":"center","title_typography_typography":"custom","title_typography_font_size":{"unit":"px","size":16,"sizes":[]},"title_typography_font_weight":"600","title_spacing":{"unit":"px","size":10,"sizes":[]},"icon_color":"#111111","icon_size":{"unit":"px","size":40,"sizes":[]},"icon_spacing":{"unit":"px","size":40,"sizes":[]},"icon_spacing_tablet":{"unit":"px","size":28,"sizes":[]},"icon_spacing_mobile":{"unit":"px","size":22,"sizes":[]},"slides_to_show_tablet":2,"slides_to_show_mobile":1,"title_size":"h3"},"elements":[],"isInner":false,"widgetType":"glozin-icon-box-carousel","elType":"widget"}],"isInner":false,"elType":"container"},{"id":"1bffcc07","settings":{"content_width":"full","padding":{"unit":"px","top":"0","right":"30","bottom":"0","left":"30","isLinked":false},"padding_tablet":{"unit":"px","top":"0","right":"15","bottom":"0","left":"15","isLinked":false}},"elements":[{"id":"300658bf","settings":{"content_width":"full","min_height":{"unit":"px","size":600,"sizes":[]},"min_height_tablet":{"unit":"px","size":400,"sizes":[]},"flex_direction":"column","flex_justify_content":"center","flex_gap":{"column":"0","row":"0","isLinked":true,"unit":"px","size":0},"background_background":"video","background_video_link":"https:\/\/glozin-demo.myshopify.com\/cdn\/shop\/videos\/c\/vp\/f990cfa4a04e42d09a322606cf20c423\/f990cfa4a04e42d09a322606cf20c423.HD-720p-4.5Mbps-31946936.mp4","background_play_on_mobile":"yes","border_radius":{"unit":"px","top":"15","right":"15","bottom":"15","left":"15","isLinked":true},"padding":{"unit":"px","top":"50","right":"50","bottom":"50","left":"50","isLinked":true},"padding_tablet":{"unit":"px","top":"35","right":"20","bottom":"35","left":"20","isLinked":false},"flex_align_items":"center","background_video_fallback":{"url":"https:\/\/wpglozin.com\/echozone\/wp-content\/uploads\/sites\/3\/2025\/04\/banner-video2.webp","id":2457,"size":"","alt":"","source":"library"}},"elements":[{"id":"65f42ed6","settings":{"selected_icon":{"value":{"url":"https:\/\/wpglozin.com\/echozone\/wp-content\/uploads\/sites\/3\/2025\/04\/ez-icon-5.svg","id":2456},"library":"svg"},"primary_color":"#FFFFFF","size":{"unit":"px","size":44,"sizes":[]},"_margin":{"unit":"px","top":"0","right":"0","bottom":"30","left":"0","isLinked":false}},"elements":[],"isInner":false,"widgetType":"icon","elType":"widget"},{"id":"61a9c49e","settings":{"title":"COntact with Glozin's","title_size":"div","title_color":"#FFFFFF","typography_typography":"custom","typography_font_size":{"unit":"px","size":13,"sizes":[]},"typography_font_weight":"700","typography_text_transform":"uppercase","_margin":{"unit":"px","top":"0","right":"0","bottom":"10","left":"0","isLinked":false}},"elements":[],"isInner":false,"widgetType":"glozin-heading","elType":"widget"},{"id":"5f681af4","settings":{"title":"Connect. Communicate.<br class=\"d-none d-block-xl\"\/>\nCollaborate.","title_color":"#FFFFFF","typography_typography":"custom","typography_font_size":{"unit":"px","size":36,"sizes":[]},"typography_font_size_tablet":{"unit":"px","size":31,"sizes":[]},"typography_font_size_mobile":{"unit":"px","size":30,"sizes":[]},"typography_font_weight":"600","typography_letter_spacing":{"unit":"px","size":-2.04,"sizes":[]},"_margin":{"unit":"px","top":"0","right":"0","bottom":"30","left":"0","isLinked":false},"align":"center"},"elements":[],"isInner":false,"widgetType":"glozin-heading","elType":"widget"},{"id":"7dae0b29","settings":{"button_text":"Contact Us","button_style":"light","button_link":{"url":"#","is_external":"","nofollow":"","custom_attributes":""},"button_min_width":{"unit":"px","size":180,"sizes":[]}},"elements":[],"isInner":false,"widgetType":"glozin-button","elType":"widget"}],"isInner":true,"elType":"container"}],"isInner":false,"elType":"container"}],"page_settings":{"hide_page_header":"yes","page_header_top_padding":{"unit":"px","size":0,"sizes":[]},"content_top_spacing":"custom","content_top_padding":{"unit":"px","size":0,"sizes":[]},"content_bottom_spacing":"custom","content_bottom_padding":{"unit":"px","size":0,"sizes":[]},"hide_header_border":"yes","hide_footer_border":"yes"},"version":"0.4","title":"Home EchoZone","type":"page"}