{"content":[{"id":"3917e171","settings":{"content_width":"full","padding":{"unit":"px","top":"0","right":"30","bottom":"0","left":"30","isLinked":false},"padding_tablet":{"unit":"px","top":"0","right":"15","bottom":"0","left":"15","isLinked":false},"margin_tablet":{"unit":"px","top":"0","right":"0","bottom":"0","left":"0","isLinked":false},"margin_mobile":{"unit":"px","top":"0","right":"0","bottom":"0","left":"0","isLinked":false}},"elements":[{"id":"51f9d12","settings":{"banners":[{"image":{"id":3362,"url":"https:\/\/wpglozin.com\/activewear\/wp-content\/uploads\/sites\/7\/2025\/07\/h-activewear-banner-1.webp","alt":"","source":"library","size":""},"button_text":"Shop Collection","_id":"484a15c","youtube_url":"https:\/\/www.youtube.com\/watch?v=XHOmBV4js_E","vimeo_url":"https:\/\/vimeo.com\/235215203","sub_title":"WEEK'S HIGHLIGHTS","title":"Tennis Collection","icon_type_image":{"id":3072,"url":"https:\/\/wpglozin.com\/activewear\/wp-content\/uploads\/sites\/7\/2025\/04\/placeholder.png"},"button_link":{"url":"#","is_external":"","nofollow":"","custom_attributes":""}},{"image":{"id":3363,"url":"https:\/\/wpglozin.com\/activewear\/wp-content\/uploads\/sites\/7\/2025\/07\/h-activewear-banner-2.webp","alt":"","source":"library","size":""},"button_text":"Shop Collection","youtube_url":"https:\/\/www.youtube.com\/watch?v=XHOmBV4js_E","vimeo_url":"https:\/\/vimeo.com\/235215203","sub_title":"MUST\u2014HAVE TOPS","title":"Bra\u2014Lifestyle","_id":"490d7a5","icon_type_image":{"id":3073,"url":"https:\/\/wpglozin.com\/activewear\/wp-content\/uploads\/sites\/7\/2025\/04\/placeholder-1.png"},"button_link":{"url":"#","is_external":"","nofollow":"","custom_attributes":""}}],"aspect_ratio_type":"custom","aspect_ratio":"93:80","slides_to_show":2,"image_spacing_custom":"","text_align":"","banner_padding":{"unit":"px","top":"50","right":"50","bottom":"50","left":"50","isLinked":true},"border_radius":{"unit":"px","top":"0","right":"0","bottom":"0","left":"0","isLinked":true},"sub_title_margin":{"unit":"px","top":"0","right":"0","bottom":"-5","left":"0","isLinked":false},"title_typography_typography":"custom","title_typography_font_size":{"unit":"px","size":50,"sizes":[]},"title_typography_letter_spacing":{"unit":"px","size":-1.7,"sizes":[]},"title_margin":{"unit":"px","top":"0","right":"0","bottom":"8","left":"0","isLinked":false},"slides_to_show_tablet":1,"navigation_classes_tablet":"arrows","banner_padding_tablet":{"unit":"px","top":"21","right":"21","bottom":"35","left":"21","isLinked":false},"banner_padding_mobile":{"unit":"px","top":"15","right":"15","bottom":"32","left":"15","isLinked":false},"title_typography_font_size_tablet":{"unit":"px","size":35,"sizes":[]},"title_typography_font_size_mobile":{"unit":"px","size":32,"sizes":[]},"slides_to_show_mobile":1,"sub_title_margin_mobile":{"unit":"px","top":"0","right":"0","bottom":"-2","left":"0","isLinked":false},"content_border_radius":{"unit":"px","top":"10","right":"10","bottom":"10","left":"10","isLinked":true},"content_border_radius_tablet":{"unit":"px","top":"0","right":"0","bottom":"0","left":"0","isLinked":true},"border_radius_tablet":{"unit":"px","top":"10","right":"10","bottom":"10","left":"10","isLinked":true},"aspect_ratio_mobile_type":"vertical","navigation_classes_mobile":"arrows","image_spacing_custom_tablet":15,"image_spacing_custom_mobile":15,"button_min_width":{"unit":"px","size":200,"sizes":[]},"aspect_ratio_type_mobile":"vertical","button_min_width_mobile":{"unit":"px","size":180,"sizes":[]}},"elements":[],"isInner":false,"widgetType":"glozin-banner-carousel","elType":"widget"}],"isInner":false,"elType":"container"},{"id":"97eca58","settings":{"content_width":"full","margin":{"unit":"px","top":"0","right":"0","bottom":"70","left":"0","isLinked":false},"padding":{"unit":"px","top":"0","right":"30","bottom":"0","left":"30","isLinked":false},"margin_tablet":{"unit":"px","top":"0","right":"0","bottom":"55","left":"0","isLinked":false},"margin_mobile":{"unit":"px","top":"0","right":"0","bottom":"50","left":"0","isLinked":false},"padding_tablet":{"unit":"px","top":"0","right":"15","bottom":"0","left":"15","isLinked":false}},"elements":[{"id":"b3da179","settings":{"items":[{"text":"Great-Free returns product within 10 days","_id":"7da7f76","type":"icon","icon":{"value":{"url":"https:\/\/wpglozin.com\/activewear\/wp-content\/uploads\/sites\/7\/2025\/03\/star.svg","id":962},"library":"svg"},"image":{"id":3074,"url":"https:\/\/wpglozin.com\/activewear\/wp-content\/uploads\/sites\/7\/2025\/04\/woocommerce-placeholder-600x600-1.webp"}},{"text":"Subscribe and get 10% off your first purchase","type":"icon","icon":{"value":{"url":"https:\/\/wpglozin.com\/activewear\/wp-content\/uploads\/sites\/7\/2025\/03\/star.svg","id":962},"library":"svg"},"_id":"1451d8f","image":{"id":3075,"url":"https:\/\/wpglozin.com\/activewear\/wp-content\/uploads\/sites\/7\/2025\/04\/woocommerce-placeholder-600x600-2.webp"}}],"speed":0.2,"padding":{"unit":"px","top":"14","right":"0","bottom":"14","left":"0","isLinked":false},"gap":{"unit":"px","size":50,"sizes":[]},"border_border":"none","border_width":{"unit":"px","top":"1","right":"0","bottom":"1","left":"0","isLinked":false},"border_color":"#111111","spacing":{"unit":"px","size":50,"sizes":[]},"text_typography_typography":"custom","text_typography_font_size":{"unit":"px","size":15,"sizes":[]},"text_typography_font_weight":"500","text_color":"#111111","icon_size":{"unit":"px","size":12,"sizes":[]}},"elements":[],"isInner":false,"widgetType":"glozin-marquee","elType":"widget"}],"isInner":false,"elType":"container"},{"id":"3d871bdf","settings":{"flex_gap":{"column":"10","row":"10","isLinked":true,"unit":"px","size":10},"margin":{"unit":"px","top":"0","right":"0","bottom":"81","left":"0","isLinked":false},"margin_mobile":{"unit":"px","top":"0","right":"0","bottom":"55","left":"0","isLinked":false}},"elements":[{"id":"32fe5901","settings":{"title":"Top Collections","align":"center","typography_typography":"custom","typography_font_size_tablet":{"unit":"px","size":31,"sizes":[]},"typography_letter_spacing":{"unit":"em","size":-0.034,"sizes":[]},"typography_letter_spacing_tablet":{"unit":"rem","size":"","sizes":[]},"typography_letter_spacing_mobile":{"unit":"rem","size":"","sizes":[]}},"elements":[],"isInner":false,"widgetType":"glozin-heading","elType":"widget"},{"id":"770b3ae7","settings":{"title":"Express your style with our standout collection\u2014fashion meets sophistication.","title_size":"div","align":"center","_margin":{"unit":"px","top":"0","right":"0","bottom":"23","left":"0","isLinked":false}},"elements":[],"isInner":false,"widgetType":"glozin-heading","elType":"widget"},{"id":"690edce0","settings":{"heading":"This is the heading","items":[{"_id":"5a26175","image":{"id":"","url":""},"product_cat":"sport-bras"},{"image":{"id":"","url":""},"product_cat":"loungewear","_id":"4045fa0"},{"image":{"id":"","url":""},"product_cat":"leggings","_id":"197aedd"},{"image":{"id":"","url":""},"product_cat":"tennis","_id":"80c24b5"}],"button_text":"","view_all_btn_title":"View All","view_all_btn_text":"Click here","hide_cat_count":"","slides_to_show_tablet":3,"image_spacing_custom":20,"navigation_classes_tablet":"dots","slides_to_show_mobile":2,"image_spacing_custom_mobile":15,"title_typography_typography":"custom","title_typography_font_size_mobile":{"unit":"px","size":18,"sizes":[]},"view_all_btn_image":{"id":"","url":"https:\/\/wpglozin.com\/activewear\/wp-content\/plugins\/elementor\/assets\/images\/placeholder.png"},"aspect_ratio_type":"custom","aspect_ratio":"169:250","show_view_all_btn":"","content_position":"side","count_type":"below","source":"custom","side_content_padding":{"unit":"px","top":"10","right":"30","bottom":"29","left":"30","isLinked":false},"title_typography_font_size":{"unit":"px","size":22,"sizes":[]},"title_color":"#FFFFFF","count_color":"#FFFFFF","gradient_image_angle":{"unit":"deg","size":"","sizes":[]},"side_content_padding_mobile":{"unit":"px","top":"9","right":"9","bottom":"9","left":"9","isLinked":true},"gradient_image":"yes","show_cat_count":"yes","count_spacing":{"unit":"px","size":3,"sizes":[]},"content_align":"","count_typography_typography":"custom","count_typography_font_size_mobile":{"unit":"px","size":13,"sizes":[]},"description_typography_typography":"custom"},"elements":[],"isInner":false,"widgetType":"glozin-categories-carousel","elType":"widget"}],"isInner":false,"elType":"container"},{"id":"7109095","settings":{"flex_gap":{"column":"10","row":"10","isLinked":true,"unit":"px","size":10},"margin":{"unit":"px","top":"0","right":"0","bottom":"83","left":"0","isLinked":false},"margin_tablet":{"unit":"px","top":"0","right":"0","bottom":"80","left":"0","isLinked":false},"margin_mobile":{"unit":"px","top":"0","right":"0","bottom":"53","left":"0","isLinked":false}},"elements":[{"id":"3df2cc6e","settings":{"title":"Today's Popular Picks","align":"center","typography_typography":"custom","typography_font_size_tablet":{"unit":"px","size":31,"sizes":[]},"typography_letter_spacing":{"unit":"em","size":-0.034,"sizes":[]},"typography_letter_spacing_tablet":{"unit":"rem","size":"","sizes":[]},"typography_letter_spacing_mobile":{"unit":"rem","size":"","sizes":[]}},"elements":[],"isInner":false,"widgetType":"glozin-heading","elType":"widget"},{"id":"e5ed366","settings":{"title":"Unmatched design\u2014superior performance and customer satisfaction in one.","title_size":"div","align":"center","_padding":{"unit":"px","top":"0","right":"0","bottom":"23","left":"0","isLinked":false},"_padding_tablet":{"unit":"px","top":"0","right":"0","bottom":"23","left":"0","isLinked":false}},"elements":[],"isInner":false,"widgetType":"glozin-heading","elType":"widget"},{"id":"352e9ba3","settings":{"type":"recent_products","slides_to_show_tablet":3,"slides_to_show_mobile":2,"slides_to_scroll_mobile":2,"image_spacing_custom_mobile":15,"navigation_classes_mobile":"dots","limit":6,"image_spacing_custom":20,"sale_display":"yes","marquee_type":"icon","marquee_icon":{"value":"","library":""},"marquee_image":{"id":"","url":"https:\/\/wpglozin.com\/activewear\/wp-content\/plugins\/elementor\/assets\/images\/placeholder.png"},"marquee_text":"Hot Sale 10% off","sale_display_type":"marquee","ids":",3061,3042,3000,2934,3020,2954","navigation_classes_tablet":"dots"},"elements":[],"isInner":false,"widgetType":"glozin-products-carousel","elType":"widget"}],"isInner":false,"elType":"container"},{"id":"592d7f5f","settings":{"content_width":"full","margin":{"unit":"px","top":"0","right":"0","bottom":"81","left":"0","isLinked":false},"margin_mobile":{"unit":"px","top":"0","right":"0","bottom":"055","left":"0","isLinked":false},"padding":{"unit":"px","top":"0","right":"30","bottom":"0","left":"30","isLinked":false},"padding_tablet":{"unit":"px","top":"0","right":"15","bottom":"0","left":"15","isLinked":false}},"elements":[{"id":"4085bb2a","settings":{"image_1":{"id":3092,"url":"https:\/\/wpglozin.com\/activewear\/wp-content\/uploads\/sites\/7\/2025\/04\/h-activewear-lookbook-1.webp","alt":"","source":"library","size":""},"items_1":[{"_id":"f34ffef","product_items_ids":2934,"product_items_position_x":{"unit":"%","size":37,"sizes":[]},"product_items_position_y":{"unit":"%","size":30,"sizes":[]}},{"_id":"a8f366a","product_items_ids":2981,"product_items_position_x":{"unit":"%","size":68,"sizes":[]},"product_items_position_y":{"unit":"%","size":49,"sizes":[]}}],"image_2":{"id":3093,"url":"https:\/\/wpglozin.com\/activewear\/wp-content\/uploads\/sites\/7\/2025\/04\/h-activewear-lookbook-2.webp","alt":"","source":"library","size":""},"items_2":[{"_id":"6a90069","product_items_ids":3020,"product_items_position_x":{"unit":"%","size":39,"sizes":[]},"product_items_position_y":{"unit":"%","size":44,"sizes":[]}},{"_id":"6d9b6da","product_items_ids":3042,"product_items_position_x":{"unit":"%","size":60,"sizes":[]},"product_items_position_y":{"unit":"%","size":76,"sizes":[]},"product_content_vertical_position":"top"}],"items_3":[],"items_4":[],"slides_to_show":2,"image_spacing_custom":20,"navigation_classes_mobile":"dots","aspect_ratio_type":"custom","aspect_ratio":"46:35"},"elements":[],"isInner":false,"widgetType":"glozin-lookbook-carousel","elType":"widget"}],"isInner":false,"elType":"container"},{"id":"3b993540","settings":{"flex_gap":{"column":"10","row":"10","isLinked":true,"unit":"px","size":10},"margin":{"unit":"px","top":"0","right":"0","bottom":"80","left":"0","isLinked":false},"margin_mobile":{"unit":"px","top":"0","right":"0","bottom":"55","left":"0","isLinked":false}},"elements":[{"id":"271fc016","settings":{"title":"Customer Say!","align":"center","typography_typography":"custom","typography_font_size_tablet":{"unit":"px","size":31,"sizes":[]},"typography_letter_spacing":{"unit":"em","size":-0.034,"sizes":[]},"typography_letter_spacing_tablet":{"unit":"rem","size":"","sizes":[]},"typography_letter_spacing_mobile":{"unit":"rem","size":"","sizes":[]}},"elements":[],"isInner":false,"widgetType":"glozin-heading","elType":"widget"},{"id":"18b7c9c0","settings":{"title":"Customers love our products and we always strive to please them all.","title_size":"div","align":"center","_padding":{"unit":"px","top":"0","right":"0","bottom":"23","left":"0","isLinked":false},"_padding_tablet":{"unit":"px","top":"0","right":"0","bottom":"23","left":"0","isLinked":false}},"elements":[],"isInner":false,"widgetType":"glozin-heading","elType":"widget"},{"id":"4788918e","settings":{"testimonials":[{"testimonial_name":"Carie-Gos\u00e9e H.","_id":"b8d95de","image":{"id":3094,"url":"https:\/\/wpglozin.com\/activewear\/wp-content\/uploads\/sites\/7\/2025\/04\/h-activewear-test-1.webp","alt":"","source":"library","size":""},"testimonial_title":"Our customers reviews","testimonial_content":"These are sooo pretty and very comfy. Perfect color as well. I love wearing these with a neutral top and Chelsea boots. Wicked cute...\ud83d\ude0d","testimonial_text":"Verified Buyer","testimonial_product_id":3020,"youtube_url":"https:\/\/www.youtube.com\/watch?v=XHOmBV4js_E","vimeo_url":"https:\/\/vimeo.com\/235215203"},{"testimonial_name":"Cameron Smith","_id":"dc164a9","image":{"url":"","id":"","size":"","alt":"","source":"library"},"testimonial_title":"Our customers reviews","testimonial_content":"These are sooo pretty and very comfy. Perfect color as well. I love wearing these with a neutral top and Chelsea boots. Wicked cute...\ud83d\ude0d","testimonial_text":"Verified Buyer","testimonial_product_id":2954,"source":"video","video":{"url":"http:\/\/localhost\/glozin\/wp-content\/uploads\/2025\/04\/md-test-2.mp4","id":761,"size":"","alt":"","source":"library"},"youtube_url":"https:\/\/www.youtube.com\/watch?v=XHOmBV4js_E","vimeo_url":"https:\/\/vimeo.com\/235215203","media_url":{"id":"","url":"https:\/\/wpglozin.com\/activewear\/wp-content\/plugins\/elementor\/assets\/images\/placeholder.png"},"video_source":"hosted","hosted_url":"https:\/\/glozin-demo.myshopify.com\/cdn\/shop\/videos\/c\/vp\/bd011d6b62554bb1a3454977aa7733bc\/bd011d6b62554bb1a3454977aa7733bc.HD-720p-3.0Mbps-30140089.mp4","poster_url":{"url":"https:\/\/wpglozin.com\/activewear\/wp-content\/uploads\/sites\/7\/2025\/04\/newsletter.webp","id":3101,"size":"","alt":"","source":"library"}},{"testimonial_name":"Susan Gibson.","_id":"756f522","image":{"id":3095,"url":"https:\/\/wpglozin.com\/activewear\/wp-content\/uploads\/sites\/7\/2025\/04\/h-activewear-test-2.webp","alt":"","source":"library","size":""},"testimonial_title":"Our customers reviews","testimonial_content":"These are sooo pretty and very comfy. Perfect color as well. I love wearing these with a neutral top and Chelsea boots. Wicked cute...\ud83d\ude0d","testimonial_text":"Verified Buyer","testimonial_product_id":3061,"youtube_url":"https:\/\/www.youtube.com\/watch?v=XHOmBV4js_E","vimeo_url":"https:\/\/vimeo.com\/235215203"}],"item_border_radius":{"unit":"px","top":"10","right":"10","bottom":"10","left":"10","isLinked":true},"slides_to_show_tablet":1,"slides_to_show_mobile":1,"navigation_classes_mobile":"dots","name_typography_font_size":{"unit":"px","size":2,"sizes":[]},"infinite":"yes","text_typography_typography":"custom","text_typography_font_style":"italic","aspect_ratio":"457:250","image_spacing_custom_tablet":30,"navigation_classes_tablet":"dots","aspect_ratio_type":"custom"},"elements":[],"isInner":false,"widgetType":"glozin-testimonial-carousel","elType":"widget"}],"isInner":false,"elType":"container"},{"id":"40d97088","settings":{"flex_gap":{"column":"10","row":"10","isLinked":true,"unit":"px","size":10},"margin":{"unit":"px","top":"0","right":"0","bottom":"85","left":"0","isLinked":false},"margin_mobile":{"unit":"px","top":"0","right":"0","bottom":"55","left":"0","isLinked":false}},"elements":[{"id":"4fea0ebb","settings":{"title":"Activewear for Everybody!","align":"center","typography_typography":"custom","typography_font_size_tablet":{"unit":"px","size":31,"sizes":[]},"typography_letter_spacing":{"unit":"em","size":-0.034,"sizes":[]},"typography_letter_spacing_tablet":{"unit":"rem","size":"","sizes":[]},"typography_letter_spacing_mobile":{"unit":"rem","size":"","sizes":[]}},"elements":[],"isInner":false,"widgetType":"glozin-heading","elType":"widget"},{"id":"29b37fe1","settings":{"content":"<p>Discover a collection of timeless wardrobe essentials, seamlessly transitioning from work to weekend. Inspired by travel, our America-designed pieces prioritize sustainability with natural fibers and mindful practices. Explore a range of\u00a0<span style=\"text-decoration: underline;\"><strong>tops<\/strong><\/span>,\u00a0<span style=\"text-decoration: underline;\"><strong>bottoms<\/strong><\/span>,\u00a0<span style=\"text-decoration: underline;\"><strong>sweaters<\/strong><\/span>, and accessories in versatile styles, featuring high-quality materials like cotton, linen, tencel, and wool.<\/p><p>Each piece is crafted with meticulous attention to detail, ensuring a perfect blend of comfort and elegance. Our designs emphasize clean lines and sophisticated silhouettes, making them suitable for any occasion. Whether you\u2019re dressing up for a night out or keeping it casual, our collection offers endless styling possibilities. Embrace the essence of effortless chic with our thoughtfully designed wardrobe staples, and experience the harmony of style, quality, and sustainability. Join us in redefining modern fashion with a conscience.<\/p>","show":"See all Information","hide":"Hide less Information","max_width":{"unit":"%","size":67,"sizes":[]},"max_width_tablet":{"unit":"%","size":85,"sizes":[]},"max_width_mobile":{"unit":"%","size":100,"sizes":[]},"max_height_mobile":{"unit":"px","size":69,"sizes":[]},"button_typography_typography":"custom","button_typography_font_size":{"unit":"px","size":16,"sizes":[]},"button_typography_letter_spacing":{"unit":"px","size":0,"sizes":[]}},"elements":[],"isInner":false,"widgetType":"glozin-short-content","elType":"widget"}],"isInner":false,"elType":"container"},{"id":"586a6514","settings":{"flex_gap":{"column":"10","row":"10","isLinked":true,"unit":"px","size":10},"content_width":"full","padding":{"unit":"px","top":"0","right":"30","bottom":"0","left":"30","isLinked":false},"padding_tablet":{"unit":"px","top":"0","right":"15","bottom":"0","left":"15","isLinked":false}},"elements":[{"id":"4cd13d29","settings":{"title":"Shop by Gram","align":"center","typography_typography":"custom","typography_font_size_tablet":{"unit":"px","size":31,"sizes":[]},"typography_letter_spacing":{"unit":"em","size":-0.034,"sizes":[]},"typography_letter_spacing_tablet":{"unit":"rem","size":"","sizes":[]},"typography_letter_spacing_mobile":{"unit":"rem","size":"","sizes":[]}},"elements":[],"isInner":false,"widgetType":"glozin-heading","elType":"widget"},{"id":"e205203","settings":{"title":"Inspire and let yourself be inspired, from one unique fashion to another.","title_size":"div","align":"center","_margin":{"unit":"px","top":"0","right":"0","bottom":"23","left":"0","isLinked":false}},"elements":[],"isInner":false,"widgetType":"glozin-heading","elType":"widget"},{"id":"726f5b6","settings":{"images":[{"_id":"a5db3af","image":{"id":3086,"url":"https:\/\/wpglozin.com\/activewear\/wp-content\/uploads\/sites\/7\/2025\/04\/h-activewear-ins-1.webp","alt":"","source":"library","size":""},"youtube_url":"https:\/\/www.youtube.com\/watch?v=XHOmBV4js_E","vimeo_url":"https:\/\/vimeo.com\/235215203","shoppable_images":1418},{"_id":"9f28fe5","media_url":{"id":"","url":"https:\/\/wpglozin.com\/activewear\/wp-content\/plugins\/elementor\/assets\/images\/placeholder.png"},"youtube_url":"https:\/\/www.youtube.com\/watch?v=XHOmBV4js_E","vimeo_url":"https:\/\/vimeo.com\/235215203","shoppable_images":1502,"image":{"id":3087,"url":"https:\/\/wpglozin.com\/activewear\/wp-content\/uploads\/sites\/7\/2025\/04\/h-activewear-ins-2.webp","alt":"","source":"library","size":""}},{"_id":"6ff2e88","image":{"id":3088,"url":"https:\/\/wpglozin.com\/activewear\/wp-content\/uploads\/sites\/7\/2025\/04\/h-activewear-ins-3.webp","alt":"","source":"library","size":""},"youtube_url":"https:\/\/www.youtube.com\/watch?v=XHOmBV4js_E","vimeo_url":"https:\/\/vimeo.com\/235215203","shoppable_images":1508},{"_id":"5b009bf","image":{"id":3089,"url":"https:\/\/wpglozin.com\/activewear\/wp-content\/uploads\/sites\/7\/2025\/04\/h-activewear-ins-4.webp","alt":"","source":"library","size":""},"youtube_url":"https:\/\/www.youtube.com\/watch?v=XHOmBV4js_E","vimeo_url":"https:\/\/vimeo.com\/235215203","shoppable_images":1516},{"_id":"8d7cc63","media_url":{"id":"","url":"https:\/\/wpglozin.com\/activewear\/wp-content\/plugins\/elementor\/assets\/images\/placeholder.png"},"youtube_url":"https:\/\/www.youtube.com\/watch?v=XHOmBV4js_E","vimeo_url":"https:\/\/vimeo.com\/235215203","shoppable_images":1522,"image":{"id":3090,"url":"https:\/\/wpglozin.com\/activewear\/wp-content\/uploads\/sites\/7\/2025\/04\/h-activewear-ins-5.webp","alt":"","source":"library","size":""}},{"_id":"4277078","image":{"id":3091,"url":"https:\/\/wpglozin.com\/activewear\/wp-content\/uploads\/sites\/7\/2025\/04\/h-activewear-ins-6.webp","alt":"","source":"library","size":""},"youtube_url":"https:\/\/www.youtube.com\/watch?v=XHOmBV4js_E","vimeo_url":"https:\/\/vimeo.com\/235215203","shoppable_images":1527}],"slides_to_show_tablet":3,"slides_to_show_mobile":2,"navigation_classes":"none","navigation_classes_tablet":"dots","navigation_classes_mobile":"dots","image_size":"medium"},"elements":[],"isInner":false,"widgetType":"glozin-shoppable-images-carousel","elType":"widget"}],"isInner":false,"elType":"container"}],"page_settings":{"hide_page_header":"yes","page_header_top_padding":{"unit":"px","size":0,"sizes":[]},"content_top_spacing":"custom","content_top_padding":{"unit":"px","size":0,"sizes":[]},"content_bottom_spacing":"custom","content_bottom_padding":{"unit":"px","size":0,"sizes":[]},"hide_header_border":"yes","hide_footer_border":"yes"},"version":"0.4","title":"Home Activewear","type":"page"}