{"content":[{"id":"74573841","settings":{"content_width":"full","padding":{"unit":"px","top":"0","right":"30","bottom":"0","left":"30","isLinked":false},"padding_tablet":{"unit":"px","top":"0","right":"15","bottom":"0","left":"15","isLinked":false},"margin":{"unit":"px","top":"0","right":"0","bottom":"80","left":"0","isLinked":false},"margin_mobile":{"unit":"px","top":"0","right":"0","bottom":"50","left":"0","isLinked":false}},"elements":[{"id":"a47c0de","settings":{"slides":[{"title":"Sports Bras<br class=\"d-none d-block-xl\"> Buy 3\u2014Save $50","button_text":"Shop Collection","_id":"c8ea519","before_title":"ONLY SELL ONLINE!","banner_background_img":{"id":3069,"url":"https:\/\/wpglozin.com\/underwear\/wp-content\/uploads\/sites\/20\/2025\/05\/uw-slides-1-scaled.webp","alt":"","source":"library","size":""},"banner_background_img_mobile":{"url":"https:\/\/wpglozin.com\/underwear\/wp-content\/uploads\/sites\/20\/2025\/05\/uw-slides-mb-1.webp","id":3074,"size":"","alt":"","source":"library"},"background_position":"center center","button_link":{"url":"https:\/\/wpglozin.com\/underwear\/shop\/","is_external":"","nofollow":"","custom_attributes":""}},{"title":"The Bra<br class=\"d-none d-block-xl\"> Choice For You!","button_text":"Shop Collection","before_title":"ONLY SELL ONLINE!","banner_background_img":{"id":3070,"url":"https:\/\/wpglozin.com\/underwear\/wp-content\/uploads\/sites\/20\/2025\/05\/uw-slides-2-scaled.webp","alt":"","source":"library","size":""},"_id":"81d36d7","banner_background_img_mobile":{"url":"https:\/\/wpglozin.com\/underwear\/wp-content\/uploads\/sites\/20\/2025\/05\/uw-slides-mb-2.webp","id":3073,"size":"","alt":"","source":"library"},"background_position":"center center","button_link":{"url":"https:\/\/wpglozin.com\/underwear\/product-category\/underwear\/","is_external":"","nofollow":"","custom_attributes":""}},{"title":"Treding Skin<br class=\"d-none d-block-xl\"> Unlined Bras","button_text":"Shop Collection","before_title":"ONLY SELL ONLINE!","banner_background_img":{"id":3071,"url":"https:\/\/wpglozin.com\/underwear\/wp-content\/uploads\/sites\/20\/2025\/05\/uw-slides-3-scaled.webp","alt":"","source":"library","size":""},"_id":"100c482","banner_background_img_mobile":{"url":"https:\/\/wpglozin.com\/underwear\/wp-content\/uploads\/sites\/20\/2025\/05\/uw-slides-mb-3.webp","id":3072,"size":"","alt":"","source":"library"},"background_position":"center center","button_link":{"url":"https:\/\/wpglozin.com\/underwear\/product-category\/swimwear\/","is_external":"","nofollow":"","custom_attributes":""}}],"navigation_classes":"dots","slides_vertical_position":"bottom","slides_content_padding":{"unit":"px","top":"40","right":"7","bottom":"40","left":"7","isLinked":false},"title_color":"#FFFFFF","before_title_color":"#FFFFFF","button_style":"light","dot_item_active_color":"#FFFFFF","dot_item_color":"#FFFFFF","slides_height":{"unit":"px","size":717,"sizes":[]},"slides_height_tablet":{"unit":"px","size":301,"sizes":[]},"slides_height_mobile":{"unit":"px","size":422,"sizes":[]},"navigation_classes_tablet":"dots","slides_border_radius":{"unit":"px","top":"10","right":"10","bottom":"10","left":"10","isLinked":true},"slides_content_padding_tablet":{"unit":"px","top":"28","right":"5","bottom":"28","left":"5","isLinked":false},"slides_content_padding_mobile":{"unit":"px","top":"30","right":"0","bottom":"40","left":"0","isLinked":false},"title_typography_typography":"custom","title_typography_font_size":{"unit":"px","size":60,"sizes":[]},"title_typography_font_size_tablet":{"unit":"px","size":42,"sizes":[]},"title_typography_font_size_mobile":{"unit":"px","size":38,"sizes":[]},"title_typography_letter_spacing":{"unit":"px","size":-2.04,"sizes":[]},"before_title_typography_typography":"custom","before_title_typography_font_weight":"600","before_title_typography_text_transform":"capitalize","before_title_typography_line_height":{"unit":"custom","size":"1","sizes":[]},"before_title_typography_line_height_tablet":{"unit":"custom","size":"","sizes":[]},"before_title_typography_line_height_mobile":{"unit":"custom","size":"","sizes":[]},"before_title_spacing":{"unit":"px","size":10,"sizes":[]},"button_typography_typography":"custom","button_typography_font_size":{"unit":"px","size":14,"sizes":[]},"button_typography_font_weight":"600","dots_spacing_mobile":{"unit":"px","size":10,"sizes":[]},"title_typography_line_height":{"unit":"custom","size":"1.21","sizes":[]},"title_typography_line_height_tablet":{"unit":"custom","size":"","sizes":[]},"title_typography_line_height_mobile":{"unit":"custom","size":"","sizes":[]},"aspect_ratio_type":"custom","aspect_ratio":"1845:727","aspect_ratio_mobile_type":"custom","aspect_ratio_mobile":"345:471.67","slides_container_width":{"unit":"%","size":100,"sizes":[]},"before_title_typography_font_size":{"unit":"px","size":12,"sizes":[]},"title_spacing":{"unit":"px","size":10,"sizes":[]},"button_text_color":"#444444","dots_spacing_tablet":{"unit":"px","size":15,"sizes":[]},"effect":"fade","autoplay":"yes","autoplay_speed":7000,"button_min_width":{"unit":"px","size":200,"sizes":[]},"button_min_width_mobile":{"unit":"px","size":180,"sizes":[]},"aspect_ratio_type_mobile":"vertical","infinite":"yes"},"elements":[],"isInner":false,"widgetType":"glozin-slides","elType":"widget"}],"isInner":false,"elType":"container"},{"id":"5beae77f","settings":{"flex_gap":{"column":"10","row":"10","isLinked":true,"unit":"px","size":10},"margin":{"unit":"px","top":"0","right":"0","bottom":"33","left":"0","isLinked":false}},"elements":[{"id":"3b795abe","settings":{"title":"Category Highlights","align":"center","typography_typography":"custom","typography_letter_spacing":{"unit":"px","size":-1.224,"sizes":[]}},"elements":[],"isInner":false,"widgetType":"glozin-heading","elType":"widget"}],"isInner":false,"elType":"container"},{"id":"1e06f1bc","settings":{"margin":{"unit":"px","top":"0","right":"0","bottom":"80","left":"0","isLinked":false},"margin_mobile":{"unit":"px","top":"0","right":"0","bottom":"50","left":"0","isLinked":false}},"elements":[{"id":"152cd34a","settings":{"banners":[{"image":{"id":3075,"url":"https:\/\/wpglozin.com\/underwear\/wp-content\/uploads\/sites\/20\/2025\/05\/uw-cat-1.webp","alt":"","source":"library","size":""},"button_text":"Bras","button_link":{"url":"https:\/\/wpglozin.com\/underwear\/product-category\/bras\/","is_external":"","nofollow":"","custom_attributes":""},"_id":"a788691","youtube_url":"https:\/\/www.youtube.com\/watch?v=XHOmBV4js_E","vimeo_url":"https:\/\/vimeo.com\/235215203","icon_type_image":{"id":3055,"url":"https:\/\/wpglozin.com\/underwear\/wp-content\/uploads\/sites\/20\/2025\/05\/placeholder-5.png"}},{"image":{"id":3076,"url":"https:\/\/wpglozin.com\/underwear\/wp-content\/uploads\/sites\/20\/2025\/05\/uw-cat-2.webp","alt":"","source":"library","size":""},"button_text":"Swimwear","button_link":{"url":"https:\/\/wpglozin.com\/underwear\/product-category\/swimwear\/","is_external":"","nofollow":"","custom_attributes":""},"_id":"831bd95","youtube_url":"https:\/\/www.youtube.com\/watch?v=XHOmBV4js_E","vimeo_url":"https:\/\/vimeo.com\/235215203","icon_type_image":{"id":3056,"url":"https:\/\/wpglozin.com\/underwear\/wp-content\/uploads\/sites\/20\/2025\/05\/placeholder-6.png"}},{"image":{"id":3077,"url":"https:\/\/wpglozin.com\/underwear\/wp-content\/uploads\/sites\/20\/2025\/05\/uw-cat-3.webp","alt":"","source":"library","size":""},"button_text":"Underwear","button_link":{"url":"https:\/\/wpglozin.com\/underwear\/product-category\/underwear\/","is_external":"","nofollow":"","custom_attributes":""},"_id":"0c8e485","youtube_url":"https:\/\/www.youtube.com\/watch?v=XHOmBV4js_E","vimeo_url":"https:\/\/vimeo.com\/235215203","icon_type_image":{"id":3057,"url":"https:\/\/wpglozin.com\/underwear\/wp-content\/uploads\/sites\/20\/2025\/05\/placeholder-7.png"}},{"image":{"id":3078,"url":"https:\/\/wpglozin.com\/underwear\/wp-content\/uploads\/sites\/20\/2025\/05\/uw-cat-4.webp","alt":"","source":"library","size":""},"button_text":"Active","button_link":{"url":"https:\/\/wpglozin.com\/underwear\/product-category\/active\/","is_external":"","nofollow":"","custom_attributes":""},"_id":"9c193e2","youtube_url":"https:\/\/www.youtube.com\/watch?v=XHOmBV4js_E","vimeo_url":"https:\/\/vimeo.com\/235215203","icon_type_image":{"id":3058,"url":"https:\/\/wpglozin.com\/underwear\/wp-content\/uploads\/sites\/20\/2025\/05\/placeholder-8.png"}},{"image":{"id":3079,"url":"https:\/\/wpglozin.com\/underwear\/wp-content\/uploads\/sites\/20\/2025\/05\/uw-cat-5.webp","alt":"","source":"library","size":""},"button_text":"Shapewear","button_link":{"url":"https:\/\/wpglozin.com\/underwear\/product-category\/shapewear\/","is_external":"","nofollow":"","custom_attributes":""},"youtube_url":"https:\/\/www.youtube.com\/watch?v=XHOmBV4js_E","vimeo_url":"https:\/\/vimeo.com\/235215203","_id":"e4c72c3","icon_type_image":{"id":3059,"url":"https:\/\/wpglozin.com\/underwear\/wp-content\/uploads\/sites\/20\/2025\/05\/placeholder-9.png"}}],"aspect_ratio_type":"custom","aspect_ratio":"266:345","slides_to_show":5,"slides_to_show_tablet":3,"slides_to_show_mobile":2,"slides_to_scroll_mobile":2,"image_spacing_custom":20,"image_spacing_custom_mobile":15,"navigation_classes":"none","navigation_classes_tablet":"dots","banner_padding":{"unit":"px","top":"30","right":"05","bottom":"30","left":"05","isLinked":false},"banner_padding_mobile":{"unit":"px","top":"0","right":"0","bottom":"15","left":"0","isLinked":false},"button_padding":{"unit":"px","top":"17","right":"20","bottom":"18","left":"20","isLinked":false},"button_min_width":{"unit":"px","size":180,"sizes":[]},"button_min_width_mobile":{"unit":"px","size":130,"sizes":[]}},"elements":[],"isInner":false,"widgetType":"glozin-banner-carousel","elType":"widget"}],"isInner":false,"elType":"container"},{"id":"3ebf0708","settings":{"flex_gap":{"column":"10","row":"10","isLinked":true,"unit":"px","size":10},"margin":{"unit":"px","top":"0","right":"0","bottom":"33","left":"0","isLinked":false}},"elements":[{"id":"21da70d3","settings":{"title":"Best Selling","align":"center","typography_typography":"custom","typography_letter_spacing":{"unit":"px","size":-1.224,"sizes":[]}},"elements":[],"isInner":false,"widgetType":"glozin-heading","elType":"widget"}],"isInner":false,"elType":"container"},{"id":"47ace2de","settings":{"margin":{"unit":"px","top":"0","right":"0","bottom":"80","left":"0","isLinked":false},"margin_mobile":{"unit":"px","top":"0","right":"0","bottom":"50","left":"0","isLinked":false}},"elements":[{"id":"276b88a9","settings":{"limit":8,"type":"custom_products","slides_to_show_tablet":3,"slides_to_show_mobile":2,"slides_to_scroll_tablet":3,"slides_to_scroll_mobile":2,"image_spacing_custom_tablet":20,"image_spacing_custom_mobile":15,"navigation_classes_tablet":"dots","ids":"3091,3013,2996,2979,2926,3095,2958,3102"},"elements":[],"isInner":false,"widgetType":"glozin-products-carousel","elType":"widget"}],"isInner":false,"elType":"container"},{"id":"2d7f82ce","settings":{"flex_direction":"row","flex_gap":{"unit":"px","size":30,"column":"30","row":"30","isLinked":true},"flex_direction_tablet":"row","margin":{"unit":"px","top":"0","right":"0","bottom":"80","left":"0","isLinked":false},"margin_mobile":{"unit":"px","top":"0","right":"0","bottom":"50","left":"0","isLinked":false},"flex_direction_mobile":"column"},"elements":[{"id":"3a4fdcc5","settings":{"flex_direction":"column","content_width":"full","width":{"unit":"%","size":"50"},"flex_justify_content":"center","flex_align_items":"center","flex_gap":{"column":"0","row":"0","isLinked":false,"unit":"px","size":0},"padding":{"unit":"px","top":"30","right":"20","bottom":"30","left":"20","isLinked":false}},"elements":[{"id":"735e4331","settings":{"title":"ONLY SELL ONLINE!","title_size":"div","title_color":"#111111","typography_typography":"custom","typography_font_size":{"unit":"px","size":12,"sizes":[]},"typography_font_weight":"600","_margin":{"unit":"px","top":"0","right":"0","bottom":"30","left":"0","isLinked":false}},"elements":[],"isInner":false,"widgetType":"glozin-heading","elType":"widget"},{"id":"7fc46bd1","settings":{"title":"The Bras<br class=\"d-none d-block-xl\"> Best Choice Your Body!","align":"center","typography_typography":"custom","typography_font_size":{"unit":"px","size":45,"sizes":[]},"typography_font_size_tablet":{"unit":"px","size":31,"sizes":[]},"typography_font_size_mobile":{"unit":"px","size":28,"sizes":[]},"typography_letter_spacing":{"unit":"px","size":-1.53,"sizes":[]},"_margin":{"unit":"px","top":"0","right":"0","bottom":"20","left":"0","isLinked":false}},"elements":[],"isInner":false,"widgetType":"glozin-heading","elType":"widget"},{"id":"56e4198b","settings":{"title":"Comfort, support and style\u2014meet the bra that perfectly complements your body!","title_size":"div","align":"center","title_color":"#444444","typography_typography":"custom","typography_font_size":{"unit":"px","size":14,"sizes":[]},"_margin":{"unit":"px","top":"0","right":"0","bottom":"30","left":"0","isLinked":false}},"elements":[],"isInner":false,"widgetType":"glozin-heading","elType":"widget"},{"id":"2239db44","settings":{"button_text":"Shop Sale","button_typography_typography":"custom","button_typography_font_size":{"unit":"px","size":14,"sizes":[]},"button_typography_letter_spacing":{"unit":"px","size":-0.336,"sizes":[]},"button_link":{"url":"https:\/\/wpglozin.com\/underwear\/product-category\/underwear\/","is_external":"","nofollow":"","custom_attributes":""},"button_min_width":{"unit":"px","size":180,"sizes":[]},"button_min_width_mobile":{"unit":"px","size":180,"sizes":[]}},"elements":[],"isInner":false,"widgetType":"glozin-button","elType":"widget"}],"isInner":true,"elType":"container"},{"id":"567d1a5b","settings":{"flex_direction":"column","content_width":"full","width":{"unit":"%","size":"50"}},"elements":[{"id":"bbd8c99","settings":{"image":{"id":3080,"url":"https:\/\/wpglozin.com\/underwear\/wp-content\/uploads\/sites\/20\/2025\/05\/uw-bn-1.webp","alt":"","source":"library","size":""},"image_size":"full","width":{"unit":"%","size":100,"sizes":[]},"height":{"unit":"%","size":100,"sizes":[]},"height_tablet":{"unit":"%","size":"","sizes":[]},"height_mobile":{"unit":"%","size":"","sizes":[]},"object-fit":"cover"},"elements":[],"isInner":false,"widgetType":"image","elType":"widget"}],"isInner":true,"elType":"container"}],"isInner":false,"elType":"container"},{"id":"52a06d27","settings":{"flex_direction":"column","content_width":"full","margin":{"unit":"px","top":"0","right":"0","bottom":"80","left":"0","isLinked":false},"margin_mobile":{"unit":"px","top":"0","right":"0","bottom":"50","left":"0","isLinked":false},"padding":{"unit":"px","top":"0","right":"30","bottom":"0","left":"30","isLinked":false},"padding_tablet":{"unit":"px","top":"0","right":"15","bottom":"0","left":"15","isLinked":false}},"elements":[{"id":"10259249","settings":{"content_width":"full","flex_direction":"column","flex_gap":{"column":"0","row":"0","isLinked":false,"unit":"px","size":0},"overflow":"hidden","border_radius":{"unit":"px","top":"10","right":"10","bottom":"10","left":"10","isLinked":true}},"elements":[{"id":"5a4e60be","settings":{"content_width":"full","min_height":{"unit":"px","size":700,"sizes":[]},"min_height_tablet":{"unit":"px","size":500,"sizes":[]},"flex_direction":"column","flex_justify_content":"center","flex_gap":{"column":"0","row":"0","isLinked":true,"unit":"px","size":0},"background_background":"video","background_video_link":"\/\/glozin-demo.myshopify.com\/cdn\/shop\/videos\/c\/vp\/b414717abd564564b5e1133138fcf2bd\/b414717abd564564b5e1133138fcf2bd.HD-1080p-7.2Mbps-33399290.mp4","background_play_on_mobile":"yes","padding":{"unit":"px","top":"50","right":"50","bottom":"50","left":"50","isLinked":true},"padding_tablet":{"unit":"px","top":"35","right":"20","bottom":"35","left":"20","isLinked":false},"flex_align_items":"center","background_video_fallback":{"id":3081,"url":"https:\/\/wpglozin.com\/underwear\/wp-content\/uploads\/sites\/20\/2025\/05\/uw-bn-2.webp","alt":"","source":"library","size":""},"background_overlay_opacity":{"unit":"px","size":0.3,"sizes":[]}},"elements":[{"id":"53d731b9","settings":{"title":"Latest Collection","title_size":"div","align":"center","title_color":"#FFFFFF","typography_typography":"custom","typography_font_size":{"unit":"px","size":12,"sizes":[]},"typography_font_weight":"700","typography_text_transform":"uppercase","typography_line_height":{"unit":"custom","size":"normal","sizes":[]},"typography_line_height_tablet":{"unit":"custom","size":"","sizes":[]},"typography_line_height_mobile":{"unit":"custom","size":"","sizes":[]},"_margin":{"unit":"px","top":"0","right":"0","bottom":"10","left":"0","isLinked":false}},"elements":[],"isInner":false,"widgetType":"glozin-heading","elType":"widget"},{"id":"370b40ba","settings":{"title":"Ready. Set.<br class=\"d-none d-block-xl\"\/> Boost Your Sexiness.","title_color":"#FFFFFF","typography_typography":"custom","typography_font_size":{"unit":"px","size":45,"sizes":[]},"typography_font_size_tablet":{"unit":"px","size":31,"sizes":[]},"typography_font_size_mobile":{"unit":"px","size":28,"sizes":[]},"typography_font_weight":"600","typography_letter_spacing":{"unit":"px","size":-1.53,"sizes":[]},"_margin":{"unit":"px","top":"0","right":"0","bottom":"30","left":"0","isLinked":false},"align":"center"},"elements":[],"isInner":false,"widgetType":"glozin-heading","elType":"widget"},{"id":"7edd782c","settings":{"button_text":"Shop Collection","button_style":"light","button_link":{"url":"https:\/\/wpglozin.com\/underwear\/product-category\/bras\/","is_external":"","nofollow":"","custom_attributes":""},"button_min_width":{"unit":"px","size":200,"sizes":[]},"button_min_width_mobile":{"unit":"px","size":180,"sizes":[]}},"elements":[],"isInner":false,"widgetType":"glozin-button","elType":"widget"}],"isInner":true,"elType":"container"},{"id":"7fe42e40","settings":{"items":[{"text":"Subscribe and get 10% off your first purchase","_id":"f98ca73","type":"icon","icon":{"value":{"url":"https:\/\/wpglozin.com\/underwear\/wp-content\/uploads\/sites\/20\/2025\/03\/star.svg","id":962},"library":"svg"},"image":{"id":3060,"url":"https:\/\/wpglozin.com\/underwear\/wp-content\/uploads\/sites\/20\/2025\/05\/woocommerce-placeholder-600x600-1.webp"}},{"text":"Safe shopping\u2014pay later with klarna","type":"icon","icon":{"value":{"url":"https:\/\/wpglozin.com\/underwear\/wp-content\/uploads\/sites\/20\/2025\/03\/star.svg","id":962},"library":"svg"},"_id":"004052b","image":{"id":3061,"url":"https:\/\/wpglozin.com\/underwear\/wp-content\/uploads\/sites\/20\/2025\/05\/woocommerce-placeholder-600x600-2.webp"}}],"padding":{"unit":"px","top":"25","right":"0","bottom":"25","left":"0","isLinked":false},"gap":{"unit":"px","size":50,"sizes":[]},"background_color":"#0F8482","border_border":"none","icon_color":"#FFFFFF","spacing":{"unit":"px","size":50,"sizes":[]},"text_typography_typography":"custom","text_typography_font_size":{"unit":"px","size":12,"sizes":[]},"text_typography_font_weight":"600","text_typography_text_transform":"uppercase","text_color":"#FFFFFF","speed":0.1},"elements":[],"isInner":false,"widgetType":"glozin-marquee","elType":"widget"}],"isInner":true,"elType":"container"}],"isInner":false,"elType":"container"},{"id":"2c8eba9e","settings":{"flex_gap":{"column":"10","row":"10","isLinked":true,"unit":"px","size":10},"margin":{"unit":"px","top":"0","right":"0","bottom":"33","left":"0","isLinked":false}},"elements":[{"id":"106f24a5","settings":{"title":"Today's Popular Picks","align":"center","typography_typography":"custom","typography_letter_spacing":{"unit":"px","size":-1.224,"sizes":[]}},"elements":[],"isInner":false,"widgetType":"glozin-heading","elType":"widget"}],"isInner":false,"elType":"container"},{"id":"1633a727","settings":{"margin":{"unit":"px","top":"0","right":"0","bottom":"80","left":"0","isLinked":false},"margin_mobile":{"unit":"px","top":"0","right":"0","bottom":"50","left":"0","isLinked":false}},"elements":[{"id":"74b481fa","settings":{"limit":8,"slides_to_show_tablet":3,"slides_to_show_mobile":2,"slides_to_scroll_tablet":3,"slides_to_scroll_mobile":2,"image_spacing_custom_tablet":20,"image_spacing_custom_mobile":15,"navigation_classes_tablet":"dots","type":"custom_products","ids":"3095,2958,3102,2949,3013,2979,3091,2996"},"elements":[],"isInner":false,"widgetType":"glozin-products-carousel","elType":"widget"}],"isInner":false,"elType":"container"},{"id":"1dd3c889","settings":{"flex_gap":{"column":"10","row":"10","isLinked":true,"unit":"px","size":10},"margin":{"unit":"px","top":"0","right":"0","bottom":"33","left":"0","isLinked":false}},"elements":[{"id":"7b35172a","settings":{"title":"Customer Say!","align":"center","typography_typography":"custom","typography_letter_spacing":{"unit":"px","size":-1.224,"sizes":[]}},"elements":[],"isInner":false,"widgetType":"glozin-heading","elType":"widget"}],"isInner":false,"elType":"container"},{"id":"1419cf59","settings":{"margin":{"unit":"px","top":"0","right":"0","bottom":"80","left":"0","isLinked":false},"margin_mobile":{"unit":"px","top":"0","right":"0","bottom":"50","left":"0","isLinked":false}},"elements":[{"id":"3042ba29","settings":{"testimonials":[{"testimonial_name":"Susan Gibson.","_id":"b8d95de","image":{"url":"","id":"","size":"","alt":"","source":"library"},"testimonial_title":"Our customers reviews","testimonial_content":"Great to be able to order everything I needed from the comfort of my home and the delivery was extremely quick. Recommend... \ud83e\udd70","testimonial_text":"Verified Buyer","testimonial_product_id":2979,"youtube_url":"https:\/\/www.youtube.com\/watch?v=XHOmBV4js_E","vimeo_url":"https:\/\/vimeo.com\/235215203"},{"testimonial_name":"Algistino Linonel","_id":"dc164a9","image":{"url":"","id":"","size":"","alt":"","source":"library"},"testimonial_title":"Our customers reviews","testimonial_content":"A perfect product, it keeps you very warm without over heating. True to size, I couldn't be happier with the purchase... Thank you! \ud83e\udd17","testimonial_text":"Verified Buyer","testimonial_product_id":3091,"video":{"url":"http:\/\/localhost\/glozin\/wp-content\/uploads\/2025\/04\/md-test-2.mp4","id":761,"size":"","alt":"","source":"library"},"youtube_url":"https:\/\/www.youtube.com\/watch?v=XHOmBV4js_E","vimeo_url":"https:\/\/vimeo.com\/235215203","media_url":{"url":"","id":"","size":"","alt":"","source":"library"}},{"testimonial_name":"Marie-Gos\u00e9e H.","_id":"756f522","image":{"url":"","id":"","size":"","alt":"","source":"library"},"testimonial_title":"Our customers reviews","testimonial_content":"These are sooo pretty and very comfy. Perfect color as well. I love wearing these with a neutral top and Chelsea boots. Wicked cute...\ud83d\ude0d","testimonial_text":"Verified Buyer","testimonial_product_id":3095,"youtube_url":"https:\/\/www.youtube.com\/watch?v=XHOmBV4js_E","vimeo_url":"https:\/\/vimeo.com\/235215203"},{"testimonial_name":"Cameron Smith.","image":{"url":"","id":"","size":"","alt":"","source":"library"},"testimonial_title":"Our customers reviews","testimonial_content":"A perfect product, it keeps you very warm without over heating. True to size, I couldn't be happier with the purchase... Thank you! \ud83e\udd17","testimonial_text":"Verified Buyer","testimonial_product_id":2926,"youtube_url":"https:\/\/www.youtube.com\/watch?v=XHOmBV4js_E","vimeo_url":"https:\/\/vimeo.com\/235215203","_id":"83029a8"}],"slides_to_show_tablet":2,"slides_to_show_mobile":1,"navigation_classes_mobile":"dots","infinite":"yes","slides_to_show":3,"navigation_classes_tablet":"dots","product_padding":{"unit":"px","top":"20","right":"0","bottom":"0","left":"0","isLinked":false},"product_margin":{"unit":"px","top":"15","right":"0","bottom":"0","left":"0","isLinked":false},"slides_to_scroll_tablet":2,"slides_to_scroll_mobile":1,"image_spacing_custom":20,"image_spacing_custom_tablet":20,"__globals__":[],"item_border_radius":{"unit":"px","top":"10","right":"10","bottom":"10","left":"10","isLinked":true}},"elements":[],"isInner":false,"widgetType":"glozin-testimonial-carousel","elType":"widget"}],"isInner":false,"elType":"container"},{"id":"491dc5b6","settings":{"flex_direction":"column","content_width":"full","padding":{"unit":"px","top":"0","right":"15","bottom":"0","left":"15","isLinked":false}},"elements":[{"id":"26bad0ba","settings":{"flex_direction":"column","flex_justify_content":"center","flex_align_items":"center","flex_gap":{"column":"0","row":"0","isLinked":true,"unit":"px","size":0},"flex_gap_tablet":{"column":"0","row":"0","isLinked":true,"unit":"px","size":0},"flex_gap_mobile":{"column":"0","row":"0","isLinked":true,"unit":"px","size":0},"overflow":"hidden","background_background":"classic","background_color":"#F5F5F5","border_radius":{"unit":"px","top":"15","right":"15","bottom":"15","left":"15","isLinked":true},"padding":{"unit":"px","top":"80","right":"0","bottom":"80","left":"0","isLinked":false},"padding_tablet":{"unit":"px","top":"63","right":"15","bottom":"63","left":"15","isLinked":false},"padding_mobile":{"unit":"px","top":"60","right":"15","bottom":"60","left":"15","isLinked":false}},"elements":[{"id":"29885452","settings":{"title":"Shop By Gram","align":"center","typography_typography":"custom","typography_letter_spacing":{"unit":"px","size":-1.224,"sizes":[]},"_margin":{"unit":"px","top":"0","right":"0","bottom":"10","left":"0","isLinked":false}},"elements":[],"isInner":false,"widgetType":"glozin-heading","elType":"widget"},{"id":"76e9bbf9","settings":{"title":"Inspire and let yourself be inspired, from one unique fashion to another.","title_size":"div","align":"center","title_color":"#444444","typography_typography":"custom","typography_font_size":{"unit":"px","size":14,"sizes":[]},"_margin":{"unit":"px","top":"0","right":"0","bottom":"33","left":"0","isLinked":false}},"elements":[],"isInner":false,"widgetType":"glozin-heading","elType":"widget"},{"id":"7bc1a84b","settings":{"images":[{"_id":"a5db3af","image":{"id":3082,"url":"https:\/\/wpglozin.com\/underwear\/wp-content\/uploads\/sites\/20\/2025\/05\/uw-ins-1.webp","alt":"","source":"library","size":""},"youtube_url":"https:\/\/www.youtube.com\/watch?v=XHOmBV4js_E","vimeo_url":"https:\/\/vimeo.com\/235215203","action":"link"},{"image":{"id":3083,"url":"https:\/\/wpglozin.com\/underwear\/wp-content\/uploads\/sites\/20\/2025\/05\/uw-ins-2.webp","alt":"","source":"library","size":""},"youtube_url":"https:\/\/www.youtube.com\/watch?v=XHOmBV4js_E","vimeo_url":"https:\/\/vimeo.com\/235215203","action":"link","_id":"5654e49"},{"image":{"id":3084,"url":"https:\/\/wpglozin.com\/underwear\/wp-content\/uploads\/sites\/20\/2025\/05\/uw-ins-3.webp","alt":"","source":"library","size":""},"youtube_url":"https:\/\/www.youtube.com\/watch?v=XHOmBV4js_E","vimeo_url":"https:\/\/vimeo.com\/235215203","action":"link","_id":"d09c0b5"},{"image":{"id":3085,"url":"https:\/\/wpglozin.com\/underwear\/wp-content\/uploads\/sites\/20\/2025\/05\/uw-ins-4.webp","alt":"","source":"library","size":""},"youtube_url":"https:\/\/www.youtube.com\/watch?v=XHOmBV4js_E","vimeo_url":"https:\/\/vimeo.com\/235215203","action":"link","_id":"11fdeec"},{"image":{"id":3086,"url":"https:\/\/wpglozin.com\/underwear\/wp-content\/uploads\/sites\/20\/2025\/05\/uw-ins-5.webp","alt":"","source":"library","size":""},"youtube_url":"https:\/\/www.youtube.com\/watch?v=XHOmBV4js_E","vimeo_url":"https:\/\/vimeo.com\/235215203","action":"link","_id":"d17aaee"},{"image":{"id":3087,"url":"https:\/\/wpglozin.com\/underwear\/wp-content\/uploads\/sites\/20\/2025\/05\/uw-ins-6.webp","alt":"","source":"library","size":""},"youtube_url":"https:\/\/www.youtube.com\/watch?v=XHOmBV4js_E","vimeo_url":"https:\/\/vimeo.com\/235215203","action":"link","_id":"65401df"}],"slides_to_show_tablet":3,"slides_to_show_mobile":2,"navigation_classes":"none","navigation_classes_tablet":"dots","navigation_classes_mobile":"dots","image_spacing_custom":20,"icon_position":"middle","_margin":{"unit":"px","top":"0","right":"0","bottom":"80","left":"0","isLinked":false},"_margin_tablet":{"unit":"px","top":"0","right":"0","bottom":"63","left":"0","isLinked":false},"_margin_mobile":{"unit":"px","top":"0","right":"0","bottom":"60","left":"0","isLinked":false}},"elements":[],"isInner":false,"widgetType":"glozin-shoppable-images-carousel","elType":"widget"},{"id":"d828b13","settings":{"icons_box":[{"icon":{"value":{"url":"https:\/\/wpglozin.com\/underwear\/wp-content\/uploads\/sites\/20\/2025\/05\/shipping.svg","id":3047},"library":"svg"},"title":"Free Shipping","description":"Enjoy free worldwide shipping and returns, with customs and duties taxes included.","_id":"3e74bd4","title_size":"h6","image":{"id":3062,"url":"https:\/\/wpglozin.com\/underwear\/wp-content\/uploads\/sites\/20\/2025\/05\/placeholder-10.png"}},{"icon":{"value":{"url":"https:\/\/wpglozin.com\/underwear\/wp-content\/uploads\/sites\/20\/2025\/05\/return.svg","id":3048},"library":"svg"},"title":"Free Returns","description":"Free returns within 15 days, please make sure the items are in undamaged condition.","_id":"50f8ad0","title_size":"h6","image":{"id":3063,"url":"https:\/\/wpglozin.com\/underwear\/wp-content\/uploads\/sites\/20\/2025\/05\/placeholder-11.png"}},{"icon":{"value":{"url":"https:\/\/wpglozin.com\/underwear\/wp-content\/uploads\/sites\/20\/2025\/05\/support.svg","id":3049},"library":"svg"},"title":"Support Online","description":"We support customers 24\/7, send questions we will solve for you immediately.","_id":"e734671","title_size":"h6","image":{"id":3064,"url":"https:\/\/wpglozin.com\/underwear\/wp-content\/uploads\/sites\/20\/2025\/05\/placeholder-12.png"}}],"slides_to_show_mobile":1,"navigation_classes":"none","navigation_classes_mobile":"dots","icon_size":{"unit":"px","size":32,"sizes":[]},"slides_to_show_tablet":3,"navigation_classes_tablet":"none","alignment":"center","title_spacing":{"unit":"px","size":10,"sizes":[]},"_element_width":"initial","_element_custom_width":{"unit":"px","size":1170,"sizes":[]},"_element_custom_width_tablet":{"unit":"%","size":100,"sizes":[]},"_element_custom_width_mobile":{"unit":"%","size":"","sizes":[]},"title_size":"div"},"elements":[],"isInner":false,"widgetType":"glozin-icon-box-carousel","elType":"widget"}],"isInner":true,"elType":"container"}],"isInner":false,"elType":"container"}],"page_settings":{"hide_page_header":"yes","page_header_top_padding":{"unit":"px","size":0,"sizes":[]},"content_top_spacing":"custom","content_top_padding":{"unit":"px","size":0,"sizes":[]},"content_bottom_spacing":"custom","content_bottom_padding":{"unit":"px","size":0,"sizes":[]},"hide_header_border":"yes","hide_footer_border":"yes"},"version":"0.4","title":"Home Underwear","type":"page"}