{"content":[{"id":"39bce4a0","settings":{"content_width":"full","padding":{"unit":"px","top":"0","right":"30","bottom":"0","left":"30","isLinked":false},"padding_tablet":{"unit":"px","top":"0","right":"15","bottom":"0","left":"15","isLinked":false}},"elements":[{"id":"5c4d24a3","settings":{"items":[{"text":"Subscribe and get 10% off your first purchase","_id":"cc37278","type":"icon","icon":{"value":{"url":"https:\/\/wpglozin.com\/fashion\/wp-content\/uploads\/sites\/2\/2025\/03\/star.svg","id":962},"library":"svg"},"image":{"id":1676,"url":"https:\/\/raw.githubusercontent.com\/uixthemeswp\/glozin\/refs\/heads\/main\/demo-content\/woocommerce-placeholder-300x400-3.png"}},{"text":"Great-Free returns product within 10 days","type":"icon","icon":{"value":{"url":"https:\/\/wpglozin.com\/fashion\/wp-content\/uploads\/sites\/2\/2025\/03\/star.svg","id":962},"library":"svg"},"_id":"92347f6","image":{"id":1677,"url":"https:\/\/raw.githubusercontent.com\/uixthemeswp\/glozin\/refs\/heads\/main\/demo-content\/woocommerce-placeholder-300x400-4.png"}}],"speed":0.2,"padding":{"unit":"px","top":"20","right":"0","bottom":"20","left":"0","isLinked":false},"gap":{"unit":"px","size":50,"sizes":[]},"icon_size":{"unit":"px","size":12,"sizes":[]},"icon_color":"#444444","spacing":{"unit":"px","size":50,"sizes":[]},"text_typography_typography":"custom","text_typography_font_size":{"unit":"px","size":13,"sizes":[]},"text_typography_font_weight":"600","text_typography_text_transform":"uppercase","text_color":"#444444","border_border":"solid","border_width":{"unit":"px","top":"1","right":"0","bottom":"0","left":"0","isLinked":false},"border_color":"#EBEBEB"},"elements":[],"isInner":false,"widgetType":"glozin-marquee","elType":"widget"}],"isInner":false,"elType":"container"},{"id":"50fbb5a9","settings":{"content_width":"full","padding":{"unit":"px","top":"0","right":"30","bottom":"0","left":"30","isLinked":false},"padding_tablet":{"unit":"px","top":"0","right":"15","bottom":"0","left":"15","isLinked":false},"margin":{"unit":"px","top":"0","right":"0","bottom":"30","left":"0","isLinked":false},"margin_mobile":{"unit":"px","top":"0","right":"0","bottom":"20","left":"0","isLinked":false}},"elements":[{"id":"20938c6c","settings":{"slides":[{"title":"Online Exclusive","button_text":"Shop Collection","_id":"c8ea519","before_title":"Sweater Collection","banner_background_img":{"id":1979,"url":"https:\/\/wpglozin.com\/fashion\/wp-content\/uploads\/sites\/2\/2025\/04\/cb-slider-1-scaled.webp","alt":"","source":"library","size":""},"banner_background_img_mobile":{"url":"https:\/\/wpglozin.com\/fashion\/wp-content\/uploads\/sites\/2\/2025\/04\/cb-slider-1-mobile.webp","id":1980,"size":"","alt":"","source":"library"},"background_position":"center center","button_link":{"url":"#","is_external":"","nofollow":"","custom_attributes":""}},{"title":"High-Top Design","button_text":"Shop Collection","before_title":"Look Exclusive","banner_background_img":{"id":1981,"url":"https:\/\/wpglozin.com\/fashion\/wp-content\/uploads\/sites\/2\/2025\/04\/cb-slider-2-scaled.webp","alt":"","source":"library","size":""},"_id":"81d36d7","banner_background_img_mobile":{"url":"https:\/\/wpglozin.com\/fashion\/wp-content\/uploads\/sites\/2\/2025\/04\/cb-slider-2-mobile.webp","id":1982,"size":"","alt":"","source":"library"},"background_position":"center center","button_link":{"url":"#","is_external":"","nofollow":"","custom_attributes":""}},{"title":"Super Comfort","button_text":"Shop Collection","before_title":"Season Collection","banner_background_img":{"id":1983,"url":"https:\/\/wpglozin.com\/fashion\/wp-content\/uploads\/sites\/2\/2025\/04\/cb-slider-3-scaled.webp","alt":"","source":"library","size":""},"_id":"100c482","banner_background_img_mobile":{"url":"https:\/\/wpglozin.com\/fashion\/wp-content\/uploads\/sites\/2\/2025\/04\/cb-slider-3-mobile.webp","id":1984,"size":"","alt":"","source":"library"},"background_position":"center center","button_link":{"url":"#","is_external":"","nofollow":"","custom_attributes":""}}],"navigation_classes":"dots","slides_vertical_position":"bottom","slides_content_padding":{"unit":"px","top":"50","right":"20","bottom":"50","left":"20","isLinked":false},"title_color":"#FFFFFF","before_title_color":"#FFFFFF","button_style":"light","dot_item_active_color":"#FFFFFF","dot_item_color":"#FFFFFF","slides_height":{"unit":"px","size":717,"sizes":[]},"slides_height_tablet":{"unit":"px","size":301,"sizes":[]},"slides_height_mobile":{"unit":"px","size":422,"sizes":[]},"navigation_classes_tablet":"dots","slides_border_radius":{"unit":"px","top":"10","right":"10","bottom":"10","left":"10","isLinked":true},"slides_content_padding_tablet":{"unit":"px","top":"35","right":"7","bottom":"35","left":"7","isLinked":false},"slides_content_padding_mobile":{"unit":"px","top":"32","right":"0","bottom":"40","left":"0","isLinked":false},"title_typography_typography":"custom","title_typography_font_size":{"unit":"px","size":70,"sizes":[]},"title_typography_font_size_tablet":{"unit":"px","size":49,"sizes":[]},"title_typography_font_size_mobile":{"unit":"px","size":45,"sizes":[]},"title_typography_letter_spacing":{"unit":"px","size":-1.5232,"sizes":[]},"before_title_typography_typography":"custom","before_title_typography_font_weight":"500","before_title_typography_text_transform":"capitalize","before_title_typography_line_height":{"unit":"custom","size":"1","sizes":[]},"before_title_typography_line_height_tablet":{"unit":"custom","size":"","sizes":[]},"before_title_typography_line_height_mobile":{"unit":"custom","size":"","sizes":[]},"before_title_spacing":{"unit":"px","size":0,"sizes":[]},"button_typography_typography":"custom","button_typography_font_size":{"unit":"px","size":15,"sizes":[]},"button_typography_font_weight":"600","dots_spacing_mobile":{"unit":"px","size":10,"sizes":[]},"title_typography_line_height":{"unit":"custom","size":"1.1686","sizes":[]},"title_typography_line_height_tablet":{"unit":"custom","size":"","sizes":[]},"title_typography_line_height_mobile":{"unit":"custom","size":"","sizes":[]},"aspect_ratio_type":"custom","aspect_ratio":"1845:751","aspect_ratio_mobile_type":"custom","aspect_ratio_mobile":"345:422","slides_container_width":{"unit":"%","size":100,"sizes":[]},"autoplay":"yes","autoplay_speed":7000,"effect":"fade","button_min_width":{"unit":"px","size":200,"sizes":[]},"button_min_width_mobile":{"unit":"px","size":170,"sizes":[]},"aspect_ratio_type_mobile":"vertical"},"elements":[],"isInner":false,"widgetType":"glozin-slides","elType":"widget"}],"isInner":false,"elType":"container"},{"id":"769abbea","settings":{"flex_direction":"row","flex_direction_tablet":"row","flex_gap":{"column":"30","row":"30","isLinked":true,"unit":"px","size":30},"flex_gap_mobile":{"column":"20","row":"20","isLinked":true,"unit":"px","size":20},"margin":{"unit":"px","top":"0","right":"0","bottom":"90","left":"0","isLinked":false},"margin_mobile":{"unit":"px","top":"0","right":"0","bottom":"50","left":"0","isLinked":false},"flex_direction_mobile":"row","mobile_column_alignment":"column_md","flex_gap_tablet":{"column":"15","row":"15","isLinked":true,"unit":"px","size":15}},"elements":[{"id":"35ed78a5","settings":{"content_width":"full","width_tablet":{"unit":"%","size":100,"sizes":[]},"width_mobile":{"unit":"%","size":"","sizes":[]}},"elements":[{"id":"5ba73e56","settings":{"image":{"id":1974,"url":"https:\/\/wpglozin.com\/fashion\/wp-content\/uploads\/sites\/2\/2025\/04\/cb-bn-1.webp","alt":"","source":"library","size":""},"sub_title":"SAVE 30\u201450% BLAZES","title":"Colour Spotlight","description":"In-store! Limited time offer.","height":{"unit":"px","size":300,"sizes":[]},"height_mobile":{"unit":"px","size":230,"sizes":[]},"button_text":"","vertical_position":"middle","sub_title_typography_typography":"custom","sub_title_typography_font_size":{"unit":"px","size":13,"sizes":[]},"sub_title_typography_text_transform":"uppercase","sub_title_margin":{"unit":"px","top":"0","right":"0","bottom":"8","left":"0","isLinked":false},"title_typography_typography":"custom","title_typography_font_size":{"unit":"px","size":36,"sizes":[]},"title_typography_font_size_tablet":{"unit":"px","size":30,"sizes":[]},"title_typography_font_size_mobile":{"unit":"px","size":30,"sizes":[]},"title_margin":{"unit":"px","top":"0","right":"0","bottom":"25","left":"0","isLinked":false},"description_typography_typography":"custom","description_typography_font_size":{"unit":"px","size":15,"sizes":[]},"description_margin":{"unit":"px","top":"0","right":"0","bottom":"0","left":"0","isLinked":false},"hover_zoom":"yes","button_link_type":"slide","button_link":{"url":"#","is_external":"","nofollow":"","custom_attributes":""},"aspect_ratio_type":"custom","aspect_ratio":"3:2","title_margin_mobile":{"unit":"px","top":"0","right":"0","bottom":"10","left":"0","isLinked":false},"youtube_url":"https:\/\/www.youtube.com\/watch?v=XHOmBV4js_E","vimeo_url":"https:\/\/vimeo.com\/235215203","title_margin_tablet":{"unit":"px","top":"0","right":"0","bottom":"10","left":"0","isLinked":false}},"elements":[],"isInner":false,"widgetType":"glozin-banner","elType":"widget"}],"isInner":true,"elType":"container"},{"id":"28053fb6","settings":{"content_width":"full","width_tablet":{"unit":"%","size":100,"sizes":[]},"width_mobile":{"unit":"%","size":"","sizes":[]}},"elements":[{"id":"370dd7f1","settings":{"image":{"id":1975,"url":"https:\/\/wpglozin.com\/fashion\/wp-content\/uploads\/sites\/2\/2025\/04\/cb-bn-2.webp","alt":"","source":"library","size":""},"sub_title":"SALE UP TO 75% OFF","title":"Coats Collection","description":"From $175. Do not miss!","height":{"unit":"px","size":300,"sizes":[]},"height_mobile":{"unit":"px","size":230,"sizes":[]},"button_text":"","vertical_position":"middle","sub_title_typography_typography":"custom","sub_title_typography_font_size":{"unit":"px","size":13,"sizes":[]},"sub_title_typography_text_transform":"uppercase","sub_title_margin":{"unit":"px","top":"0","right":"0","bottom":"8","left":"0","isLinked":false},"title_typography_typography":"custom","title_typography_font_size":{"unit":"px","size":36,"sizes":[]},"title_typography_font_size_tablet":{"unit":"px","size":30,"sizes":[]},"title_typography_font_size_mobile":{"unit":"px","size":30,"sizes":[]},"title_margin":{"unit":"px","top":"0","right":"0","bottom":"25","left":"0","isLinked":false},"description_typography_typography":"custom","description_typography_font_size":{"unit":"px","size":15,"sizes":[]},"description_margin":{"unit":"px","top":"0","right":"0","bottom":"0","left":"0","isLinked":false},"hover_zoom":"yes","button_link_type":"slide","button_link":{"url":"#","is_external":"","nofollow":"","custom_attributes":""},"aspect_ratio_type":"custom","aspect_ratio":"3:2","title_margin_mobile":{"unit":"px","top":"0","right":"0","bottom":"10","left":"0","isLinked":false},"youtube_url":"https:\/\/www.youtube.com\/watch?v=XHOmBV4js_E","vimeo_url":"https:\/\/vimeo.com\/235215203","title_margin_tablet":{"unit":"px","top":"0","right":"0","bottom":"10","left":"0","isLinked":false}},"elements":[],"isInner":false,"widgetType":"glozin-banner","elType":"widget"}],"isInner":true,"elType":"container"},{"id":"4821222a","settings":{"content_width":"full","width_tablet":{"unit":"%","size":100,"sizes":[]},"width_mobile":{"unit":"%","size":"","sizes":[]}},"elements":[{"id":"1b1a4233","settings":{"image":{"id":1976,"url":"https:\/\/wpglozin.com\/fashion\/wp-content\/uploads\/sites\/2\/2025\/04\/cb-bn-3.webp","alt":"","source":"library","size":""},"sub_title":"SAVE 10\u201430% DRESSES","title":"Everyday Luxury","description":"In-store! Limited time offer.","height":{"unit":"px","size":300,"sizes":[]},"height_mobile":{"unit":"px","size":230,"sizes":[]},"button_text":"","vertical_position":"middle","sub_title_typography_typography":"custom","sub_title_typography_font_size":{"unit":"px","size":13,"sizes":[]},"sub_title_typography_text_transform":"uppercase","sub_title_margin":{"unit":"px","top":"0","right":"0","bottom":"8","left":"0","isLinked":false},"title_typography_typography":"custom","title_typography_font_size":{"unit":"px","size":36,"sizes":[]},"title_typography_font_size_tablet":{"unit":"px","size":30,"sizes":[]},"title_typography_font_size_mobile":{"unit":"px","size":30,"sizes":[]},"title_margin":{"unit":"px","top":"0","right":"0","bottom":"25","left":"0","isLinked":false},"description_typography_typography":"custom","description_typography_font_size":{"unit":"px","size":15,"sizes":[]},"description_margin":{"unit":"px","top":"0","right":"0","bottom":"0","left":"0","isLinked":false},"hover_zoom":"yes","button_link_type":"slide","button_link":{"url":"#","is_external":"","nofollow":"","custom_attributes":""},"aspect_ratio_type":"custom","aspect_ratio":"3:2","title_margin_mobile":{"unit":"px","top":"0","right":"0","bottom":"10","left":"0","isLinked":false},"youtube_url":"https:\/\/www.youtube.com\/watch?v=XHOmBV4js_E","vimeo_url":"https:\/\/vimeo.com\/235215203","title_margin_tablet":{"unit":"px","top":"0","right":"0","bottom":"10","left":"0","isLinked":false}},"elements":[],"isInner":false,"widgetType":"glozin-banner","elType":"widget"}],"isInner":true,"elType":"container"}],"isInner":false,"elType":"container"},{"id":"73a40973","settings":{"flex_gap":{"column":"10","row":"10","isLinked":true,"unit":"px","size":10},"margin":{"unit":"px","top":"0","right":"0","bottom":"33","left":"0","isLinked":false}},"elements":[{"id":"18ce8736","settings":{"title":"Top Collections","align":"center","typography_typography":"custom","typography_letter_spacing":{"unit":"px","size":-1.224,"sizes":[]}},"elements":[],"isInner":false,"widgetType":"glozin-heading","elType":"widget"},{"id":"ba58b04","settings":{"title":"Express your style with our standout collection\u2014fashion meets sophistication.","title_size":"div","align":"center"},"elements":[],"isInner":false,"widgetType":"glozin-heading","elType":"widget"}],"isInner":false,"elType":"container"},{"id":"d8dd04f","settings":{"margin":{"unit":"px","top":"0","right":"0","bottom":"90","left":"0","isLinked":false},"margin_mobile":{"unit":"px","top":"0","right":"0","bottom":"50","left":"0","isLinked":false}},"elements":[{"id":"54991a59","settings":{"heading":"This is the heading","source":"custom","items":[{"image":{"id":1874,"url":"https:\/\/wpglozin.com\/fashion\/wp-content\/uploads\/sites\/2\/2025\/04\/md-cat-1.webp","alt":"","source":"library","size":""},"product_cat":"tops","_id":"4045fa0"},{"_id":"5a26175","image":{"id":1875,"url":"https:\/\/wpglozin.com\/fashion\/wp-content\/uploads\/sites\/2\/2025\/04\/md-cat-2.webp","alt":"","source":"library","size":""},"product_cat":"t-shirts"},{"image":{"id":1876,"url":"https:\/\/wpglozin.com\/fashion\/wp-content\/uploads\/sites\/2\/2025\/04\/md-cat-3.webp","alt":"","source":"library","size":""},"product_cat":"blazers","_id":"197aedd"},{"image":{"id":1877,"url":"https:\/\/wpglozin.com\/fashion\/wp-content\/uploads\/sites\/2\/2025\/04\/md-cat-4.webp","alt":"","source":"library","size":""},"product_cat":"coats","_id":"80c24b5"},{"image":{"id":1878,"url":"https:\/\/wpglozin.com\/fashion\/wp-content\/uploads\/sites\/2\/2025\/04\/md-cat-5.webp","alt":"","source":"library","size":""},"product_cat":"sweaters","_id":"f3d534d"},{"image":{"id":1879,"url":"https:\/\/wpglozin.com\/fashion\/wp-content\/uploads\/sites\/2\/2025\/04\/md-cat-6.webp","alt":"","source":"library","size":""},"product_cat":"hoodies","_id":"d4bd654"}],"button_text":"","view_all_btn_title":"View All","view_all_btn_text":"Click here","slides_to_show":6,"slides_to_show_tablet":4,"image_spacing_custom":54,"image_spacing_custom_tablet":30,"navigation_classes_tablet":"dots","content_align":"center","image_border_radius":{"unit":"px","top":"150","right":"150","bottom":"150","left":"150","isLinked":true},"slides_to_show_mobile":3,"image_spacing_custom_mobile":15,"title_typography_typography":"custom","title_typography_font_size_mobile":{"unit":"px","size":14,"sizes":[]},"navigation_classes":"none","view_all_btn_image":{"id":1425,"url":"https:\/\/raw.githubusercontent.com\/uixthemeswp\/glozin\/refs\/heads\/main\/demo-content\/woocommerce-placeholder-300x400-1.png"},"image_max_width_tablet":{"unit":"px","size":185,"sizes":[]}},"elements":[],"isInner":false,"widgetType":"glozin-categories-carousel","elType":"widget"}],"isInner":false,"elType":"container"},{"id":"21a77a79","settings":{"flex_gap":{"column":"10","row":"10","isLinked":true,"unit":"px","size":10},"margin":{"unit":"px","top":"0","right":"0","bottom":"33","left":"0","isLinked":false}},"elements":[{"id":"7da37559","settings":{"title":"Best Selling","align":"center","typography_typography":"custom","typography_letter_spacing":{"unit":"px","size":-1.224,"sizes":[]}},"elements":[],"isInner":false,"widgetType":"glozin-heading","elType":"widget"},{"id":"7190f758","settings":{"title":"Unmatched design\u2014superior performance and customer satisfaction in one.","title_size":"div","align":"center"},"elements":[],"isInner":false,"widgetType":"glozin-heading","elType":"widget"}],"isInner":false,"elType":"container"},{"id":"7498a19","settings":{"margin":{"unit":"px","top":"0","right":"0","bottom":"90","left":"0","isLinked":false},"margin_mobile":{"unit":"px","top":"0","right":"0","bottom":"50","left":"0","isLinked":false}},"elements":[{"id":"4dbad1d7","settings":{"slides_to_show_tablet":3,"slides_to_show_mobile":2,"slides_to_scroll_mobile":2,"image_spacing_custom_mobile":15,"navigation_classes_mobile":"dots","alignment":"center","hide_product_outofstock":"yes","type":"recent_products","ids":"298,318,327,288,229","navigation_classes_tablet":"dots"},"elements":[],"isInner":false,"widgetType":"glozin-products-carousel","elType":"widget"}],"isInner":false,"elType":"container"},{"id":"63c62357","settings":{"content_width":"full","padding":{"unit":"px","top":"0","right":"30","bottom":"0","left":"30","isLinked":false},"padding_tablet":{"unit":"px","top":"0","right":"15","bottom":"0","left":"15","isLinked":false},"margin":{"unit":"px","top":"0","right":"0","bottom":"90","left":"0","isLinked":false},"margin_mobile":{"unit":"px","top":"0","right":"0","bottom":"50","left":"0","isLinked":false},"flex_direction":"row","flex_direction_tablet":"column","flex_gap":{"column":"30","row":"30","isLinked":true,"unit":"px","size":30}},"elements":[{"id":"498e9f12","settings":{"content_width":"full","width_tablet":{"unit":"%","size":100,"sizes":[]},"width_mobile":{"unit":"%","size":"","sizes":[]}},"elements":[{"id":"334fcdc1","settings":{"image":{"id":1977,"url":"https:\/\/wpglozin.com\/fashion\/wp-content\/uploads\/sites\/2\/2025\/04\/cb-bn-4.webp","alt":"","source":"library","size":""},"sub_title":"Today\u2014Black friday","title":"Save! 30\u201450% Off","height":{"unit":"px","size":595,"sizes":[]},"height_tablet":{"unit":"px","size":484,"sizes":[]},"height_mobile":{"unit":"px","size":226,"sizes":[]},"button_text":"Shop Save","button_link_type":"slide","hover_zoom":"yes","vertical_position":"middle","sub_title_typography_typography":"custom","sub_title_typography_font_size":{"unit":"px","size":13,"sizes":[]},"sub_title_typography_text_transform":"capitalize","sub_title_margin":{"unit":"px","top":"0","right":"0","bottom":"8","left":"0","isLinked":false},"title_typography_typography":"custom","title_typography_font_size":{"unit":"px","size":36,"sizes":[]},"title_typography_font_size_tablet":{"unit":"px","size":31,"sizes":[]},"title_typography_font_size_mobile":{"unit":"px","size":30,"sizes":[]},"title_margin":{"unit":"px","top":"0","right":"0","bottom":"25","left":"0","isLinked":false},"description_typography_typography":"custom","description_typography_font_size":{"unit":"px","size":15,"sizes":[]},"description_margin":{"unit":"px","top":"0","right":"0","bottom":"0","left":"0","isLinked":false},"button_link":{"url":"#","is_external":"","nofollow":"","custom_attributes":""},"aspect_ratio_type":"custom","aspect_ratio":"3:2","youtube_url":"https:\/\/www.youtube.com\/watch?v=XHOmBV4js_E","vimeo_url":"https:\/\/vimeo.com\/235215203","button_min_width":{"unit":"px","size":180,"sizes":[]},"button_min_width_mobile":{"unit":"px","size":130,"sizes":[]}},"elements":[],"isInner":false,"widgetType":"glozin-banner","elType":"widget"}],"isInner":true,"elType":"container"},{"id":"2ad29f7e","settings":{"content_width":"full","width_tablet":{"unit":"%","size":100,"sizes":[]},"width_mobile":{"unit":"%","size":"","sizes":[]}},"elements":[{"id":"f1c6756","settings":{"image":{"id":1978,"url":"https:\/\/wpglozin.com\/fashion\/wp-content\/uploads\/sites\/2\/2025\/04\/cb-bn-5.webp","alt":"","source":"library","size":""},"sub_title":"Save 30%\u201450% Clothing","title":"High\u2014Top Design","height":{"unit":"px","size":595,"sizes":[]},"height_tablet":{"unit":"px","size":484,"sizes":[]},"height_mobile":{"unit":"px","size":226,"sizes":[]},"button_text":"Shop Save","button_link_type":"slide","hover_zoom":"yes","vertical_position":"middle","sub_title_typography_typography":"custom","sub_title_typography_font_size":{"unit":"px","size":13,"sizes":[]},"sub_title_typography_text_transform":"capitalize","sub_title_margin":{"unit":"px","top":"0","right":"0","bottom":"8","left":"0","isLinked":false},"title_typography_typography":"custom","title_typography_font_size":{"unit":"px","size":36,"sizes":[]},"title_typography_font_size_tablet":{"unit":"px","size":31,"sizes":[]},"title_typography_font_size_mobile":{"unit":"px","size":30,"sizes":[]},"title_margin":{"unit":"px","top":"0","right":"0","bottom":"25","left":"0","isLinked":false},"description_typography_typography":"custom","description_typography_font_size":{"unit":"px","size":15,"sizes":[]},"description_margin":{"unit":"px","top":"0","right":"0","bottom":"0","left":"0","isLinked":false},"button_link":{"url":"#","is_external":"","nofollow":"","custom_attributes":""},"aspect_ratio_type":"custom","aspect_ratio":"3:2","youtube_url":"https:\/\/www.youtube.com\/watch?v=XHOmBV4js_E","vimeo_url":"https:\/\/vimeo.com\/235215203","button_min_width":{"unit":"px","size":180,"sizes":[]},"button_min_width_mobile":{"unit":"px","size":130,"sizes":[]}},"elements":[],"isInner":false,"widgetType":"glozin-banner","elType":"widget"}],"isInner":true,"elType":"container"}],"isInner":false,"elType":"container"},{"id":"55fefd50","settings":{"flex_gap":{"column":"10","row":"10","isLinked":true,"unit":"px","size":10},"margin":{"unit":"px","top":"0","right":"0","bottom":"33","left":"0","isLinked":false}},"elements":[{"id":"7bb4b69c","settings":{"title":"Trending Outfits","align":"center","typography_typography":"custom","typography_letter_spacing":{"unit":"px","size":-1.224,"sizes":[]}},"elements":[],"isInner":false,"widgetType":"glozin-heading","elType":"widget"},{"id":"67dcc767","settings":{"title":"Unmatched design\u2014superior performance and customer satisfaction in one.","title_size":"div","align":"center"},"elements":[],"isInner":false,"widgetType":"glozin-heading","elType":"widget"}],"isInner":false,"elType":"container"},{"id":"5379ded1","settings":{"margin":{"unit":"px","top":"0","right":"0","bottom":"90","left":"0","isLinked":false},"margin_mobile":{"unit":"px","top":"0","right":"0","bottom":"50","left":"0","isLinked":false}},"elements":[{"id":"37c37c57","settings":{"slides_to_show_tablet":3,"slides_to_show_mobile":2,"slides_to_scroll_mobile":2,"image_spacing_custom_mobile":15,"navigation_classes_mobile":"dots","alignment":"center","type":"recent_products","ids":",274,267,281,260,1073","navigation_classes_tablet":"dots"},"elements":[],"isInner":false,"widgetType":"glozin-products-carousel","elType":"widget"}],"isInner":false,"elType":"container"},{"id":"4b74c5fd","settings":{"flex_gap":{"column":"10","row":"10","isLinked":true,"unit":"px","size":10},"margin":{"unit":"px","top":"0","right":"0","bottom":"33","left":"0","isLinked":false}},"elements":[{"id":"37bde45e","settings":{"title":"Customer Say!","align":"center","typography_typography":"custom","typography_letter_spacing":{"unit":"px","size":-1.224,"sizes":[]}},"elements":[],"isInner":false,"widgetType":"glozin-heading","elType":"widget"},{"id":"4e99afcc","settings":{"title":"Customers love our products and we always strive to please them all.","title_size":"div","align":"center"},"elements":[],"isInner":false,"widgetType":"glozin-heading","elType":"widget"}],"isInner":false,"elType":"container"},{"id":"717bedac","settings":{"margin":{"unit":"px","top":"0","right":"0","bottom":"90","left":"0","isLinked":false},"margin_mobile":{"unit":"px","top":"0","right":"0","bottom":"50","left":"0","isLinked":false}},"elements":[{"id":"67d365e","settings":{"testimonials":[{"testimonial_name":"Carie-Gos\u00e9e H.","_id":"b8d95de","image":{"id":1892,"url":"https:\/\/wpglozin.com\/fashion\/wp-content\/uploads\/sites\/2\/2025\/04\/md-test-1.webp","alt":"","source":"library","size":""},"testimonial_title":"Our customers reviews","testimonial_content":"These are sooo pretty and very comfy. Perfect color as well. I love wearing these with a neutral top and Chelsea boots. Wicked cute...\ud83d\ude0d","testimonial_text":"Verified Buyer","testimonial_product_id":236,"youtube_url":"https:\/\/www.youtube.com\/watch?v=XHOmBV4js_E","vimeo_url":"https:\/\/vimeo.com\/235215203","testimonial_image":{"id":1426,"url":"https:\/\/raw.githubusercontent.com\/uixthemeswp\/glozin\/refs\/heads\/main\/demo-content\/placeholder.png"},"testimonial_icon":{"value":{"url":"https:\/\/raw.githubusercontent.com\/uixthemeswp\/glozin\/refs\/heads\/main\/demo-content\/check.svg","id":1491},"library":"svg"}},{"testimonial_name":"Cameron Smith","_id":"dc164a9","image":{"url":"","id":"","size":"","alt":"","source":"library"},"testimonial_title":"Our customers reviews","testimonial_content":"A perfect product, it keeps you very warm without over heating. True to size, I couldn't be happier with the purchase... Thank you! \ud83e\udd17","testimonial_text":"Verified Buyer","testimonial_product_id":229,"source":"video","video":{"url":"https:\/\/raw.githubusercontent.com\/uixthemeswp\/glozin\/refs\/heads\/main\/demo-content\/md-test-2.mp4","id":761,"size":"","alt":"","source":"library"},"youtube_url":"https:\/\/www.youtube.com\/watch?v=XHOmBV4js_E","vimeo_url":"https:\/\/vimeo.com\/235215203","media_url":{"id":"","url":"https:\/\/raw.githubusercontent.com\/uixthemeswp\/glozin\/refs\/heads\/main\/demo-content\/placeholder.png"},"testimonial_image":{"id":1427,"url":"https:\/\/raw.githubusercontent.com\/uixthemeswp\/glozin\/refs\/heads\/main\/demo-content\/placeholder-1.png"},"video_source":"hosted","hosted_url":"https:\/\/glozin-demo.myshopify.com\/cdn\/shop\/videos\/c\/vp\/c91fd915a40e4a988654d6d002c561c3\/c91fd915a40e4a988654d6d002c561c3.HD-720p-1.6Mbps-29651409.mp4","testimonial_icon":{"value":{"url":"https:\/\/raw.githubusercontent.com\/uixthemeswp\/glozin\/refs\/heads\/main\/demo-content\/check.svg","id":1491},"library":"svg"},"poster_url":{"url":"https:\/\/wpglozin.com\/fashion\/wp-content\/uploads\/sites\/2\/2025\/05\/testi-video.webp","id":2753,"size":"","alt":"","source":"library"}},{"testimonial_name":"Algistino Linonel","_id":"756f522","image":{"id":1893,"url":"https:\/\/wpglozin.com\/fashion\/wp-content\/uploads\/sites\/2\/2025\/04\/md-test-3.webp","alt":"","source":"library","size":""},"testimonial_title":"Our customers reviews","testimonial_content":"These are sooo pretty and very comfy. Perfect color as well. I love wearing these with a neutral top and Chelsea boots. Wicked cute...\ud83d\ude0d","testimonial_text":"Verified Buyer","testimonial_product_id":267,"youtube_url":"https:\/\/www.youtube.com\/watch?v=XHOmBV4js_E","vimeo_url":"https:\/\/vimeo.com\/235215203","testimonial_image":{"id":1428,"url":"https:\/\/raw.githubusercontent.com\/uixthemeswp\/glozin\/refs\/heads\/main\/demo-content\/placeholder-2.png"},"testimonial_icon":{"value":{"url":"https:\/\/raw.githubusercontent.com\/uixthemeswp\/glozin\/refs\/heads\/main\/demo-content\/check.svg","id":1491},"library":"svg"}}],"item_border_radius":{"unit":"px","top":"10","right":"10","bottom":"10","left":"10","isLinked":true},"slides_to_show_tablet":1,"slides_to_show_mobile":1,"navigation_classes_mobile":"dots","name_typography_font_size":{"unit":"px","size":2,"sizes":[]},"infinite":"yes","navigation_classes_tablet":"dots","aspect_ratio_type":"custom","aspect_ratio":"457:250"},"elements":[],"isInner":false,"widgetType":"glozin-testimonial-carousel","elType":"widget"}],"isInner":false,"elType":"container"},{"id":"39ce2be3","settings":{"flex_gap":{"column":"10","row":"10","isLinked":true,"unit":"px","size":10},"margin":{"unit":"px","top":"0","right":"0","bottom":"33","left":"0","isLinked":false}},"elements":[{"id":"41147586","settings":{"title":"Shop by Gram","align":"center","typography_typography":"custom","typography_letter_spacing":{"unit":"px","size":-1.224,"sizes":[]}},"elements":[],"isInner":false,"widgetType":"glozin-heading","elType":"widget"},{"id":"f809b22","settings":{"title":"Inspire and let yourself be inspired, from one unique fashion to another.","title_size":"div","align":"center"},"elements":[],"isInner":false,"widgetType":"glozin-heading","elType":"widget"}],"isInner":false,"elType":"container"},{"id":"7ca5cd24","settings":{"margin":{"unit":"px","top":"0","right":"0","bottom":"90","left":"0","isLinked":false},"margin_mobile":{"unit":"px","top":"0","right":"0","bottom":"50","left":"0","isLinked":false}},"elements":[{"id":"7e315e7e","settings":{"images":[{"_id":"a5db3af","image":{"id":3042,"url":"https:\/\/wpglozin.com\/fashion\/wp-content\/uploads\/sites\/2\/2025\/07\/h1-in-1.webp","alt":"","source":"library","size":""},"youtube_url":"https:\/\/www.youtube.com\/watch?v=XHOmBV4js_E","vimeo_url":"https:\/\/vimeo.com\/235215203","shoppable_images":1418,"video_source":"hosted"},{"_id":"9f28fe5","source":"video","media_url":{"id":"","url":"https:\/\/raw.githubusercontent.com\/uixthemeswp\/glozin\/refs\/heads\/main\/demo-content\/placeholder.png"},"youtube_url":"https:\/\/www.youtube.com\/watch?v=XHOmBV4js_E","vimeo_url":"https:\/\/vimeo.com\/235215203","shoppable_images":1502,"video_source":"hosted","hosted_url":"https:\/\/glozin-demo.myshopify.com\/cdn\/shop\/videos\/c\/vp\/82a90e513f53460ebdac7d151883a049\/82a90e513f53460ebdac7d151883a049.HD-1080p-4.8Mbps-29648857.mp4","poster_url":{"url":"https:\/\/wpglozin.com\/fashion\/wp-content\/uploads\/sites\/2\/2025\/05\/insta-video1.webp","id":2754,"size":"","alt":"","source":"library"}},{"_id":"6ff2e88","image":{"id":3046,"url":"https:\/\/wpglozin.com\/fashion\/wp-content\/uploads\/sites\/2\/2025\/07\/h1-in-2.webp","alt":"","source":"library","size":""},"youtube_url":"https:\/\/www.youtube.com\/watch?v=XHOmBV4js_E","vimeo_url":"https:\/\/vimeo.com\/235215203","shoppable_images":1508},{"_id":"5b009bf","image":{"id":3047,"url":"https:\/\/wpglozin.com\/fashion\/wp-content\/uploads\/sites\/2\/2025\/07\/h1-in-3.webp","alt":"","source":"library","size":""},"youtube_url":"https:\/\/www.youtube.com\/watch?v=XHOmBV4js_E","vimeo_url":"https:\/\/vimeo.com\/235215203","shoppable_images":1516},{"_id":"8d7cc63","source":"video","media_url":{"id":"","url":"https:\/\/raw.githubusercontent.com\/uixthemeswp\/glozin\/refs\/heads\/main\/demo-content\/placeholder.png"},"youtube_url":"https:\/\/www.youtube.com\/watch?v=XHOmBV4js_E","vimeo_url":"https:\/\/vimeo.com\/235215203","shoppable_images":1522,"video_source":"hosted","hosted_url":"https:\/\/cdn.shopify.com\/videos\/c\/o\/v\/88e5e837c5784d3ea7a700c02c76dba5.mp4","poster_url":{"url":"https:\/\/wpglozin.com\/fashion\/wp-content\/uploads\/sites\/2\/2025\/05\/insta-video2.webp","id":2755,"size":"","alt":"","source":"library"}},{"_id":"4277078","image":{"id":3048,"url":"https:\/\/wpglozin.com\/fashion\/wp-content\/uploads\/sites\/2\/2025\/07\/h1-in-4.webp","alt":"","source":"library","size":""},"youtube_url":"https:\/\/www.youtube.com\/watch?v=XHOmBV4js_E","vimeo_url":"https:\/\/vimeo.com\/235215203","shoppable_images":1527}],"slides_to_show_tablet":4,"slides_to_show_mobile":2,"navigation_classes":"none","navigation_classes_tablet":"dots","navigation_classes_mobile":"dots","image_size":"medium"},"elements":[],"isInner":false,"widgetType":"glozin-shoppable-images-carousel","elType":"widget"}],"isInner":false,"elType":"container"},{"id":"431b6981","settings":{"margin":{"unit":"px","top":"0","right":"0","bottom":"90","left":"0","isLinked":false},"margin_mobile":{"unit":"px","top":"0","right":"0","bottom":"50","left":"0","isLinked":false},"boxed_width_tablet":{"unit":"%","size":100,"sizes":[]},"boxed_width_mobile":{"unit":"%","size":"","sizes":[]}},"elements":[{"id":"76bd514a","settings":{"icons_box":[{"icon":{"value":{"url":"https:\/\/wpglozin.com\/fashion\/wp-content\/uploads\/sites\/2\/2025\/04\/shipping.svg","id":1903},"library":"svg"},"title":"Free Shipping","description":"Enjoy free worldwide shipping and returns, with customs<br class=\"d-none d-block-xl\"\/> and duties taxes included.","_id":"3e74bd4","title_size":"h6","image":{"id":1429,"url":"https:\/\/raw.githubusercontent.com\/uixthemeswp\/glozin\/refs\/heads\/main\/demo-content\/placeholder-3.png"}},{"icon":{"value":{"url":"https:\/\/wpglozin.com\/fashion\/wp-content\/uploads\/sites\/2\/2025\/04\/return.svg","id":1902},"library":"svg"},"title":"Free Returns","description":"Free returns within 15 days, please make sure the items<br class=\"d-none d-block-xl\"\/> are in undamaged condition.","_id":"50f8ad0","title_size":"h6","image":{"id":1430,"url":"https:\/\/raw.githubusercontent.com\/uixthemeswp\/glozin\/refs\/heads\/main\/demo-content\/placeholder-4.png"}},{"icon":{"value":{"url":"https:\/\/wpglozin.com\/fashion\/wp-content\/uploads\/sites\/2\/2025\/04\/support.svg","id":1904},"library":"svg"},"title":"Support Online","description":"We support customers 24\/7, send questions we will<br class=\"d-none d-block-xl\"\/> solve for you immediately.","_id":"e734671","title_size":"h6","image":{"id":1431,"url":"https:\/\/raw.githubusercontent.com\/uixthemeswp\/glozin\/refs\/heads\/main\/demo-content\/placeholder-5.png"}}],"slides_to_show_mobile":1,"navigation_classes":"none","navigation_classes_mobile":"dots","icon_size":{"unit":"px","size":32,"sizes":[]},"slides_to_show_tablet":3,"navigation_classes_tablet":"none","alignment":"center","title_spacing":{"unit":"px","size":10,"sizes":[]},"title_size":"div"},"elements":[],"isInner":false,"widgetType":"glozin-icon-box-carousel","elType":"widget"}],"isInner":false,"elType":"container"}],"page_settings":{"hide_page_header":"yes","content_top_spacing":"custom","content_top_padding":{"unit":"px","size":0,"sizes":[]},"content_bottom_spacing":"custom","content_bottom_padding":{"unit":"px","size":0,"sizes":[]},"header_layout":"v2","header_border_container":"container","hide_header_border":"yes"},"version":"0.4","title":"Home Chic Boutique","type":"page"}