{"content":[{"id":"1623443d","settings":{"content_width":"full","margin":{"unit":"px","top":"0","right":"0","bottom":"75","left":"0","isLinked":false},"margin_tablet":{"unit":"px","top":"0","right":"0","bottom":"58","left":"0","isLinked":false},"margin_mobile":{"unit":"px","top":"0","right":"0","bottom":"56","left":"0","isLinked":false},"padding":{"unit":"px","top":"0","right":"30","bottom":"0","left":"30","isLinked":false},"padding_tablet":{"unit":"px","top":"0","right":"15","bottom":"0","left":"15","isLinked":false}},"elements":[{"id":"3276f7c1","settings":{"banners":[{"image":{"id":3012,"url":"https:\/\/wpglozin.com\/kids-toys\/wp-content\/uploads\/sites\/18\/2025\/05\/kt-bn-1.webp","alt":"","source":"library","size":""},"button_text":"Shop Save","button_link":{"url":"https:\/\/wpglozin.com\/kids-toys\/product-category\/boy-clothes\/","is_external":"","nofollow":"","custom_attributes":""},"_id":"a497d96","youtube_url":"https:\/\/www.youtube.com\/watch?v=XHOmBV4js_E","vimeo_url":"https:\/\/vimeo.com\/235215203","sub_title":"SAVE 30\u201450% TEDDY","title":"Interactive Play","icon_type_image":{"id":2999,"url":"https:\/\/wpglozin.com\/kids-toys\/wp-content\/uploads\/sites\/18\/2025\/05\/placeholder.png"}},{"image":{"id":3013,"url":"https:\/\/wpglozin.com\/kids-toys\/wp-content\/uploads\/sites\/18\/2025\/05\/kt-bn-2.webp","alt":"","source":"library","size":""},"button_text":"Shop Save","button_link":{"url":"https:\/\/wpglozin.com\/kids-toys\/product-category\/newborn-toys\/","is_external":"","nofollow":"","custom_attributes":""},"youtube_url":"https:\/\/www.youtube.com\/watch?v=XHOmBV4js_E","vimeo_url":"https:\/\/vimeo.com\/235215203","sub_title":"SAVE 30\u201450% SWEATERS","title":"Colour Spotlight","_id":"5cbb446","icon_type_image":{"id":3000,"url":"https:\/\/wpglozin.com\/kids-toys\/wp-content\/uploads\/sites\/18\/2025\/05\/placeholder-1.png"}},{"image":{"id":3014,"url":"https:\/\/wpglozin.com\/kids-toys\/wp-content\/uploads\/sites\/18\/2025\/05\/kt-bn-3.webp","alt":"","source":"library","size":""},"button_text":"Shop Save","button_link":{"url":"https:\/\/wpglozin.com\/kids-toys\/product-category\/kids-toys\/","is_external":"","nofollow":"","custom_attributes":""},"youtube_url":"https:\/\/www.youtube.com\/watch?v=XHOmBV4js_E","vimeo_url":"https:\/\/vimeo.com\/235215203","sub_title":"SAVE 30\u201450% BABY TOYS","title":"Creative Playtime","_id":"cdaa7e7","icon_type_image":{"id":3001,"url":"https:\/\/wpglozin.com\/kids-toys\/wp-content\/uploads\/sites\/18\/2025\/05\/placeholder-2.png"}}],"aspect_ratio_type":"custom","aspect_ratio":"608.33:595.42","slides_to_show":3,"slides_to_show_tablet":1,"navigation_classes":"none","navigation_classes_tablet":"dots","banner_padding":{"unit":"px","top":"50","right":"20","bottom":"50","left":"20","isLinked":false},"banner_padding_tablet":{"unit":"px","top":"35","right":"20","bottom":"35","left":"20","isLinked":false},"banner_padding_mobile":{"unit":"px","top":"32","right":"20","bottom":"32","left":"20","isLinked":false},"content_border_radius":{"unit":"px","top":"10","right":"10","bottom":"10","left":"10","isLinked":true},"border_radius":{"unit":"px","top":"10","right":"10","bottom":"10","left":"10","isLinked":true},"sub_title_typography_typography":"custom","sub_title_typography_font_size":{"unit":"px","size":14,"sizes":[]},"sub_title_typography_font_weight":"700","sub_title_typography_text_transform":"uppercase","sub_title_typography_line_height":{"unit":"custom","size":"1.21","sizes":[]},"sub_title_typography_line_height_tablet":{"unit":"custom","size":"","sizes":[]},"sub_title_typography_line_height_mobile":{"unit":"custom","size":"","sizes":[]},"sub_title_margin":{"unit":"px","top":"0","right":"0","bottom":"10","left":"0","isLinked":false},"title_typography_typography":"custom","title_typography_font_size":{"unit":"px","size":50,"sizes":[]},"title_typography_font_size_tablet":{"unit":"px","size":35,"sizes":[]},"title_typography_font_size_mobile":{"unit":"px","size":32,"sizes":[]},"title_typography_line_height":{"unit":"custom","size":"1","sizes":[]},"title_typography_line_height_tablet":{"unit":"custom","size":"","sizes":[]},"title_typography_line_height_mobile":{"unit":"custom","size":"","sizes":[]},"title_typography_letter_spacing":{"unit":"px","size":-1.7,"sizes":[]},"title_margin":{"unit":"px","top":"0","right":"0","bottom":"30","left":"0","isLinked":false},"button_background_hover_color":"#495754","hover_color":"#FFFFFF","button_background_effect_hover_color":"#495754","button_min_width":{"unit":"px","size":200,"sizes":[]},"button_min_width_mobile":{"unit":"px","size":180,"sizes":[]},"aspect_ratio_type_mobile":"vertical"},"elements":[],"isInner":false,"widgetType":"glozin-banner-carousel","elType":"widget"}],"isInner":false,"elType":"container"},{"id":"259e2eec","settings":{"flex_gap":{"column":"10","row":"10","isLinked":true,"unit":"px","size":10},"margin":{"unit":"px","top":"0","right":"0","bottom":"33","left":"0","isLinked":false},"margin_mobile":{"unit":"px","top":"0","right":"0","bottom":"20","left":"0","isLinked":false}},"elements":[{"id":"3530635d","settings":{"title":"Category Highlights","align":"center","typography_typography":"custom","typography_line_height":{"unit":"custom","size":"1.21","sizes":[]},"typography_line_height_tablet":{"unit":"custom","size":"","sizes":[]},"typography_line_height_mobile":{"unit":"custom","size":"","sizes":[]},"typography_letter_spacing":{"unit":"px","size":-1.224,"sizes":[]}},"elements":[],"isInner":false,"widgetType":"glozin-heading","elType":"widget"},{"id":"54a788f","settings":{"title":"Express your style with our standout collection\u2014fashion meets sophistication.","title_size":"div","align":"center","title_color":"#444444"},"elements":[],"isInner":false,"widgetType":"glozin-heading","elType":"widget"}],"isInner":false,"elType":"container"},{"id":"25fef38c","settings":{"margin":{"unit":"px","top":"0","right":"0","bottom":"60","left":"0","isLinked":false},"margin_mobile":{"unit":"px","top":"0","right":"0","bottom":"45","left":"0","isLinked":false},"margin_tablet":{"unit":"px","top":"0","right":"0","bottom":"47","left":"0","isLinked":false}},"elements":[{"id":"4b467adb","settings":{"heading":"This is the heading","source":"custom","items":[{"_id":"5a26175","image":{"id":3015,"url":"https:\/\/wpglozin.com\/kids-toys\/wp-content\/uploads\/sites\/18\/2025\/05\/kt-cat-1.webp","alt":"","source":"library","size":""},"product_cat":"boy-clothes"},{"image":{"id":3016,"url":"https:\/\/wpglozin.com\/kids-toys\/wp-content\/uploads\/sites\/18\/2025\/05\/kt-cat-2.webp","alt":"","source":"library","size":""},"product_cat":"newborn-toys","_id":"4045fa0"},{"image":{"id":3017,"url":"https:\/\/wpglozin.com\/kids-toys\/wp-content\/uploads\/sites\/18\/2025\/05\/kt-cat-3.webp","alt":"","source":"library","size":""},"product_cat":"baby-toys","_id":"197aedd"},{"image":{"id":3018,"url":"https:\/\/wpglozin.com\/kids-toys\/wp-content\/uploads\/sites\/18\/2025\/05\/kt-cat-4.webp","alt":"","source":"library","size":""},"product_cat":"kids-toys","_id":"80c24b5"},{"image":{"id":3019,"url":"https:\/\/wpglozin.com\/kids-toys\/wp-content\/uploads\/sites\/18\/2025\/05\/kt-cat-5.webp","alt":"","source":"library","size":""},"product_cat":"christmas-gift","_id":"f3d534d"}],"button_text":"","view_all_btn_title":"All Toys","view_all_btn_text":"","slides_to_show":6,"slides_to_show_tablet":4,"image_spacing_custom":55,"image_spacing_custom_tablet":30,"navigation_classes_tablet":"dots","image_border_radius":{"unit":"px","top":"150","right":"150","bottom":"150","left":"150","isLinked":true},"slides_to_show_mobile":3,"image_spacing_custom_mobile":15,"title_typography_typography":"custom","title_typography_font_size_mobile":{"unit":"px","size":14,"sizes":[]},"navigation_classes":"none","view_all_btn_image":{"id":3020,"url":"https:\/\/wpglozin.com\/kids-toys\/wp-content\/uploads\/sites\/18\/2025\/05\/kt-cat-6.webp","alt":"","source":"library","size":""},"content_align":"center","image_max_width":{"unit":"px","size":185,"sizes":[]},"show_view_all_btn":"yes","view_all_btn_link":{"url":"https:\/\/wpglozin.com\/kids-toys\/shop\/","is_external":"","nofollow":"","custom_attributes":""}},"elements":[],"isInner":false,"widgetType":"glozin-categories-carousel","elType":"widget"}],"isInner":false,"elType":"container"},{"id":"3a80ab90","settings":{"flex_gap":{"column":"10","row":"10","isLinked":true,"unit":"px","size":10},"margin":{"unit":"px","top":"0","right":"0","bottom":"33","left":"0","isLinked":false},"margin_mobile":{"unit":"px","top":"0","right":"0","bottom":"20","left":"0","isLinked":false}},"elements":[{"id":"1a6e265b","settings":{"title":"Popular Picks","align":"center","typography_typography":"custom","typography_line_height":{"unit":"custom","size":"1.21","sizes":[]},"typography_line_height_tablet":{"unit":"custom","size":"","sizes":[]},"typography_line_height_mobile":{"unit":"custom","size":"","sizes":[]},"typography_letter_spacing":{"unit":"px","size":-1.224,"sizes":[]}},"elements":[],"isInner":false,"widgetType":"glozin-heading","elType":"widget"},{"id":"3ef1baed","settings":{"title":"Express your style with our standout collection\u2014fashion meets sophistication.","title_size":"div","align":"center","title_color":"#444444"},"elements":[],"isInner":false,"widgetType":"glozin-heading","elType":"widget"}],"isInner":false,"elType":"container"},{"id":"79073af9","settings":{"margin":{"unit":"px","top":"0","right":"0","bottom":"80","left":"0","isLinked":false},"margin_mobile":{"unit":"px","top":"0","right":"0","bottom":"50","left":"0","isLinked":false}},"elements":[{"id":"59121b1","settings":{"limit":8,"slides_rows":2,"slides_rows_tablet":2,"slides_rows_mobile":1,"slides_to_show_tablet":4,"slides_to_show_mobile":2,"slides_to_scroll_mobile":2,"image_spacing_custom":20,"image_spacing_custom_tablet":15,"image_spacing_custom_mobile":15,"navigation_classes":"none","navigation_classes_tablet":"none","navigation_classes_mobile":"dots","type":"custom_products","ids":"2951,2996,2975,2965,2969,2960,2972,2956"},"elements":[],"isInner":false,"widgetType":"glozin-products-carousel","elType":"widget"}],"isInner":false,"elType":"container"},{"id":"4be463ef","settings":{"content_width":"full","padding":{"unit":"px","top":"0","right":"30","bottom":"0","left":"30","isLinked":false},"padding_tablet":{"unit":"px","top":"0","right":"15","bottom":"0","left":"15","isLinked":false},"background_image":{"url":"","id":"","size":"","alt":"","source":"library"}},"elements":[{"id":"bf2da1e","settings":{"boxed_width_tablet":{"unit":"%","size":100,"sizes":[]},"boxed_width_mobile":{"unit":"%","size":"","sizes":[]},"flex_direction":"row","background_background":"classic","background_image":{"id":3024,"url":"https:\/\/wpglozin.com\/kids-toys\/wp-content\/uploads\/sites\/18\/2025\/05\/kt-bn-4-scaled.webp","alt":"","source":"library","size":""},"background_repeat":"no-repeat","background_size":"cover","border_radius":{"unit":"px","top":"10","right":"10","bottom":"10","left":"10","isLinked":true},"padding":{"unit":"px","top":"126","right":"15","bottom":"126","left":"15","isLinked":false},"padding_tablet":{"unit":"px","top":"32","right":"15","bottom":"32","left":"15","isLinked":false},"padding_mobile":{"unit":"px","top":"26","right":"15","bottom":"26","left":"15","isLinked":false},"flex_direction_tablet":"column","css_classes":"glozin-smart-rtl-bg"},"elements":[{"id":"3585e6a4","settings":{"content_width":"full","width":{"unit":"%","size":66,"sizes":[]},"width_tablet":{"unit":"%","size":100,"sizes":[]},"width_mobile":{"unit":"%","size":"","sizes":[]},"flex_align_items":"center","flex_gap":{"column":"9","row":"9","isLinked":true,"unit":"px","size":9},"background_background":"classic","background_color":"#FFFFFF","border_radius":{"unit":"px","top":"10","right":"10","bottom":"10","left":"10","isLinked":true},"padding":{"unit":"px","top":"50","right":"50","bottom":"50","left":"50","isLinked":true},"padding_tablet":{"unit":"px","top":"30","right":"30","bottom":"30","left":"30","isLinked":true},"flex_align_items_mobile":"flex-start"},"elements":[{"id":"382d7d2d","settings":{"title":"By siLo\u2014COPENHAGEN","title_size":"div","typography_typography":"custom","typography_font_size":{"unit":"px","size":12,"sizes":[]},"typography_font_weight":"700","typography_text_transform":"uppercase","title_color":"#111111","typography_line_height":{"unit":"px","size":1,"sizes":[]}},"elements":[],"isInner":false,"widgetType":"glozin-heading","elType":"widget"},{"id":"33188634","settings":{"title":"Our Collections","typography_typography":"custom","typography_letter_spacing":{"unit":"px","size":-1.224,"sizes":[]},"_margin":{"unit":"px","top":"0","right":"0","bottom":"7","left":"0","isLinked":false}},"elements":[],"isInner":false,"widgetType":"glozin-heading","elType":"widget"},{"id":"23925dbb","settings":{"editor":"This charming plush toy is soft, huggable, and perfect for playtime. Crafted from safe, high-quality materials, it offers<br class=\"d-none d-block-xl\" \/> comfort and joy for kids of all ages.","align":"center","align_mobile":"left","typography_typography":"custom","_margin":{"unit":"px","top":"0","right":"0","bottom":"21","left":"0","isLinked":false},"text_color":"#444444"},"elements":[],"isInner":false,"widgetType":"text-editor","elType":"widget"},{"id":"18790468","settings":{"button_text":"Shop Collection","button_link":{"url":"https:\/\/wpglozin.com\/kids-toys\/product-category\/christmas-gift\/","is_external":"","nofollow":"","custom_attributes":""},"button_style":"outline-dark","button_background_color":"#495754","button_text_color":"#FFFFFF","button_border_color":"#495754","button_background_hover_color":"#495754","hover_color":"#FFFFFF","button_hover_border_color":"#495754","button_background_effect_hover_color":"#495754","button_padding":{"unit":"px","top":"16.5","right":"30","bottom":"16.5","left":"30","isLinked":false},"button_padding_tablet":{"unit":"px","top":"16.5","right":"55","bottom":"16.5","left":"55","isLinked":false},"button_padding_mobile":{"unit":"px","top":"16.5","right":"30","bottom":"16.5","left":"30","isLinked":false},"button_min_width":{"unit":"px","size":200,"sizes":[]},"button_min_width_mobile":{"unit":"px","size":180,"sizes":[]}},"elements":[],"isInner":false,"widgetType":"glozin-button","elType":"widget"}],"isInner":true,"elType":"container"},{"id":"5daace19","settings":{"content_width":"full","width_tablet":{"unit":"%","size":50,"sizes":[]},"width_mobile":{"unit":"%","size":"","sizes":[]},"hide_mobile":"hidden-mobile","hide_tablet":"hidden-tablet"},"elements":[],"isInner":true,"elType":"container"}],"isInner":true,"elType":"container"}],"isInner":false,"elType":"container"},{"id":"2fc3c6e5","settings":{"content_width":"full"},"elements":[{"id":"34028756","settings":{"items":[{"text":"Subscribe and Get 10% Off Your First Purchase","_id":"ac85fe5","type":"icon","icon":{"value":{"url":"https:\/\/wpglozin.com\/kids-toys\/wp-content\/uploads\/sites\/18\/2025\/05\/flower.svg","id":3025},"library":"svg"},"image":{"id":3002,"url":"https:\/\/wpglozin.com\/kids-toys\/wp-content\/uploads\/sites\/18\/2025\/05\/placeholder-3.png"}},{"text":"Fast\u2014Free Packing and Shipping","type":"icon","icon":{"value":{"url":"https:\/\/wpglozin.com\/kids-toys\/wp-content\/uploads\/sites\/18\/2025\/05\/flower.svg","id":3025},"library":"svg"},"_id":"fde6315","image":{"id":3003,"url":"https:\/\/wpglozin.com\/kids-toys\/wp-content\/uploads\/sites\/18\/2025\/05\/placeholder-4.png"}},{"text":"Safe Shopping\u2014Pay Later With Klarna","type":"icon","icon":{"value":{"url":"https:\/\/wpglozin.com\/kids-toys\/wp-content\/uploads\/sites\/18\/2025\/05\/flower.svg","id":3025},"library":"svg"},"_id":"8dc3f2d","image":{"id":3004,"url":"https:\/\/wpglozin.com\/kids-toys\/wp-content\/uploads\/sites\/18\/2025\/05\/placeholder-5.png"}},{"text":"Sign Up For Sale Off Your First Order","type":"icon","icon":{"value":{"url":"https:\/\/wpglozin.com\/kids-toys\/wp-content\/uploads\/sites\/18\/2025\/05\/flower.svg","id":3025},"library":"svg"},"_id":"89126df","image":{"id":3005,"url":"https:\/\/wpglozin.com\/kids-toys\/wp-content\/uploads\/sites\/18\/2025\/05\/placeholder-6.png"}},{"text":"Returns Extended To 30 Days","type":"icon","icon":{"value":{"url":"https:\/\/wpglozin.com\/kids-toys\/wp-content\/uploads\/sites\/18\/2025\/05\/flower.svg","id":3025},"library":"svg"},"_id":"c43819b","image":{"id":3006,"url":"https:\/\/wpglozin.com\/kids-toys\/wp-content\/uploads\/sites\/18\/2025\/05\/placeholder-7.png"}}],"padding":{"unit":"px","top":"22","right":"0","bottom":"22","left":"0","isLinked":false},"gap":{"unit":"px","size":50,"sizes":[]},"icon_size":{"unit":"px","size":16,"sizes":[]},"icon_color":"#111111","spacing":{"unit":"px","size":50,"sizes":[]},"text_typography_typography":"custom","text_typography_font_size":{"unit":"px","size":15,"sizes":[]},"text_typography_font_weight":"600","text_color":"#111111","border_border":"none","border_color":"#EBEBEB"},"elements":[],"isInner":false,"widgetType":"glozin-marquee","elType":"widget"}],"isInner":false,"elType":"container"},{"id":"e23c374","settings":{"flex_direction":"column","content_width":"full","margin":{"unit":"px","top":"0","right":"0","bottom":"80","left":"0","isLinked":false},"margin_mobile":{"unit":"px","top":"0","right":"0","bottom":"50","left":"0","isLinked":false},"padding":{"unit":"px","top":"0","right":"30","bottom":"0","left":"30","isLinked":false},"padding_tablet":{"unit":"px","top":"0","right":"15","bottom":"0","left":"15","isLinked":false}},"elements":[{"id":"18300041","settings":{"content_width":"full","border_border":"solid","border_width":{"unit":"px","top":"0","right":"0","bottom":"1","left":"0","isLinked":false},"border_color":"#EBEBEB"},"elements":[],"isInner":true,"elType":"container"}],"isInner":false,"elType":"container"},{"id":"640ca335","settings":{"margin":{"unit":"px","top":"0","right":"0","bottom":"80","left":"0","isLinked":false},"margin_mobile":{"unit":"px","top":"0","right":"0","bottom":"50","left":"0","isLinked":false}},"elements":[{"id":"5f6e120d","settings":{"source":"custom","items":[{"_id":"abc402d","image":{"id":3026,"url":"https:\/\/wpglozin.com\/kids-toys\/wp-content\/uploads\/sites\/18\/2025\/05\/kt-bn-5.webp","alt":"","source":"library","size":""},"products_type":"best_sellers"},{"_id":"3348229","image":{"id":3027,"url":"https:\/\/wpglozin.com\/kids-toys\/wp-content\/uploads\/sites\/18\/2025\/05\/kt-bn-6.webp","alt":"","source":"library","size":""},"products_type":"new_arrivals"},{"_id":"7851d9f","image":{"id":3028,"url":"https:\/\/wpglozin.com\/kids-toys\/wp-content\/uploads\/sites\/18\/2025\/05\/kt-bn-7.webp","alt":"","source":"library","size":""},"product_cat":"baby-toys","product_cat_title":"Toys & Teddy"},{"_id":"7e9c30f","image":{"id":3029,"url":"https:\/\/wpglozin.com\/kids-toys\/wp-content\/uploads\/sites\/18\/2025\/05\/kt-bn-8.webp","alt":"","source":"library","size":""},"product_cat":"boy-clothes","product_cat_title":"Accessories"},{"_id":"7ea9c57","image":{"id":3030,"url":"https:\/\/wpglozin.com\/kids-toys\/wp-content\/uploads\/sites\/18\/2025\/05\/kt-bn-9.webp","alt":"","source":"library","size":""},"products_type":"popular"},{"_id":"d605b93","image":{"id":3031,"url":"https:\/\/wpglozin.com\/kids-toys\/wp-content\/uploads\/sites\/18\/2025\/05\/kt-bn-10.webp","alt":"","source":"library","size":""},"product_cat":"kids-toys","product_cat_title":"Baby Gift Sets"}],"view_all_btn_title":"View All","view_all_btn_text":"Click here","hide_cat_count":"","aspect_ratio_type":"custom","aspect_ratio":"337.5:499.25","slides_to_show_tablet":3,"slides_to_show_mobile":1,"slides_to_scroll_tablet":3,"slides_to_scroll_mobile":1,"image_spacing_custom":20,"navigation_classes_tablet":"dots","navigation_classes_mobile":"dots","content_position":"side","side_content_padding":{"unit":"px","top":"30","right":"30","bottom":"30","left":"30","isLinked":true},"side_content_padding_mobile":{"unit":"px","top":"15","right":"15","bottom":"15","left":"15","isLinked":true},"title_color":"#FFFFFF","count_type":"below","count_color":"#FFFFFF","count_spacing":{"unit":"px","size":0,"sizes":[]},"hide_button":"","button_background_hover_color":"#495754","button_background_effect_hover_color":"#495754","view_all_btn_image":{"id":3007,"url":"https:\/\/wpglozin.com\/kids-toys\/wp-content\/uploads\/sites\/18\/2025\/05\/placeholder-8.png"},"show_cat_count":"yes","show_button":"yes","gradient_image":"yes"},"elements":[],"isInner":false,"widgetType":"glozin-categories-carousel","elType":"widget"}],"isInner":false,"elType":"container"},{"id":"3d2c1eba","settings":{"flex_gap":{"column":"10","row":"10","isLinked":true,"unit":"px","size":10},"margin":{"unit":"px","top":"0","right":"0","bottom":"33","left":"0","isLinked":false},"margin_mobile":{"unit":"px","top":"0","right":"0","bottom":"20","left":"0","isLinked":false}},"elements":[{"id":"636d0434","settings":{"title":"Customer Say!","align":"center","typography_typography":"custom","typography_line_height":{"unit":"custom","size":"1.21","sizes":[]},"typography_line_height_tablet":{"unit":"custom","size":"","sizes":[]},"typography_line_height_mobile":{"unit":"custom","size":"","sizes":[]},"typography_letter_spacing":{"unit":"px","size":-1.224,"sizes":[]}},"elements":[],"isInner":false,"widgetType":"glozin-heading","elType":"widget"},{"id":"2c07054c","settings":{"title":"Customers love our products and we always strive to please them all.","title_size":"div","align":"center","title_color":"#444444"},"elements":[],"isInner":false,"widgetType":"glozin-heading","elType":"widget"}],"isInner":false,"elType":"container"},{"id":"495965b8","settings":{"margin":{"unit":"px","top":"0","right":"0","bottom":"80","left":"0","isLinked":false},"margin_mobile":{"unit":"px","top":"0","right":"0","bottom":"50","left":"0","isLinked":false}},"elements":[{"id":"4c2144a5","settings":{"testimonials":[{"testimonial_name":"Susan Gibson.","_id":"956b303","youtube_url":"https:\/\/www.youtube.com\/watch?v=XHOmBV4js_E","vimeo_url":"https:\/\/vimeo.com\/235215203","testimonial_text":"Verified Buyer","testimonial_content":"Wonderful products. The toys help my child spark more interest and curiosity. I really love these toys. They are so cute, and the prices are reasonable too... \ud83e\udd17","testimonial_product_id":2975},{"testimonial_name":"Algistino Lionel.","youtube_url":"https:\/\/www.youtube.com\/watch?v=XHOmBV4js_E","vimeo_url":"https:\/\/vimeo.com\/235215203","testimonial_text":"Verified Buyer","testimonial_content":"It was great when I happened to come across the store's products while browsing the web. My child really loves this toy. He looks so excited... \ud83e\udd70","testimonial_product_id":2996,"_id":"69e7417"},{"testimonial_name":"Marie-Gos\u00e9e H.","youtube_url":"https:\/\/www.youtube.com\/watch?v=XHOmBV4js_E","vimeo_url":"https:\/\/vimeo.com\/235215203","testimonial_text":"Verified Buyer","testimonial_content":"My son is very happy because he gets to play with the toys he loves. It's wonderful!... I will come back to make another purchase next time. Thank you! \ud83e\udd17","testimonial_product_id":2951,"_id":"508b99a"},{"testimonial_name":"Carie-Gos\u00e9e H.","youtube_url":"https:\/\/www.youtube.com\/watch?v=XHOmBV4js_E","vimeo_url":"https:\/\/vimeo.com\/235215203","testimonial_text":"Verified Buyer","testimonial_content":"Wonderful products. The toys help my child spark more interest and curiosity. I really love these toys. They are so cute, and the prices are reasonable too... \ud83e\udd17","testimonial_product_id":2960,"_id":"0e72b86"}],"slides_to_show":3,"slides_to_show_tablet":2,"slides_to_show_mobile":1,"slides_to_scroll_tablet":2,"slides_to_scroll_mobile":1,"navigation_classes_tablet":"dots","product_padding":{"unit":"px","top":"20","right":"0","bottom":"0","left":"0","isLinked":false},"product_margin":{"unit":"px","top":"15","right":"0","bottom":"0","left":"0","isLinked":false},"item_border_radius":{"unit":"px","top":"10","right":"10","bottom":"10","left":"10","isLinked":true}},"elements":[],"isInner":false,"widgetType":"glozin-testimonial-carousel","elType":"widget"}],"isInner":false,"elType":"container"},{"id":"23a48daa","settings":{"margin":{"unit":"px","top":"0","right":"0","bottom":"80","left":"0","isLinked":false},"margin_mobile":{"unit":"px","top":"0","right":"0","bottom":"50","left":"0","isLinked":false}},"elements":[{"id":"bf30ea5","settings":{"image":{"id":3035,"url":"https:\/\/wpglozin.com\/kids-toys\/wp-content\/uploads\/sites\/18\/2025\/05\/kt-bn-11.webp","alt":"","source":"library","size":""},"title":"Safe Teddy Bears","sub_title":"SHOP THE LOOK","lookbook_products":[{"_id":"1a03aed","product_id":116,"product_ids":2987,"product_items_position_x":{"unit":"%","size":23,"sizes":[]},"product_items_position_y":{"unit":"%","size":29,"sizes":[]},"product_items_position_x_tablet":{"unit":"%","size":14,"sizes":[]},"product_items_position_y_tablet":{"unit":"%","size":26,"sizes":[]}},{"product_id":116,"_id":"2e8d143","product_ids":2983,"product_items_position_x":{"unit":"%","size":56,"sizes":[]},"product_items_position_y":{"unit":"%","size":18,"sizes":[]},"product_items_position_x_tablet":{"unit":"%","size":53,"sizes":[]},"product_items_position_y_tablet":{"unit":"%","size":19,"sizes":[]}},{"product_id":116,"_id":"0b951d6","product_ids":2978,"product_items_position_x":{"unit":"%","size":39,"sizes":[]},"product_items_position_y":{"unit":"%","size":54,"sizes":[]},"product_items_position_x_tablet":{"unit":"%","size":38,"sizes":[]},"product_items_position_y_tablet":{"unit":"%","size":54,"sizes":[]}},{"product_id":116,"_id":"8392dd4","product_ids":2975,"product_items_position_x":{"unit":"%","size":59,"sizes":[]},"product_items_position_y":{"unit":"%","size":44,"sizes":[]},"product_items_position_x_tablet":{"unit":"%","size":58,"sizes":[]},"product_items_position_y_tablet":{"unit":"%","size":42,"sizes":[]}},{"product_id":116,"_id":"3934b76","product_ids":2965,"product_items_position_x":{"unit":"%","size":22,"sizes":[]},"product_items_position_y":{"unit":"%","size":83,"sizes":[]},"product_items_position_x_tablet":{"unit":"%","size":14,"sizes":[]},"product_items_position_y_tablet":{"unit":"%","size":82,"sizes":[]}},{"product_id":116,"_id":"cec188e","product_ids":2996,"product_items_position_x":{"unit":"%","size":70,"sizes":[]},"product_items_position_y":{"unit":"%","size":69,"sizes":[]},"product_items_position_x_tablet":{"unit":"%","size":"","sizes":[]},"product_items_position_y_tablet":{"unit":"%","size":"","sizes":[]}}],"navigation_classes":"both","navigation_classes_tablet":"dots","navigation_classes_mobile":"dots"},"elements":[],"isInner":false,"widgetType":"glozin-lookbook-products","elType":"widget"}],"isInner":false,"elType":"container"},{"id":"188ce33b","settings":{"margin":{"unit":"px","top":"0","right":"0","bottom":"80","left":"0","isLinked":false},"margin_mobile":{"unit":"px","top":"0","right":"0","bottom":"50","left":"0","isLinked":false}},"elements":[{"id":"2bc8c743","settings":{"icons_box":[{"icon":{"value":{"url":"https:\/\/wpglozin.com\/kids-toys\/wp-content\/uploads\/sites\/18\/2025\/05\/shipping.svg","id":2943},"library":"svg"},"title":"Free Shipping","description":"Enjoy free worldwide shipping and returns, with<br class=\"d-none d-block-xl\"\/> customs and duties taxes included.","_id":"3e74bd4","title_size":"h6","image":{"id":"","url":"https:\/\/wpglozin.com\/kids-toys\/wp-content\/plugins\/elementor\/assets\/images\/placeholder.png"}},{"icon":{"value":{"url":"https:\/\/wpglozin.com\/kids-toys\/wp-content\/uploads\/sites\/18\/2025\/05\/return.svg","id":2944},"library":"svg"},"title":"Free Returns","description":"Free returns within 15 days, please make sure the<br class=\"d-none d-block-xl\"\/> items are in undamaged condition.","_id":"50f8ad0","title_size":"h6","image":{"id":"","url":"https:\/\/wpglozin.com\/kids-toys\/wp-content\/plugins\/elementor\/assets\/images\/placeholder.png"}},{"icon":{"value":{"url":"https:\/\/wpglozin.com\/kids-toys\/wp-content\/uploads\/sites\/18\/2025\/05\/support.svg","id":2945},"library":"svg"},"title":"Support Online","description":"We support customers 24\/7, send questions we will<br class=\"d-none d-block-xl\"\/> solve for you immediately.","_id":"e734671","title_size":"h6","image":{"id":"","url":"https:\/\/wpglozin.com\/kids-toys\/wp-content\/plugins\/elementor\/assets\/images\/placeholder.png"}}],"slides_to_show_mobile":1,"navigation_classes":"none","navigation_classes_mobile":"dots","icon_size":{"unit":"px","size":34,"sizes":[]},"slides_to_show_tablet":3,"navigation_classes_tablet":"none","alignment":"center","title_spacing":{"unit":"px","size":10,"sizes":[]},"title_size":"div"},"elements":[],"isInner":false,"widgetType":"glozin-icon-box-carousel","elType":"widget"}],"isInner":false,"elType":"container"},{"id":"462da992","settings":{"flex_gap":{"column":"10","row":"10","isLinked":true,"unit":"px","size":10},"margin":{"unit":"px","top":"0","right":"0","bottom":"33","left":"0","isLinked":false}},"elements":[{"id":"1f245611","settings":{"title":"Shop by Gram","align":"center","typography_typography":"custom","typography_line_height":{"unit":"custom","size":"1.21","sizes":[]},"typography_line_height_tablet":{"unit":"custom","size":"","sizes":[]},"typography_line_height_mobile":{"unit":"custom","size":"","sizes":[]},"typography_letter_spacing":{"unit":"px","size":-1.224,"sizes":[]}},"elements":[],"isInner":false,"widgetType":"glozin-heading","elType":"widget"},{"id":"491548f1","settings":{"title":"Inspire and let yourself be inspired, from one unique fashion to another.","title_size":"div","align":"center","title_color":"#444444"},"elements":[],"isInner":false,"widgetType":"glozin-heading","elType":"widget"}],"isInner":false,"elType":"container"},{"id":"290942d5","settings":{"content_width":"full","padding":{"unit":"px","top":"0","right":"30","bottom":"0","left":"30","isLinked":false},"padding_tablet":{"unit":"px","top":"0","right":"15","bottom":"0","left":"15","isLinked":false}},"elements":[{"id":"41bf64f7","settings":{"images":[{"_id":"a5db3af","image":{"id":3040,"url":"https:\/\/wpglozin.com\/kids-toys\/wp-content\/uploads\/sites\/18\/2025\/05\/kt-gram-1.webp","alt":"","source":"library","size":""},"youtube_url":"https:\/\/www.youtube.com\/watch?v=XHOmBV4js_E","vimeo_url":"https:\/\/vimeo.com\/235215203","action":"link"},{"_id":"9f28fe5","youtube_url":"https:\/\/www.youtube.com\/watch?v=XHOmBV4js_E","vimeo_url":"https:\/\/vimeo.com\/235215203","poster_url":{"url":"","id":"","size":"","alt":"","source":"library"},"image":{"id":3041,"url":"https:\/\/wpglozin.com\/kids-toys\/wp-content\/uploads\/sites\/18\/2025\/05\/kt-gram-2.webp","alt":"","source":"library","size":""},"action":"link"},{"_id":"6ff2e88","image":{"id":3042,"url":"https:\/\/wpglozin.com\/kids-toys\/wp-content\/uploads\/sites\/18\/2025\/05\/kt-gram-3.webp","alt":"","source":"library","size":""},"youtube_url":"https:\/\/www.youtube.com\/watch?v=XHOmBV4js_E","vimeo_url":"https:\/\/vimeo.com\/235215203","action":"link"},{"_id":"5b009bf","image":{"id":3043,"url":"https:\/\/wpglozin.com\/kids-toys\/wp-content\/uploads\/sites\/18\/2025\/05\/kt-gram-4.webp","alt":"","source":"library","size":""},"youtube_url":"https:\/\/www.youtube.com\/watch?v=XHOmBV4js_E","vimeo_url":"https:\/\/vimeo.com\/235215203","action":"link"},{"_id":"8d7cc63","youtube_url":"https:\/\/www.youtube.com\/watch?v=XHOmBV4js_E","vimeo_url":"https:\/\/vimeo.com\/235215203","image":{"id":3044,"url":"https:\/\/wpglozin.com\/kids-toys\/wp-content\/uploads\/sites\/18\/2025\/05\/kt-gram-5.webp","alt":"","source":"library","size":""},"action":"link"},{"_id":"4277078","image":{"id":3045,"url":"https:\/\/wpglozin.com\/kids-toys\/wp-content\/uploads\/sites\/18\/2025\/05\/kt-gram-6.webp","alt":"","source":"library","size":""},"youtube_url":"https:\/\/www.youtube.com\/watch?v=XHOmBV4js_E","vimeo_url":"https:\/\/vimeo.com\/235215203","action":"link"},{"image":{"id":3046,"url":"https:\/\/wpglozin.com\/kids-toys\/wp-content\/uploads\/sites\/18\/2025\/05\/kt-gram-7.webp","alt":"","source":"library","size":""},"youtube_url":"https:\/\/www.youtube.com\/watch?v=XHOmBV4js_E","vimeo_url":"https:\/\/vimeo.com\/235215203","action":"link","_id":"9026ef8"}],"slides_to_show_tablet":4,"slides_to_show_mobile":2,"navigation_classes":"none","navigation_classes_tablet":"dots","navigation_classes_mobile":"dots","slides_to_show":7,"slides_to_scroll_tablet":4,"slides_to_scroll_mobile":2,"icon_position":"middle"},"elements":[],"isInner":false,"widgetType":"glozin-shoppable-images-carousel","elType":"widget"}],"isInner":false,"elType":"container"}],"page_settings":{"hide_page_header":"yes","page_header_top_padding":{"unit":"px","size":0,"sizes":[]},"content_top_spacing":"custom","content_top_padding":{"unit":"px","size":0,"sizes":[]},"content_bottom_spacing":"custom","content_bottom_padding":{"unit":"px","size":0,"sizes":[]},"hide_header_border":"yes","header_layout":"v3","hide_footer_border":"yes"},"version":"0.4","title":"home-kids-toys","type":"page"}