{"content":[{"id":"5fcd10f5","settings":{"content_width":"full","margin":{"unit":"px","top":"0","right":"0","bottom":"80","left":"0","isLinked":false},"margin_mobile":{"unit":"px","top":"0","right":"0","bottom":"50","left":"0","isLinked":false},"css_classes":"glozin-smart-rtl-banner"},"elements":[{"id":"58aaad0c","settings":{"slides":[{"title":"Sculpted By Light","button_text":"Shop Collection","_id":"bc61649","banner_background_img":{"id":3265,"url":"https:\/\/wpglozin.com\/jewelry\/wp-content\/uploads\/sites\/10\/2025\/05\/hj-slides-1.webp","alt":"","source":"library","size":""},"banner_background_img_mobile":{"url":"https:\/\/wpglozin.com\/jewelry\/wp-content\/uploads\/sites\/10\/2025\/05\/hj-slides-mb-1.webp","id":3269,"size":"","alt":"","source":"library"},"before_title":"CAPTIVATING COLLECTION","button_link":{"url":"#","is_external":"","nofollow":"","custom_attributes":""}},{"title":"Radiating Beauty","button_text":"Shop Collection","banner_background_img":{"id":3266,"url":"https:\/\/wpglozin.com\/jewelry\/wp-content\/uploads\/sites\/10\/2025\/05\/hj-slides-2.webp","alt":"","source":"library","size":""},"banner_background_img_mobile":{"url":"https:\/\/wpglozin.com\/jewelry\/wp-content\/uploads\/sites\/10\/2025\/05\/hj-slides-mb-2.webp","id":3270,"size":"","alt":"","source":"library"},"before_title":"BREATHTAKING COLLECTION","_id":"04de691","button_link":{"url":"#","is_external":"","nofollow":"","custom_attributes":""}},{"title":"Entrancing Ornaments","button_text":"Shop Collection","banner_background_img":{"id":3267,"url":"https:\/\/wpglozin.com\/jewelry\/wp-content\/uploads\/sites\/10\/2025\/05\/hj-slides-3.webp","alt":"","source":"library","size":""},"banner_background_img_mobile":{"url":"https:\/\/wpglozin.com\/jewelry\/wp-content\/uploads\/sites\/10\/2025\/05\/hj-slides-mb-3.webp","id":3271,"size":"","alt":"","source":"library"},"before_title":"MESMERIZING GEMSTONES","_id":"a4183ed","button_link":{"url":"#","is_external":"","nofollow":"","custom_attributes":""}}],"navigation_classes":"dots","navigation_classes_tablet":"dots","navigation_classes_mobile":"dots","slides_horizontal_position_mobile":"center","slides_vertical_position":"bottom","slides_text_align_mobile":"center","slides_content_padding":{"unit":"px","top":"50","right":"20","bottom":"50","left":"20","isLinked":false},"slides_content_padding_tablet":{"unit":"px","top":"35","right":"5","bottom":"35","left":"5","isLinked":false},"slides_content_padding_mobile":{"unit":"px","top":"32","right":"0","bottom":"50","left":"0","isLinked":false},"before_title_color":"#111111","before_title_typography_typography":"custom","before_title_typography_font_size":{"unit":"px","size":12,"sizes":[]},"before_title_typography_font_weight":"600","before_title_typography_text_transform":"uppercase","before_title_typography_line_height":{"unit":"custom","size":"1.21","sizes":[]},"before_title_typography_line_height_tablet":{"unit":"custom","size":"","sizes":[]},"before_title_typography_line_height_mobile":{"unit":"custom","size":"","sizes":[]},"before_title_spacing":{"unit":"px","size":10,"sizes":[]},"title_color":"#111111","title_typography_typography":"custom","title_typography_font_size":{"unit":"px","size":60,"sizes":[]},"title_typography_font_size_tablet":{"unit":"px","size":42,"sizes":[]},"title_typography_font_size_mobile":{"unit":"px","size":38,"sizes":[]},"title_typography_font_weight":"600","title_typography_line_height":{"unit":"custom","size":"1","sizes":[]},"title_typography_line_height_tablet":{"unit":"custom","size":"","sizes":[]},"title_typography_line_height_mobile":{"unit":"custom","size":"","sizes":[]},"title_typography_letter_spacing":{"unit":"px","size":-2.04,"sizes":[]},"title_spacing":{"unit":"px","size":30,"sizes":[]},"dot_item_color":"#FFFFFF","dot_item_active_color":"#FFFFFF","aspect_ratio_type":"custom","aspect_ratio":"381:160","aspect_ratio_mobile_type":"custom","aspect_ratio_mobile":"375:512.69","effect":"fade","button_typography_typography":"custom","button_typography_font_size":{"unit":"px","size":15,"sizes":[]},"dots_spacing_tablet":{"unit":"px","size":15,"sizes":[]},"dots_spacing_mobile":{"unit":"px","size":15,"sizes":[]},"slides_border_radius":{"unit":"px","top":"0","right":"0","bottom":"0","left":"0","isLinked":true},"slides_container_width":{"unit":"%","size":100,"sizes":[]},"slides_background_color_overlay":"#0000001A","autoplay":"yes","autoplay_speed":7000,"button_min_width":{"unit":"px","size":200,"sizes":[]},"button_min_width_mobile":{"unit":"px","size":180,"sizes":[]},"aspect_ratio_type_mobile":"vertical"},"elements":[],"isInner":false,"widgetType":"glozin-slides","elType":"widget"}],"isInner":false,"elType":"container"},{"id":"44f2dae","settings":{"flex_gap":{"column":"10","row":"10","isLinked":true,"unit":"px","size":10},"margin":{"unit":"px","top":"0","right":"0","bottom":"33","left":"0","isLinked":false}},"elements":[{"id":"1f695690","settings":{"title":"Best Selling","align":"center","typography_typography":"custom","typography_line_height":{"unit":"custom","size":"1.21","sizes":[]},"typography_line_height_tablet":{"unit":"custom","size":"","sizes":[]},"typography_line_height_mobile":{"unit":"custom","size":"","sizes":[]},"typography_letter_spacing":{"unit":"px","size":-1.224,"sizes":[]}},"elements":[],"isInner":false,"widgetType":"glozin-heading","elType":"widget"},{"id":"188c44e5","settings":{"title":"Unmatched design with superior performance and satisfaction.","title_size":"div","align":"center","title_color":"#444444"},"elements":[],"isInner":false,"widgetType":"glozin-heading","elType":"widget"}],"isInner":false,"elType":"container"},{"id":"1931f7a5","settings":{"margin":{"unit":"px","top":"0","right":"0","bottom":"80","left":"0","isLinked":false},"margin_mobile":{"unit":"px","top":"0","right":"0","bottom":"50","left":"0","isLinked":false}},"elements":[{"id":"205f8490","settings":{"limit":8,"navigation_classes":"none","slides_rows":2,"slides_rows_tablet":2,"slides_rows_mobile":1,"slides_to_show_tablet":3,"slides_to_show_mobile":2,"slides_to_scroll_mobile":2,"image_spacing_custom_tablet":15,"navigation_classes_tablet":"none","navigation_classes_mobile":"dots","type":"recent_products","ids":",2987,3375,2971,3380,3094,3004,3104,3145","custom_space_between":"yes","custom_space_between_row_tablet":30},"elements":[],"isInner":false,"widgetType":"glozin-products-carousel","elType":"widget"}],"isInner":false,"elType":"container"},{"id":"1908e4d9","settings":{"flex_direction":"row","flex_gap":{"column":"30","row":"30","isLinked":true,"unit":"px","size":30},"content_width":"full","flex_direction_tablet":"column","padding":{"unit":"px","top":"0","right":"30","bottom":"0","left":"30","isLinked":false},"padding_tablet":{"unit":"px","top":"0","right":"15","bottom":"0","left":"15","isLinked":false},"margin":{"unit":"px","top":"0","right":"0","bottom":"80","left":"0","isLinked":false},"margin_mobile":{"unit":"px","top":"0","right":"0","bottom":"50","left":"0","isLinked":false}},"elements":[{"id":"7ec75853","settings":{"flex_direction":"column","content_width":"full","width":{"unit":"%","size":"50"},"width_tablet":{"unit":"%","size":100,"sizes":[]},"width_mobile":{"unit":"%","size":"","sizes":[]},"flex_justify_content":"center","flex_align_items":"center","flex_gap":{"column":"0","row":"0","isLinked":false,"unit":"px","size":0},"background_background":"classic","background_color":"#EEEEEE","padding":{"unit":"px","top":"60","right":"50","bottom":"60","left":"50","isLinked":false},"overflow":"hidden","border_radius":{"unit":"px","top":"10","right":"10","bottom":"10","left":"10","isLinked":true}},"elements":[{"id":"8899619","settings":{"title":"EPITOME OF REFINEMENT","title_size":"div","title_color":"#111111","typography_typography":"custom","typography_font_size":{"unit":"px","size":15,"sizes":[]},"typography_font_weight":"700","typography_text_transform":"uppercase","_margin":{"unit":"px","top":"0","right":"0","bottom":"10","left":"0","isLinked":false},"typography_line_height":{"unit":"custom","size":"1.714","sizes":[]},"typography_line_height_tablet":{"unit":"custom","size":"","sizes":[]},"typography_line_height_mobile":{"unit":"custom","size":"","sizes":[]}},"elements":[],"isInner":false,"widgetType":"glozin-heading","elType":"widget"},{"id":"1b5713ee","settings":{"title":"Light The Wonders","align":"center","title_color":"#111111","typography_typography":"custom","typography_letter_spacing":{"unit":"px","size":-1.7,"sizes":[]},"_margin":{"unit":"px","top":"0","right":"0","bottom":"10","left":"0","isLinked":false},"typography_font_size":{"unit":"px","size":50,"sizes":[]},"typography_font_size_tablet":{"unit":"px","size":35,"sizes":[]},"typography_font_size_mobile":{"unit":"px","size":32,"sizes":[]},"typography_line_height":{"unit":"custom","size":"1","sizes":[]},"typography_line_height_tablet":{"unit":"custom","size":"","sizes":[]},"typography_line_height_mobile":{"unit":"custom","size":"","sizes":[]},"typography_letter_spacing_tablet":{"unit":"px","size":-1.20324,"sizes":[]},"typography_letter_spacing_mobile":{"unit":"px","size":-1.088,"sizes":[]}},"elements":[],"isInner":false,"widgetType":"glozin-heading","elType":"widget"},{"id":"2510b5f","settings":{"title":"This season, the ordinary becomes extraordinary. Glozin's ambassadors open<br class=\"d-none d-block-md\" \/> gates to wonder, where dreams come alive.","title_size":"div","align":"center","title_color":"#444444","_margin":{"unit":"px","top":"0","right":"0","bottom":"30","left":"0","isLinked":false},"_margin_tablet":{"unit":"px","top":"0","right":"0","bottom":"34","left":"0","isLinked":false},"_margin_mobile":{"unit":"px","top":"0","right":"0","bottom":"33","left":"0","isLinked":false},"typography_typography":"custom","typography_font_size":{"unit":"px","size":14,"sizes":[]}},"elements":[],"isInner":false,"widgetType":"glozin-heading","elType":"widget"},{"id":"7213d9b7","settings":{"button_text":"Shop Now","button_min_width":{"unit":"px","size":200,"sizes":[]},"button_min_width_tablet":{"unit":"px","size":180,"sizes":[]},"button_link":{"url":"#","is_external":"","nofollow":"","custom_attributes":""}},"elements":[],"isInner":false,"widgetType":"glozin-button","elType":"widget"}],"isInner":true,"elType":"container"},{"id":"250dd289","settings":{"flex_direction":"column","content_width":"full","width":{"unit":"%","size":"50"},"width_tablet":{"unit":"%","size":100,"sizes":[]},"width_mobile":{"unit":"%","size":"","sizes":[]},"overflow":"hidden","border_radius":{"unit":"px","top":"10","right":"10","bottom":"10","left":"10","isLinked":true}},"elements":[{"id":"6b0785cd","settings":{"image":{"id":3272,"url":"https:\/\/wpglozin.com\/jewelry\/wp-content\/uploads\/sites\/10\/2025\/05\/hj-bn-1.webp","alt":"","source":"library","size":""}},"elements":[],"isInner":false,"widgetType":"image","elType":"widget"}],"isInner":true,"elType":"container"}],"isInner":false,"elType":"container"},{"id":"70f74d18","settings":{"flex_direction":"row","flex_gap":{"unit":"px","size":30,"column":"30","row":"30","isLinked":true},"flex_gap_tablet":{"column":"15","row":"15","isLinked":true,"unit":"px","size":15},"flex_gap_mobile":{"column":"30","row":"30","isLinked":true,"unit":"px","size":30},"margin":{"unit":"px","top":"0","right":"0","bottom":"30","left":"0","isLinked":false},"margin_tablet":{"unit":"px","top":"0","right":"0","bottom":"22","left":"0","isLinked":false}},"elements":[{"id":"70ddf6c2","settings":{"flex_direction":"column","content_width":"full","width":{"unit":"%","size":"50"},"flex_justify_content":"center"},"elements":[{"id":"5e51cb10","settings":{"banner_type":"video","media_url":{"id":"","url":"https:\/\/wpglozin.com\/jewelry\/wp-content\/plugins\/elementor\/assets\/images\/placeholder.png"},"poster_url":{"id":3273,"url":"https:\/\/wpglozin.com\/jewelry\/wp-content\/uploads\/sites\/10\/2025\/05\/hj-bn-2.webp","alt":"","source":"library","size":""},"youtube_url":"https:\/\/www.youtube.com\/watch?v=XHOmBV4js_E","vimeo_url":"https:\/\/vimeo.com\/235215203","aspect_ratio_type":"custom","aspect_ratio":"69:53.077","title":"","button_text":"","button_link":{"url":"","is_external":"","nofollow":"","custom_attributes":""},"image":{"id":3260,"url":"https:\/\/wpglozin.com\/jewelry\/wp-content\/uploads\/sites\/10\/2025\/05\/woocommerce-placeholder-600x600-2.webp"},"video_source":"hosted","hosted_url":"\/\/glozin-demo-v2.myshopify.com\/cdn\/shop\/videos\/c\/vp\/e58509d3ace243d9ab723757eb96d3e4\/e58509d3ace243d9ab723757eb96d3e4.HD-1080p-7.2Mbps-42035399.mp4"},"elements":[],"isInner":false,"widgetType":"glozin-banner","elType":"widget"}],"isInner":true,"elType":"container"},{"id":"106ced99","settings":{"flex_direction":"column","content_width":"full","width":{"unit":"%","size":"50"},"flex_justify_content":"center","flex_align_items":"center","flex_gap":{"column":"0","row":"0","isLinked":true,"unit":"px","size":0}},"elements":[{"id":"69b59d52","settings":{"content_width":"full","width":{"unit":"custom","size":"auto","sizes":[]},"width_tablet":{"unit":"custom","size":"","sizes":[]},"width_mobile":{"unit":"custom","size":"","sizes":[]},"flex_gap":{"column":"0","row":"0","isLinked":true,"unit":"px","size":0},"padding":{"unit":"px","top":"30","right":"30","bottom":"30","left":"30","isLinked":true},"padding_mobile":{"unit":"px","top":"30","right":"0","bottom":"30","left":"0","isLinked":false}},"elements":[{"id":"2ee47d08","settings":{"title":"COUNTING THE DAYS","title_size":"div","title_color":"#111111","typography_typography":"custom","typography_font_size":{"unit":"px","size":15,"sizes":[]},"typography_font_weight":"600","typography_line_height":{"unit":"custom","size":"1.21","sizes":[]},"typography_line_height_tablet":{"unit":"custom","size":"","sizes":[]},"typography_line_height_mobile":{"unit":"custom","size":"","sizes":[]},"_margin":{"unit":"px","top":"0","right":"0","bottom":"10","left":"0","isLinked":false}},"elements":[],"isInner":false,"widgetType":"glozin-heading","elType":"widget"},{"id":"20e9c85d","settings":{"title":"Holiday Collection:<br>\nFeaturing New Jewelry Pieces","typography_typography":"custom","typography_font_size":{"unit":"px","size":35,"sizes":[]},"typography_font_size_tablet":{"unit":"px","size":30,"sizes":[]},"typography_font_size_mobile":{"unit":"px","size":29,"sizes":[]},"typography_line_height":{"unit":"custom","size":"1.21","sizes":[]},"typography_line_height_tablet":{"unit":"custom","size":"","sizes":[]},"typography_line_height_mobile":{"unit":"custom","size":"","sizes":[]},"typography_letter_spacing":{"unit":"px","size":-1.19,"sizes":[]},"_margin":{"unit":"px","top":"0","right":"0","bottom":"10","left":"0","isLinked":false}},"elements":[],"isInner":false,"widgetType":"glozin-heading","elType":"widget"},{"id":"517a6c7f","settings":{"title":"Modern style meets traditional minimalism.","title_size":"div","title_color":"#444444","typography_typography":"custom","typography_font_size":{"unit":"px","size":14,"sizes":[]},"typography_line_height":{"unit":"custom","size":"1.714","sizes":[]},"typography_line_height_tablet":{"unit":"custom","size":"","sizes":[]},"typography_line_height_mobile":{"unit":"custom","size":"","sizes":[]},"_margin":{"unit":"px","top":"0","right":"0","bottom":"30","left":"0","isLinked":false}},"elements":[],"isInner":false,"widgetType":"glozin-heading","elType":"widget"},{"id":"7b516057","settings":{"button_text":"Explore Now","button_link":{"url":"#","is_external":"","nofollow":"","custom_attributes":""},"button_min_width":{"unit":"px","size":200,"sizes":[]},"button_min_width_mobile":{"unit":"px","size":180,"sizes":[]}},"elements":[],"isInner":false,"widgetType":"glozin-button","elType":"widget"}],"isInner":true,"elType":"container"}],"isInner":true,"elType":"container"}],"isInner":false,"elType":"container"},{"id":"465cc893","settings":{"margin":{"unit":"px","top":"0","right":"0","bottom":"80","left":"0","isLinked":false},"margin_mobile":{"unit":"px","top":"0","right":"0","bottom":"50","left":"0","isLinked":false},"flex_wrap_mobile":"nowrap"},"elements":[{"id":"20ad8a6c","settings":{"tabs":[{"heading":"Best seller","products":"best_selling_products","_id":"964c646"},{"heading":"New arrivals","products":"recent_products","_id":"1f8f01a"},{"heading":"On Sale","products":"sale_products","_id":"f7105af"}],"heading":"BEST COLLECTION","content_tabs":[{"heading":"This is title","_id":"2be36db","title":"Art Nouveau Splendor","image":{"id":3277,"url":"https:\/\/wpglozin.com\/jewelry\/wp-content\/uploads\/sites\/10\/2025\/05\/hj-bn-3.webp","alt":"","source":"library","size":""},"link":{"url":"#","is_external":"","nofollow":"","custom_attributes":""}},{"heading":"This is title","products":"recent_products","_id":"e62690c","title":"Belle Epoque Jewels","image":{"id":3278,"url":"https:\/\/wpglozin.com\/jewelry\/wp-content\/uploads\/sites\/10\/2025\/05\/hj-bn-4.webp","alt":"","source":"library","size":""},"link":{"url":"#","is_external":"","nofollow":"","custom_attributes":""}},{"heading":"This is title","_id":"e158be5","title":"Le Cube Diamant","image":{"id":3279,"url":"https:\/\/wpglozin.com\/jewelry\/wp-content\/uploads\/sites\/10\/2025\/05\/hj-bn-5.webp","alt":"","source":"library","size":""},"link":{"url":"#","is_external":"","nofollow":"","custom_attributes":""}}],"aspect_ratio_type":"custom","aspect_ratio":"69:50"},"elements":[],"isInner":false,"widgetType":"glozin-content-preview-tabs","elType":"widget"}],"isInner":false,"elType":"container"},{"id":"7d27576f","settings":{"flex_gap":{"column":"10","row":"10","isLinked":true,"unit":"px","size":10},"margin":{"unit":"px","top":"0","right":"0","bottom":"33","left":"0","isLinked":false}},"elements":[{"id":"161a1a64","settings":{"title":"Featured Collection","align":"center","typography_typography":"custom","typography_line_height":{"unit":"custom","size":"1.21","sizes":[]},"typography_line_height_tablet":{"unit":"custom","size":"","sizes":[]},"typography_line_height_mobile":{"unit":"custom","size":"","sizes":[]},"typography_letter_spacing":{"unit":"px","size":-1.224,"sizes":[]}},"elements":[],"isInner":false,"widgetType":"glozin-heading","elType":"widget"},{"id":"7690592f","settings":{"title":"Exceptional design, delivering top performance and ensuring customer satisfaction all together.","title_size":"div","align":"center","title_color":"#444444"},"elements":[],"isInner":false,"widgetType":"glozin-heading","elType":"widget"}],"isInner":false,"elType":"container"},{"id":"7748c224","settings":{"margin":{"unit":"px","top":"0","right":"0","bottom":"80","left":"0","isLinked":false},"margin_mobile":{"unit":"px","top":"0","right":"0","bottom":"50","left":"0","isLinked":false}},"elements":[{"id":"33163f85","settings":{"limit":7,"slides_rows_tablet":1,"slides_to_show_tablet":3,"slides_to_show_mobile":2,"slides_to_scroll_tablet":3,"slides_to_scroll_mobile":2,"image_spacing_custom_mobile":15,"navigation_classes_tablet":"dots","navigation_classes_mobile":"dots","type":"recent_products","ids":"3388,3393,3399,3404,2987,3375,2971"},"elements":[],"isInner":false,"widgetType":"glozin-products-carousel","elType":"widget"}],"isInner":false,"elType":"container"},{"id":"3b2ea1b","settings":{"content_width":"full","padding":{"unit":"px","top":"0","right":"30","bottom":"0","left":"30","isLinked":false},"padding_tablet":{"unit":"px","top":"0","right":"15","bottom":"0","left":"15","isLinked":false},"margin":{"unit":"px","top":"0","right":"0","bottom":"80","left":"0","isLinked":false},"margin_mobile":{"unit":"px","top":"0","right":"0","bottom":"50","left":"0","isLinked":false}},"elements":[{"id":"5a7d43a9","settings":{"content_width":"full","min_height":{"unit":"px","size":700,"sizes":[]},"min_height_tablet":{"unit":"px","size":500,"sizes":[]},"flex_direction":"column","flex_justify_content":"center","flex_gap":{"column":"0","row":"0","isLinked":true,"unit":"px","size":0},"background_background":"video","background_video_link":"\/\/glozin-demo-v2.myshopify.com\/cdn\/shop\/videos\/c\/vp\/8b949d4867e64f18a654fcbe6de6b7e0\/8b949d4867e64f18a654fcbe6de6b7e0.HD-1080p-7.2Mbps-42035400.mp4","background_play_on_mobile":"yes","border_radius":{"unit":"px","top":"15","right":"15","bottom":"15","left":"15","isLinked":true},"padding":{"unit":"px","top":"50","right":"50","bottom":"50","left":"50","isLinked":true},"padding_tablet":{"unit":"px","top":"35","right":"20","bottom":"35","left":"20","isLinked":false},"flex_align_items":"center","background_video_fallback":{"id":3283,"url":"https:\/\/wpglozin.com\/jewelry\/wp-content\/uploads\/sites\/10\/2025\/05\/hj-bn-6.webp","alt":"","source":"library","size":""},"background_overlay_background":"classic","background_overlay_color":"#000000","background_overlay_opacity":{"unit":"px","size":0.3,"sizes":[]}},"elements":[{"id":"623f7d6a","settings":{"title":"ESSENCE OF EXTRALEGANZA","title_size":"div","title_color":"#FFFFFF","typography_typography":"custom","typography_font_size":{"unit":"px","size":15,"sizes":[]},"typography_font_weight":"500","typography_text_transform":"uppercase","_margin":{"unit":"px","top":"0","right":"0","bottom":"15","left":"0","isLinked":false},"typography_line_height":{"unit":"custom","size":"1.21","sizes":[]},"typography_line_height_tablet":{"unit":"custom","size":"","sizes":[]},"typography_line_height_mobile":{"unit":"custom","size":"","sizes":[]}},"elements":[],"isInner":false,"widgetType":"glozin-heading","elType":"widget"},{"id":"18cb6faa","settings":{"title":"Enchanted Light<br class=\"d-none d-block-md\"\/>\nGate Of Timeless Wonders","title_color":"#FFFFFF","typography_typography":"custom","typography_font_size":{"unit":"px","size":57,"sizes":[]},"typography_font_size_tablet":{"unit":"px","size":40,"sizes":[]},"typography_font_size_mobile":{"unit":"px","size":36,"sizes":[]},"typography_font_weight":"600","typography_letter_spacing":{"unit":"px","size":-1.938,"sizes":[]},"_margin":{"unit":"px","top":"0","right":"0","bottom":"30","left":"0","isLinked":false},"align":"center"},"elements":[],"isInner":false,"widgetType":"glozin-heading","elType":"widget"},{"id":"535b10c6","settings":{"button_text":"Shop Collection","button_style":"light","button_link":{"url":"#","is_external":"","nofollow":"","custom_attributes":""},"button_min_width":{"unit":"px","size":200,"sizes":[]}},"elements":[],"isInner":false,"widgetType":"glozin-button","elType":"widget"}],"isInner":true,"elType":"container"}],"isInner":false,"elType":"container"},{"id":"7ba6c15e","settings":{"flex_gap":{"column":"10","row":"10","isLinked":true,"unit":"px","size":10},"margin":{"unit":"px","top":"0","right":"0","bottom":"33","left":"0","isLinked":false}},"elements":[{"id":"3ff815b5","settings":{"title":"Shop by Gram","align":"center","typography_typography":"custom","typography_line_height":{"unit":"custom","size":"1.21","sizes":[]},"typography_line_height_tablet":{"unit":"custom","size":"","sizes":[]},"typography_line_height_mobile":{"unit":"custom","size":"","sizes":[]},"typography_letter_spacing":{"unit":"px","size":-1.224,"sizes":[]}},"elements":[],"isInner":false,"widgetType":"glozin-heading","elType":"widget"},{"id":"22c9a99d","settings":{"title":"Inspire and let yourself be inspired, from one unique fashion to another.","title_size":"div","align":"center","title_color":"#444444"},"elements":[],"isInner":false,"widgetType":"glozin-heading","elType":"widget"}],"isInner":false,"elType":"container"},{"id":"150a3c0e","settings":{"margin":{"unit":"px","top":"0","right":"0","bottom":"80","left":"0","isLinked":false},"margin_mobile":{"unit":"px","top":"0","right":"0","bottom":"50","left":"0","isLinked":false}},"elements":[{"id":"61304e14","settings":{"images":[{"_id":"a5db3af","image":{"id":3284,"url":"https:\/\/wpglozin.com\/jewelry\/wp-content\/uploads\/sites\/10\/2025\/05\/hj-ins-1.webp","alt":"","source":"library","size":""},"youtube_url":"https:\/\/www.youtube.com\/watch?v=XHOmBV4js_E","vimeo_url":"https:\/\/vimeo.com\/235215203","action":"link"},{"_id":"9f28fe5","youtube_url":"https:\/\/www.youtube.com\/watch?v=XHOmBV4js_E","vimeo_url":"https:\/\/vimeo.com\/235215203","poster_url":{"url":"","id":"","size":"","alt":"","source":"library"},"image":{"id":3285,"url":"https:\/\/wpglozin.com\/jewelry\/wp-content\/uploads\/sites\/10\/2025\/05\/hj-ins-2.webp","alt":"","source":"library","size":""},"action":"link"},{"_id":"6ff2e88","image":{"id":3286,"url":"https:\/\/wpglozin.com\/jewelry\/wp-content\/uploads\/sites\/10\/2025\/05\/hj-ins-3.webp","alt":"","source":"library","size":""},"youtube_url":"https:\/\/www.youtube.com\/watch?v=XHOmBV4js_E","vimeo_url":"https:\/\/vimeo.com\/235215203","action":"link"},{"_id":"5b009bf","image":{"id":3287,"url":"https:\/\/wpglozin.com\/jewelry\/wp-content\/uploads\/sites\/10\/2025\/05\/hj-ins-4.webp","alt":"","source":"library","size":""},"youtube_url":"https:\/\/www.youtube.com\/watch?v=XHOmBV4js_E","vimeo_url":"https:\/\/vimeo.com\/235215203","action":"link"},{"_id":"8d7cc63","youtube_url":"https:\/\/www.youtube.com\/watch?v=XHOmBV4js_E","vimeo_url":"https:\/\/vimeo.com\/235215203","image":{"id":3288,"url":"https:\/\/wpglozin.com\/jewelry\/wp-content\/uploads\/sites\/10\/2025\/05\/hj-ins-5.webp","alt":"","source":"library","size":""},"action":"link"},{"_id":"4277078","image":{"id":3289,"url":"https:\/\/wpglozin.com\/jewelry\/wp-content\/uploads\/sites\/10\/2025\/05\/hj-ins-6.webp","alt":"","source":"library","size":""},"youtube_url":"https:\/\/www.youtube.com\/watch?v=XHOmBV4js_E","vimeo_url":"https:\/\/vimeo.com\/235215203","action":"link"}],"slides_to_show_tablet":3,"slides_to_show_mobile":2,"navigation_classes":"none","navigation_classes_tablet":"dots","navigation_classes_mobile":"dots","icon_position":"middle","image_size":"medium"},"elements":[],"isInner":false,"widgetType":"glozin-shoppable-images-carousel","elType":"widget"}],"isInner":false,"elType":"container"},{"id":"1bbd600e","settings":{"margin":{"unit":"px","top":"0","right":"0","bottom":"90","left":"0","isLinked":false},"margin_mobile":{"unit":"px","top":"0","right":"0","bottom":"50","left":"0","isLinked":false}},"elements":[{"id":"629a45d0","settings":{"icons_box":[{"icon":{"value":{"url":"https:\/\/wpglozin.com\/jewelry\/wp-content\/uploads\/sites\/10\/2025\/05\/shipping.svg","id":3219},"library":"svg"},"title":"Free Shipping","description":"Enjoy free worldwide shipping and returns, with<br class=\"d-none d-block-xl\"\/> customs and duties taxes included.","_id":"3e74bd4","title_size":"h6","image":{"id":"","url":"https:\/\/wpglozin.com\/jewelry\/wp-content\/plugins\/elementor\/assets\/images\/placeholder.png"}},{"icon":{"value":{"url":"https:\/\/wpglozin.com\/jewelry\/wp-content\/uploads\/sites\/10\/2025\/05\/return.svg","id":3218},"library":"svg"},"title":"Free Returns","description":"Free returns within 15 days, please make sure the<br class=\"d-none d-block-xl\"\/> items are in undamaged condition.","_id":"50f8ad0","title_size":"h6","image":{"id":"","url":"https:\/\/wpglozin.com\/jewelry\/wp-content\/plugins\/elementor\/assets\/images\/placeholder.png"}},{"icon":{"value":{"url":"https:\/\/wpglozin.com\/jewelry\/wp-content\/uploads\/sites\/10\/2025\/05\/support.svg","id":3220},"library":"svg"},"title":"Support Online","description":"We support customers 24\/7, send questions we will<br class=\"d-none d-block-xl\"\/> solve for you immediately.","_id":"e734671","title_size":"h6","image":{"id":"","url":"https:\/\/wpglozin.com\/jewelry\/wp-content\/plugins\/elementor\/assets\/images\/placeholder.png"}}],"slides_to_show_mobile":1,"navigation_classes":"none","navigation_classes_mobile":"dots","icon_size":{"unit":"px","size":34,"sizes":[]},"slides_to_show_tablet":3,"navigation_classes_tablet":"none","alignment":"center","title_spacing":{"unit":"px","size":10,"sizes":[]},"icon_color":"#111111","title_size":"div"},"elements":[],"isInner":false,"widgetType":"glozin-icon-box-carousel","elType":"widget"}],"isInner":false,"elType":"container"}],"page_settings":{"hide_page_header":"yes","page_header_top_padding":{"unit":"px","size":0,"sizes":[]},"content_top_spacing":"custom","content_top_padding":{"unit":"px","size":0,"sizes":[]},"content_bottom_spacing":"custom","content_bottom_padding":{"unit":"px","size":0,"sizes":[]},"hide_header_border":"yes"},"version":"0.4","title":"Home Jewelry","type":"page"}