{"content":[{"id":"79913441","settings":{"content_width":"full","margin":{"unit":"px","top":"0","right":"0","bottom":"90","left":"0","isLinked":false},"margin_mobile":{"unit":"px","top":"0","right":"0","bottom":"50","left":"0","isLinked":false},"padding":{"unit":"px","top":"0","right":"30","bottom":"0","left":"30","isLinked":false},"margin_tablet":{"unit":"px","top":"0","right":"0","bottom":"80","left":"0","isLinked":false},"padding_tablet":{"unit":"px","top":"0","right":"15","bottom":"0","left":"15","isLinked":false}},"elements":[{"id":"7721d44f","settings":{"slides":[{"title":"Sofas Collection","button_text":"Shop Collection","_id":"2c33a2b","before_title":"TOP COLLECTIONS","banner_background_img":{"id":3142,"url":"https:\/\/wpglozin.com\/furniture\/wp-content\/uploads\/sites\/4\/2025\/07\/h-urban-living-slide-1-scaled-1.webp","alt":"","source":"library","size":""},"background_position_mobile":"initial","background_position":"center center","background_position_x_mobile":{"unit":"%","size":86,"sizes":[]},"background_position_y_mobile":{"unit":"%","size":100,"sizes":[]},"banner_background_img_mobile":{"url":"https:\/\/wpglozin.com\/furniture\/wp-content\/uploads\/sites\/4\/2025\/07\/h-urban-living-slide-m1.webp","id":3146,"size":"","alt":"","source":"library"},"button_link":{"url":"#","is_external":"","nofollow":"","custom_attributes":""}},{"title":"Interior Design","button_text":"Shop Collection","_id":"3ee2046","before_title":"BY SILO\u2014COPENHAGEN","banner_background_img":{"id":3170,"url":"https:\/\/wpglozin.com\/furniture\/wp-content\/uploads\/sites\/4\/2025\/07\/h-urban-living-slide-2-scaled.webp","alt":"","source":"library","size":""},"background_position_mobile":"initial","background_position":"center center","background_position_x_mobile":{"unit":"%","size":86,"sizes":[]},"background_position_y_mobile":{"unit":"%","size":100,"sizes":[]},"banner_background_img_mobile":{"url":"https:\/\/wpglozin.com\/furniture\/wp-content\/uploads\/sites\/4\/2025\/04\/h-urban-living-cats-3.webp","id":2755,"size":"","alt":"","source":"library"},"button_link":{"url":"#","is_external":"","nofollow":"","custom_attributes":""}},{"title":"High-Top Design","button_text":"Shop Collection","_id":"de0d679","before_title":"BY SILO\u2014COPENHAGEN","banner_background_img":{"id":3171,"url":"https:\/\/wpglozin.com\/furniture\/wp-content\/uploads\/sites\/4\/2025\/07\/h-urban-living-slide-3-scaled.webp","alt":"","source":"library","size":""},"background_position_mobile":"initial","background_position":"center center","background_position_x_mobile":{"unit":"%","size":86,"sizes":[]},"background_position_y_mobile":{"unit":"%","size":100,"sizes":[]},"banner_background_img_mobile":{"url":"https:\/\/wpglozin.com\/furniture\/wp-content\/uploads\/sites\/4\/2025\/04\/morden_furniture_demo_mb2.webp","id":2769,"size":"","alt":"","source":"library"},"button_link":{"url":"#","is_external":"","nofollow":"","custom_attributes":""}}],"slides_height":{"unit":"px","size":819,"sizes":[]},"slides_height_tablet":{"unit":"px","size":750,"sizes":[]},"slides_height_mobile":{"unit":"px","size":512,"sizes":[]},"navigation_classes_tablet":"dots","slides_horizontal_position_mobile":"left","slides_vertical_position":"bottom","slides_text_align_mobile":"left","slides_content_padding":{"unit":"px","top":"50","right":"20","bottom":"50","left":"20","isLinked":false},"slides_content_padding_tablet":{"unit":"px","top":"40","right":"30","bottom":"40","left":"30","isLinked":false},"slides_content_padding_mobile":{"unit":"px","top":"38","right":"15","bottom":"50","left":"15","isLinked":false},"title_color":"#FFFFFF","title_typography_typography":"custom","title_typography_font_size":{"unit":"px","size":60,"sizes":[]},"title_typography_font_size_tablet":{"unit":"px","size":49,"sizes":[]},"title_typography_font_size_mobile":{"unit":"px","size":38,"sizes":[]},"title_typography_font_weight":"600","title_typography_line_height_tablet":{"unit":"custom","size":"","sizes":[]},"title_typography_line_height_mobile":{"unit":"px","size":36,"sizes":[]},"title_typography_letter_spacing":{"unit":"px","size":-2.38,"sizes":[]},"title_spacing":{"unit":"px","size":20,"sizes":[]},"before_title_color":"#FFFFFF","before_title_typography_typography":"custom","before_title_typography_font_weight":"500","before_title_typography_text_transform":"capitalize","before_title_typography_line_height_tablet":{"unit":"custom","size":"","sizes":[]},"before_title_typography_line_height_mobile":{"unit":"custom","size":"","sizes":[]},"before_title_spacing":{"unit":"px","size":0,"sizes":[]},"button_typography_typography":"custom","button_typography_font_size":{"unit":"px","size":15,"sizes":[]},"button_typography_font_weight":"600","dots_spacing_tablet":{"unit":"px","size":20,"sizes":[]},"dots_spacing_mobile":{"unit":"px","size":15,"sizes":[]},"navigation_classes":"dots","slides_border_radius":{"unit":"px","top":"10","right":"10","bottom":"10","left":"10","isLinked":true},"before_title_typography_font_size":{"unit":"px","size":13,"sizes":[]},"title_typography_line_height":{"unit":"px","size":60,"sizes":[]},"button_style":"light","dot_item_color":"#FFFFFF","dot_item_active_color":"#FFFFFF","title_typography_letter_spacing_mobile":{"unit":"px","size":-1.3056,"sizes":[]},"title_spacing_mobile":{"unit":"px","size":16,"sizes":[]},"aspect_ratio_type":"custom","aspect_ratio":"1845:853","aspect_ratio_mobile_type":"custom","aspect_ratio_mobile":"345:512","effect":"fade","autoplay":"yes","autoplay_speed":10000,"effect_zoom":"yes","slides_container_width":{"unit":"%","size":100,"sizes":[]},"button_min_width":{"unit":"px","size":200,"sizes":[]},"button_min_width_mobile":{"unit":"px","size":180,"sizes":[]},"aspect_ratio_type_mobile":"vertical"},"elements":[],"isInner":false,"widgetType":"glozin-slides","elType":"widget"}],"isInner":false,"elType":"container"},{"id":"71bd73f0","settings":{"flex_gap":{"column":"10","row":"10","isLinked":true,"unit":"px","size":10},"margin":{"unit":"px","top":"0","right":"0","bottom":"33","left":"0","isLinked":false}},"elements":[{"id":"6c3241e2","settings":{"title":"Top Collections","align":"center","typography_typography":"custom","typography_letter_spacing":{"unit":"em","size":-0.034,"sizes":[]},"typography_letter_spacing_tablet":{"unit":"em","size":"","sizes":[]},"typography_letter_spacing_mobile":{"unit":"em","size":"","sizes":[]}},"elements":[],"isInner":false,"widgetType":"glozin-heading","elType":"widget"},{"id":"4801d856","settings":{"title":"Express your style with our standout collection\u2014fashion meets sophistication.","title_size":"div","align":"center"},"elements":[],"isInner":false,"widgetType":"glozin-heading","elType":"widget"}],"isInner":false,"elType":"container"},{"id":"60ea5715","settings":{"margin":{"unit":"px","top":"0","right":"0","bottom":"90","left":"0","isLinked":false},"margin_mobile":{"unit":"px","top":"0","right":"0","bottom":"50","left":"0","isLinked":false},"content_width":"full","padding":{"unit":"px","top":"0","right":"30","bottom":"0","left":"30","isLinked":false},"margin_tablet":{"unit":"px","top":"0","right":"0","bottom":"80","left":"0","isLinked":false},"padding_tablet":{"unit":"px","top":"0","right":"15","bottom":"0","left":"15","isLinked":false}},"elements":[{"id":"568f7410","settings":{"heading":"This is the heading","items":[{"_id":"5a26175","image":{"id":2753,"url":"https:\/\/wpglozin.com\/furniture\/wp-content\/uploads\/sites\/4\/2025\/04\/h-urban-living-cats-1.webp","alt":"","source":"library","size":""},"product_cat":"sofa","product_cat_title":"Shop Sofa"},{"image":{"id":2754,"url":"https:\/\/wpglozin.com\/furniture\/wp-content\/uploads\/sites\/4\/2025\/04\/h-urban-living-cats-2.webp","alt":"","source":"library","size":""},"product_cat":"lighting","_id":"4045fa0","product_cat_title":" Shop Lighting"},{"image":{"id":2755,"url":"https:\/\/wpglozin.com\/furniture\/wp-content\/uploads\/sites\/4\/2025\/04\/h-urban-living-cats-3.webp","alt":"","source":"library","size":""},"product_cat":"bedroom","_id":"197aedd","product_cat_title":"Shop Bedroom"},{"image":{"id":2756,"url":"https:\/\/wpglozin.com\/furniture\/wp-content\/uploads\/sites\/4\/2025\/04\/h-urban-living-cats-4.webp","alt":"","source":"library","size":""},"product_cat":"tables","_id":"80c24b5","product_cat_title":"Dining Tables"},{"image":{"id":2757,"url":"https:\/\/wpglozin.com\/furniture\/wp-content\/uploads\/sites\/4\/2025\/04\/h-urban-living-cats-5.webp","alt":"","source":"library","size":""},"product_cat":"bathroom","_id":"f3d534d","product_cat_title":"Shop Bathroom"}],"button_text":"","view_all_btn_title":"View All","view_all_btn_text":"Click here","hide_cat_count":"","slides_to_show_tablet":3,"image_spacing_custom":20,"navigation_classes_tablet":"dots","content_align":"center","slides_to_show_mobile":2,"image_spacing_custom_mobile":15,"title_typography_typography":"custom","title_typography_font_size_mobile":{"unit":"px","size":17,"sizes":[]},"view_all_btn_image":{"id":"","url":"https:\/\/wpglozin.com\/furniture\/wp-content\/plugins\/elementor\/assets\/images\/placeholder.png"},"aspect_ratio_type":"custom","aspect_ratio":"9:13","show_view_all_btn":"","content_position":"side","count_type":"below","horizontal_position":"center","source":"custom","side_content_padding":{"unit":"px","top":"10","right":"10","bottom":"29","left":"10","isLinked":false},"title_typography_font_size":{"unit":"px","size":20,"sizes":[]},"title_color":"#FFFFFF","count_color":"#FFFFFF","gradient_image_angle":{"unit":"deg","size":"","sizes":[]},"horizontal_position_mobile":"center","slidesperview_auto_mobile":"yes","side_content_padding_mobile":{"unit":"px","top":"9","right":"9","bottom":"9","left":"9","isLinked":true},"show_cat_count":"yes","gradient_image":"yes"},"elements":[],"isInner":false,"widgetType":"glozin-categories-carousel","elType":"widget"}],"isInner":false,"elType":"container"},{"id":"7ef5c45e","settings":{"flex_gap":{"column":"10","row":"10","isLinked":true,"unit":"px","size":10},"margin":{"unit":"px","top":"0","right":"0","bottom":"85","left":"0","isLinked":false},"margin_tablet":{"unit":"px","top":"0","right":"0","bottom":"80","left":"0","isLinked":false},"margin_mobile":{"unit":"px","top":"0","right":"0","bottom":"53","left":"0","isLinked":false}},"elements":[{"id":"3d5e1b99","settings":{"title":"Top Sofas Popular","align":"center","typography_typography":"custom","typography_letter_spacing":{"unit":"em","size":-0.034,"sizes":[]},"typography_letter_spacing_tablet":{"unit":"em","size":"","sizes":[]},"typography_letter_spacing_mobile":{"unit":"em","size":"","sizes":[]}},"elements":[],"isInner":false,"widgetType":"glozin-heading","elType":"widget"},{"id":"455b1aaa","settings":{"title":"Unmatched design\u2014superior performance and customer satisfaction in one.","title_size":"div","align":"center","_padding":{"unit":"px","top":"0","right":"0","bottom":"33","left":"0","isLinked":false},"_padding_tablet":{"unit":"px","top":"0","right":"0","bottom":"23","left":"0","isLinked":false}},"elements":[],"isInner":false,"widgetType":"glozin-heading","elType":"widget"},{"id":"4097545","settings":{"slides_to_show_tablet":3,"slides_to_show_mobile":2,"slides_to_scroll_mobile":2,"image_spacing_custom_mobile":15,"navigation_classes_mobile":"dots","alignment":"center","limit":6,"slides_to_show":3,"image_spacing_custom":20,"marquee_image":{"id":2747,"url":"https:\/\/wpglozin.com\/furniture\/wp-content\/uploads\/sites\/4\/2025\/04\/woocommerce-placeholder.webp"},"type":"recent_products","ids":"2600,2604,2608,2597,2588,2594","navigation_classes_tablet":"dots"},"elements":[],"isInner":false,"widgetType":"glozin-products-carousel","elType":"widget"}],"isInner":false,"elType":"container"},{"id":"e570233","settings":{"flex_gap":{"column":"10","row":"10","isLinked":true,"unit":"px","size":10},"content_width":"full","padding":{"unit":"px","top":"0","right":"30","bottom":"0","left":"30","isLinked":false},"margin":{"unit":"px","top":"0","right":"0","bottom":"80","left":"0","isLinked":false},"padding_tablet":{"unit":"px","top":"0","right":"15","bottom":"0","left":"15","isLinked":false},"margin_mobile":{"unit":"px","top":"0","right":"0","bottom":"53","left":"0","isLinked":false}},"elements":[{"id":"4432e02b","settings":{"title":"Our Lookbook","align":"center","typography_typography":"custom","typography_letter_spacing":{"unit":"em","size":-0.034,"sizes":[]},"typography_letter_spacing_tablet":{"unit":"em","size":"","sizes":[]},"typography_letter_spacing_mobile":{"unit":"em","size":"","sizes":[]}},"elements":[],"isInner":false,"widgetType":"glozin-heading","elType":"widget"},{"id":"4307386a","settings":{"title":"Unmatched design\u2014superior performance and customer satisfaction in one.","title_size":"div","align":"center","_padding":{"unit":"px","top":"0","right":"0","bottom":"33","left":"0","isLinked":false},"_padding_tablet":{"unit":"px","top":"0","right":"0","bottom":"23","left":"0","isLinked":false}},"elements":[],"isInner":false,"widgetType":"glozin-heading","elType":"widget"},{"id":"365ffa6a","settings":{"image_1":{"id":3150,"url":"https:\/\/wpglozin.com\/furniture\/wp-content\/uploads\/sites\/4\/2025\/07\/h-urban-living-lookbook-img-1_1.webp","alt":"","source":"library","size":""},"items_1":[{"_id":"1fcb17f","product_items_ids":2680,"product_items_position_x":{"unit":"%","size":4,"sizes":[]},"product_items_position_y":{"unit":"%","size":59,"sizes":[]},"product_arrow_items_position":"left","product_content_items_position":"left"},{"_id":"d99ee3a","product_items_ids":2645,"product_items_position_x":{"unit":"%","size":55,"sizes":[]},"product_items_position_y":{"unit":"%","size":29,"sizes":[]}}],"items_2":[{"_id":"c61abbf","product_items_ids":2591,"product_items_position_x":{"unit":"%","size":51,"sizes":[]},"product_items_position_y":{"unit":"%","size":41,"sizes":[]},"product_items_position_y_mobile":{"unit":"px","size":16,"sizes":[]}},{"_id":"2f6c18c","product_items_ids":2636,"product_items_position_x":{"unit":"%","size":60,"sizes":[]},"product_items_position_y":{"unit":"%","size":48,"sizes":[]},"product_items_position_y_mobile":{"unit":"px","size":71,"sizes":[]}}],"items_3":[{"_id":"7ed3146","product_items_ids":2629,"product_items_position_x":{"unit":"%","size":41,"sizes":[]},"product_items_position_y":{"unit":"%","size":14,"sizes":[]}},{"_id":"e81c178","product_items_ids":2608,"product_items_position_x":{"unit":"%","size":81,"sizes":[]},"product_items_position_y":{"unit":"%","size":51,"sizes":[]},"product_content_items_position":"right","product_arrow_items_position":"right"}],"items_4":[],"aspect_ratio_type":"custom","aspect_ratio":"192:70","image_2":{"id":3154,"url":"https:\/\/wpglozin.com\/furniture\/wp-content\/uploads\/sites\/4\/2025\/07\/h-urban-living-lookbook-img-2_1.webp","alt":"","source":"library","size":""},"image_3":{"id":3155,"url":"https:\/\/wpglozin.com\/furniture\/wp-content\/uploads\/sites\/4\/2025\/07\/h-urban-living-lookbook-img-3.webp","alt":"","source":"library","size":""},"image_spacing_custom":30,"navigation_classes_tablet":"dots","aspect_ratio_type_mobile":"custom","aspect_ratio_mobile":"192:120"},"elements":[],"isInner":false,"widgetType":"glozin-lookbook-carousel","elType":"widget"}],"isInner":false,"elType":"container"},{"id":"53876341","settings":{"flex_gap":{"column":"10","row":"10","isLinked":true,"unit":"px","size":10},"margin":{"unit":"px","top":"0","right":"0","bottom":"83","left":"0","isLinked":false},"margin_mobile":{"unit":"px","top":"0","right":"0","bottom":"57","left":"0","isLinked":false}},"elements":[{"id":"1d999402","settings":{"title":"Best Selling","align":"center","typography_typography":"custom","typography_letter_spacing":{"unit":"em","size":-0.034,"sizes":[]},"typography_letter_spacing_tablet":{"unit":"em","size":"","sizes":[]},"typography_letter_spacing_mobile":{"unit":"em","size":"","sizes":[]}},"elements":[],"isInner":false,"widgetType":"glozin-heading","elType":"widget"},{"id":"3b953bc6","settings":{"title":"Unmatched design\u2014superior performance and customer satisfaction in one.","title_size":"div","align":"center","_padding":{"unit":"px","top":"0","right":"0","bottom":"33","left":"0","isLinked":false},"_padding_tablet":{"unit":"px","top":"0","right":"0","bottom":"23","left":"0","isLinked":false}},"elements":[],"isInner":false,"widgetType":"glozin-heading","elType":"widget"},{"id":"2ba8285a","settings":{"type":"recent_products","slides_to_show_tablet":3,"slides_to_show_mobile":2,"slides_to_scroll_mobile":2,"image_spacing_custom_mobile":15,"navigation_classes_mobile":"dots","alignment":"center","limit":6,"slides_to_show":3,"image_spacing_custom":20,"marquee_image":{"id":2748,"url":"https:\/\/wpglozin.com\/furniture\/wp-content\/uploads\/sites\/4\/2025\/04\/woocommerce-placeholder-1.webp"},"ids":"2588,2594,2591,2600,2597,2608","navigation_classes_tablet":"dots"},"elements":[],"isInner":false,"widgetType":"glozin-products-carousel","elType":"widget"}],"isInner":false,"elType":"container"},{"id":"74a766c","settings":{"flex_direction":"row","flex_gap":{"column":"20","row":"20","isLinked":true,"unit":"px","size":20},"flex_gap_tablet":{"column":"15","row":"15","isLinked":true,"unit":"px","size":15},"margin_mobile":{"unit":"px","top":"0","right":"0","bottom":"50","left":"0","isLinked":false},"content_width":"full","padding":{"unit":"px","top":"0","right":"30","bottom":"0","left":"30","isLinked":false},"padding_tablet":{"unit":"px","top":"0","right":"15","bottom":"0","left":"15","isLinked":false},"margin":{"unit":"px","top":"0","right":"0","bottom":"80","left":"0","isLinked":false}},"elements":[{"id":"3c1f64dc","settings":{"content_width":"full"},"elements":[{"id":"7a929913","settings":{"title":"Side Tables Collection","button_text":"Shop Collection","image":{"id":2758,"url":"https:\/\/wpglozin.com\/furniture\/wp-content\/uploads\/sites\/4\/2025\/04\/h-urban-living-lookbook-banner-1.webp","alt":"","source":"library","size":""},"sub_title":"BY SILO\u2014COPENHAGEN","height_tablet":{"unit":"px","size":375,"sizes":[]},"height_mobile":{"unit":"px","size":242,"sizes":[]},"button_min_width_mobile":{"unit":"px","size":180,"sizes":[]},"vertical_position":"middle","sub_title_margin":{"unit":"px","top":"0","right":"0","bottom":"11","left":"0","isLinked":false},"title_margin":{"unit":"px","top":"0","right":"0","bottom":"19","left":"0","isLinked":false},"aspect_ratio_type":"custom","aspect_ratio":"913:645","button_link":{"url":"#","is_external":"","nofollow":"","custom_attributes":""},"youtube_url":"https:\/\/www.youtube.com\/watch?v=XHOmBV4js_E","vimeo_url":"https:\/\/vimeo.com\/235215203","title_typography_typography":"custom","title_typography_letter_spacing":{"unit":"em","size":-0.034,"sizes":[]},"title_typography_letter_spacing_tablet":{"unit":"em","size":"","sizes":[]},"title_typography_letter_spacing_mobile":{"unit":"em","size":"","sizes":[]},"button_min_width":{"unit":"px","size":200,"sizes":[]}},"elements":[],"isInner":false,"widgetType":"glozin-banner","elType":"widget"}],"isInner":true,"elType":"container"},{"id":"6351307f","settings":{"content_width":"full"},"elements":[{"id":"5fef6448","settings":{"title":"Table Lamp Collection","button_text":"Shop Collection","image":{"id":2759,"url":"https:\/\/wpglozin.com\/furniture\/wp-content\/uploads\/sites\/4\/2025\/04\/h-urban-living-lookbook-banner-2.webp","alt":"","source":"library","size":""},"sub_title":"BY SILO\u2014COPENHAGEN","height_tablet":{"unit":"px","size":375,"sizes":[]},"height_mobile":{"unit":"px","size":242,"sizes":[]},"button_min_width_mobile":{"unit":"px","size":180,"sizes":[]},"vertical_position":"middle","sub_title_margin":{"unit":"px","top":"0","right":"0","bottom":"11","left":"0","isLinked":false},"title_margin":{"unit":"px","top":"0","right":"0","bottom":"19","left":"0","isLinked":false},"aspect_ratio_type":"custom","aspect_ratio":"913:645","button_link":{"url":"#","is_external":"","nofollow":"","custom_attributes":""},"youtube_url":"https:\/\/www.youtube.com\/watch?v=XHOmBV4js_E","vimeo_url":"https:\/\/vimeo.com\/235215203","title_typography_typography":"custom","title_typography_letter_spacing":{"unit":"em","size":-0.034,"sizes":[]},"title_typography_letter_spacing_tablet":{"unit":"em","size":"","sizes":[]},"title_typography_letter_spacing_mobile":{"unit":"em","size":"","sizes":[]},"button_min_width":{"unit":"px","size":200,"sizes":[]}},"elements":[],"isInner":false,"widgetType":"glozin-banner","elType":"widget"}],"isInner":true,"elType":"container"}],"isInner":false,"elType":"container"},{"id":"36908f0","settings":{"flex_gap":{"column":"10","row":"10","isLinked":true,"unit":"px","size":10},"margin":{"unit":"px","top":"0","right":"0","bottom":"80","left":"0","isLinked":false},"margin_mobile":{"unit":"px","top":"0","right":"0","bottom":"55","left":"0","isLinked":false}},"elements":[{"id":"62d27aa0","settings":{"title":"Customer Say!","align":"center","typography_typography":"custom","typography_letter_spacing":{"unit":"em","size":-0.034,"sizes":[]},"typography_letter_spacing_tablet":{"unit":"em","size":"","sizes":[]},"typography_letter_spacing_mobile":{"unit":"em","size":"","sizes":[]}},"elements":[],"isInner":false,"widgetType":"glozin-heading","elType":"widget"},{"id":"74f2ccd2","settings":{"title":"Customers love our products and we always strive to please them all.","title_size":"div","align":"center","_padding":{"unit":"px","top":"0","right":"0","bottom":"33","left":"0","isLinked":false},"_padding_tablet":{"unit":"px","top":"0","right":"0","bottom":"23","left":"0","isLinked":false}},"elements":[],"isInner":false,"widgetType":"glozin-heading","elType":"widget"},{"id":"5ad65339","settings":{"testimonials":[{"testimonial_name":"Carie-Gos\u00e9e H.","_id":"b8d95de","image":{"id":2766,"url":"https:\/\/wpglozin.com\/furniture\/wp-content\/uploads\/sites\/4\/2025\/04\/h-urban-living-test-1.webp","alt":"","source":"library","size":""},"testimonial_title":"Our customers reviews","testimonial_content":"These are sooo pretty and very comfy. Perfect color as well. I love wearing these with a neutral top and Chelsea boots. Wicked cute...\ud83d\ude0d","testimonial_text":"Verified Buyer","testimonial_product_id":2664,"youtube_url":"https:\/\/www.youtube.com\/watch?v=XHOmBV4js_E","vimeo_url":"https:\/\/vimeo.com\/235215203"},{"testimonial_name":"Cameron Smith","_id":"dc164a9","image":{"url":"","id":"","size":"","alt":"","source":"library"},"testimonial_title":"Our customers reviews","testimonial_content":"These are sooo pretty and very comfy. Perfect color as well. I love wearing these with a neutral top and Chelsea boots. Wicked cute...\ud83d\ude0d","testimonial_text":"Verified Buyer","testimonial_product_id":2591,"source":"video","video":{"url":"http:\/\/localhost\/glozin\/wp-content\/uploads\/2025\/04\/md-test-2.mp4","id":761,"size":"","alt":"","source":"library"},"youtube_url":"https:\/\/www.youtube.com\/watch?v=XHOmBV4js_E","vimeo_url":"https:\/\/vimeo.com\/235215203","media_url":{"id":"","url":"https:\/\/wpglozin.com\/furniture\/wp-content\/plugins\/elementor\/assets\/images\/placeholder.png"},"video_source":"hosted","hosted_url":"https:\/\/glozin-demo.myshopify.com\/cdn\/shop\/videos\/c\/vp\/e6b4a9753e354622a7d30ff91e83eed1\/e6b4a9753e354622a7d30ff91e83eed1.SD-480p-1.5Mbps-30102141.mp4","poster_url":{"url":"https:\/\/wpglozin.com\/furniture\/wp-content\/uploads\/sites\/4\/2025\/04\/h-urban-living-test-4.webp","id":2807,"size":"","alt":"","source":"library"}},{"testimonial_name":"Susan Gibson.","_id":"756f522","image":{"id":2767,"url":"https:\/\/wpglozin.com\/furniture\/wp-content\/uploads\/sites\/4\/2025\/04\/h-urban-living-test-2.webp","alt":"","source":"library","size":""},"testimonial_title":"Our customers reviews","testimonial_content":"These are sooo pretty and very comfy. Perfect color as well. I love wearing these with a neutral top and Chelsea boots. Wicked cute...\ud83d\ude0d","testimonial_text":"Verified Buyer","testimonial_product_id":2588,"youtube_url":"https:\/\/www.youtube.com\/watch?v=XHOmBV4js_E","vimeo_url":"https:\/\/vimeo.com\/235215203"},{"testimonial_name":"Algistino Linonel","image":{"id":2768,"url":"https:\/\/wpglozin.com\/furniture\/wp-content\/uploads\/sites\/4\/2025\/04\/h-urban-living-test-3.webp","alt":"","source":"library","size":""},"testimonial_title":"Our customers reviews","testimonial_content":"These are sooo pretty and very comfy. Perfect color as well. I love wearing these with a neutral top and Chelsea boots. Wicked cute...\ud83d\ude0d","testimonial_text":"C\u00e9lodie F.","testimonial_product_id":2608,"youtube_url":"https:\/\/www.youtube.com\/watch?v=XHOmBV4js_E","vimeo_url":"https:\/\/vimeo.com\/235215203","_id":"42cb420"}],"item_border_radius":{"unit":"px","top":"10","right":"10","bottom":"10","left":"10","isLinked":true},"slides_to_show_tablet":2,"slides_to_show_mobile":1,"navigation_classes_mobile":"dots","name_typography_font_size":{"unit":"px","size":2,"sizes":[]},"infinite":"yes","slides_to_show":3,"testimonial_display":"stacked","text_typography_typography":"custom","text_typography_font_style":"italic","image_spacing_custom":20,"aspect_ratio_type":"custom","aspect_ratio":"457:250","navigation_classes_tablet":"dots"},"elements":[],"isInner":false,"widgetType":"glozin-testimonial-carousel","elType":"widget"}],"isInner":false,"elType":"container"},{"id":"60a64774","settings":{"flex_gap":{"column":"10","row":"10","isLinked":true,"unit":"px","size":10},"padding":{"unit":"px","top":"0","right":"30","bottom":"0","left":"30","isLinked":false},"content_width":"full","background_background":"classic","padding_tablet":{"unit":"px","top":"0","right":"15","bottom":"0","left":"15","isLinked":false}},"elements":[{"id":"fd6ccec","settings":{"content_width":"full","flex_gap":{"column":"10","row":"10","isLinked":true,"unit":"px","size":10},"background_background":"classic","background_color":"#55625C","border_radius":{"unit":"px","top":"10","right":"10","bottom":"10","left":"10","isLinked":true},"padding":{"unit":"px","top":"70","right":"0","bottom":"70","left":"0","isLinked":false},"padding_mobile":{"unit":"px","top":"50","right":"30","bottom":"50","left":"30","isLinked":false}},"elements":[{"id":"4608bab6","settings":{"title":"Sign Up\u2014Big Save!","align":"center","title_color":"#FFFFFF","typography_typography":"custom","typography_letter_spacing":{"unit":"em","size":-0.034,"sizes":[]},"typography_letter_spacing_tablet":{"unit":"em","size":"","sizes":[]},"typography_letter_spacing_mobile":{"unit":"em","size":"","sizes":[]}},"elements":[],"isInner":false,"widgetType":"glozin-heading","elType":"widget"},{"id":"3c67d4d1","settings":{"title":"Sign up for 10% off your first purchase and free shipping. Updates information<br\/>\non Sales and Offers.","title_size":"div","align":"center","_padding":{"unit":"px","top":"0","right":"0","bottom":"20","left":"0","isLinked":false},"title_color":"#CBCBCB"},"elements":[],"isInner":false,"widgetType":"glozin-heading","elType":"widget"},{"id":"3e2389e0","settings":{"form":"721","form_type":"row","alignments":"center","input_width":{"unit":"px","size":430,"sizes":[]},"input_color":"#CBCBCB","input_bgcolor":"#55625C","input_bordercolor":"#8D9C95","input_hover_bordercolor":"#FFFFFF","button_color":"#111111","button_bgcolor":"#FFFFFF","button_bordercolor":"#FFFFFF","button_hover_color":"#111111","button_hover_bgcolor":"#FFFFFF","button_hover_bordercolor":"#FFFFFF","input_typography_typography":"custom","input_typography_font_size":{"unit":"px","size":14,"sizes":[]},"content_gap_mobile":{"unit":"px","size":20,"sizes":[]}},"elements":[],"isInner":false,"widgetType":"glozin-subscribe-box","elType":"widget"},{"id":"73132a43","settings":{"editor":"<p>Your personal data will be used to support your experience throughout this website, and for<br \/>other purposes described in our <a class=\"fw-semibold text-light underline-animate\" style=\"color: #fff;\" href=\"#\">Privacy Policy.<\/a><\/p>","align":"center","typography_typography":"custom","typography_font_size":{"unit":"px","size":12,"sizes":[]},"typography_font_weight":"400","paragraph_spacing":{"unit":"px","size":0,"sizes":[]},"text_color":"#CBCBCB","_padding":{"unit":"px","top":"3","right":"0","bottom":"0","left":"0","isLinked":false}},"elements":[],"isInner":false,"widgetType":"text-editor","elType":"widget"}],"isInner":true,"elType":"container"}],"isInner":false,"elType":"container"}],"page_settings":{"hide_page_header":"yes","page_header_top_padding":{"unit":"px","size":0,"sizes":[]},"content_top_spacing":"custom","content_top_padding":{"unit":"px","size":0,"sizes":[]},"content_bottom_spacing":"custom","content_bottom_padding":{"unit":"px","size":0,"sizes":[]},"hide_header_border":"yes","hide_footer_border":"yes"},"version":"0.4","title":"Home Urban Living","type":"page"}