{"content":[{"id":"625e685c","settings":{"content_width":"full","margin":{"unit":"px","top":"0","right":"0","bottom":"80","left":"0","isLinked":false},"margin_mobile":{"unit":"px","top":"0","right":"0","bottom":"50","left":"0","isLinked":false},"margin_tablet":{"unit":"px","top":"0","right":"0","bottom":"80","left":"0","isLinked":false}},"elements":[{"id":"4ad46968","settings":{"slides":[{"title":"Online Exclusive","button_text":"Shop Collection","_id":"2c33a2b","before_title":"SAVE 30%\u201450% TOP","banner_background_img":{"id":2426,"url":"https:\/\/wpglozin.com\/fashion\/wp-content\/uploads\/sites\/2\/2025\/04\/h-elegant-style-slide-1-scaled.webp","alt":"","source":"library","size":""},"background_position_mobile":"initial","background_position":"center center","background_position_x_mobile":{"unit":"%","size":86,"sizes":[]},"background_position_y_mobile":{"unit":"%","size":100,"sizes":[]},"banner_background_img_mobile":{"url":"https:\/\/wpglozin.com\/fashion\/wp-content\/uploads\/sites\/2\/2025\/04\/h-elegant-style-slide-mobile-1.webp","id":2428,"size":"","alt":"","source":"library"},"button_link":{"url":"#","is_external":"","nofollow":"","custom_attributes":""}},{"title":"Season Collection","button_text":"Shop Collection","_id":"3ee2046","before_title":"WEEK'S HIGHLIGHTS","banner_background_img":{"id":2425,"url":"https:\/\/wpglozin.com\/fashion\/wp-content\/uploads\/sites\/2\/2025\/04\/h-elegant-style-slide-2-scaled.webp","alt":"","source":"library","size":""},"background_position_mobile":"initial","background_position":"center center","background_position_x_mobile":{"unit":"%","size":86,"sizes":[]},"background_position_y_mobile":{"unit":"%","size":100,"sizes":[]},"banner_background_img_mobile":{"url":"https:\/\/wpglozin.com\/fashion\/wp-content\/uploads\/sites\/2\/2025\/04\/h-elegant-style-slide-mobile-2.webp","id":2429,"size":"","alt":"","source":"library"},"button_link":{"url":"#","is_external":"","nofollow":"","custom_attributes":""}},{"title":"T-Shirt Collection","button_text":"Shop Collection","_id":"de0d679","before_title":"THE HOLIDAY SHOPING!","banner_background_img":{"id":2427,"url":"https:\/\/wpglozin.com\/fashion\/wp-content\/uploads\/sites\/2\/2025\/04\/h-elegant-style-slide-3-scaled.webp","alt":"","source":"library","size":""},"background_position_mobile":"initial","background_position":"center center","background_position_x_mobile":{"unit":"%","size":86,"sizes":[]},"background_position_y_mobile":{"unit":"%","size":100,"sizes":[]},"banner_background_img_mobile":{"url":"https:\/\/wpglozin.com\/fashion\/wp-content\/uploads\/sites\/2\/2025\/04\/h-elegant-style-slide-mobile-3.webp","id":2430,"size":"","alt":"","source":"library"},"button_link":{"url":"#","is_external":"","nofollow":"","custom_attributes":""}}],"slides_height":{"unit":"px","size":727,"sizes":[]},"slides_height_tablet":{"unit":"px","size":655,"sizes":[]},"slides_height_mobile":{"unit":"px","size":472,"sizes":[]},"navigation_classes_tablet":"dots","slides_horizontal_position_mobile":"center","slides_text_align_mobile":"center","slides_content_padding":{"unit":"px","top":"60","right":"30","bottom":"60","left":"30","isLinked":false},"slides_content_padding_tablet":{"unit":"px","top":"80","right":"15","bottom":"80","left":"15","isLinked":false},"slides_content_padding_mobile":{"unit":"px","top":"38","right":"15","bottom":"38","left":"15","isLinked":false},"title_color":"#FFFFFF","title_typography_typography":"custom","title_typography_font_size":{"unit":"px","size":70,"sizes":[]},"title_typography_font_size_tablet":{"unit":"px","size":49,"sizes":[]},"title_typography_font_size_mobile":{"unit":"px","size":45,"sizes":[]},"title_typography_font_weight":"600","title_typography_line_height_tablet":{"unit":"custom","size":"","sizes":[]},"title_typography_line_height_mobile":{"unit":"px","size":36,"sizes":[]},"title_typography_letter_spacing":{"unit":"em","size":-0.034,"sizes":[]},"title_spacing":{"unit":"px","size":30,"sizes":[]},"before_title_color":"#FFFFFF","before_title_typography_typography":"custom","before_title_typography_font_weight":"500","before_title_typography_text_transform":"capitalize","before_title_typography_line_height_tablet":{"unit":"custom","size":"","sizes":[]},"before_title_typography_line_height_mobile":{"unit":"custom","size":"","sizes":[]},"before_title_spacing":{"unit":"px","size":7,"sizes":[]},"button_typography_typography":"custom","button_typography_font_size":{"unit":"px","size":15,"sizes":[]},"button_typography_font_weight":"600","dots_spacing_tablet":{"unit":"px","size":20,"sizes":[]},"dots_spacing_mobile":{"unit":"px","size":15,"sizes":[]},"navigation_classes":"dots","slides_border_radius":{"unit":"px","top":"0","right":"0","bottom":"0","left":"0","isLinked":true},"before_title_typography_font_size":{"unit":"px","size":13,"sizes":[]},"button_style":"light","dot_item_color":"#FFFFFF","dot_item_active_color":"#FFFFFF","title_typography_letter_spacing_mobile":{"unit":"px","size":-1.3056,"sizes":[]},"title_spacing_mobile":{"unit":"px","size":40,"sizes":[]},"description_color":"#FFFFFF","description_typography_typography":"custom","description_typography_font_size":{"unit":"px","size":16,"sizes":[]},"description_spacing":{"unit":"px","size":40,"sizes":[]},"aspect_ratio_type":"custom","aspect_ratio":"192:85","aspect_ratio_mobile_type":"custom","aspect_ratio_mobile":"64:85","slides_horizontal_position":"center","slides_vertical_position":"middle","slides_text_align":"center","slides_content_border_radius":{"unit":"px","top":"0","right":"0","bottom":"0","left":"0","isLinked":true},"before_title_spacing_mobile":{"unit":"px","size":16,"sizes":[]},"title_typography_letter_spacing_tablet":{"unit":"em","size":"","sizes":[]},"effect":"fade","autoplay":"yes","autoplay_speed":10000,"button_min_width":{"unit":"px","size":200,"sizes":[]},"button_min_width_mobile":{"unit":"px","size":180,"sizes":[]},"aspect_ratio_type_mobile":"vertical"},"elements":[],"isInner":false,"widgetType":"glozin-slides","elType":"widget"}],"isInner":false,"elType":"container"},{"id":"5ac6363a","settings":{"boxed_width":{"unit":"px","size":1170,"sizes":[]},"margin":{"unit":"px","top":"0","right":"0","bottom":"82","left":"0","isLinked":false},"margin_tablet":{"unit":"px","top":"0","right":"0","bottom":"42","left":"0","isLinked":false},"margin_mobile":{"unit":"px","top":"0","right":"0","bottom":"50","left":"0","isLinked":false}},"elements":[{"id":"3bccb152","settings":{"icons_box":[{"icon":{"value":{"url":"https:\/\/wpglozin.com\/fashion\/wp-content\/uploads\/sites\/2\/2025\/04\/shipping.svg","id":1903},"library":"svg"},"title":"Free Shipping","description":"Enjoy free worldwide shipping and returns, with<br class=\"d-none d-block-xl\"\/> customs and duties taxes included.","_id":"3e74bd4","title_size":"h6","image":{"id":"","url":"https:\/\/wpglozin.com\/fashion\/wp-content\/plugins\/elementor\/assets\/images\/placeholder.png"}},{"icon":{"value":{"url":"https:\/\/wpglozin.com\/fashion\/wp-content\/uploads\/sites\/2\/2025\/04\/return.svg","id":1902},"library":"svg"},"title":"Free Returns","description":"Free returns within 15 days, please make sure the<br class=\"d-none d-block-xl\"\/> items are in undamaged condition.","_id":"50f8ad0","title_size":"h6","image":{"id":"","url":"https:\/\/wpglozin.com\/fashion\/wp-content\/plugins\/elementor\/assets\/images\/placeholder.png"}},{"icon":{"value":{"url":"https:\/\/wpglozin.com\/fashion\/wp-content\/uploads\/sites\/2\/2025\/04\/support.svg","id":1904},"library":"svg"},"title":"Support Online","description":"We support customers 24\/7, send questions we will<br class=\"d-none d-block-xl\"\/> solve for you immediately.","title_size":"h6","image":{"id":"","url":"https:\/\/wpglozin.com\/fashion\/wp-content\/plugins\/elementor\/assets\/images\/placeholder.png"},"_id":"0918d8f"}],"slides_to_show_mobile":1,"navigation_classes":"none","navigation_classes_mobile":"dots","icon_size":{"unit":"px","size":32,"sizes":[]},"slides_to_show_tablet":3,"navigation_classes_tablet":"dots","alignment":"center","title_spacing":{"unit":"px","size":10,"sizes":[]},"vertical_alignment":"middle","icon_border_color":"#EBEBEB","border_radius":{"unit":"%","top":"","right":"","bottom":"","left":"","isLinked":true},"icon_spacing":{"unit":"px","size":14,"sizes":[]},"title_size":"h2"},"elements":[],"isInner":false,"widgetType":"glozin-icon-box-carousel","elType":"widget"}],"isInner":false,"elType":"container"},{"id":"5f2e5918","settings":{"flex_direction":"row","flex_gap":{"unit":"px","size":30,"column":"30","row":"30","isLinked":true},"boxed_width":{"unit":"px","size":1170,"sizes":[]},"margin":{"unit":"px","top":"0","right":"0","bottom":"80","left":"0","isLinked":false},"margin_mobile":{"unit":"px","top":"0","right":"0","bottom":"50","left":"0","isLinked":false}},"elements":[{"id":"5543db7","settings":{"flex_direction":"column","content_width":"full","width":{"unit":"%","size":23.5},"hide_tablet":"hidden-tablet","hide_mobile":"hidden-mobile"},"elements":[{"id":"538b3727","settings":{"image":{"url":"https:\/\/wpglozin.com\/fashion\/wp-content\/uploads\/sites\/2\/2025\/04\/h-elegant-style-img.webp","id":2431,"size":"","alt":"","source":"library"},"youtube_url":"https:\/\/www.youtube.com\/watch?v=XHOmBV4js_E","vimeo_url":"https:\/\/vimeo.com\/235215203","aspect_ratio_type":"custom","aspect_ratio":"67:120","title":"","button_text":"","button_link":{"url":"#","is_external":"","nofollow":"","custom_attributes":""},"button_link_type":"slide"},"elements":[],"isInner":false,"widgetType":"glozin-banner","elType":"widget"}],"isInner":true,"elType":"container"},{"id":"5998b2eb","settings":{"flex_direction":"column","content_width":"full","width":{"unit":"%","size":76.5},"width_tablet":{"unit":"%","size":100,"sizes":[]},"width_mobile":{"unit":"%","size":"","sizes":[]}},"elements":[{"id":"2f4fdcd5","settings":{"limit":6,"navigation_classes_mobile":"dots","slides_to_show_tablet":3,"slides_to_show_mobile":2,"slides_to_scroll_tablet":1,"image_spacing_custom_mobile":15,"navigation_classes_tablet":"dots","dots_spacing_mobile":{"unit":"px","size":20,"sizes":[]},"slides_to_show":3,"marquee_image":{"id":2416,"url":"https:\/\/wpglozin.com\/fashion\/wp-content\/uploads\/sites\/2\/2025\/04\/woocommerce-placeholder-700x933-1.webp"},"type":"recent_products","ids":"298,318,327,298,229,267"},"elements":[],"isInner":false,"widgetType":"glozin-products-carousel","elType":"widget"}],"isInner":true,"elType":"container"}],"isInner":false,"elType":"container"},{"id":"15c3814a","settings":{"flex_gap":{"column":"10","row":"10","isLinked":true,"unit":"px","size":10},"boxed_width":{"unit":"px","size":1170,"sizes":[]},"margin":{"unit":"px","top":"0","right":"0","bottom":"80","left":"0","isLinked":false},"margin_mobile":{"unit":"px","top":"0","right":"0","bottom":"50","left":"0","isLinked":false}},"elements":[{"id":"57b6b5d9","settings":{"content_width":"full","min_height":{"unit":"px","size":500,"sizes":[]},"flex_justify_content":"center","flex_align_items":"center","flex_gap":{"column":"9","row":"9","isLinked":true,"unit":"px","size":9},"background_background":"video","background_image":{"id":"","url":"https:\/\/wpglozin.com\/fashion\/wp-content\/plugins\/elementor\/assets\/images\/placeholder.png"},"background_video_link":"https:\/\/glozin-demo.myshopify.com\/cdn\/shop\/videos\/c\/vp\/667ddf01f2c9444999fff66403b9858f\/667ddf01f2c9444999fff66403b9858f.HD-1080p-7.2Mbps-29882543.mp4","border_radius":{"unit":"px","top":"10","right":"10","bottom":"10","left":"10","isLinked":true},"padding":{"unit":"px","top":"50","right":"50","bottom":"50","left":"50","isLinked":true},"min_height_tablet":{"unit":"px","size":360,"sizes":[]},"background_play_on_mobile":"yes","padding_mobile":{"unit":"px","top":"10","right":"10","bottom":"10","left":"10","isLinked":true},"background_video_fallback":{"url":"https:\/\/wpglozin.com\/fashion\/wp-content\/uploads\/sites\/2\/2025\/04\/promo_sale.webp","id":2308,"size":"","alt":"","source":"library"},"background_overlay_background":"classic","background_overlay_opacity":{"unit":"px","size":0.2,"sizes":[]}},"elements":[{"id":"1a61878a","settings":{"title":"One-Time Only","align":"center","typography_typography":"custom","typography_letter_spacing":{"unit":"em","size":-0.034,"sizes":[]},"title_color":"#FFFFFF","typography_letter_spacing_tablet":{"unit":"em","size":"","sizes":[]},"typography_letter_spacing_mobile":{"unit":"em","size":"","sizes":[]}},"elements":[],"isInner":false,"widgetType":"glozin-heading","elType":"widget"},{"id":"1de66d54","settings":{"title":"Explore our latest considered collection for the new season.","title_size":"div","align":"center","_padding":{"unit":"px","top":"0","right":"0","bottom":"30","left":"0","isLinked":false},"title_color":"#FFFFFF"},"elements":[],"isInner":false,"widgetType":"glozin-heading","elType":"widget"},{"id":"57acbdf9","settings":{"form_align":"center","timer_color":"#FFFFFF","timer_gap_tablet":{"unit":"px","size":18,"sizes":[]},"timer_width_tablet":{"unit":"px","size":0,"sizes":[]},"digit_typography_typography":"custom","digit_typography_font_size_tablet":{"unit":"px","size":26,"sizes":[]},"text_typography_typography":"custom","text_typography_font_size_tablet":{"unit":"px","size":14,"sizes":[]},"divider_spacing_tablet":{"unit":"px","size":17,"sizes":[]}},"elements":[],"isInner":false,"widgetType":"glozin-countdown","elType":"widget"},{"id":"4e86f69","settings":{"button_text":"Shop Sale","align":"center","button_style":"light","_margin":{"unit":"px","top":"35","right":"0","bottom":"0","left":"0","isLinked":false},"_margin_tablet":{"unit":"px","top":"20","right":"0","bottom":"0","left":"0","isLinked":false},"button_link":{"url":"#","is_external":"","nofollow":"","custom_attributes":""},"button_min_width":{"unit":"px","size":180,"sizes":[]},"button_min_width_mobile":{"unit":"px","size":180,"sizes":[]}},"elements":[],"isInner":false,"widgetType":"glozin-button","elType":"widget"}],"isInner":true,"elType":"container"}],"isInner":false,"elType":"container"},{"id":"d847834","settings":{"flex_direction":"row","flex_gap":{"unit":"px","size":30,"column":"30","row":"30","isLinked":true},"boxed_width":{"unit":"px","size":1170,"sizes":[]},"margin":{"unit":"px","top":"0","right":"0","bottom":"80","left":"0","isLinked":false},"margin_mobile":{"unit":"px","top":"0","right":"0","bottom":"50","left":"0","isLinked":false}},"elements":[{"id":"2eebf922","settings":{"flex_direction":"column","content_width":"full","width":{"unit":"%","size":76.5},"width_tablet":{"unit":"%","size":100,"sizes":[]},"width_mobile":{"unit":"%","size":"","sizes":[]}},"elements":[{"id":"42a8234","settings":{"limit":6,"navigation_classes_mobile":"dots","slides_to_show_tablet":3,"slides_to_show_mobile":2,"slides_to_scroll_tablet":1,"image_spacing_custom_mobile":15,"navigation_classes_tablet":"dots","dots_spacing_mobile":{"unit":"px","size":20,"sizes":[]},"slides_to_show":3,"marquee_image":{"id":2417,"url":"https:\/\/wpglozin.com\/fashion\/wp-content\/uploads\/sites\/2\/2025\/04\/woocommerce-placeholder-700x933-2.webp"},"type":"recent_products","ids":"274,267,281,267,1073,308"},"elements":[],"isInner":false,"widgetType":"glozin-products-carousel","elType":"widget"}],"isInner":true,"elType":"container"},{"id":"3d992e8","settings":{"flex_direction":"column","content_width":"full","width":{"unit":"%","size":23.5},"hide_tablet":"hidden-tablet","hide_mobile":"hidden-mobile"},"elements":[{"id":"28d4198d","settings":{"image":{"url":"https:\/\/wpglozin.com\/fashion\/wp-content\/uploads\/sites\/2\/2025\/04\/h-elegant-style-img-2.webp","id":2432,"size":"","alt":"","source":"library"},"youtube_url":"https:\/\/www.youtube.com\/watch?v=XHOmBV4js_E","vimeo_url":"https:\/\/vimeo.com\/235215203","aspect_ratio_type":"custom","aspect_ratio":"67:120","title":"","button_text":"","button_link":{"url":"#","is_external":"","nofollow":"","custom_attributes":""},"button_link_type":"slide"},"elements":[],"isInner":false,"widgetType":"glozin-banner","elType":"widget"}],"isInner":true,"elType":"container"}],"isInner":false,"elType":"container"},{"id":"5eb10d61","settings":{"flex_gap":{"column":"10","row":"10","isLinked":true,"unit":"px","size":10},"margin":{"unit":"px","top":"0","right":"0","bottom":"80","left":"0","isLinked":false},"margin_tablet":{"unit":"px","top":"0","right":"0","bottom":"45","left":"0","isLinked":false},"margin_mobile":{"unit":"px","top":"0","right":"0","bottom":"53","left":"0","isLinked":false},"boxed_width":{"unit":"px","size":1170,"sizes":[]}},"elements":[{"id":"edc6232","settings":{"title":"Top Collections","align":"center","typography_typography":"custom","typography_letter_spacing":{"unit":"em","size":-0.034,"sizes":[]},"typography_letter_spacing_tablet":{"unit":"em","size":"","sizes":[]},"typography_letter_spacing_mobile":{"unit":"em","size":"","sizes":[]}},"elements":[],"isInner":false,"widgetType":"glozin-heading","elType":"widget"},{"id":"7ea1cfc7","settings":{"title":"Express your style with our standout collection\u2014fashion meets sophistication.","title_size":"div","align":"center","_padding":{"unit":"px","top":"0","right":"0","bottom":"23","left":"0","isLinked":false},"_padding_tablet":{"unit":"px","top":"0","right":"0","bottom":"23","left":"0","isLinked":false}},"elements":[],"isInner":false,"widgetType":"glozin-heading","elType":"widget"},{"id":"75c9c2c6","settings":{"banners":[{"image":{"id":2439,"url":"https:\/\/wpglozin.com\/fashion\/wp-content\/uploads\/sites\/2\/2025\/04\/h-elegant-style-banner-1.webp","alt":"","source":"library","size":""},"button_text":"T-Shirts","button_link":{"url":"#","is_external":"","nofollow":"","custom_attributes":""},"_id":"d4ee86a","youtube_url":"https:\/\/www.youtube.com\/watch?v=XHOmBV4js_E","vimeo_url":"https:\/\/vimeo.com\/235215203","icon_type_image":{"id":2418,"url":"https:\/\/wpglozin.com\/fashion\/wp-content\/uploads\/sites\/2\/2025\/04\/placeholder.png"}},{"image":{"id":2440,"url":"https:\/\/wpglozin.com\/fashion\/wp-content\/uploads\/sites\/2\/2025\/04\/h-elegant-style-banner-2.webp","alt":"","source":"library","size":""},"button_text":"Pants","button_link":{"url":"#","is_external":"","nofollow":"","custom_attributes":""},"_id":"6f3537d","video_url":"https:\/\/glozin-demo.myshopify.com\/cdn\/shop\/videos\/c\/vp\/61d41b10f1fc4c76b8cc0e7159ea083b\/61d41b10f1fc4c76b8cc0e7159ea083b.HD-1080p-4.8Mbps-39901107.mp4","video_source":"hosted","hosted_url":"https:\/\/glozin-demo.myshopify.com\/cdn\/shop\/videos\/c\/vp\/61d41b10f1fc4c76b8cc0e7159ea083b\/61d41b10f1fc4c76b8cc0e7159ea083b.HD-1080p-4.8Mbps-39901107.mp4","youtube_url":"https:\/\/www.youtube.com\/watch?v=XHOmBV4js_E","vimeo_url":"https:\/\/vimeo.com\/235215203","icon_type_image":{"id":2419,"url":"https:\/\/wpglozin.com\/fashion\/wp-content\/uploads\/sites\/2\/2025\/04\/placeholder-1.png"}},{"image":{"id":2441,"url":"https:\/\/wpglozin.com\/fashion\/wp-content\/uploads\/sites\/2\/2025\/04\/h-elegant-style-banner-3.webp","alt":"","source":"library","size":""},"button_text":"Dress","button_link":{"url":"#","is_external":"","nofollow":"","custom_attributes":""},"_id":"6b9e3e4","youtube_url":"https:\/\/www.youtube.com\/watch?v=XHOmBV4js_E","vimeo_url":"https:\/\/vimeo.com\/235215203","icon_type_image":{"id":2420,"url":"https:\/\/wpglozin.com\/fashion\/wp-content\/uploads\/sites\/2\/2025\/04\/placeholder-2.png"}}],"navigation_classes":"none","banner_padding":{"unit":"px","top":"30","right":"15","bottom":"30","left":"15","isLinked":false},"aspect_ratio_type":"custom","aspect_ratio":"458:650","navigation_classes_tablet":"dots","navigation_classes_mobile":"dots","banner_padding_tablet":{"unit":"px","top":"40","right":"0","bottom":"40","left":"0","isLinked":false},"banner_padding_mobile":{"unit":"px","top":"30","right":"0","bottom":"30","left":"0","isLinked":false},"sub_title_typography_font_size":{"unit":"px","size":29,"sizes":[]},"title_typography_font_size":{"unit":"px","size":95,"sizes":[]},"button_min_width":{"unit":"px","size":200,"sizes":[]},"dots_spacing_mobile":{"unit":"px","size":25,"sizes":[]},"slides_to_show":3,"image_spacing_custom":30,"slides_to_show_tablet":3,"slides_to_show_mobile":2,"image_spacing_custom_mobile":15,"slidesperview_auto_mobile":"yes","button_min_width_mobile":{"unit":"px","size":180,"sizes":[]}},"elements":[],"isInner":false,"widgetType":"glozin-banner-carousel","elType":"widget"}],"isInner":false,"elType":"container"},{"id":"75f1840","settings":{"flex_gap":{"column":"10","row":"10","isLinked":true,"unit":"px","size":10},"margin":{"unit":"px","top":"0","right":"0","bottom":"86","left":"0","isLinked":false},"boxed_width":{"unit":"px","size":1170,"sizes":[]},"margin_mobile":{"unit":"px","top":"0","right":"0","bottom":"50","left":"0","isLinked":false}},"elements":[{"id":"7445ddcd","settings":{"title":"Hello! Everyday for Women's","align":"center","typography_typography":"custom","typography_letter_spacing":{"unit":"em","size":-0.034,"sizes":[]},"typography_letter_spacing_tablet":{"unit":"em","size":"","sizes":[]},"typography_letter_spacing_mobile":{"unit":"em","size":"","sizes":[]}},"elements":[],"isInner":false,"widgetType":"glozin-heading","elType":"widget"},{"id":"17b68511","settings":{"content":"<p>Discover a collection of timeless wardrobe essentials, seamlessly transitioning from work to weekend. Inspired by travel, our America-designed pieces prioritize sustainability with natural fibers and mindful practices. Explore a range of\u00a0<span style=\"text-decoration: underline;\"><strong>tops<\/strong><\/span>,\u00a0<span style=\"text-decoration: underline;\"><strong>bottoms<\/strong><\/span>,\u00a0<span style=\"text-decoration: underline;\"><strong>sweaters<\/strong><\/span>, and accessories in versatile styles, featuring high-quality materials like cotton, linen, tencel, and wool.<\/p><p>Each piece is crafted with meticulous attention to detail, ensuring a perfect blend of comfort and elegance. Our designs emphasize clean lines and sophisticated silhouettes, making them suitable for any occasion. Whether you\u2019re dressing up for a night out or keeping it casual, our collection offers endless styling possibilities. Embrace the essence of effortless chic with our thoughtfully designed wardrobe staples, and experience the harmony of style, quality, and sustainability. Join us in redefining modern fashion with a conscience.<\/p>","show":"See all Information","hide":"Hide less Information","max_width":{"unit":"%","size":67,"sizes":[]},"max_width_tablet":{"unit":"%","size":85,"sizes":[]},"max_width_mobile":{"unit":"%","size":100,"sizes":[]},"max_height_mobile":{"unit":"px","size":69,"sizes":[]},"button_typography_typography":"custom","button_typography_font_size":{"unit":"px","size":16,"sizes":[]},"button_typography_letter_spacing":{"unit":"px","size":0,"sizes":[]}},"elements":[],"isInner":false,"widgetType":"glozin-short-content","elType":"widget"}],"isInner":false,"elType":"container"},{"id":"2e2377a7","settings":{"boxed_width":{"unit":"px","size":1170,"sizes":[]},"margin":{"unit":"px","top":"0","right":"0","bottom":"83","left":"0","isLinked":false},"margin_mobile":{"unit":"px","top":"0","right":"0","bottom":"53","left":"0","isLinked":false}},"elements":[{"id":"78f94f6","settings":{"items":[{"image":{"id":2442,"url":"https:\/\/wpglozin.com\/fashion\/wp-content\/uploads\/sites\/2\/2025\/04\/h-elegant-style-brand-1.webp","alt":"","source":"library","size":""},"link":{"url":"","is_external":"","nofollow":"","custom_attributes":""},"_id":"dfb77a1"},{"image":{"id":2443,"url":"https:\/\/wpglozin.com\/fashion\/wp-content\/uploads\/sites\/2\/2025\/04\/h-elegant-style-brand-2.webp","alt":"","source":"library","size":""},"link":{"url":"","is_external":"","nofollow":"","custom_attributes":""},"_id":"581ac69"},{"image":{"id":2444,"url":"https:\/\/wpglozin.com\/fashion\/wp-content\/uploads\/sites\/2\/2025\/04\/h-elegant-style-brand-3.webp","alt":"","source":"library","size":""},"link":{"url":"","is_external":"","nofollow":"","custom_attributes":""},"_id":"be639e7"},{"image":{"id":2445,"url":"https:\/\/wpglozin.com\/fashion\/wp-content\/uploads\/sites\/2\/2025\/04\/h-elegant-style-brand-4.webp","alt":"","source":"library","size":""},"link":{"url":"","is_external":"","nofollow":"","custom_attributes":""},"_id":"ac462a9"},{"image":{"id":2446,"url":"https:\/\/wpglozin.com\/fashion\/wp-content\/uploads\/sites\/2\/2025\/04\/h-elegant-style-brand-5.webp","alt":"","source":"library","size":""},"link":{"url":"","is_external":"","nofollow":"","custom_attributes":""},"_id":"b826af5"}],"slides_to_show":5,"slides_to_show_tablet":3,"slides_to_show_mobile":2,"image_spacing_custom":30,"image_spacing_custom_mobile":0,"navigation_classes_tablet":"dots","navigation_classes_mobile":"dots","border_color":"#02010100"},"elements":[],"isInner":false,"widgetType":"glozin-image-carousel","elType":"widget"}],"isInner":false,"elType":"container"}],"page_settings":{"hide_page_header":"yes","content_top_spacing":"custom","content_top_padding":{"unit":"px","size":0,"sizes":[]},"content_bottom_spacing":"custom","content_bottom_padding":{"unit":"px","size":0,"sizes":[]}},"version":"0.4","title":"Home Elegant Style","type":"page"}