{"content":[{"id":"62a40bac","settings":{"flex_direction":"row","content_width":"full","flex_gap":{"column":"0","row":"0","isLinked":true,"unit":"px","size":0},"margin":{"unit":"px","top":"0","right":"0","bottom":"80","left":"0","isLinked":false},"margin_mobile":{"unit":"px","top":"0","right":"0","bottom":"50","left":"0","isLinked":false},"padding":{"unit":"px","top":"0","right":"30","bottom":"0","left":"30","isLinked":false},"padding_tablet":{"unit":"px","top":"0","right":"15","bottom":"0","left":"15","isLinked":false}},"elements":[{"id":"7438db65","settings":{"content_width":"full","flex_direction":"row","flex_direction_mobile":"column-reverse","flex_gap":{"column":"0","row":"0","isLinked":true,"unit":"px","size":0},"flex_wrap_tablet":"nowrap","overflow":"hidden","border_radius":{"unit":"px","top":"10","right":"10","bottom":"10","left":"10","isLinked":true}},"elements":[{"id":"7ab167ce","settings":{"content_width":"full","flex_direction":"column","background_background":"classic","background_image":{"url":"https:\/\/wpglozin.com\/socks\/wp-content\/uploads\/sites\/22\/2025\/07\/sock-bn-1-scaled-1.webp","id":3091,"size":"","alt":"","source":"library"},"background_position":"center center","background_size":"cover","flex_justify_content":"center","flex_align_items":"center","flex_align_items_tablet":"flex-start","flex_gap":{"column":"0","row":"0","isLinked":true,"unit":"px","size":0},"padding":{"unit":"px","top":"30","right":"30","bottom":"30","left":"30","isLinked":true},"padding_mobile":{"unit":"px","top":"30","right":"15","bottom":"30","left":"15","isLinked":false}},"elements":[{"id":"569228e","settings":{"title":"TODAY\u2014BLACK FRIDAY","title_size":"div","title_color":"#FFFFFF","typography_typography":"custom","typography_font_size":{"unit":"px","size":13,"sizes":[]},"typography_font_weight":"600","_margin":{"unit":"px","top":"0","right":"0","bottom":"15","left":"0","isLinked":false}},"elements":[],"isInner":false,"widgetType":"glozin-heading","elType":"widget"},{"id":"34035046","settings":{"title":"Save!<br class=\"d-none d-block-xl\"> 30-50%","align":"center","title_color":"#FFD403","typography_typography":"custom","typography_font_size":{"unit":"px","size":90,"sizes":[]},"typography_font_size_tablet":{"unit":"px","size":50,"sizes":[]},"typography_font_size_mobile":{"unit":"px","size":42,"sizes":[]},"typography_font_weight":"600","typography_line_height":{"unit":"em","size":1,"sizes":[]},"typography_line_height_tablet":{"unit":"px","size":"","sizes":[]},"typography_line_height_mobile":{"unit":"px","size":"","sizes":[]},"typography_letter_spacing":{"unit":"px","size":-3.06,"sizes":[]},"_margin":{"unit":"px","top":"0","right":"0","bottom":"10","left":"0","isLinked":false},"_margin_tablet":{"unit":"px","top":"0","right":"0","bottom":"10","left":"0","isLinked":false}},"elements":[],"isInner":false,"widgetType":"glozin-heading","elType":"widget"},{"id":"26febac9","settings":{"editor":"<p>Starting at $175. Hurry up! Do not miss...<\/p>","typography_typography":"custom","typography_font_size":{"unit":"px","size":16,"sizes":[]},"text_shadow_text_shadow_type":"yes","text_color":"#FFFFFF","_margin":{"unit":"px","top":"0","right":"0","bottom":"40","left":"0","isLinked":false},"_margin_mobile":{"unit":"px","top":"0","right":"0","bottom":"20","left":"0","isLinked":false}},"elements":[],"isInner":false,"widgetType":"text-editor","elType":"widget"},{"id":"67750af8","settings":{"button_text":"Shop Now","button_link":{"url":"https:\/\/wpglozin.com\/socks\/product-category\/kids-socks\/","is_external":"","nofollow":"","custom_attributes":""},"button_style":"light","button_min_width":{"unit":"px","size":180,"sizes":[]}},"elements":[],"isInner":false,"widgetType":"glozin-button","elType":"widget"}],"isInner":true,"elType":"container"},{"id":"220e51bd","settings":{"content_width":"full"},"elements":[{"id":"78383546","settings":{"image":{"url":"https:\/\/wpglozin.com\/socks\/wp-content\/uploads\/sites\/22\/2025\/07\/sock-bn-2-scaled-1.webp","id":3092,"size":"","alt":"","source":"library"},"height_tablet":{"unit":"%","size":100,"sizes":[]},"height_mobile":{"unit":"%","size":"","sizes":[]},"image_border_radius":{"unit":"px","top":"0","right":"0","bottom":"0","left":"0","isLinked":false}},"elements":[],"isInner":false,"widgetType":"glozin-widget-image","elType":"widget"}],"isInner":true,"elType":"container"}],"isInner":true,"elType":"container"}],"isInner":false,"elType":"container"},{"id":"658822c8","settings":{"flex_gap":{"column":"10","row":"10","isLinked":true,"unit":"px","size":10},"margin":{"unit":"px","top":"0","right":"0","bottom":"33","left":"0","isLinked":false}},"elements":[{"id":"1b2941c5","settings":{"title":"Best Selling","align":"center","typography_typography":"custom","typography_letter_spacing":{"unit":"px","size":-1.224,"sizes":[]}},"elements":[],"isInner":false,"widgetType":"glozin-heading","elType":"widget"},{"id":"109b2183","settings":{"title":"Unmatched design\u2014superior performance and customer satisfaction in one.","title_size":"div","align":"center"},"elements":[],"isInner":false,"widgetType":"glozin-heading","elType":"widget"}],"isInner":false,"elType":"container"},{"id":"785c7a43","settings":{"boxed_width":{"unit":"px","size":1170,"sizes":[]},"margin":{"unit":"px","top":"0","right":"0","bottom":"80","left":"0","isLinked":false},"margin_mobile":{"unit":"px","top":"0","right":"0","bottom":"50","left":"0","isLinked":false}},"elements":[{"id":"de8feaa","settings":{"limit":8,"slides_to_show_tablet":3,"slides_to_show_mobile":2,"slides_to_scroll_tablet":3,"slides_to_scroll_mobile":2,"image_spacing_custom":20,"image_spacing_custom_mobile":15,"navigation_classes_tablet":"dots","type":"custom_products","ids":"2952,2995,2998,2949,2946,2940,2937,2934"},"elements":[],"isInner":false,"widgetType":"glozin-products-carousel","elType":"widget"}],"isInner":false,"elType":"container"},{"id":"76d18bf0","settings":{"flex_gap":{"column":"10","row":"10","isLinked":true,"unit":"px","size":10},"margin":{"unit":"px","top":"0","right":"0","bottom":"33","left":"0","isLinked":false}},"elements":[{"id":"322eb2d2","settings":{"title":"Top Collections","align":"center","typography_typography":"custom","typography_letter_spacing":{"unit":"px","size":-1.224,"sizes":[]}},"elements":[],"isInner":false,"widgetType":"glozin-heading","elType":"widget"},{"id":"729db623","settings":{"title":"Express your style with our standout collection\u2014fashion meets sophistication.","title_size":"div","align":"center"},"elements":[],"isInner":false,"widgetType":"glozin-heading","elType":"widget"}],"isInner":false,"elType":"container"},{"id":"15f03b3a","settings":{"boxed_width":{"unit":"px","size":1170,"sizes":[]},"margin":{"unit":"px","top":"0","right":"0","bottom":"80","left":"0","isLinked":false},"margin_mobile":{"unit":"px","top":"0","right":"0","bottom":"50","left":"0","isLinked":false}},"elements":[{"id":"72d94edb","settings":{"banners":[{"image":{"id":3001,"url":"https:\/\/wpglozin.com\/socks\/wp-content\/uploads\/sites\/22\/2025\/05\/sock-bn-2.webp","alt":"","source":"library","size":""},"button_text":"Men's Socks","button_link":{"url":"https:\/\/wpglozin.com\/socks\/product-category\/mens-socks\/","is_external":"","nofollow":"","custom_attributes":""},"_id":"31d2ede","youtube_url":"https:\/\/www.youtube.com\/watch?v=XHOmBV4js_E","vimeo_url":"https:\/\/vimeo.com\/235215203","icon_type_image":{"id":2987,"url":"https:\/\/wpglozin.com\/socks\/wp-content\/uploads\/sites\/22\/2025\/05\/placeholder-5.png"}},{"image":{"id":3002,"url":"https:\/\/wpglozin.com\/socks\/wp-content\/uploads\/sites\/22\/2025\/05\/sock-bn-3.webp","alt":"","source":"library","size":""},"button_text":"Women's Socks","button_link":{"url":"https:\/\/wpglozin.com\/socks\/product-category\/womens-socks\/","is_external":"","nofollow":"","custom_attributes":""},"youtube_url":"https:\/\/www.youtube.com\/watch?v=XHOmBV4js_E","vimeo_url":"https:\/\/vimeo.com\/235215203","_id":"0f64270","icon_type_image":{"id":2988,"url":"https:\/\/wpglozin.com\/socks\/wp-content\/uploads\/sites\/22\/2025\/05\/placeholder-6.png"}},{"image":{"id":3003,"url":"https:\/\/wpglozin.com\/socks\/wp-content\/uploads\/sites\/22\/2025\/05\/sock-bn-4.webp","alt":"","source":"library","size":""},"button_text":"Kid's Socks","button_link":{"url":"https:\/\/wpglozin.com\/socks\/product-category\/kids-socks\/","is_external":"","nofollow":"","custom_attributes":""},"youtube_url":"https:\/\/www.youtube.com\/watch?v=XHOmBV4js_E","vimeo_url":"https:\/\/vimeo.com\/235215203","_id":"7503541","icon_type_image":{"id":2989,"url":"https:\/\/wpglozin.com\/socks\/wp-content\/uploads\/sites\/22\/2025\/05\/placeholder-7.png"}}],"aspect_ratio_type":"custom","aspect_ratio":"376.66:500.86","slides_to_show":3,"slides_to_show_tablet":3,"slides_to_show_mobile":1,"image_spacing_custom":20,"image_spacing_custom_mobile":15,"navigation_classes":"none","navigation_classes_tablet":"none","navigation_classes_mobile":"dots","slidesperview_auto_mobile":"yes","banner_padding":{"unit":"px","top":"0","right":"0","bottom":"30","left":"0","isLinked":false},"banner_padding_mobile":{"unit":"px","top":"0","right":"0","bottom":"15","left":"0","isLinked":false},"border_radius":{"unit":"px","top":"10","right":"10","bottom":"10","left":"10","isLinked":true},"button_min_width":{"unit":"px","size":180,"sizes":[]}},"elements":[],"isInner":false,"widgetType":"glozin-banner-carousel","elType":"widget"}],"isInner":false,"elType":"container"},{"id":"d8ce39a","settings":{"flex_gap":{"column":"10","row":"10","isLinked":true,"unit":"px","size":10},"margin":{"unit":"px","top":"0","right":"0","bottom":"33","left":"0","isLinked":false}},"elements":[{"id":"1de18f6c","settings":{"title":"Today's Popular Picks","align":"center","typography_typography":"custom","typography_letter_spacing":{"unit":"px","size":-1.224,"sizes":[]}},"elements":[],"isInner":false,"widgetType":"glozin-heading","elType":"widget"},{"id":"5c2fbbd2","settings":{"title":"Unmatched design\u2014superior performance and customer satisfaction in one.","title_size":"div","align":"center"},"elements":[],"isInner":false,"widgetType":"glozin-heading","elType":"widget"}],"isInner":false,"elType":"container"},{"id":"6a0dc896","settings":{"boxed_width":{"unit":"px","size":1170,"sizes":[]},"margin":{"unit":"px","top":"0","right":"0","bottom":"80","left":"0","isLinked":false},"margin_mobile":{"unit":"px","top":"0","right":"0","bottom":"50","left":"0","isLinked":false}},"elements":[{"id":"7ced2472","settings":{"limit":8,"slides_to_show_tablet":3,"slides_to_show_mobile":2,"slides_to_scroll_tablet":3,"slides_to_scroll_mobile":2,"image_spacing_custom":20,"image_spacing_custom_mobile":15,"navigation_classes_tablet":"dots","type":"custom_products","ids":"2949,2943,2940,2937,2952,2998,2995,2946"},"elements":[],"isInner":false,"widgetType":"glozin-products-carousel","elType":"widget"}],"isInner":false,"elType":"container"},{"id":"4ada5307","settings":{"boxed_width":{"unit":"px","size":1170,"sizes":[]},"margin":{"unit":"px","top":"0","right":"0","bottom":"80","left":"0","isLinked":false},"margin_mobile":{"unit":"px","top":"0","right":"0","bottom":"50","left":"0","isLinked":false},"__globals__":[]},"elements":[{"id":"35f08819","settings":{"content_width":"full","flex_direction":"row","flex_direction_tablet":"column","flex_gap":{"column":"0","row":"0","isLinked":false,"unit":"px","size":0},"overflow":"hidden","border_radius":{"unit":"px","top":"10","right":"10","bottom":"10","left":"10","isLinked":true}},"elements":[{"id":"98217e3","settings":{"content_width":"full","flex_justify_content":"center","flex_align_items":"center","flex_gap":{"column":"0","row":"0","isLinked":false,"unit":"px","size":0},"background_background":"classic","background_color":"#1A2640","padding":{"unit":"px","top":"60","right":"50","bottom":"60","left":"50","isLinked":false},"padding_mobile":{"unit":"px","top":"30","right":"30","bottom":"30","left":"30","isLinked":true},"padding_tablet":{"unit":"px","top":"188","right":"30","bottom":"187","left":"30","isLinked":false}},"elements":[{"id":"6a1201cf","settings":{"title":"SAVE 30% BLACK FRIDAYS","title_size":"div","align":"center","title_color":"#FFFFFF","_margin":{"unit":"px","top":"0","right":"0","bottom":"10","left":"0","isLinked":false},"typography_typography":"custom","typography_font_size":{"unit":"px","size":13,"sizes":[]},"typography_font_weight":"600","typography_line_height":{"unit":"custom","size":"normal","sizes":[]},"typography_line_height_tablet":{"unit":"custom","size":"","sizes":[]},"typography_line_height_mobile":{"unit":"custom","size":"","sizes":[]}},"elements":[],"isInner":false,"widgetType":"glozin-heading","elType":"widget"},{"id":"2683db64","settings":{"title":"Colour Spotlight<br class=\"d-none d-block-xl\"\/> Supercomfort\u2014Supernova","align":"center","title_color":"#FFFFFF","typography_typography":"custom","typography_letter_spacing":{"unit":"px","size":-1.224,"sizes":[]},"_margin":{"unit":"px","top":"0","right":"0","bottom":"30","left":"0","isLinked":false}},"elements":[],"isInner":false,"widgetType":"glozin-heading","elType":"widget"},{"id":"6d96c257","settings":{"button_text":"Shop Sale","button_style":"light","button_typography_typography":"custom","button_typography_font_size":{"unit":"px","size":15,"sizes":[]},"__globals__":[],"button_link":{"url":"https:\/\/wpglozin.com\/socks\/product-category\/mens-socks\/","is_external":"","nofollow":"","custom_attributes":""},"button_min_width":{"unit":"px","size":180,"sizes":[]}},"elements":[],"isInner":false,"widgetType":"glozin-button","elType":"widget"}],"isInner":true,"elType":"container"},{"id":"18e2a708","settings":{"content_width":"full","min_height_mobile":{"unit":"custom","size":"","sizes":[]},"_flex_order_mobile":"start"},"elements":[{"id":"55dea9cc","settings":{"image":{"id":"","url":"https:\/\/glozin-demo.myshopify.com\/cdn\/shop\/files\/banner.gif","source":"url","size":""},"image_size":"full","width":{"unit":"%","size":100,"sizes":[]},"height":{"unit":"%","size":100,"sizes":[]},"height_tablet":{"unit":"%","size":"","sizes":[]},"height_mobile":{"unit":"%","size":"","sizes":[]},"object-fit":"cover","image_border_radius":{"unit":"px","top":"0","right":"0","bottom":"0","left":"0","isLinked":true},"_flex_grow_tablet":1},"elements":[],"isInner":false,"widgetType":"image","elType":"widget"}],"isInner":true,"elType":"container"}],"isInner":true,"elType":"container"}],"isInner":false,"elType":"container"},{"id":"6259a070","settings":{"flex_gap":{"column":"10","row":"10","isLinked":true,"unit":"px","size":10},"margin":{"unit":"px","top":"0","right":"0","bottom":"33","left":"0","isLinked":false}},"elements":[{"id":"36f528d6","settings":{"title":"Customer Say!","align":"center","typography_typography":"custom","typography_letter_spacing":{"unit":"px","size":-1.224,"sizes":[]}},"elements":[],"isInner":false,"widgetType":"glozin-heading","elType":"widget"},{"id":"3ff83eb1","settings":{"title":"Customers love our products and we always strive to please them all.","title_size":"div","align":"center"},"elements":[],"isInner":false,"widgetType":"glozin-heading","elType":"widget"}],"isInner":false,"elType":"container"},{"id":"1af27a6e","settings":{"margin":{"unit":"px","top":"0","right":"0","bottom":"80","left":"0","isLinked":false},"margin_mobile":{"unit":"px","top":"0","right":"0","bottom":"50","left":"0","isLinked":false},"boxed_width":{"unit":"px","size":1170,"sizes":[]},"__globals__":[]},"elements":[{"id":"28e9047a","settings":{"testimonials":[{"testimonial_name":"Cameron Smith.","_id":"9050bb3","image":{"id":3004,"url":"https:\/\/wpglozin.com\/socks\/wp-content\/uploads\/sites\/22\/2025\/05\/sock-bn-6.webp","alt":"","source":"library","size":""},"youtube_url":"https:\/\/www.youtube.com\/watch?v=XHOmBV4js_E","vimeo_url":"https:\/\/vimeo.com\/235215203","testimonial_text":"Verified Buyer","testimonial_content":"A perfect product, it keeps you very warm without over heating. True to size, I couldn't be happier with the purchase... Thank you! \ud83e\udd17","testimonial_product_id":2943},{"testimonial_name":"Carie-Gos\u00e9e H.","image":{"id":3005,"url":"https:\/\/wpglozin.com\/socks\/wp-content\/uploads\/sites\/22\/2025\/05\/sock-bn-7.webp","alt":"","source":"library","size":""},"youtube_url":"https:\/\/www.youtube.com\/watch?v=XHOmBV4js_E","vimeo_url":"https:\/\/vimeo.com\/235215203","testimonial_text":"Verified Buyer","testimonial_content":"A perfect product, it keeps you very warm without over heating. True to size, I couldn't be happier with the purchase... Thank you! \ud83e\udd17","testimonial_product_id":2925,"_id":"6b8a8da"},{"testimonial_name":"Susan Gibson.","image":{"id":3006,"url":"https:\/\/wpglozin.com\/socks\/wp-content\/uploads\/sites\/22\/2025\/05\/sock-bn-8.webp","alt":"","source":"library","size":""},"youtube_url":"https:\/\/www.youtube.com\/watch?v=XHOmBV4js_E","vimeo_url":"https:\/\/vimeo.com\/235215203","testimonial_text":"Verified Buyer","testimonial_content":"A perfect product, it keeps you very warm without over heating. True to size, I couldn't be happier with the purchase... Thank you! \ud83e\udd17","testimonial_product_id":2998,"_id":"9d5b477"}],"navigation_classes_mobile":"dots","item_border_radius":{"unit":"px","top":"10","right":"10","bottom":"10","left":"10","isLinked":true},"aspect_ratio_type":"custom","aspect_ratio":"243\u2236314","image_spacing_custom":20,"navigation_classes_tablet":"dots","slides_to_show_tablet":1,"slides_to_scroll_tablet":1},"elements":[],"isInner":false,"widgetType":"glozin-testimonial-carousel","elType":"widget"}],"isInner":false,"elType":"container"},{"id":"2567155f","settings":{"flex_gap":{"column":"10","row":"10","isLinked":true,"unit":"px","size":10},"margin":{"unit":"px","top":"0","right":"0","bottom":"33","left":"0","isLinked":false}},"elements":[{"id":"63560e08","settings":{"title":"Shop by Gram","align":"center","typography_typography":"custom","typography_letter_spacing":{"unit":"px","size":-1.224,"sizes":[]}},"elements":[],"isInner":false,"widgetType":"glozin-heading","elType":"widget"},{"id":"13adb5e6","settings":{"title":"Inspire and let yourself be inspired, from one unique fashion to another.","title_size":"div","align":"center"},"elements":[],"isInner":false,"widgetType":"glozin-heading","elType":"widget"}],"isInner":false,"elType":"container"},{"id":"3a11da9e","settings":{"content_width":"full","padding":{"unit":"px","top":"0","right":"30","bottom":"0","left":"30","isLinked":false},"padding_tablet":{"unit":"px","top":"0","right":"15","bottom":"0","left":"15","isLinked":false}},"elements":[{"id":"33b236a","settings":{"images":[{"_id":"43e7486","image":{"id":3007,"url":"https:\/\/wpglozin.com\/socks\/wp-content\/uploads\/sites\/22\/2025\/05\/sock-ins-1.webp","alt":"","source":"library","size":""},"youtube_url":"https:\/\/www.youtube.com\/watch?v=XHOmBV4js_E","vimeo_url":"https:\/\/vimeo.com\/235215203","shoppable_images":1418},{"image":{"id":3008,"url":"https:\/\/wpglozin.com\/socks\/wp-content\/uploads\/sites\/22\/2025\/05\/sock-ins-2.webp","alt":"","source":"library","size":""},"youtube_url":"https:\/\/www.youtube.com\/watch?v=XHOmBV4js_E","vimeo_url":"https:\/\/vimeo.com\/235215203","shoppable_images":1502,"_id":"46b56a2"},{"image":{"id":3009,"url":"https:\/\/wpglozin.com\/socks\/wp-content\/uploads\/sites\/22\/2025\/05\/sock-ins-3.webp","alt":"","source":"library","size":""},"youtube_url":"https:\/\/www.youtube.com\/watch?v=XHOmBV4js_E","vimeo_url":"https:\/\/vimeo.com\/235215203","shoppable_images":1508,"_id":"a2820fd"},{"image":{"id":3010,"url":"https:\/\/wpglozin.com\/socks\/wp-content\/uploads\/sites\/22\/2025\/05\/sock-ins-4.webp","alt":"","source":"library","size":""},"youtube_url":"https:\/\/www.youtube.com\/watch?v=XHOmBV4js_E","vimeo_url":"https:\/\/vimeo.com\/235215203","shoppable_images":1516,"_id":"0698d45"},{"image":{"id":3011,"url":"https:\/\/wpglozin.com\/socks\/wp-content\/uploads\/sites\/22\/2025\/05\/sock-ins-5.webp","alt":"","source":"library","size":""},"youtube_url":"https:\/\/www.youtube.com\/watch?v=XHOmBV4js_E","vimeo_url":"https:\/\/vimeo.com\/235215203","shoppable_images":1522,"_id":"65f1132"},{"image":{"id":3012,"url":"https:\/\/wpglozin.com\/socks\/wp-content\/uploads\/sites\/22\/2025\/05\/sock-ins-6.webp","alt":"","source":"library","size":""},"youtube_url":"https:\/\/www.youtube.com\/watch?v=XHOmBV4js_E","vimeo_url":"https:\/\/vimeo.com\/235215203","shoppable_images":1527,"_id":"e4f3291"},{"image":{"id":3013,"url":"https:\/\/wpglozin.com\/socks\/wp-content\/uploads\/sites\/22\/2025\/05\/sock-ins-7.webp","alt":"","source":"library","size":""},"youtube_url":"https:\/\/www.youtube.com\/watch?v=XHOmBV4js_E","vimeo_url":"https:\/\/vimeo.com\/235215203","shoppable_images":2147,"_id":"e83d0a0"}],"slides_to_show":7,"slides_to_show_tablet":3,"slides_to_show_mobile":2,"slides_to_scroll_tablet":3,"slides_to_scroll_mobile":2,"navigation_classes":"none","navigation_classes_tablet":"dots","navigation_classes_mobile":"dots","image_size":"medium"},"elements":[],"isInner":false,"widgetType":"glozin-shoppable-images-carousel","elType":"widget"}],"isInner":false,"elType":"container"}],"page_settings":{"hide_page_header":"yes","page_header_top_padding":{"unit":"px","size":0,"sizes":[]},"content_top_spacing":"custom","content_top_padding":{"unit":"px","size":0,"sizes":[]},"content_bottom_spacing":"custom","content_bottom_padding":{"unit":"px","size":0,"sizes":[]},"hide_header_border":"yes","hide_footer_border":"yes"},"version":"0.4","title":"Home Socks","type":"page"}