{"content":[{"id":"5b400355","settings":{"content_width":"full","padding":{"unit":"px","top":"0","right":"30","bottom":"0","left":"30","isLinked":false},"padding_mobile":{"unit":"px","top":"0","right":"15","bottom":"0","left":"15","isLinked":false},"padding_tablet":{"unit":"px","top":"0","right":"015","bottom":"0","left":"015","isLinked":false}},"elements":[{"id":"5073210e","settings":{"banners":[{"image":{"id":2507,"url":"https:\/\/wpglozin.com\/fashion\/wp-content\/uploads\/sites\/2\/2025\/04\/h-modern-wardrobe-banner-1.webp","alt":"","source":"library","size":""},"button_text":"New Arrivals","button_link":{"url":"#","is_external":"","nofollow":"","custom_attributes":""},"_id":"d4ee86a","youtube_url":"https:\/\/www.youtube.com\/watch?v=XHOmBV4js_E","vimeo_url":"https:\/\/vimeo.com\/235215203"},{"image":{"id":"","url":"https:\/\/wpglozin.com\/fashion\/wp-content\/plugins\/elementor\/assets\/images\/placeholder.png"},"button_text":"Shop Save","button_link":{"url":"#","is_external":"","nofollow":"","custom_attributes":""},"_id":"6f3537d","banner_type":"video","video_url":"https:\/\/glozin-demo.myshopify.com\/cdn\/shop\/videos\/c\/vp\/61d41b10f1fc4c76b8cc0e7159ea083b\/61d41b10f1fc4c76b8cc0e7159ea083b.HD-1080p-4.8Mbps-39901107.mp4","video_source":"hosted","hosted_url":"https:\/\/glozin-demo.myshopify.com\/cdn\/shop\/videos\/c\/vp\/61d41b10f1fc4c76b8cc0e7159ea083b\/61d41b10f1fc4c76b8cc0e7159ea083b.HD-1080p-4.8Mbps-39901107.mp4","youtube_url":"https:\/\/www.youtube.com\/watch?v=XHOmBV4js_E","vimeo_url":"https:\/\/vimeo.com\/235215203","poster_url":{"url":"https:\/\/wpglozin.com\/fashion\/wp-content\/uploads\/sites\/2\/2025\/04\/promo_sale.webp","id":2308,"size":"","alt":"","source":"library"}},{"image":{"id":2508,"url":"https:\/\/wpglozin.com\/fashion\/wp-content\/uploads\/sites\/2\/2025\/04\/h-modern-wardrobe-banner-2.webp","alt":"","source":"library","size":""},"button_text":"Shop Accessories","button_link":{"url":"#","is_external":"","nofollow":"","custom_attributes":""},"_id":"6b9e3e4","youtube_url":"https:\/\/www.youtube.com\/watch?v=XHOmBV4js_E","vimeo_url":"https:\/\/vimeo.com\/235215203"},{"image":{"id":2509,"url":"https:\/\/wpglozin.com\/fashion\/wp-content\/uploads\/sites\/2\/2025\/04\/h-modern-wardrobe-banner-3.webp","alt":"","source":"library","size":""},"button_text":"Best Sellers","button_link":{"url":"#","is_external":"","nofollow":"","custom_attributes":""},"_id":"6080384","youtube_url":"https:\/\/www.youtube.com\/watch?v=XHOmBV4js_E","vimeo_url":"https:\/\/vimeo.com\/235215203"}],"navigation_classes":"none","banner_padding":{"unit":"px","top":"50","right":"0","bottom":"50","left":"0","isLinked":false},"aspect_ratio_type":"custom","aspect_ratio":"458:650","navigation_classes_tablet":"arrows","navigation_classes_mobile":"arrows","banner_padding_tablet":{"unit":"px","top":"40","right":"0","bottom":"40","left":"0","isLinked":false},"banner_padding_mobile":{"unit":"px","top":"30","right":"0","bottom":"30","left":"0","isLinked":false},"sub_title_typography_font_size":{"unit":"px","size":29,"sizes":[]},"title_typography_font_size":{"unit":"px","size":95,"sizes":[]},"button_min_width":{"unit":"px","size":200,"sizes":[]},"dots_spacing_mobile":{"unit":"px","size":25,"sizes":[]},"slides_to_show_tablet":2,"slides_to_show_mobile":1,"slides_to_scroll_tablet":1,"slides_to_scroll_mobile":1},"elements":[],"isInner":false,"widgetType":"glozin-banner-carousel","elType":"widget"}],"isInner":false,"elType":"container"},{"id":"1f9900e","settings":{"padding":{"unit":"px","top":"59","right":"0","bottom":"66","left":"0","isLinked":false},"padding_mobile":{"unit":"px","top":"59","right":"0","bottom":"26","left":"0","isLinked":false}},"elements":[{"id":"532a38cb","settings":{"icons_box":[{"icon":{"value":{"url":"https:\/\/wpglozin.com\/fashion\/wp-content\/uploads\/sites\/2\/2025\/04\/shipping-1.svg","id":2409},"library":"svg"},"title":"Free Shipping","description":"You will love at great low prices.","_id":"3e74bd4","title_size":"h6","image":{"id":"","url":"https:\/\/wpglozin.com\/fashion\/wp-content\/plugins\/elementor\/assets\/images\/placeholder.png"}},{"icon":{"value":{"url":"https:\/\/wpglozin.com\/fashion\/wp-content\/uploads\/sites\/2\/2025\/04\/return-1.svg","id":2408},"library":"svg"},"title":"Free Returns","description":"Within 15 days for an exchange.","_id":"50f8ad0","title_size":"h6","image":{"id":"","url":"https:\/\/wpglozin.com\/fashion\/wp-content\/plugins\/elementor\/assets\/images\/placeholder.png"}},{"icon":{"value":{"url":"https:\/\/wpglozin.com\/fashion\/wp-content\/uploads\/sites\/2\/2025\/04\/payment.svg","id":2407},"library":"svg"},"title":"Flexible Payment","description":"Pay with multiple credit cards.","_id":"e734671","title_size":"h6","image":{"id":"","url":"https:\/\/wpglozin.com\/fashion\/wp-content\/plugins\/elementor\/assets\/images\/placeholder.png"}},{"icon":{"value":{"url":"https:\/\/wpglozin.com\/fashion\/wp-content\/uploads\/sites\/2\/2025\/04\/support-1.svg","id":2410},"library":"svg"},"title":"Support Online","description":"Outstanding premium support.","title_size":"h6","image":{"id":"","url":"https:\/\/wpglozin.com\/fashion\/wp-content\/plugins\/elementor\/assets\/images\/placeholder.png"},"_id":"0918d8f"}],"slides_to_show_mobile":1,"navigation_classes":"none","navigation_classes_mobile":"dots","icon_size":{"unit":"px","size":26,"sizes":[]},"slides_to_show_tablet":2,"navigation_classes_tablet":"dots","alignment":"center","title_spacing":{"unit":"px","size":5,"sizes":[]},"slides_to_show":4,"position":"left","vertical_alignment":"middle","icon_border_color":"#EBEBEB","border_radius":{"unit":"%","top":"100","right":"100","bottom":"100","left":"100","isLinked":true},"icon_spacing":{"unit":"px","size":20,"sizes":[]},"icon_border_border":"solid","icon_border_width":{"unit":"px","top":"1","right":"1","bottom":"1","left":"1","isLinked":true},"icon_padding":{"unit":"px","top":"16","right":"16","bottom":"16","left":"16","isLinked":true},"icon_width":{"unit":"px","size":60,"sizes":[]},"icon_height":{"unit":"px","size":60,"sizes":[]},"icon_color":"#111111","title_size":"div"},"elements":[],"isInner":false,"widgetType":"glozin-icon-box-carousel","elType":"widget"},{"id":"476bab43","settings":{"text":"Divider","color":"#EBEBEB","_margin":{"unit":"px","top":"17","right":"0","bottom":"0","left":"0","isLinked":false},"_margin_mobile":{"unit":"px","top":"7","right":"0","bottom":"0","left":"0","isLinked":false}},"elements":[],"isInner":false,"widgetType":"divider","elType":"widget"}],"isInner":false,"elType":"container"},{"id":"564988","settings":{"flex_gap":{"column":"10","row":"10","isLinked":true,"unit":"px","size":10}},"elements":[{"id":"34c3574e","settings":{"title":"Best Selling","align":"center","typography_typography":"custom","typography_letter_spacing":{"unit":"px","size":-1.224,"sizes":[]},"typography_letter_spacing_tablet":{"unit":"em","size":"","sizes":[]},"typography_letter_spacing_mobile":{"unit":"px","size":-1,"sizes":[]}},"elements":[],"isInner":false,"widgetType":"glozin-heading","elType":"widget"},{"id":"41018cae","settings":{"title":"Unmatched design\u2014superior performance and customer satisfaction in one.","title_size":"div","align":"center","_padding":{"unit":"px","top":"0","right":"0","bottom":"25","left":"0","isLinked":false}},"elements":[],"isInner":false,"widgetType":"glozin-heading","elType":"widget"},{"id":"40265d4c","settings":{"slides_to_show_tablet":3,"slides_to_show_mobile":2,"slides_to_scroll_mobile":2,"image_spacing_custom_mobile":15,"navigation_classes_mobile":"dots","alignment":"center","hide_product_outofstock":"yes","type":"recent_products","ids":"298,318,327,288,229","navigation_classes_tablet":"dots"},"elements":[],"isInner":false,"widgetType":"glozin-products-carousel","elType":"widget"}],"isInner":false,"elType":"container"},{"id":"4140371d","settings":{"flex_direction":"row","flex_gap":{"unit":"px","size":30,"column":"30","row":"30","isLinked":true},"content_width":"full","flex_direction_tablet":"column","padding":{"unit":"px","top":"80","right":"30","bottom":"80","left":"30","isLinked":false},"padding_mobile":{"unit":"px","top":"55","right":"15","bottom":"50","left":"15","isLinked":false},"padding_tablet":{"unit":"px","top":"80","right":"015","bottom":"80","left":"015","isLinked":false}},"elements":[{"id":"5dd6f9e6","settings":{"content_width":"full","width":{"unit":"%","size":"50"},"width_tablet":{"unit":"%","size":100,"sizes":[]},"width_mobile":{"unit":"%","size":"","sizes":[]}},"elements":[{"id":"16b3f4ce","settings":{"image":{"id":2510,"url":"https:\/\/wpglozin.com\/fashion\/wp-content\/uploads\/sites\/2\/2025\/04\/h-modern-wardrobe-banner-4.webp","alt":"","source":"library","size":""},"sub_title":"SAVE 30\u201450% SWEATERS","title":"Color Spotlight","height":{"unit":"px","size":446,"sizes":[]},"height_mobile":{"unit":"px","size":200,"sizes":[]},"button_text":"Shop Sale","text_align":"","banner_padding":{"unit":"px","top":"50","right":"50","bottom":"50","left":"50","isLinked":true},"banner_padding_mobile":{"unit":"px","top":"32","right":"15","bottom":"32","left":"15","isLinked":false},"sub_title_typography_typography":"custom","sub_title_typography_font_size":{"unit":"px","size":13,"sizes":[]},"sub_title_margin":{"unit":"px","top":"0","right":"0","bottom":"11","left":"0","isLinked":false},"title_margin":{"unit":"px","top":"0","right":"0","bottom":"19","left":"0","isLinked":false},"button_link":{"url":"#","is_external":"","nofollow":"","custom_attributes":""},"hover_zoom":"yes","aspect_ratio":"907:446","youtube_url":"https:\/\/www.youtube.com\/watch?v=XHOmBV4js_E","vimeo_url":"https:\/\/vimeo.com\/235215203","button_min_width":{"unit":"px","size":180,"sizes":[]},"button_min_width_mobile":{"unit":"px","size":130,"sizes":[]}},"elements":[],"isInner":false,"widgetType":"glozin-banner","elType":"widget"}],"isInner":true,"elType":"container"},{"id":"6e777c0d","settings":{"content_width":"full","width":{"unit":"%","size":"50"},"width_tablet":{"unit":"%","size":100,"sizes":[]},"width_mobile":{"unit":"%","size":"","sizes":[]}},"elements":[{"id":"6d272b9c","settings":{"image":{"id":2511,"url":"https:\/\/wpglozin.com\/fashion\/wp-content\/uploads\/sites\/2\/2025\/04\/h-modern-wardrobe-banner-5.webp","alt":"","source":"library","size":""},"sub_title":"SAVE 10%\u201430% DRESSES","title":"Uniquely Everyday","height":{"unit":"px","size":446,"sizes":[]},"height_mobile":{"unit":"px","size":200,"sizes":[]},"button_text":"Shop Sale","text_align":"","banner_padding":{"unit":"px","top":"50","right":"50","bottom":"50","left":"50","isLinked":true},"banner_padding_mobile":{"unit":"px","top":"32","right":"15","bottom":"32","left":"15","isLinked":false},"sub_title_typography_typography":"custom","sub_title_typography_font_size":{"unit":"px","size":13,"sizes":[]},"sub_title_margin":{"unit":"px","top":"0","right":"0","bottom":"11","left":"0","isLinked":false},"title_margin":{"unit":"px","top":"0","right":"0","bottom":"19","left":"0","isLinked":false},"button_link":{"url":"#","is_external":"","nofollow":"","custom_attributes":""},"hover_zoom":"yes","youtube_url":"https:\/\/www.youtube.com\/watch?v=XHOmBV4js_E","vimeo_url":"https:\/\/vimeo.com\/235215203","button_min_width":{"unit":"px","size":180,"sizes":[]},"button_min_width_mobile":{"unit":"px","size":130,"sizes":[]}},"elements":[],"isInner":false,"widgetType":"glozin-banner","elType":"widget"}],"isInner":true,"elType":"container"}],"isInner":false,"elType":"container"},{"id":"b4948a5","settings":{"flex_gap_mobile":{"column":"10","row":"10","isLinked":true,"unit":"px","size":10}},"elements":[{"id":"5aba7685","settings":{"title":"Trend on Tiktok","align":"center","typography_typography":"custom","typography_letter_spacing":{"unit":"px","size":-1.224,"sizes":[]},"typography_letter_spacing_tablet":{"unit":"em","size":"","sizes":[]},"typography_letter_spacing_mobile":{"unit":"px","size":-1,"sizes":[]}},"elements":[],"isInner":false,"widgetType":"glozin-heading","elType":"widget"},{"id":"1b24fb64","settings":{"title":"Connect us on TikTok for exclusive releases, unboxing and try-on videos,<br class=\"d-none d-block-md\"\/>\nreviews, and more from our top brands and stylists.","title_size":"div","align":"center","_padding":{"unit":"px","top":"0","right":"0","bottom":"13","left":"0","isLinked":false},"_padding_mobile":{"unit":"px","top":"0","right":"0","bottom":"25","left":"0","isLinked":false}},"elements":[],"isInner":false,"widgetType":"glozin-heading","elType":"widget"},{"id":"29686dba","settings":{"username":"user8010557180212","videos":[{"_id":"ef77eab","video_id":"7376122409948073236"},{"_id":"c58eac1","video_id":"7376126265608195344"},{"video_id":"7376126867956354324","_id":"09867e9"},{"_id":"a9737d9","video_id":"7376126424219946247"}],"navigation_classes_tablet":"dots","slides_to_show_tablet":3,"dots_spacing_tablet":{"unit":"px","size":25,"sizes":[]},"height_tablet":{"unit":"px","size":550,"sizes":[]},"height_mobile":{"unit":"px","size":780,"sizes":[]},"aspect_ratio_type":"custom","aspect_ratio":"325:790","image_spacing_custom_tablet":15,"slides_to_show_mobile":1},"elements":[],"isInner":false,"widgetType":"glozin-tiktok-video-carousel","elType":"widget"}],"isInner":false,"elType":"container"},{"id":"127922c","settings":{"flex_gap":{"column":"10","row":"10","isLinked":true,"unit":"px","size":10},"border_border":"solid","border_width":{"unit":"px","top":"1","right":"0","bottom":"0","left":"0","isLinked":false},"border_color":"#EBEBEB","margin":{"unit":"px","top":"80","right":"0","bottom":"0","left":"0","isLinked":false},"padding":{"unit":"px","top":"80","right":"0","bottom":"0","left":"0","isLinked":false},"margin_mobile":{"unit":"px","top":"55","right":"0","bottom":"0","left":"0","isLinked":false},"padding_mobile":{"unit":"px","top":"50","right":"0","bottom":"0","left":"0","isLinked":false},"margin_tablet":{"unit":"px","top":"80","right":"0","bottom":"0","left":"0","isLinked":false}},"elements":[{"id":"1c1c4dfa","settings":{"title":"The Blog","align":"center","typography_typography":"custom","typography_letter_spacing":{"unit":"px","size":-1.224,"sizes":[]},"typography_letter_spacing_tablet":{"unit":"em","size":"","sizes":[]},"typography_letter_spacing_mobile":{"unit":"px","size":-1,"sizes":[]}},"elements":[],"isInner":false,"widgetType":"glozin-heading","elType":"widget"},{"id":"5191b820","settings":{"title":"Provide you with useful knowledge about fashion trend.","title_size":"div","align":"center","_padding":{"unit":"px","top":"0","right":"0","bottom":"23","left":"0","isLinked":false}},"elements":[],"isInner":false,"widgetType":"glozin-heading","elType":"widget"},{"id":"7e2b6467","settings":{"aspect_ratio_type":"custom","aspect_ratio":"7:4","navigation_classes_mobile":"dots","dots_spacing_mobile":{"unit":"px","size":25,"sizes":[]},"navigation_classes_tablet":"dots","limit":4,"slides_to_show_tablet":2,"slides_to_show_mobile":1,"slides_to_scroll_tablet":1,"slides_to_scroll_mobile":1},"elements":[],"isInner":false,"widgetType":"glozin-posts-carousel","elType":"widget"},{"id":"29f2f63d","settings":{"text":"Divider","color":"#EBEBEB","_margin":{"unit":"px","top":"54","right":"0","bottom":"0","left":"0","isLinked":false},"_margin_mobile":{"unit":"px","top":"30","right":"0","bottom":"0","left":"0","isLinked":false}},"elements":[],"isInner":false,"widgetType":"divider","elType":"widget"}],"isInner":false,"elType":"container"},{"id":"57b4e4bd","settings":{"content_width":"full","flex_gap":{"column":"10","row":"10","isLinked":true,"unit":"px","size":10},"padding":{"unit":"px","top":"63","right":"30","bottom":"0","left":"30","isLinked":false},"padding_mobile":{"unit":"px","top":"37","right":"15","bottom":"0","left":"15","isLinked":false},"padding_tablet":{"unit":"px","top":"063","right":"15","bottom":"0","left":"15","isLinked":false}},"elements":[{"id":"39194c88","settings":{"title":"Shop by Gram","align":"center","typography_typography":"custom","typography_letter_spacing":{"unit":"px","size":-1.224,"sizes":[]},"typography_letter_spacing_tablet":{"unit":"em","size":"","sizes":[]},"typography_letter_spacing_mobile":{"unit":"px","size":-1,"sizes":[]}},"elements":[],"isInner":false,"widgetType":"glozin-heading","elType":"widget"},{"id":"52bb94ae","settings":{"title":"Inspire and let yourself be inspired, from one unique fashion to another.","title_size":"div","align":"center","_padding":{"unit":"px","top":"0","right":"0","bottom":"21","left":"0","isLinked":false}},"elements":[],"isInner":false,"widgetType":"glozin-heading","elType":"widget"},{"id":"33ce0405","settings":{"images":[{"_id":"a5db3af","image":{"id":3042,"url":"https:\/\/wpglozin.com\/fashion\/wp-content\/uploads\/sites\/2\/2025\/07\/h1-in-1.webp","alt":"","source":"library","size":""},"youtube_url":"https:\/\/www.youtube.com\/watch?v=XHOmBV4js_E","vimeo_url":"https:\/\/vimeo.com\/235215203","shoppable_images":1418,"video_source":"hosted"},{"_id":"9f28fe5","source":"video","media_url":{"id":"","url":"https:\/\/raw.githubusercontent.com\/uixthemeswp\/glozin\/refs\/heads\/main\/demo-content\/placeholder.png"},"youtube_url":"https:\/\/www.youtube.com\/watch?v=XHOmBV4js_E","vimeo_url":"https:\/\/vimeo.com\/235215203","shoppable_images":1502,"video_source":"hosted","hosted_url":"https:\/\/glozin-demo.myshopify.com\/cdn\/shop\/videos\/c\/vp\/82a90e513f53460ebdac7d151883a049\/82a90e513f53460ebdac7d151883a049.HD-1080p-4.8Mbps-29648857.mp4","poster_url":{"url":"https:\/\/wpglozin.com\/fashion\/wp-content\/uploads\/sites\/2\/2025\/05\/insta-video1.webp","id":2754,"size":"","alt":"","source":"library"}},{"_id":"6ff2e88","image":{"id":3046,"url":"https:\/\/wpglozin.com\/fashion\/wp-content\/uploads\/sites\/2\/2025\/07\/h1-in-2.webp","alt":"","source":"library","size":""},"youtube_url":"https:\/\/www.youtube.com\/watch?v=XHOmBV4js_E","vimeo_url":"https:\/\/vimeo.com\/235215203","shoppable_images":1508},{"_id":"5b009bf","image":{"id":3047,"url":"https:\/\/wpglozin.com\/fashion\/wp-content\/uploads\/sites\/2\/2025\/07\/h1-in-3.webp","alt":"","source":"library","size":""},"youtube_url":"https:\/\/www.youtube.com\/watch?v=XHOmBV4js_E","vimeo_url":"https:\/\/vimeo.com\/235215203","shoppable_images":1516},{"_id":"8d7cc63","source":"video","media_url":{"id":"","url":"https:\/\/raw.githubusercontent.com\/uixthemeswp\/glozin\/refs\/heads\/main\/demo-content\/placeholder.png"},"youtube_url":"https:\/\/www.youtube.com\/watch?v=XHOmBV4js_E","vimeo_url":"https:\/\/vimeo.com\/235215203","shoppable_images":1522,"video_source":"hosted","hosted_url":"https:\/\/cdn.shopify.com\/videos\/c\/o\/v\/88e5e837c5784d3ea7a700c02c76dba5.mp4","poster_url":{"url":"https:\/\/wpglozin.com\/fashion\/wp-content\/uploads\/sites\/2\/2025\/05\/insta-video2.webp","id":2755,"size":"","alt":"","source":"library"}},{"_id":"4277078","image":{"id":3048,"url":"https:\/\/wpglozin.com\/fashion\/wp-content\/uploads\/sites\/2\/2025\/07\/h1-in-4.webp","alt":"","source":"library","size":""},"youtube_url":"https:\/\/www.youtube.com\/watch?v=XHOmBV4js_E","vimeo_url":"https:\/\/vimeo.com\/235215203","shoppable_images":1527},{"_id":"d7d7cd5","image":{"url":"https:\/\/wpglozin.com\/fashion\/wp-content\/uploads\/sites\/2\/2025\/04\/md-ins-7-1.webp","id":2523,"size":"","alt":"","source":"library"},"youtube_url":"https:\/\/www.youtube.com\/watch?v=XHOmBV4js_E","vimeo_url":"https:\/\/vimeo.com\/235215203","shoppable_images":2147}],"slides_to_show_tablet":4,"slides_to_show_mobile":2,"navigation_classes":"none","navigation_classes_tablet":"dots","navigation_classes_mobile":"dots","slides_to_show":7,"image_size":"medium"},"elements":[],"isInner":false,"widgetType":"glozin-shoppable-images-carousel","elType":"widget"}],"isInner":false,"elType":"container"}],"page_settings":{"hide_header_border":"yes","hide_page_header":"yes","content_top_spacing":"custom","content_top_padding":{"unit":"px","size":0,"sizes":[]},"content_bottom_spacing":"custom","content_bottom_padding":{"unit":"px","size":0,"sizes":[]},"hide_footer_border":"yes"},"version":"0.4","title":"Home Modern Wardrobe","type":"page"}