{"content":[{"id":"649b5b2a","settings":{"flex_direction":"row","flex_gap":{"unit":"px","size":0,"column":"0","row":"0","isLinked":true},"content_width":"full","min_height":{"unit":"vh","size":"","sizes":[]},"min_height_tablet":{"unit":"vh","size":"","sizes":[]},"min_height_mobile":{"unit":"vh","size":"","sizes":[]}},"elements":[{"id":"40e8afe4","settings":{"flex_direction":"column","content_width":"full","width":{"unit":"px","size":250},"width_tablet":{"unit":"%","size":"","sizes":[]},"width_mobile":{"unit":"%","size":"","sizes":[]},"min_height":{"unit":"custom","size":"100%","sizes":[]},"min_height_tablet":{"unit":"vh","size":"","sizes":[]},"min_height_mobile":{"unit":"vh","size":"","sizes":[]},"flex_gap":{"column":"","row":"","isLinked":true,"unit":"px","size":null},"hide_mobile":"hidden-mobile"},"elements":[{"id":"58407d75","settings":{"image":{"id":1928,"url":"https:\/\/wpglozin.com\/fashion\/wp-content\/uploads\/sites\/2\/2025\/04\/newsletter-fashion.webp","alt":"","source":"library","size":""},"image_size":"full","height":{"unit":"%","size":100,"sizes":[]},"height_tablet":{"unit":"%","size":"","sizes":[]},"height_mobile":{"unit":"%","size":"","sizes":[]},"object-fit":"cover","image_border_radius":{"unit":"px","top":"0","right":"0","bottom":"0","left":"0","isLinked":true},"_flex_size":"grow"},"elements":[],"isInner":false,"widgetType":"image","elType":"widget"}],"isInner":true,"elType":"container"},{"id":"61a38cf6","settings":{"flex_direction":"column","content_width":"full","width":{"unit":"custom","size":"calc(100% - 250px)"},"width_tablet":{"unit":"custom","size":"","sizes":[]},"width_mobile":{"unit":"custom","size":"","sizes":[]},"flex_justify_content":"center","padding":{"unit":"px","top":"40","right":"40","bottom":"40","left":"40","isLinked":true},"flex_gap":{"column":"8","row":"8","isLinked":true,"unit":"px","size":8},"padding_mobile":{"unit":"px","top":"30","right":"30","bottom":"30","left":"30","isLinked":true}},"elements":[{"id":"7c3b7b07","settings":{"title":"Sign Up\u2014Big Save!","typography_typography":"custom","typography_font_size":{"unit":"px","size":22,"sizes":[]}},"elements":[],"isInner":false,"widgetType":"glozin-heading","elType":"widget"},{"id":"38620e69","settings":{"title":"Sign up for 10% off your first purchase and free shipping. Updates information on Sales and Offers.","title_size":"div","_padding":{"unit":"px","top":"0","right":"0","bottom":"16","left":"0","isLinked":false}},"elements":[],"isInner":false,"widgetType":"glozin-heading","elType":"widget"},{"id":"e5cb18e","settings":{"input_spacing_bottom":{"unit":"px","size":10,"sizes":[]},"form":"721"},"elements":[],"isInner":false,"widgetType":"glozin-subscribe-box","elType":"widget"},{"id":"4cac2743","settings":{"editor":"Your personal data will be used to support your experience throughout this website and for other purposes described in our <a href=\"#\"><strong>Privacy Policy.<\/strong><\/a>","typography_typography":"custom","typography_font_size":{"unit":"px","size":13,"sizes":[]},"typography_font_weight":"400","text_color":"#11111199","_padding":{"unit":"px","top":"0","right":"0","bottom":"7","left":"0","isLinked":false}},"elements":[],"isInner":false,"widgetType":"text-editor","elType":"widget"},{"id":"f063da7","settings":{"button_text":"No, thanks! don't show again","button_typography_typography":"custom","button_typography_font_size":{"unit":"px","size":13,"sizes":[]},"button_typography_font_weight":"400","dismiss_button_frequency":7},"elements":[],"isInner":false,"widgetType":"glozin-dismiss-popup-button","elType":"widget"}],"isInner":true,"elType":"container"}],"isInner":false,"elType":"container"}],"page_settings":{"popup_visible":"delayed","popup_seconds":15},"version":"0.4","title":"Newsletter Popup","type":"page"}