{"content":[{"id":"6383ed14","settings":{"flex_direction":"row","flex_gap":{"unit":"px","size":0,"column":"0","row":"0","isLinked":true},"content_width":"full","min_height":{"unit":"vh","size":"","sizes":[]},"min_height_tablet":{"unit":"vh","size":"","sizes":[]},"min_height_mobile":{"unit":"vh","size":"","sizes":[]}},"elements":[{"id":"73ca5be0","settings":{"flex_direction":"column","content_width":"full","width":{"unit":"px","size":250},"width_tablet":{"unit":"%","size":"","sizes":[]},"width_mobile":{"unit":"%","size":"","sizes":[]},"min_height":{"unit":"custom","size":"100%","sizes":[]},"min_height_tablet":{"unit":"vh","size":"","sizes":[]},"min_height_mobile":{"unit":"vh","size":"","sizes":[]},"flex_gap":{"column":"","row":"","isLinked":true,"unit":"px","size":null},"hide_mobile":"hidden-mobile"},"elements":[{"id":"1b1fe196","settings":{"image":{"id":1931,"url":"https:\/\/wpglozin.com\/fashion\/wp-content\/uploads\/sites\/2\/2025\/04\/banner-promotion.webp","alt":"","source":"library","size":""},"image_size":"full","height":{"unit":"%","size":100,"sizes":[]},"height_tablet":{"unit":"%","size":"","sizes":[]},"height_mobile":{"unit":"%","size":"","sizes":[]},"object-fit":"cover","image_border_radius":{"unit":"px","top":"10","right":"0","bottom":"0","left":"10","isLinked":false},"_flex_size":"grow"},"elements":[],"isInner":false,"widgetType":"image","elType":"widget"}],"isInner":true,"elType":"container"},{"id":"68c999f5","settings":{"flex_direction":"column","content_width":"full","width":{"unit":"custom","size":"calc(100% - 250px)"},"width_tablet":{"unit":"custom","size":"","sizes":[]},"width_mobile":{"unit":"custom","size":"","sizes":[]},"flex_justify_content":"center","padding":{"unit":"px","top":"40","right":"40","bottom":"40","left":"40","isLinked":true},"flex_gap":{"column":"8","row":"8","isLinked":true,"unit":"px","size":8},"padding_mobile":{"unit":"px","top":"30","right":"30","bottom":"30","left":"30","isLinked":true},"flex_align_items":"center","background_overlay_background":"classic"},"elements":[{"id":"57e2d35a","settings":{"title":"Super Save!<br\/>\nBig Promotion","typography_typography":"custom","typography_font_size":{"unit":"px","size":36,"sizes":[]},"align":"center","typography_line_height":{"unit":"px","size":40,"sizes":[]},"typography_letter_spacing":{"unit":"px","size":-0.3,"sizes":[]}},"elements":[],"isInner":false,"widgetType":"glozin-heading","elType":"widget"},{"id":"ad2c0c0","settings":{"title":"Enter the code below at checkout to get 30% off your first order.","title_size":"div","_padding":{"unit":"px","top":"0","right":"0","bottom":"20","left":"0","isLinked":false},"align":"center"},"elements":[],"isInner":false,"widgetType":"glozin-heading","elType":"widget"},{"id":"5a7897d7","settings":{"code":"TOPSALE10STBL","button_typography_font_size":{"unit":"px","size":43,"sizes":[]},"_padding":{"unit":"px","top":"0","right":"0","bottom":"15","left":"0","isLinked":false},"button_icon_size":{"unit":"px","size":38,"sizes":[]},"button_min_width":{"unit":"px","size":250,"sizes":[]},"button_min_width_mobile":{"unit":"px","size":220,"sizes":[]}},"elements":[],"isInner":false,"widgetType":"glozin-code-discount","elType":"widget"},{"id":"39540865","settings":{"button_text":"Don't show this popup again.","button_typography_typography":"custom","button_typography_font_size":{"unit":"px","size":13,"sizes":[]},"button_typography_font_weight":"400","dismiss_button_frequency":7},"elements":[],"isInner":false,"widgetType":"glozin-dismiss-popup-button","elType":"widget"}],"isInner":true,"elType":"container"}],"isInner":false,"elType":"container"}],"page_settings":{"popup_visible":"delayed","popup_seconds":60},"version":"0.4","title":"Promotion Popup","type":"page"}