{"content":[{"id":"7cf63059","settings":{"flex_gap":{"column":"10","row":"10","isLinked":true,"unit":"px","size":10},"padding":{"unit":"px","top":"30","right":"0","bottom":"54","left":"0","isLinked":false},"padding_mobile":{"unit":"px","top":"10","right":"0","bottom":"54","left":"0","isLinked":false},"boxed_width":{"unit":"px","size":1200,"sizes":[]}},"elements":[{"id":"549f51ac","settings":{"title":"Our Timeline","title_size":"h6","align":"center","_padding":{"unit":"px","top":"0","right":"0","bottom":"4","left":"0","isLinked":false},"typography_typography":"custom","typography_font_size_mobile":{"unit":"px","size":15,"sizes":[]}},"elements":[],"isInner":false,"widgetType":"glozin-heading","elType":"widget"},{"id":"33ac5571","settings":{"title":"Explore The<br class=\"d-none d-block-md\"\/>\nHistory Of Glozin's Store","align":"center","typography_typography":"custom","typography_font_size":{"unit":"px","size":50,"sizes":[]},"typography_letter_spacing":{"unit":"px","size":-1.7,"sizes":[]},"typography_font_size_tablet":{"unit":"px","size":40,"sizes":[]},"typography_font_size_mobile":{"unit":"px","size":32,"sizes":[]}},"elements":[],"isInner":false,"widgetType":"glozin-heading","elType":"widget"},{"id":"55e56a62","settings":{"title":"In the 15th century, the concept of fashion retail began with general stores that offered a range of goods,<br class=\"d-none d-block-md\"\/> including clothing. Glozin stores typically catered to local communities and provided essential garments<br class=\"d-none d-block-md\"\/> such as basic dresses, shirts, and workwear.","title_size":"div","align":"center"},"elements":[],"isInner":false,"widgetType":"glozin-heading","elType":"widget"}],"isInner":false,"elType":"container"},{"id":"34861b40","settings":{"flex_direction":"row","flex_gap":{"unit":"px","size":30,"column":"30","row":"30","isLinked":true},"padding":{"unit":"px","top":"0","right":"0","bottom":"40","left":"0","isLinked":false},"flex_gap_mobile":{"column":"15","row":"15","isLinked":true,"unit":"px","size":15},"mobile_column_alignment":"column_md","boxed_width":{"unit":"px","size":1200,"sizes":[]}},"elements":[{"id":"4904e9bf","settings":{"flex_direction":"column","content_width":"full","width":{"unit":"%","size":"50"}},"elements":[{"id":"2209f77a","settings":{"type":"icon","image":{"id":452,"url":"https:\/\/raw.githubusercontent.com\/uixthemeswp\/glozin\/refs\/heads\/main\/demo-content\/about_banner_6.jpg","alt":"","source":"library","size":""},"text":"aaaa","title":"The Core of Us","description":"Adipisicing elit sed do eiusmod tempor labore et dolore dignissimos cumque. Excepteur sint occaecat cupidatat proident.","aspect_ratio_type":"custom","link":{"url":"","is_external":"","nofollow":"","custom_attributes":""},"aspect_ratio":"38:25","button_text":"Button Text"},"elements":[],"isInner":false,"widgetType":"glozin-image-box","elType":"widget"}],"isInner":true,"elType":"container"},{"id":"a7217de","settings":{"flex_direction":"column","content_width":"full","width":{"unit":"%","size":"50"}},"elements":[{"id":"1b0549de","settings":{"type":"icon","image":{"id":453,"url":"https:\/\/raw.githubusercontent.com\/uixthemeswp\/glozin\/refs\/heads\/main\/demo-content\/about_banner_7.jpg","alt":"","source":"library","size":""},"text":"aaaa","title":"Our Products","description":"Adipisicing elit sed do eiusmod tempor labore et dolore dignissimos cumque. Excepteur sint occaecat cupidatat proident.","aspect_ratio_type":"custom","link":{"url":"","is_external":"","nofollow":"","custom_attributes":""},"aspect_ratio":"38:25","button_text":"Button Text"},"elements":[],"isInner":false,"widgetType":"glozin-image-box","elType":"widget"}],"isInner":true,"elType":"container"},{"id":"75d880f8","settings":{"flex_direction":"column","content_width":"full","width":{"unit":"%","size":"50"}},"elements":[{"id":"3224f3ce","settings":{"type":"icon","image":{"id":454,"url":"https:\/\/raw.githubusercontent.com\/uixthemeswp\/glozin\/refs\/heads\/main\/demo-content\/about_banner_8.jpg","alt":"","source":"library","size":""},"text":"aaaa","title":"Our Careers","description":"Adipisicing elit sed do eiusmod tempor labore et dolore dignissimos cumque. Excepteur sint occaecat cupidatat proident.","aspect_ratio_type":"custom","link":{"url":"","is_external":"","nofollow":"","custom_attributes":""},"aspect_ratio":"38:25","button_text":"Button Text"},"elements":[],"isInner":false,"widgetType":"glozin-image-box","elType":"widget"}],"isInner":true,"elType":"container"}],"isInner":false,"elType":"container"},{"id":"1c2c37f8","settings":{"boxed_width":{"unit":"px","size":1200,"sizes":[]}},"elements":[{"id":"1ec430c4","settings":{"text":"Divider","color":"#EBEBEB"},"elements":[],"isInner":false,"widgetType":"divider","elType":"widget"}],"isInner":false,"elType":"container"},{"id":"51e0ab1","settings":{"flex_gap":{"column":"0","row":"0","isLinked":true,"unit":"px","size":0},"padding":{"unit":"px","top":"37","right":"0","bottom":"35","left":"0","isLinked":false},"boxed_width":{"unit":"px","size":1200,"sizes":[]}},"elements":[{"id":"479579f2","settings":{"title":"Our Timelines","align":"center","typography_typography":"custom","typography_font_size":{"unit":"px","size":36,"sizes":[]},"typography_letter_spacing":{"unit":"px","size":-1.224,"sizes":[]},"typography_font_size_tablet":{"unit":"px","size":32,"sizes":[]},"typography_font_size_mobile":{"unit":"px","size":30,"sizes":[]},"_padding":{"unit":"px","top":"0","right":"0","bottom":"6","left":"0","isLinked":false}},"elements":[],"isInner":false,"widgetType":"glozin-heading","elType":"widget"},{"id":"952a604","settings":{"title":"Unmatched design\u2014superior performance and customer satisfaction in one.","title_size":"div","align":"center"},"elements":[],"isInner":false,"widgetType":"glozin-heading","elType":"widget"}],"isInner":false,"elType":"container"},{"id":"4c156acd","settings":{"boxed_width":{"unit":"px","size":1130,"sizes":[]}},"elements":[{"id":"5829bbfb","settings":{"timeline":[{"year":"1975","image":{"url":"https:\/\/raw.githubusercontent.com\/uixthemeswp\/glozin\/refs\/heads\/main\/demo-content\/coming-soon-bg.jpg","id":951,"alt":"","source":"library","size":""},"subtitle":"Subtitle","title":"1975s \/ Glimo Founding:","description":"Glozin was founded in 1975 by Blueskytechco in La Coru\u00f1a, Spain. Initially, the store was named \"Glima\" but so that progress is user-oriented, it was later renamed Glozin.","_id":"e47b2f8"},{"year":"1980","image":{"url":"https:\/\/raw.githubusercontent.com\/uixthemeswp\/glozin\/refs\/heads\/main\/demo-content\/coming-soon-bg.jpg","id":951,"alt":"","source":"library","size":""},"subtitle":"Subtitle","title":"1980s \/ Unique Business Model:","description":"During the 1980s, Glozin expanded its retail presence within Spain. It developed a unique business model that focused on reducing the time between design and product availability. Glozin pioneered the concept of \"fast fashion\".","_id":"57a8074"},{"year":"1990","image":{"url":"https:\/\/raw.githubusercontent.com\/uixthemeswp\/glozin\/refs\/heads\/main\/demo-content\/coming-soon-bg.jpg","id":951,"alt":"","source":"library","size":""},"subtitle":"Subtitle","title":"1990s \/ International Expansion:","description":"Glozin ventured beyond Spain and began its international expansion in the early 1990s. It opened stores in Portugal, the United States, Mexico, Greece, France,... Marked the beginning of Glozin's global presence.","_id":"c5fb721"},{"year":"2000","image":{"url":"https:\/\/raw.githubusercontent.com\/uixthemeswp\/glozin\/refs\/heads\/main\/demo-content\/coming-soon-bg.jpg","id":951,"alt":"","source":"library","size":""},"subtitle":"Subtitle","title":"2000s \/ Continued Growth:","description":"In the early 2000s, Glozin experienced significant growth and became part of the Uza Group, a Spanish multinational fashion company founded by Blueskytechco. Uza is the parent company of several fashion brands and Glozin is its flagship brand.","_id":"64faab2"},{"year":"2010","image":{"url":"https:\/\/raw.githubusercontent.com\/uixthemeswp\/glozin\/refs\/heads\/main\/demo-content\/coming-soon-bg.jpg","id":951,"alt":"","source":"library","size":""},"subtitle":"Subtitle","title":"2010s \/ Strong Development of E-commerce:","description":"In the 2010s, Glozin embraced the digital era by expanding its online presence and launching e-commerce platforms. Customers could now shop for Glimo products from the comfort of their homes, further increasing the brand's accessibility and global reach.","_id":"457305a"},{"year":"2020","image":{"url":"https:\/\/raw.githubusercontent.com\/uixthemeswp\/glozin\/refs\/heads\/main\/demo-content\/coming-soon-bg.jpg","id":951,"alt":"","source":"library","size":""},"subtitle":"Subtitle","title":"2020s \/ For the green Environment:","description":"During the 1980s, Glozin expanded its retail presence within Spain. It developed a unique business model that focused on reducing the time between design and product availability. Glozin pioneered the concept of \"fast fashion\".","_id":"c9215e9"},{"year":"2023","image":{"url":"https:\/\/raw.githubusercontent.com\/uixthemeswp\/glozin\/refs\/heads\/main\/demo-content\/coming-soon-bg.jpg","id":951,"alt":"","source":"library","size":""},"subtitle":"Subtitle","title":"2023s \/ Continued Innovation:","description":"Glozin's history is characterized by its ability to combine fast-fashion strategies, market responsiveness, and global expansion to establish itself as a prominent player in the fashion industry.","_id":"b7ddde7"},{"year":"Present","image":{"url":"https:\/\/raw.githubusercontent.com\/uixthemeswp\/glozin\/refs\/heads\/main\/demo-content\/coming-soon-bg.jpg","id":951,"alt":"","source":"library","size":""},"subtitle":"Subtitle","title":"Present \/ Global Influence:","description":"Glozin\u2019s has expanded its retail footprint to over 7.500 stores in more than 90 countries, making it one of the largest and most influential fashion retailers worldwide.","_id":"afec03a"},{"year":"2030","image":{"url":"https:\/\/raw.githubusercontent.com\/uixthemeswp\/glozin\/refs\/heads\/main\/demo-content\/coming-soon-bg.jpg","id":951,"alt":"","source":"library","size":""},"subtitle":"Subtitle","title":"2030s \/ IPO launch:","description":"We are starting the long-term corporate fundraising, preparing to complete and test the IPO. Create opportunities for employees to own shares, create motivation and commitment to accompany the company.","_id":"b276975"}]},"elements":[],"isInner":false,"widgetType":"glozin-timeline","elType":"widget"}],"isInner":false,"elType":"container"}],"page_settings":{"horizontal_position":"left","hide_page_header_title":"yes","hide_page_header_description":"yes","page_header_spacing":"custom","page_header_top_padding":{"unit":"px","size":22,"sizes":[]},"page_header_bottom_padding":{"unit":"px","size":33,"sizes":[]},"content_top_spacing":"custom","content_top_padding":{"unit":"px","size":0,"sizes":[]},"content_bottom_padding":{"unit":"px","size":0,"sizes":[]}},"version":"0.4","title":"Timeline","type":"page"}