{"content":[{"id":"518a64b7","settings":[],"elements":[{"id":"5fb220da","settings":{"content_width":"full","text":"Divider","color":"#EBEBEB","gap":{"unit":"px","size":0,"sizes":[]},"_padding":{"unit":"px","top":"0","right":"0","bottom":"40","left":"0","isLinked":false}},"elements":[],"isInner":false,"widgetType":"divider","elType":"widget"}],"isInner":false,"elType":"container"},{"id":"3ca09647","settings":{"flex_direction":"row","flex_gap":{"unit":"px","size":0,"column":"0","row":"0","isLinked":true},"flex_gap_tablet":{"column":"0","row":"40","isLinked":false,"unit":"px","size":0},"flex_gap_mobile":{"column":"15","row":"15","isLinked":true,"unit":"px","size":15},"flex_wrap_tablet":"wrap"},"elements":[{"id":"30d8b7d6","settings":{"flex_direction":"column","content_width":"full","width":{"unit":"%","size":"25"},"flex_gap":{"column":"15","row":"15","isLinked":true,"unit":"px","size":15},"width_tablet":{"unit":"%","size":50,"sizes":[]},"width_mobile":{"unit":"%","size":"","sizes":[]}},"elements":[{"id":"6c863056","settings":{"content_width":"full","image":{"id":216,"url":"https:\/\/wpecomus.com\/fashion\/wp-content\/uploads\/sites\/2\/2024\/06\/logo-black2.svg","alt":"","source":"library","size":""},"image_size":"full","align":"left","_margin":{"unit":"px","top":"0","right":"0","bottom":"16","left":"0","isLinked":false},"image_border_radius":{"unit":"px","top":"0","right":"0","bottom":"0","left":"0","isLinked":true}},"elements":[],"isInner":false,"widgetType":"image","elType":"widget"},{"id":"2a3ec594","settings":{"content_width":"full","icon_list":[{"text":"Address: 1234 Fashion Street, Suite 567, <br\/> New York, NY","selected_icon":{"value":"","library":""},"_id":"46e783f"},{"text":"Email: <b>info@fashionshop.com<\/b>","selected_icon":{"value":"","library":""},"_id":"62382f1"},{"text":"Phone: <b>(212)555-1234<\/b>","selected_icon":{"value":"","library":""},"_id":"7f3276b"}],"space_between":{"unit":"px","size":5,"sizes":[]},"icon_typography_typography":"custom","icon_typography_font_weight":"400","text_color":"#545454"},"elements":[],"isInner":false,"widgetType":"icon-list","elType":"widget"},{"id":"39fd863c","settings":{"content_width":"full","button_text":"Get direction","show_button_icon":"alway","button_style":"subtle","_margin":{"unit":"px","top":"0","right":"0","bottom":"11","left":"0","isLinked":false},"button_link":{"url":"https:\/\/wpecomus.com\/fashion\/store-locations\/","is_external":"","nofollow":"","custom_attributes":""},"_margin_mobile":{"unit":"px","top":"0","right":"0","bottom":"5","left":"0","isLinked":false}},"elements":[],"isInner":false,"widgetType":"ecomus-button","elType":"widget"},{"id":"3e09673e","settings":{"content_width":"full","social_icon_list":[{"social_icon":{"value":"fab fa-facebook-f","library":"fa-brands"},"_id":"6b7866c","social_color_hover":"#3B5998","link":{"url":"https:\/\/www.facebook.com\/WordPress\/","is_external":"true","nofollow":"","custom_attributes":""}},{"social_icon":{"value":"fab fa-x-twitter","library":"fa-brands"},"_id":"af4e675","social_color_hover":"#555555","link":{"url":"https:\/\/x.com\/wordpress","is_external":"true","nofollow":"","custom_attributes":""}},{"social_icon":{"value":"fab fa-instagram","library":"fa-brands"},"_id":"8d069ce","social_color_hover":"#E03566","link":{"url":"https:\/\/www.instagram.com\/wordpress","is_external":"true","nofollow":"","custom_attributes":""}},{"_id":"1477bce","social_icon":{"value":"fab fa-tiktok","library":"fa-brands"},"link":{"url":"https:\/\/www.tiktok.com\/@wordpress","is_external":"true","nofollow":"","custom_attributes":""}},{"social_icon":{"value":"fab fa-pinterest","library":"fa-brands"},"link":{"url":"https:\/\/www.pinterest.com\/wordpress\/","is_external":"true","nofollow":"","custom_attributes":""},"_id":"9f2cefa"}],"icon_spacing":{"unit":"px","size":10,"sizes":[]},"_margin_mobile":{"unit":"px","top":"0","right":"0","bottom":"10","left":"0","isLinked":false}},"elements":[],"isInner":false,"widgetType":"ecomus-social-icons","elType":"widget"}],"isInner":true,"elType":"container"},{"id":"5aed5506","settings":{"flex_direction":"column","content_width":"full","width":{"unit":"%","size":"25"},"width_tablet":{"unit":"%","size":50,"sizes":[]},"width_mobile":{"unit":"%","size":"","sizes":[]}},"elements":[{"id":"4424d725","settings":{"content_width":"full","title":"Help","list_menu":"help-menu","menu_items":[{"title_menu":"Menu item 1","_id":"63aba03"},{"title_menu":"Menu item 2","_id":"62f5747"},{"title_menu":"Menu item 3","_id":"1ddd383"}],"toggle_menu":"yes","typography_font_size":{"unit":"px","size":97,"sizes":[]}},"elements":[],"isInner":false,"widgetType":"ecomus-navigation-menu","elType":"widget"}],"isInner":true,"elType":"container"},{"id":"2ad7b586","settings":{"flex_direction":"column","content_width":"full","width":{"unit":"%","size":"25"},"width_tablet":{"unit":"%","size":50,"sizes":[]},"width_mobile":{"unit":"%","size":"","sizes":[]}},"elements":[{"id":"48640d94","settings":{"content_width":"full","title":"Useful Links","list_menu":"useful-links-menu","menu_items":[{"title_menu":"Menu item 1","_id":"80ec45f"},{"title_menu":"Menu item 2","_id":"6828720"},{"title_menu":"Menu item 3","_id":"b04ef6b"},{"title_menu":"Menu item 3","_id":"ae5149c"},{"title_menu":"Menu item 3","_id":"aeb05c8"},{"title_menu":"Menu item 3","_id":"448a1e9"},{"title_menu":"Menu item 3","_id":"0e8f25a"}],"toggle_menu":"yes"},"elements":[],"isInner":false,"widgetType":"ecomus-navigation-menu","elType":"widget"}],"isInner":true,"elType":"container"},{"id":"1e52503c","settings":{"flex_direction":"column","content_width":"full","width":{"unit":"%","size":"25"},"width_tablet":{"unit":"%","size":50,"sizes":[]},"width_mobile":{"unit":"%","size":"","sizes":[]},"flex_gap_tablet":{"column":"","row":"","isLinked":true,"unit":"px","size":null}},"elements":[{"id":"5db86fb0","settings":{"content_width":"full","title":"Sign Up for Email","description":"Sign up to get first dibs on new arrivals, sales, exclusive content, events and more!","show_currency":"yes","show_language":"yes","toggle_menu":"yes","currency_language_position":"top"},"elements":[],"isInner":false,"widgetType":"ecomus-subscribe-group","elType":"widget"}],"isInner":true,"elType":"container"}],"isInner":false,"elType":"container"},{"id":"47fb3d30","settings":{"padding":{"unit":"px","top":"25","right":"0","bottom":"0","left":"0","isLinked":false}},"elements":[{"id":"293e9975","settings":{"content_width":"full","text":"Divider","color":"#EBEBEB"},"elements":[],"isInner":false,"widgetType":"divider","elType":"widget"}],"isInner":false,"elType":"container"},{"id":"3a918b68","settings":{"flex_direction":"row","flex_gap":{"unit":"px","size":0,"column":"0","row":"0","isLinked":true},"flex_justify_content":"center","flex_align_items":"center","flex_gap_mobile":{"column":"18","row":"18","isLinked":true,"unit":"px","size":18},"padding":{"unit":"px","top":"10","right":"0","bottom":"23","left":"0","isLinked":false}},"elements":[{"id":"669cdd85","settings":{"flex_direction":"column","content_width":"full","width":{"unit":"%","size":"50"},"flex_gap":{"column":"","row":"","isLinked":true,"unit":"px","size":null}},"elements":[{"id":"69d966b8","settings":{"content_width":"full","editor":"\u00a9 [ecomus_year] Ecomus. All Rights Reserved","align_mobile":"center"},"elements":[],"isInner":false,"widgetType":"text-editor","elType":"widget"}],"isInner":true,"elType":"container"},{"id":"3f8a32e9","settings":{"flex_direction":"column","content_width":"full","width":{"unit":"%","size":"50"},"flex_gap":{"column":"","row":"","isLinked":true,"unit":"px","size":null}},"elements":[{"id":"1846273c","settings":{"content_width":"full","image":{"id":3897,"url":"https:\/\/wpecomus.com\/fashion\/wp-content\/uploads\/sites\/2\/2024\/07\/payments.png","alt":"","source":"library","size":""},"image_size":"full","align":"right","align_mobile":"center","image_border_radius":{"unit":"px","top":"0","right":"0","bottom":"0","left":"0","isLinked":true}},"elements":[],"isInner":false,"widgetType":"image","elType":"widget"}],"isInner":true,"elType":"container"}],"isInner":false,"elType":"container"}],"page_settings":{"footer_exclude_page_ids":",394","exclude_page_ids":"394"},"version":"0.4","title":"Footer v1","type":"page"}